{"type":"FeatureCollection","crs":{"type":"name","properties":{"name":"EPSG:4326"}},"features":[{"type":"Feature","id":1,"geometry":{"type":"Polygon","coordinates":[[[-104.29148241742,51.2774273329454],[-104.291654606695,51.2849199498641],[-104.30354833616,51.2848319556103],[-104.314997042276,51.2848520415764],[-104.315011981727,51.2920011756035],[-104.302869656783,51.2919077284966],[-104.302782517569,51.2957824590627],[-104.291079482752,51.295754326288],[-104.291207188609,51.2920299133464],[-104.279444178612,51.2921168939465],[-104.279524196854,51.2774999272359],[-104.29148241742,51.2774273329454]]]},"properties":{"FID":1,"Id":0,"UNIQUE_ID":"PRQA86-3","YR_SUR":1933,"RESERVE_NU":"86","RSRVE_NAME":"George Gordon","Notes":"E 1/2 of section 3 plus approx. 40 acres of road allowances surrendered in 1914. NW corner of section 2 surrendered in 1919, the rest by 1933 for the Church of Englang/Gordon School.","UNIQUE_I_1":"PRQA86-3","RSRV_No_":"86","TREATY_LOC":"PRAIRIES (TREATY No. 4 (QU'APPELLE TREATY))","TREATY_No_":4,"RSRV_NAME":"(George) Gordon","PROVINCE":"SK","GRRD_CD_NA":"George Gordon First Nation","YEAR_TS":1874,"YEAR_IS":1876,"YEAR_UPTAK":1875,"YEAR_SURR":1933,"ACRES_SURR":720,"TSURR_BY_1":1249,"POP_AED":"41F","TPOP_1881":184,"ABS_1881":64,"TPOP_1885":202,"ABS_1885":0,"TPOP_1889":165,"ABS_1889":9,"TPOP_1893":152,"ABS_1893":7,"TPOP_1897":161,"TPOP_1901":165,"TPOP_1905":196,"TPOP_1909":206,"TPOP_1911":214,"TPOP_1921":279,"TPOP_1931":246,"ETHNO_GROU":"Cree/Ojibwa (and Métis)","ORIG_ACRE":30720,"ACRES_1902":30720,"ACRES_1913":35456,"ACRES_1972":35533,"ORIG_SQ_MI":48,"SQ_MILE_19":48,"NOTES_1":"Initial survey 1876. Boundaries adjusted in 1881. West half of section 4 twp 27 range 17 patended to Church of England. Other portions surrendered to the CofE and Gordon School in 1914, 1919, and 1933.","Data_Certa":9,"ObjectID_1":24,"Shape__Area":2956951.10256958,"Shape__Length":8973.3151403054944}},{"type":"Feature","id":2,"geometry":{"type":"Polygon","coordinates":[[[-103.381184210998,50.2946839666264],[-103.381123695797,50.2804620559594],[-103.586850173368,50.2804434766793],[-103.586955033638,50.2951205281821],[-103.381487330777,50.2949477250525],[-103.381184210998,50.2946839666264]]]},"properties":{"FID":2,"Id":0,"UNIQUE_ID":"PRQA76","YR_SUR":1905,"RESERVE_NU":"76","RSRVE_NAME":"Carry The Kettle","Notes":"Surrendered to be sold for the purchase of a new engine","UNIQUE_I_1":"PRQA76","RSRV_No_":"76","TREATY_LOC":"PRAIRIES (TREATY No. 4 (QU'APPELLE TREATY))","TREATY_No_":4,"RSRV_NAME":"Carry the Kettle","PROVINCE":"SK","GRRD_CD_NA":" ","YEAR_TS":1877,"YEAR_IS":1883,"YEAR_UPTAK":1882,"YEAR_SURR":1905,"ACRES_SURR":5957,"TSURR_BY_1":5957,"POP_AED":"362","TPOP_1881":-99,"ABS_1881":-99,"TPOP_1885":274,"ABS_1885":1,"TPOP_1889":248,"ABS_1889":11,"TPOP_1893":210,"ABS_1893":33,"TPOP_1897":216,"TPOP_1901":211,"TPOP_1905":208,"TPOP_1909":207,"TPOP_1911":212,"TPOP_1921":214,"TPOP_1931":246,"ETHNO_GROU":"Assiniboine","ORIG_ACRE":0,"ACRES_1902":46854.4,"ACRES_1913":40897,"ACRES_1972":0,"ORIG_SQ_MI":220,"SQ_MILE_19":73.21,"NOTES_1":"Initial survey conducted for three bands. 1883 survey notes it was \"abandoned.\" Piapot's band left in 1883. Reserve resurveyed in 1885, reduced in size to 73.21 sq. miles. 9 sections along south boundary surrendered in 1905.","Data_Certa":9,"ObjectID_1":13,"Shape__Area":23554576.23425293,"Shape__Length":32399.600166121338}},{"type":"Feature","id":3,"geometry":{"type":"MultiPolygon","coordinates":[[[[-102.693799328664,50.4841471917014],[-102.693753254224,50.3969548478967],[-102.830964281156,50.3967889173222],[-102.831358279138,50.4841386042108],[-102.693799328664,50.4841471917014]]],[[[-102.655058704539,50.5892742006679],[-102.652874170774,50.5847908544375],[-102.645694201379,50.5833498900077],[-102.643316310312,50.5808693593749],[-102.643946494825,50.5791290942233],[-102.647774120084,50.5800993872308],[-102.648253913247,50.5805482494236],[-102.649533148711,50.580357696739],[-102.650345520023,50.5797172807464],[-102.650846724784,50.579100805844],[-102.654193859138,50.5805182420969],[-102.655144248984,50.5803278063605],[-102.657416667043,50.5786850857672],[-102.65898542476,50.5793704282928],[-102.659802864919,50.5787937107516],[-102.661875318491,50.5804458071816],[-102.672134924033,50.5858114443083],[-102.670513690225,50.5856174739694],[-102.665444689086,50.587123195372],[-102.664025461811,50.5867222993482],[-102.660942730279,50.586960927736],[-102.659859288765,50.5898104272965],[-102.655058704539,50.5892742006679]]]]},"properties":{"FID":3,"Id":0,"UNIQUE_ID":"PRQA73","YR_SUR":1907,"RESERVE_NU":"73","RSRVE_NAME":"Cowessess","Notes":"SW section surrendered to be sold to settlers. North section surrendered for Cowessess boarding school.","UNIQUE_I_1":"PRQA73","RSRV_No_":"73","TREATY_LOC":"PRAIRIES (TREATY No. 4 (QU'APPELLE TREATY))","TREATY_No_":4,"RSRV_NAME":"Cowessess (O-Soup)","PROVINCE":"SK","GRRD_CD_NA":"Cowessess First Nation","YEAR_TS":1874,"YEAR_IS":1880,"YEAR_UPTAK":1877,"YEAR_SURR":1907,"ACRES_SURR":30837.19,"TSURR_BY_1":30837.19,"POP_AED":"37F","TPOP_1881":365,"ABS_1881":331,"TPOP_1885":232,"ABS_1885":32,"TPOP_1889":255,"ABS_1889":81,"TPOP_1893":229,"ABS_1893":87,"TPOP_1897":175,"TPOP_1901":155,"TPOP_1905":173,"TPOP_1909":196,"TPOP_1911":210,"TPOP_1921":242,"TPOP_1931":299,"ETHNO_GROU":"Saulteaux, Cree, and Métis","ORIG_ACRE":59920,"ACRES_1902":49920,"ACRES_1913":29082.81,"ACRES_1972":0,"ORIG_SQ_MI":63,"SQ_MILE_19":78,"NOTES_1":"O'Soup's and followers initially settled on N side of Qu'appelle River, moved to the south side, provided 63 sq. mi., expanded to 78 sq. mi. in 1883. Settlers petitioned for surrender. 41% of land surrendered in 1907. 1908 school area surrendered.","Data_Certa":7,"ObjectID_1":10,"Shape__Area":94907265.4034195,"Shape__Length":44395.025008791177}},{"type":"Feature","id":4,"geometry":{"type":"Polygon","coordinates":[[[-104.985940687055,50.7961587337728],[-104.986015900469,50.7900699297306],[-105.008832522774,50.7900906602607],[-105.008845527081,50.7910941944039],[-105.007719686417,50.7911084934739],[-105.006997501365,50.7911602887681],[-105.006126755167,50.7913077145906],[-105.005658782261,50.7914202337329],[-105.004888671738,50.7916612703168],[-105.002363480989,50.7925410007345],[-104.999410442166,50.7935373485386],[-104.996582464879,50.7945210370033],[-104.995366243658,50.7949441774793],[-104.994200699152,50.795313402746],[-104.993701599674,50.7954733387905],[-104.992381433767,50.7957889190075],[-104.991532717976,50.7959880094617],[-104.989959427504,50.7962923577808],[-104.988972221013,50.7963995712046],[-104.988041303333,50.7964238456968],[-104.986922149048,50.7963368427128],[-104.985940687055,50.7961587337728]]]},"properties":{"FID":4,"Id":0,"UNIQUE_ID":"PRQA80A","YR_SUR":1918,"RESERVE_NU":"80A","RSRVE_NAME":"Last Mountain Lake","Notes":"Surrendered for settlement of Lakeview (Regina Beach) in 1919","UNIQUE_I_1":"PRQA80A","RSRV_No_":"80A","TREATY_LOC":"PRAIRIES (TREATY No. 4 (QU'APPELLE TREATY))","TREATY_No_":4,"RSRV_NAME":"Fishing Grounds at Long Lake","PROVINCE":"SK","GRRD_CD_NA":"Last Mountain Lake","YEAR_TS":1874,"YEAR_IS":1884,"YEAR_UPTAK":-99,"YEAR_SURR":1918,"ACRES_SURR":177.5,"TSURR_BY_1":177.5,"POP_AED":"-99","TPOP_1881":-99,"ABS_1881":-99,"TPOP_1885":-99,"ABS_1885":-99,"TPOP_1889":-99,"ABS_1889":-99,"TPOP_1893":-99,"ABS_1893":-99,"TPOP_1897":-99,"TPOP_1901":-99,"TPOP_1905":-99,"TPOP_1909":-99,"TPOP_1911":-99,"TPOP_1921":-99,"TPOP_1931":-99,"ETHNO_GROU":"Ojibwa/Cree","ORIG_ACRE":0,"ACRES_1902":1427.2,"ACRES_1913":1347.42,"ACRES_1972":1200,"ORIG_SQ_MI":2.2,"SQ_MILE_19":2.23,"NOTES_1":"Surveyed in 1885 as a fishing station for multiple reserves. 219.7 acres surrendered in 1919 for railway and settlement of Lakeview (Regina Beach). Remaining 1207.5 acres shared by multiple nations.","Data_Certa":9,"ObjectID_1":54,"Shape__Area":701155.06481933594,"Shape__Length":4123.4024015639188}},{"type":"Feature","id":5,"geometry":{"type":"Polygon","coordinates":[[[-101.787005437725,51.5947608053912],[-101.794328081527,51.5266650710524],[-101.871522808356,51.5298052778889],[-101.871925122524,51.5310676260214],[-101.872616949257,51.5314046415567],[-101.872285177528,51.5315995279183],[-101.873110650308,51.5322946339886],[-101.874294529631,51.5322812793097],[-101.87606484839,51.5327677955478],[-101.877692918867,51.5328467137998],[-101.879882711129,51.5315413952415],[-101.881566498951,51.5301479266731],[-101.882485314412,51.5300467381299],[-101.88313161338,51.5312380743199],[-101.884025320142,51.5312332776229],[-101.885478077439,51.5306133114491],[-101.886678395071,51.5307840030729],[-101.887839792113,51.5307313349151],[-101.888577841506,51.5309681160215],[-101.888614686368,51.5313393653214],[-101.888037169742,51.5327431425012],[-101.888639966698,51.5339625879095],[-101.890687466233,51.5338758775323],[-101.892120379717,51.5348999318321],[-101.893990142998,51.5352681686603],[-101.894770692028,51.5348330875304],[-101.896031233928,51.5319139444101],[-101.896947373913,51.5310095186958],[-101.897539981367,51.5296993713354],[-101.898829687196,51.5283862289159],[-101.899786067431,51.527877981326],[-101.901165516787,51.5275582768298],[-101.90217160637,51.5276601392231],[-101.904603376328,51.528332902002],[-101.905940570753,51.5292068059311],[-101.905830589262,51.5296141159195],[-101.905222338538,51.5298814596642],[-101.90412357983,51.5299735323135],[-101.903187881546,51.5298024430973],[-101.90208081206,51.5300862810843],[-101.901317492189,51.5305032080261],[-101.900749426246,51.531080703875],[-101.899810849141,51.5312922250117],[-101.899775653783,51.5326071057952],[-101.901957133039,51.5331281979546],[-101.902873841832,51.5357430774923],[-101.90327062164,51.5364984097204],[-101.902819931326,51.5371896393742],[-101.902451177884,51.5376319179972],[-101.901855747196,51.5381330567385],[-101.901110129915,51.5382532444167],[-101.900222392287,51.5387568430415],[-101.899658694237,51.5393601190516],[-101.899603417229,51.5400780238133],[-101.899948823867,51.5407276927311],[-101.90017089513,51.5416416386635],[-101.899967408151,51.5424175956562],[-101.900386720747,51.5432917060116],[-101.901001859355,51.5436630890952],[-101.901766465479,51.5438808855169],[-101.902686509564,51.5437850082355],[-101.903263190268,51.5435622474259],[-101.903561964206,51.5429745110097],[-101.90251826673,51.5420051223558],[-101.90203479457,51.5413314566491],[-101.902196620042,51.540981117345],[-101.903189577163,51.5399546734964],[-101.903902401308,51.5399195023375],[-101.904617598327,51.5401323639214],[-101.905315290614,51.5406023122151],[-101.905055096522,51.5407980145846],[-101.904549696699,51.5434192013949],[-101.904723726349,51.5438023570791],[-101.905591177922,51.5447837136561],[-101.906293033316,51.5448442501567],[-101.908126917934,51.5445503832759],[-101.90913313869,51.544668981629],[-101.90959361836,51.5450267414796],[-101.909538733669,51.5453791779503],[-101.909636162767,51.545769044834],[-101.909878582887,51.5462356429705],[-101.910224439978,51.5466040583639],[-101.912897869696,51.5475752438428],[-101.914970950715,51.5486211225703],[-101.918871235556,51.5510652159089],[-101.921019284336,51.5518417781138],[-101.920905389872,51.5522441181908],[-101.920425499797,51.5525367220294],[-101.918879986771,51.552321503051],[-101.91806487294,51.552330707437],[-101.917373185493,51.5521641566018],[-101.915041468072,51.5523513290395],[-101.912516692387,51.5523165815725],[-101.911348870125,51.5526274445571],[-101.911191957559,51.5530689414467],[-101.911249627808,51.553659630159],[-101.911524967342,51.5542212766642],[-101.912335713164,51.5544153763036],[-101.913576361241,51.5544876520256],[-101.915838291164,51.553999059974],[-101.917404143381,51.5533192370768],[-101.918640124054,51.5532218354295],[-101.919202830771,51.5533819424722],[-101.91957798984,51.5537302626406],[-101.920197491851,51.5572985545736],[-101.919772270668,51.5577405412588],[-101.919355536248,51.5580680073292],[-101.918012410482,51.5584549698284],[-101.917523862669,51.5584704181335],[-101.916152488334,51.5580438918923],[-101.91522977677,51.5570786333749],[-101.914421767549,51.556087430186],[-101.913223760404,51.5554718034166],[-101.912510559437,51.555219880502],[-101.911058913921,51.5552797875772],[-101.91079681514,51.5553466344907],[-101.909853872921,51.5560814338892],[-101.909752896677,51.5565281005256],[-101.909912165065,51.5569160569665],[-101.910330498121,51.5573638782931],[-101.912226859272,51.5585908047601],[-101.914651306482,51.560912076412],[-101.91588786535,51.5619605248749],[-101.916357737126,51.5627853958657],[-101.916516528054,51.5638798301758],[-101.916647790161,51.5643995910546],[-101.917613136432,51.5653486444515],[-101.917732603297,51.5653740470075],[-101.918433811207,51.5657866573801],[-101.919267357766,51.5667564691713],[-101.92119283112,51.5677303120057],[-101.921629215022,51.5677659795636],[-101.922878317521,51.5680911266073],[-101.922922168029,51.5682815655211],[-101.924601367921,51.5684392419817],[-101.925330882356,51.5684287173464],[-101.925768389619,51.5683170140967],[-101.925985000369,51.568020953679],[-101.926041592579,51.5675292683345],[-101.925923933448,51.5672168131995],[-101.925628231195,51.5670945275157],[-101.924886556233,51.5671984640681],[-101.923752607553,51.5676068546351],[-101.923169492819,51.5668881226679],[-101.923128596698,51.5662031885457],[-101.922925942485,51.5656620023754],[-101.922216582792,51.5652331686363],[-101.921288098575,51.5653141942604],[-101.92083732941,51.565252306047],[-101.920942012665,51.5650345502354],[-101.921623950411,51.5647857018666],[-101.922219884729,51.5645350383516],[-101.922116358335,51.5643355657644],[-101.922167024081,51.5641683219958],[-101.922435160977,51.5638402780297],[-101.922955308884,51.5635484815065],[-101.923522802907,51.5633638403789],[-101.923930426979,51.5627236293703],[-101.925016601774,51.5623042458983],[-101.925244612644,51.5623990938673],[-101.926043884094,51.5622983467148],[-101.927187533551,51.5619462363473],[-101.928046599686,51.5617630612119],[-101.928384433456,51.5618326129799],[-101.928659287001,51.5619990375001],[-101.928422794054,51.562246605881],[-101.928054601776,51.5624924684],[-101.926501599132,51.5623348113627],[-101.925840012794,51.5625365641756],[-101.925795263657,51.5628351547375],[-101.926031718397,51.5632712584693],[-101.926749002181,51.5640057483989],[-101.92750506881,51.5641144593709],[-101.930240635075,51.5637179069841],[-101.930908430001,51.5644628698083],[-101.932420282086,51.5650363276173],[-101.932674378671,51.5654747823433],[-101.93349850451,51.5664262872582],[-101.933813490547,51.5668534681103],[-101.933946431806,51.567577933443],[-101.934554318996,51.5676646775905],[-101.934926827309,51.5675644690916],[-101.93561440753,51.5676713021553],[-101.935891560331,51.5676494244889],[-101.936413880182,51.5678914449551],[-101.936872054953,51.5682331271965],[-101.937471164794,51.5686799009371],[-101.93833384036,51.5695895881883],[-101.938578055211,51.5700037892435],[-101.939732467362,51.5709149252426],[-101.939910802178,51.5713443065535],[-101.940329170656,51.571611302984],[-101.940103429581,51.5720825122155],[-101.940106346707,51.5724241634696],[-101.940321523316,51.5726729839269],[-101.941230863854,51.5730346566355],[-101.9425919753,51.5729100994274],[-101.943007521632,51.5721609203825],[-101.943297337578,51.5719498984672],[-101.943597457024,51.5718368163228],[-101.943968999277,51.5718095993708],[-101.944532511943,51.5720522043841],[-101.945945549357,51.5730957379369],[-101.946474702905,51.5738986753795],[-101.946427185123,51.575333852333],[-101.946767333353,51.575894331587],[-101.946888187825,51.5767890172206],[-101.947299693251,51.5774221492835],[-101.947727316403,51.577689352805],[-101.948428743316,51.5776824649043],[-101.948843862047,51.5770886122407],[-101.949965347341,51.5760588494378],[-101.951055176258,51.5755146329984],[-101.951910643527,51.5752190062226],[-101.952666703611,51.5751901091041],[-101.953145753666,51.5754583323379],[-101.953666968867,51.5759243268487],[-101.953973884279,51.5762955274869],[-101.953976495036,51.5767725491782],[-101.953818885744,51.5770950730194],[-101.953345872415,51.5774124460728],[-101.952857520709,51.5775616320839],[-101.952637185211,51.5785831910755],[-101.952754575322,51.5789346464448],[-101.954442567333,51.581203108475],[-101.954773196262,51.5821870022346],[-101.95532434478,51.5827995291761],[-101.955684814066,51.5837902933556],[-101.955478268322,51.58424087458],[-101.955968124911,51.5849110401948],[-101.955403054411,51.5856800847298],[-101.955155157959,51.5863828987716],[-101.955266836844,51.5870165855832],[-101.955762380705,51.5872320982067],[-101.957330315435,51.5872851780751],[-101.957960627514,51.5876161639885],[-101.95878163721,51.5875688970828],[-101.959648614756,51.5872957938305],[-101.959896597515,51.5865127902943],[-101.961701465629,51.5876291899168],[-101.962215161267,51.5883247119349],[-101.962102969849,51.5892718498918],[-101.96171480654,51.5902378807769],[-101.960721592364,51.591732450735],[-101.960402043737,51.593938511038],[-101.787005437725,51.5947608053912]]]},"properties":{"FID":5,"Id":0,"UNIQUE_ID":"PRQA64","YR_SUR":1906,"RESERVE_NU":"64","RSRVE_NAME":"Cote","Notes":"Surrendered for sale and settlement of Kamsack","UNIQUE_I_1":"PRQA64","RSRV_No_":"64","TREATY_LOC":"PRAIRIES (TREATY No. 4 (QU'APPELLE TREATY))","TREATY_No_":4,"RSRV_NAME":"Gabriel Côté","PROVINCE":"SK","GRRD_CD_NA":"Cote First Nation","YEAR_TS":1874,"YEAR_IS":1877,"YEAR_UPTAK":1874,"YEAR_SURR":1906,"ACRES_SURR":16240,"TSURR_BY_1":16240,"POP_AED":"35F","TPOP_1881":231,"ABS_1881":0,"TPOP_1885":264,"ABS_1885":0,"TPOP_1889":257,"ABS_1889":0,"TPOP_1893":272,"ABS_1893":0,"TPOP_1897":275,"TPOP_1901":259,"TPOP_1905":252,"TPOP_1909":251,"TPOP_1911":260,"TPOP_1921":273,"TPOP_1931":329,"ETHNO_GROU":"Saulteaux (Ojibwa)","ORIG_ACRE":36160,"ACRES_1902":36160,"ACRES_1913":19920,"ACRES_1972":19986,"ORIG_SQ_MI":56.5,"SQ_MILE_19":56.5,"NOTES_1":"Initial survey 1877, 35 families. CNR pursued surrender in 1904, 1905, and 1907 for settlement of Kamsack and settler farming in the area. More sections surrendered in 1913, no immediate buyers, land returned by 1916/17.","Data_Certa":9,"ObjectID_1":3,"Shape__Area":67841068.244857788,"Shape__Length":45931.3519158836}},{"type":"Feature","id":6,"geometry":{"type":"Polygon","coordinates":[[[-102.693799328664,50.4841471917014],[-102.500011859579,50.4840446603194],[-102.500201848426,50.3969604711195],[-102.693473152589,50.396954993519],[-102.693799328664,50.4841471917014]]]},"properties":{"FID":6,"Id":0,"UNIQUE_ID":"PRQA72","YR_SUR":1907,"RESERVE_NU":"72","RSRVE_NAME":"Kahkewistahaw","Notes":"Partially surrendered to be sold to settlers","UNIQUE_I_1":"PRQA72","RSRV_No_":"72","TREATY_LOC":"PRAIRIES (TREATY No. 4 (QU'APPELLE TREATY))","TREATY_No_":4,"RSRV_NAME":"Kahkewistahaw","PROVINCE":"SK","GRRD_CD_NA":"Kahkewistahaw First Nation","YEAR_TS":1874,"YEAR_IS":1880,"YEAR_UPTAK":1877,"YEAR_SURR":1907,"ACRES_SURR":33281,"TSURR_BY_1":33281,"POP_AED":"58F","TPOP_1881":-99,"ABS_1881":-99,"TPOP_1885":246,"ABS_1885":0,"TPOP_1889":237,"ABS_1889":96,"TPOP_1893":225,"ABS_1893":98,"TPOP_1897":128,"TPOP_1901":110,"TPOP_1905":84,"TPOP_1909":97,"TPOP_1911":103,"TPOP_1921":118,"TPOP_1931":156,"ETHNO_GROU":"Cree and Saulteaux (Ojibwa)","ORIG_ACRE":46720,"ACRES_1902":46720,"ACRES_1913":14605.6,"ACRES_1972":20660,"ORIG_SQ_MI":0,"SQ_MILE_19":73,"NOTES_1":"Settlers petitioned for surrender of reserve lands from 1885. 33281 acres surrendered in 1907.","Data_Certa":7,"ObjectID_1":9,"Shape__Area":131842704.84359741,"Shape__Length":46632.130253342766}},{"type":"Feature","id":7,"geometry":{"type":"Polygon","coordinates":[[[-102.500168961746,50.4405244878025],[-102.281281628232,50.4407391418311],[-102.281143611397,50.3967772667615],[-102.500201848426,50.3969604711195],[-102.500168961746,50.4405244878025]]]},"properties":{"FID":7,"Id":0,"UNIQUE_ID":"PRQA71","YR_SUR":1919,"RESERVE_NU":"71","RSRVE_NAME":"Ochapowace","Notes":"Sold to Soldier Settlement Board in 1919, part of the soldier settlement act.","UNIQUE_I_1":"PRQA71","RSRV_No_":"71","TREATY_LOC":"PRAIRIES (TREATY No. 4 (QU'APPELLE TREATY))","TREATY_No_":4,"RSRV_NAME":"Kakeesheway (Ochapowace)","PROVINCE":"SK","GRRD_CD_NA":"Ochapowace First Nation","YEAR_TS":1874,"YEAR_IS":1880,"YEAR_UPTAK":1877,"YEAR_SURR":1919,"ACRES_SURR":18223.4,"TSURR_BY_1":18223.4,"POP_AED":"37F","TPOP_1881":-99,"ABS_1881":-99,"TPOP_1885":32,"ABS_1885":0,"TPOP_1889":383,"ABS_1889":242,"TPOP_1893":294,"ABS_1893":169,"TPOP_1897":120,"TPOP_1901":108,"TPOP_1905":102,"TPOP_1909":112,"TPOP_1911":116,"TPOP_1921":113,"TPOP_1931":119,"ETHNO_GROU":"Cree and Saulteaux (Ojibwa)","ORIG_ACRE":52864,"ACRES_1902":52864,"ACRES_1913":52864,"ACRES_1972":34521,"ORIG_SQ_MI":0,"SQ_MILE_19":82.6,"NOTES_1":"Inital reserve alloted on north side of river in 1877, before being moved to the south side. Reserve surveyed in 1880. Refused Broadview petitioned surrender in 1907. Soldier Settlement Board surrender in 1919.","Data_Certa":7,"ObjectID_1":8,"Shape__Area":74965329.451469421,"Shape__Length":40646.664872192552}},{"type":"Feature","id":8,"geometry":{"type":"Polygon","coordinates":[[[-104.4450998197,51.5378148211538],[-104.444337169232,51.4454409926418],[-104.491505384217,51.4453022958047],[-104.491021986244,51.5376967735964],[-104.4450998197,51.5378148211538]]]},"properties":{"FID":8,"Id":0,"UNIQUE_ID":"PRQA88","YR_SUR":1919,"RESERVE_NU":"88","RSRVE_NAME":"Poor Man's","Notes":"Sold to the Soldier Settlement Board as part of the Soldier Settlement Act","UNIQUE_I_1":"PRQA88","RSRV_No_":"88","TREATY_LOC":"PRAIRIES (TREATY No. 4 (QU'APPELLE TREATY))","TREATY_No_":4,"RSRV_NAME":"Kawakatoose (The Poor Man)","PROVINCE":"SK","GRRD_CD_NA":"Kawacatoose First Nation","YEAR_TS":1874,"YEAR_IS":1876,"YEAR_UPTAK":1875,"YEAR_SURR":1919,"ACRES_SURR":8075,"TSURR_BY_1":8075,"POP_AED":"33F","TPOP_1881":-99,"ABS_1881":-99,"TPOP_1885":240,"ABS_1885":20,"TPOP_1889":383,"ABS_1889":242,"TPOP_1893":294,"ABS_1893":169,"TPOP_1897":120,"TPOP_1901":108,"TPOP_1905":108,"TPOP_1909":111,"TPOP_1911":113,"TPOP_1921":131,"TPOP_1931":204,"ETHNO_GROU":"Cree","ORIG_ACRE":24960,"ACRES_1902":27200,"ACRES_1913":27200,"ACRES_1972":19125,"ORIG_SQ_MI":0,"SQ_MILE_19":42.5,"NOTES_1":"Initial survey in 1876 laid out 24960 acres, 1889 map suggests 27200 acres. Portions surrendered in 1919 as part of the Soldier Settlement Act, reducing acreage to 19125 as documented in the 1972 schedule.","Data_Certa":9,"ObjectID_1":25,"Shape__Area":32638461.298797607,"Shape__Length":26781.919916712861}},{"type":"Feature","id":9,"geometry":{"type":"Polygon","coordinates":[[[-101.9347401866,51.7553832779208],[-101.934552636506,51.8274563847753],[-101.860649709545,51.8271296584273],[-101.860572761637,51.8072290226552],[-101.860562641106,51.8046101009226],[-101.862674568668,51.8038657044978],[-101.864861561546,51.8035148493552],[-101.866509189212,51.802588255728],[-101.867302658814,51.8014810620304],[-101.867633145148,51.8002349980429],[-101.869200247423,51.799789711774],[-101.870801274977,51.7998520592492],[-101.872825390158,51.7995119699494],[-101.875680013958,51.7992179502933],[-101.877529475771,51.797942432479],[-101.880048820775,51.7961597801184],[-101.881431198999,51.7949437920724],[-101.882940814527,51.7926497898633],[-101.883553504266,51.7917173291118],[-101.885780414535,51.7894997252824],[-101.886417071876,51.7884586918648],[-101.887072837748,51.7873628968259],[-101.887548569255,51.7858960319577],[-101.888437993526,51.7855597974],[-101.889827127107,51.7840580632667],[-101.890507200066,51.7824758139495],[-101.889833613162,51.7814661082858],[-101.891625337874,51.7801475129924],[-101.893093345763,51.7786778447487],[-101.895747034,51.777589732921],[-101.896057073769,51.7769004285381],[-101.894010640348,51.7749800098244],[-101.89132021964,51.7749566160198],[-101.889588169275,51.7754833997218],[-101.889042157733,51.7751548597933],[-101.888930987188,51.7741108077357],[-101.88997871532,51.7731222528111],[-101.887700279424,51.7717602947927],[-101.887877617441,51.7707787800541],[-101.88841813417,51.7692994025018],[-101.887345297755,51.768790036533],[-101.886627389414,51.7681027413849],[-101.883727048392,51.7670778206535],[-101.881416695675,51.7664294003854],[-101.881445171693,51.7640913530258],[-101.881976602306,51.7632713645975],[-101.885529358688,51.7597875155351],[-101.909145666052,51.7594230684173],[-101.909074871666,51.7552924375502],[-101.9347401866,51.7553832779208]]]},"properties":{"FID":9,"Id":0,"UNIQUE_ID":"PRQA66","YR_SUR":1909,"RESERVE_NU":"66","RSRVE_NAME":"Keeseekoose","Notes":"Surrendered to be sold in 1909, $85 paid to each individual.","UNIQUE_I_1":"PRQA66","RSRV_No_":"66","TREATY_LOC":"PRAIRIES (TREATY No. 4 (QU'APPELLE TREATY))","TREATY_No_":4,"RSRV_NAME":"Keeseekoose","PROVINCE":"SK","GRRD_CD_NA":" ","YEAR_TS":1874,"YEAR_IS":1884,"YEAR_UPTAK":1875,"YEAR_SURR":1909,"ACRES_SURR":7600,"TSURR_BY_1":7600,"POP_AED":"36F","TPOP_1881":151,"ABS_1881":70,"TPOP_1885":170,"ABS_1885":4,"TPOP_1889":119,"ABS_1889":14,"TPOP_1893":95,"ABS_1893":12,"TPOP_1897":101,"TPOP_1901":94,"TPOP_1905":138,"TPOP_1909":133,"TPOP_1911":140,"TPOP_1921":156,"TPOP_1931":178,"ETHNO_GROU":"Saulteaux (Ojibwa)","ORIG_ACRE":18302,"ACRES_1902":18304,"ACRES_1913":10671,"ACRES_1972":0,"ORIG_SQ_MI":0,"SQ_MILE_19":28.6,"NOTES_1":"initial survey 1884. Confusing extensions made in the 1890s, seemingly the 1884 survey stuck. In 1909, 7600 acres \"unanimously\" surrendered to be sold.","Data_Certa":9,"ObjectID_1":5,"Shape__Area":30619013.854049683,"Shape__Length":26296.45758947924}},{"type":"Feature","id":10,"geometry":{"type":"Polygon","coordinates":[[[-103.489057906285,51.0485825381475],[-103.27026903428,51.0482339929141],[-103.27035081185,51.0190137745667],[-103.489535156359,51.0187536298073],[-103.489057906285,51.0485825381475]]]},"properties":{"FID":10,"Id":0,"UNIQUE_ID":"PRQA84","YR_SUR":1928,"RESERVE_NU":"84","RSRVE_NAME":"Little Black Bear","Notes":"Illegal surrender of 12461 acres in 1928.","UNIQUE_I_1":"PRQA84","RSRV_No_":"84","TREATY_LOC":"PRAIRIES (TREATY No. 4 (QU'APPELLE TREATY))","TREATY_No_":4,"RSRV_NAME":"Little Black Bear","PROVINCE":"SK","GRRD_CD_NA":"Little Black Bear First Nation","YEAR_TS":1874,"YEAR_IS":1880,"YEAR_UPTAK":1880,"YEAR_SURR":1928,"ACRES_SURR":12461,"TSURR_BY_1":12461,"POP_AED":"35F","TPOP_1881":60,"ABS_1881":28,"TPOP_1885":117,"ABS_1885":1,"TPOP_1889":103,"ABS_1889":10,"TPOP_1893":77,"ABS_1893":5,"TPOP_1897":75,"TPOP_1901":65,"TPOP_1905":62,"TPOP_1909":56,"TPOP_1911":50,"TPOP_1921":42,"TPOP_1931":37,"ETHNO_GROU":"Cree","ORIG_ACRE":29760,"ACRES_1902":29760,"ACRES_1913":29760,"ACRES_1972":0,"ORIG_SQ_MI":0,"SQ_MILE_19":46.5,"NOTES_1":"initial survey conducted in late 1880, no map until 1885. Illegal surrender in 1928 of 12461 acres.","Data_Certa":9,"ObjectID_1":18,"Shape__Area":49712414.661224365,"Shape__Length":37016.497295842833}},{"type":"Feature","id":11,"geometry":{"type":"Polygon","coordinates":[[[-102.474152583484,51.0703020123308],[-102.404554274909,51.0702947713741],[-102.404557197334,51.0188577656223],[-102.521045028254,51.0188598468111],[-102.520979762699,51.055588801967],[-102.474656433016,51.0555869942617],[-102.474152583484,51.0703020123308]]]},"properties":{"FID":11,"Id":0,"UNIQUE_ID":"PRQA73A","YR_SUR":1907,"RESERVE_NU":"73A","RSRVE_NAME":"Little Bone","Notes":"Amalgamated with Sakimay and subsequently surrendered in 1907 on dubious grounds.","UNIQUE_I_1":"PRQA73A","RSRV_No_":"73A","TREATY_LOC":"PRAIRIES (TREATY No. 4 (QU'APPELLE TREATY))","TREATY_No_":4,"RSRV_NAME":"Little Bone (Leech Lake)","PROVINCE":"SK","GRRD_CD_NA":" ","YEAR_TS":1874,"YEAR_IS":1884,"YEAR_UPTAK":1882,"YEAR_SURR":1907,"ACRES_SURR":6717,"TSURR_BY_1":6717,"POP_AED":"73","TPOP_1881":-99,"ABS_1881":-99,"TPOP_1885":32,"ABS_1885":0,"TPOP_1889":-99,"ABS_1889":-99,"TPOP_1893":-99,"ABS_1893":-99,"TPOP_1897":-99,"TPOP_1901":-99,"TPOP_1905":-99,"TPOP_1909":-99,"TPOP_1911":-99,"TPOP_1921":20,"TPOP_1931":24,"ETHNO_GROU":"Cree","ORIG_ACRE":0,"ACRES_1902":6976,"ACRES_1913":6717,"ACRES_1972":0,"ORIG_SQ_MI":0,"SQ_MILE_19":10.9,"NOTES_1":"initial survey 1884.  Informally amalgamated with Sakimay (Zagime Anishinabek) in 1887. 1907 Graham pursues surrender, families forced off the land in 1921 with residences burned.","Data_Certa":7,"ObjectID_1":52,"Shape__Area":40771666.545532227,"Shape__Length":27540.084106611277}},{"type":"Feature","id":12,"geometry":{"type":"Polygon","coordinates":[[[-104.109961787361,50.7463061650383],[-104.110033597273,50.7101327845968],[-104.110739525659,50.7088606959466],[-104.362379800575,50.7088616031349],[-104.362486034756,50.7465696551208],[-104.109961787361,50.7463061650383]]]},"properties":{"FID":12,"Id":0,"UNIQUE_ID":"PRQA80","YR_SUR":1909,"RESERVE_NU":"80","RSRVE_NAME":"Muscowpetung","Notes":"Surrendered for sale","UNIQUE_I_1":"PRQA80","RSRV_No_":"80","TREATY_LOC":"PRAIRIES (TREATY No. 4 (QU'APPELLE TREATY))","TREATY_No_":4,"RSRV_NAME":"Muscowpetung","PROVINCE":"SK","GRRD_CD_NA":" ","YEAR_TS":1875,"YEAR_IS":1881,"YEAR_UPTAK":1881,"YEAR_SURR":1909,"ACRES_SURR":17957,"TSURR_BY_1":17957,"POP_AED":"34F","TPOP_1881":166,"ABS_1881":40,"TPOP_1885":212,"ABS_1885":30,"TPOP_1889":131,"ABS_1889":2,"TPOP_1893":124,"ABS_1893":9,"TPOP_1897":119,"TPOP_1901":82,"TPOP_1905":81,"TPOP_1909":75,"TPOP_1911":79,"TPOP_1921":128,"TPOP_1931":136,"ETHNO_GROU":"Ojibwa/Cree","ORIG_ACRE":0,"ACRES_1902":38080,"ACRES_1913":20122.8,"ACRES_1972":21226,"ORIG_SQ_MI":0,"SQ_MILE_19":59.5,"NOTES_1":"Initial survey 1881. Southern portion swapped in resurvey 1881. Suggestion of 17600 acres surrendered in 1909 report. 1913 schedule lists 17957.2 (including \"For Balgonie Road 23.4 acres\").","Data_Certa":8,"ObjectID_1":17,"Shape__Area":73562492.102722168,"Shape__Length":43688.197659375241}},{"type":"Feature","id":13,"geometry":{"type":"MultiPolygon","coordinates":[[[[-103.990728970749,51.3141442759845],[-103.98761181602,51.31294158693],[-103.987512462341,51.3118223465783],[-103.987508833584,51.3110104703716],[-103.99078669746,51.3118918600156],[-103.990728970749,51.3141442759845]]],[[[-103.987717809422,51.357720430925],[-103.916602144686,51.3576948783474],[-103.916703856564,51.2990981924417],[-103.987455545814,51.2990832456292],[-103.987508833584,51.3110104703716],[-103.987438721759,51.3109916160553],[-103.987512462341,51.3118223465783],[-103.987717809422,51.357720430925]]]]},"properties":{"FID":13,"Id":0,"UNIQUE_ID":"PRQA85-3","YR_SUR":1920,"RESERVE_NU":"85","RSRVE_NAME":"Muskowekwan","Notes":"Surrendered in 1920.","UNIQUE_I_1":"PRQA85-3","RSRV_No_":"85","TREATY_LOC":"PRAIRIES (TREATY No. 4 (QU'APPELLE TREATY))","TREATY_No_":4,"RSRV_NAME":"Muskowekwan","PROVINCE":"SK","GRRD_CD_NA":"Muskowekwan First Nation","YEAR_TS":1874,"YEAR_IS":1884,"YEAR_UPTAK":1881,"YEAR_SURR":1920,"ACRES_SURR":7485,"TSURR_BY_1":7803.18,"POP_AED":"41F","TPOP_1881":157,"ABS_1881":40,"TPOP_1885":282,"ABS_1885":0,"TPOP_1889":160,"ABS_1889":0,"TPOP_1893":148,"ABS_1893":0,"TPOP_1897":152,"TPOP_1901":141,"TPOP_1905":140,"TPOP_1909":138,"TPOP_1911":149,"TPOP_1921":207,"TPOP_1931":187,"ETHNO_GROU":"Saulteaux (Ojibwa)","ORIG_ACRE":0,"ACRES_1902":23040,"ACRES_1913":23952.82,"ACRES_1972":17495,"ORIG_SQ_MI":30,"SQ_MILE_19":36,"NOTES_1":"Initial survey 1884. Boundary confusion with George Gordon's #86, corrected in 1900. 158.18 acres surrendered in 1906 for GTR. 160 acres surrendered for Lestock settlement in 1910. 7485 acres in 1920.","Data_Certa":8,"ObjectID_1":21,"Shape__Area":31756046.381835938,"Shape__Length":23708.150548772275}},{"type":"Feature","id":14,"geometry":{"type":"Polygon","coordinates":[[[-103.986756134098,51.3076960637301],[-103.986659907096,51.3135071915133],[-103.975320870222,51.3136051004283],[-103.975452969908,51.3075882329137],[-103.986756134098,51.3076960637301]]]},"properties":{"FID":14,"Id":0,"UNIQUE_ID":"PRQA85-2","YR_SUR":1910,"RESERVE_NU":"85","RSRVE_NAME":"Muskowekwan","Notes":"Surrendered for town plot of Lestock and \"right of way\" for Grand Trunck Railroad.","UNIQUE_I_1":"PRQA85-2","RSRV_No_":"85","TREATY_LOC":"PRAIRIES (TREATY No. 4 (QU'APPELLE TREATY))","TREATY_No_":4,"RSRV_NAME":"Muskowekwan","PROVINCE":"SK","GRRD_CD_NA":"Muskowekwan First Nation","YEAR_TS":1874,"YEAR_IS":1884,"YEAR_UPTAK":1881,"YEAR_SURR":1910,"ACRES_SURR":160,"TSURR_BY_1":7803.18,"POP_AED":"41F","TPOP_1881":157,"ABS_1881":40,"TPOP_1885":282,"ABS_1885":0,"TPOP_1889":160,"ABS_1889":0,"TPOP_1893":148,"ABS_1893":0,"TPOP_1897":152,"TPOP_1901":141,"TPOP_1905":140,"TPOP_1909":138,"TPOP_1911":149,"TPOP_1921":207,"TPOP_1931":187,"ETHNO_GROU":"Saulteaux (Ojibwa)","ORIG_ACRE":0,"ACRES_1902":23040,"ACRES_1913":23952.82,"ACRES_1972":17495,"ORIG_SQ_MI":30,"SQ_MILE_19":36,"NOTES_1":"Initial survey 1884. Boundary confusion with George Gordon's #86, corrected in 1900. 158.18 acres surrendered in 1906 for GTR. 160 acres surrendered for Lestock settlement in 1910. 7485 acres in 1920.","Data_Certa":8,"ObjectID_1":20,"Shape__Area":510794.65586853027,"Shape__Length":2870.9078598782944}},{"type":"Feature","id":15,"geometry":{"type":"Polygon","coordinates":[[[-102.859663197981,49.8138550425281],[-102.623239619882,49.8137338164391],[-102.623616593422,49.7625041002849],[-102.859697506233,49.7623225051025],[-102.859663197981,49.8138550425281]]]},"properties":{"FID":15,"Id":0,"UNIQUE_ID":"PRMP69","YR_SUR":1901,"RESERVE_NU":"69","RSRVE_NAME":"Ocean Man","Notes":"Surrendered in 1901. Moved to White Bear.","UNIQUE_I_1":"PRMP69","RSRV_No_":"69","TREATY_LOC":"PRAIRIES (TREATY No. 4 (QU'APPELLE TREATY))","TREATY_No_":2,"RSRV_NAME":"Ocean Man (Moose Mountain)","PROVINCE":"SK","GRRD_CD_NA":"White Bear First Nation","YEAR_TS":1875,"YEAR_IS":1881,"YEAR_UPTAK":1876,"YEAR_SURR":1901,"ACRES_SURR":23680,"TSURR_BY_1":23680,"POP_AED":"22F","TPOP_1881":148,"ABS_1881":88,"TPOP_1885":95,"ABS_1885":3,"TPOP_1889":83,"ABS_1889":0,"TPOP_1893":69,"ABS_1893":14,"TPOP_1897":35,"TPOP_1901":36,"TPOP_1905":-99,"TPOP_1909":-99,"TPOP_1911":-99,"TPOP_1921":-99,"TPOP_1931":-99,"ETHNO_GROU":"Assiniboine/Cree/Ojibwa","ORIG_ACRE":23680,"ACRES_1902":-99,"ACRES_1913":0,"ACRES_1972":0,"ORIG_SQ_MI":37,"SQ_MILE_19":0,"NOTES_1":"Amalgamated with Pheasant's Rump #68 and surrendered agreement was signed in 1901. No mention of a vote. Moved to White Bear # 70. Total surrender was pursued by Commissioner Laird due to proximity to the CPR railing and decent soil for settlers.","Data_Certa":7,"ObjectID_1":7,"Shape__Area":96646392.1064682,"Shape__Length":45319.578726648353}},{"type":"Feature","id":16,"geometry":{"type":"Polygon","coordinates":[[[-102.859663197981,49.8138550425281],[-102.859629075225,49.8649769293471],[-102.622868478772,49.8640568698304],[-102.623239619882,49.8137338164391],[-102.859663197981,49.8138550425281]]]},"properties":{"FID":16,"Id":0,"UNIQUE_ID":"PRMP68","YR_SUR":1901,"RESERVE_NU":"68","RSRVE_NAME":"Pheasant's Rump","Notes":"Illegally surrendered in 1901. Moved to White Bear.","UNIQUE_I_1":"PRMP68","RSRV_No_":"68","TREATY_LOC":"PRAIRIES (TREATY No. 4 (QU'APPELLE TREATY))","TREATY_No_":2,"RSRV_NAME":"Pheasant Rump (Moose Mountain)","PROVINCE":"SK","GRRD_CD_NA":"Pheasant Rump Nakota First Nation","YEAR_TS":1875,"YEAR_IS":1881,"YEAR_UPTAK":1881,"YEAR_SURR":1901,"ACRES_SURR":23424,"TSURR_BY_1":23424,"POP_AED":"18F","TPOP_1881":130,"ABS_1881":100,"TPOP_1885":88,"ABS_1885":2,"TPOP_1889":65,"ABS_1889":2,"TPOP_1893":75,"ABS_1893":11,"TPOP_1897":45,"TPOP_1901":39,"TPOP_1905":-99,"TPOP_1909":-99,"TPOP_1911":-99,"TPOP_1921":-99,"TPOP_1931":-99,"ETHNO_GROU":"Assiniboine","ORIG_ACRE":23424,"ACRES_1902":0,"ACRES_1913":0,"ACRES_1972":0,"ORIG_SQ_MI":36.6,"SQ_MILE_19":0,"NOTES_1":"Amalgamated with Ocean Man #69 and \"surrendered\" in 1901. Likely not involved surrender negotiations. Moved to White Bear # 70. Total surrender was pursued by Commissioner Laird due to proximity to the CPR railing and settler farming opportunities.","Data_Certa":5,"ObjectID_1":6,"Shape__Area":95410039.153621674,"Shape__Length":45178.457193288217}},{"type":"Feature","id":17,"geometry":{"type":"Polygon","coordinates":[[[-104.500687637391,50.7171332358808],[-104.362386148763,50.7171051076524],[-104.362341495338,50.6590579784966],[-104.500835900469,50.6591242848744],[-104.500687637391,50.7171332358808]]]},"properties":{"FID":17,"Id":0,"UNIQUE_ID":"PRQA75-2","YR_SUR":1919,"RESERVE_NU":"75","RSRVE_NAME":"Piapot","Notes":"Surrendered for sale in Soldier Settlement","UNIQUE_I_1":"PRQA75-2","RSRV_No_":"75","TREATY_LOC":"PRAIRIES (TREATY No. 4 (QU'APPELLE TREATY))","TREATY_No_":4,"RSRV_NAME":"Piapôt","PROVINCE":"SK","GRRD_CD_NA":"Piapot First Nation","YEAR_TS":1875,"YEAR_IS":1885,"YEAR_UPTAK":1884,"YEAR_SURR":1919,"ACRES_SURR":16318,"TSURR_BY_1":18498,"POP_AED":"582","TPOP_1881":-99,"ABS_1881":-99,"TPOP_1885":394,"ABS_1885":35,"TPOP_1889":275,"ABS_1889":12,"TPOP_1893":225,"ABS_1893":12,"TPOP_1897":269,"TPOP_1901":156,"TPOP_1905":152,"TPOP_1909":139,"TPOP_1911":161,"TPOP_1921":154,"TPOP_1931":193,"ETHNO_GROU":"Cree","ORIG_ACRE":34547,"ACRES_1902":34547.2,"ACRES_1913":33280,"ACRES_1972":20698,"ORIG_SQ_MI":54,"SQ_MILE_19":53.98,"NOTES_1":"Abandoned initial reserve in 1884, moved next Muscowepetung #80 in Qu'Appelle Valley in 1884. Sureveyed in 1885. Partial surrender of 2180 acres in 1918, mostly purchased by the Soldier Settlement Board. Another surrender in 1919 of 16,318 acres.","Data_Certa":9,"ObjectID_1":12,"Shape__Area":62352502.142471313,"Shape__Length":32269.475776164087}},{"type":"Feature","id":18,"geometry":{"type":"MultiPolygon","coordinates":[[[[-104.362297687482,50.7903049573632],[-104.362294484792,50.7885836588465],[-104.370960511113,50.788578992155],[-104.37099308336,50.7904241535982],[-104.362297687482,50.7903049573632]]],[[[-104.477850515853,50.7832090556965],[-104.477825275969,50.7464839332077],[-104.500714186293,50.7463611038981],[-104.500908124681,50.762747393511],[-104.500011816372,50.7763110430951],[-104.500043084243,50.7831353260359],[-104.477850515853,50.7832090556965]]],[[[-104.42844522225,50.7975227258629],[-104.385577459702,50.7974703237521],[-104.385618434179,50.7928481864387],[-104.388459128032,50.7929694258935],[-104.388441255786,50.7937651308409],[-104.391320888787,50.7938340127268],[-104.391300381351,50.7947272019563],[-104.399877277638,50.7947771783294],[-104.399892092267,50.7956022372008],[-104.408594252299,50.7956396681964],[-104.408618104285,50.7947623265259],[-104.411286553797,50.7948019743711],[-104.411437854421,50.7956627759946],[-104.414360228197,50.7956945648713],[-104.414347690845,50.7966194704548],[-104.417093939721,50.7965543901455],[-104.417017553328,50.7956865006023],[-104.420047449993,50.7957403731533],[-104.420023846175,50.796617720353],[-104.428501127095,50.7966747111904],[-104.42844522225,50.7975227258629]]],[[[-104.477797490038,50.8192108196139],[-104.477956279462,50.8119988842689],[-104.480726014861,50.8120271690717],[-104.480773998553,50.8137407629317],[-104.483543855649,50.8137689701571],[-104.483553192656,50.8155348900609],[-104.48635947592,50.8156081929132],[-104.486447764586,50.8173828287897],[-104.490803112427,50.8174058132711],[-104.490781530344,50.8192557766023],[-104.477797490038,50.8192108196139]]]]},"properties":{"FID":18,"Id":0,"UNIQUE_ID":"PRQA75-1","YR_SUR":1918,"RESERVE_NU":"75","RSRVE_NAME":"Piapot","Notes":"Surrendered, no record in DIA reports","UNIQUE_I_1":"PRQA75-1","RSRV_No_":"75","TREATY_LOC":"PRAIRIES (TREATY No. 4 (QU'APPELLE TREATY))","TREATY_No_":4,"RSRV_NAME":"Piapôt","PROVINCE":"SK","GRRD_CD_NA":"Piapot First Nation","YEAR_TS":1875,"YEAR_IS":1885,"YEAR_UPTAK":1884,"YEAR_SURR":1918,"ACRES_SURR":2180,"TSURR_BY_1":18498,"POP_AED":"582","TPOP_1881":-99,"ABS_1881":-99,"TPOP_1885":394,"ABS_1885":35,"TPOP_1889":275,"ABS_1889":12,"TPOP_1893":225,"ABS_1893":12,"TPOP_1897":269,"TPOP_1901":156,"TPOP_1905":152,"TPOP_1909":139,"TPOP_1911":161,"TPOP_1921":154,"TPOP_1931":193,"ETHNO_GROU":"Cree","ORIG_ACRE":34547,"ACRES_1902":34547.2,"ACRES_1913":33280,"ACRES_1972":20698,"ORIG_SQ_MI":54,"SQ_MILE_19":53.98,"NOTES_1":"Abandoned initial reserve in 1884, moved next Muscowepetung #80 in Qu'Appelle Valley in 1884. Sureveyed in 1885. Partial surrender of 2180 acres in 1918, mostly purchased by the Soldier Settlement Board. Another surrender in 1919 of 16,318 acres.","Data_Certa":9,"ObjectID_1":11,"Shape__Area":7712624.3295898438,"Shape__Length":23650.756125097741}},{"type":"Feature","id":19,"geometry":{"type":"Polygon","coordinates":[[[-104.109959896096,50.7170897221456],[-103.921562147601,50.7173156628021],[-103.921029850981,50.6729161129087],[-104.110781189165,50.6726276696866],[-104.109959896096,50.7170897221456]]]},"properties":{"FID":19,"Id":0,"UNIQUE_ID":"PRQA79-1","YR_SUR":1906,"RESERVE_NU":"79","RSRVE_NAME":"Pasqua","Notes":"Surrendered for sale in 1906, 16077 acres","UNIQUE_I_1":"PRQA79-1","RSRV_No_":"79","TREATY_LOC":"PRAIRIES (TREATY No. 4 (QU'APPELLE TREATY))","TREATY_No_":4,"RSRV_NAME":"Pasquah Fishing Lakes","PROVINCE":"SK","GRRD_CD_NA":"Pasqua First Nation","YEAR_TS":1874,"YEAR_IS":1876,"YEAR_UPTAK":1876,"YEAR_SURR":1906,"ACRES_SURR":16077,"TSURR_BY_1":16103.56,"POP_AED":"49F","TPOP_1881":218,"ABS_1881":58,"TPOP_1885":257,"ABS_1885":0,"TPOP_1889":207,"ABS_1889":12,"TPOP_1893":185,"ABS_1893":5,"TPOP_1897":174,"TPOP_1901":134,"TPOP_1905":133,"TPOP_1909":112,"TPOP_1911":132,"TPOP_1921":147,"TPOP_1931":187,"ETHNO_GROU":"Ojibwa/Cree","ORIG_ACRE":36480,"ACRES_1902":38496,"ACRES_1913":22143,"ACRES_1972":22141,"ORIG_SQ_MI":0,"SQ_MILE_19":60.15,"NOTES_1":"Initial survey in 1876, subdivision of farmland survey in 1889. Pressured surrender for sale of 16,077 acres as pursued by local settlers in 1906.","Data_Certa":6,"ObjectID_1":15,"Shape__Area":65209695.7427063,"Shape__Length":36376.822657535369}},{"type":"Feature","id":20,"geometry":{"type":"Polygon","coordinates":[[[-102.654360814011,53.4907129990999],[-102.647693635662,53.4907535407506],[-102.647561091072,53.4829769473326],[-102.654048101517,53.4828986862759],[-102.654360814011,53.4907129990999]]]},"properties":{"FID":20,"Id":0,"UNIQUE_ID":"PRLW28A","YR_SUR":1927,"RESERVE_NU":"28A","RSRVE_NAME":"Shoal Lake","Notes":"Surrendered as part of an exchange in 1927. This section seemingly not returned.","UNIQUE_I_1":"PRLW28A","RSRV_No_":"28A","TREATY_LOC":"PRAIRIES (TREATY No. 5 (LAKE WINNIPEG TREATY))","TREATY_No_":5,"RSRV_NAME":"Shoal Lake","PROVINCE":"SK","GRRD_CD_NA":" ","YEAR_TS":1876,"YEAR_IS":1894,"YEAR_UPTAK":1880,"YEAR_SURR":1927,"ACRES_SURR":91,"TSURR_BY_1":91,"POP_AED":"-99","TPOP_1881":-99,"ABS_1881":-99,"TPOP_1885":-99,"ABS_1885":-99,"TPOP_1889":-99,"ABS_1889":-99,"TPOP_1893":-99,"ABS_1893":-99,"TPOP_1897":81,"TPOP_1901":60,"TPOP_1905":71,"TPOP_1909":71,"TPOP_1911":83,"TPOP_1921":91,"TPOP_1931":80,"ETHNO_GROU":"Cree","ORIG_ACRE":2236,"ACRES_1902":2240,"ACRES_1913":2887,"ACRES_1972":3654,"ORIG_SQ_MI":0,"SQ_MILE_19":3.5,"NOTES_1":"See Shoal Lake 28. Surveyed in 1894, several additions/exchanges made according to the 1894 survey map with annotations to 1927, addition in 1906, another in 1913 and 1914. Supposed exchange of 640 acres \"surrendered for exchange\" in 1927.","Data_Certa":8,"ObjectID_1":49,"Shape__Area":367618.0121307373,"Shape__Length":2569.7120942742686}},{"type":"Feature","id":21,"geometry":{"type":"Polygon","coordinates":[[[-103.923610114526,50.8337811545639],[-103.935428911413,50.8337328644559],[-103.935316051174,50.8411355137281],[-103.926595587321,50.8410563136452],[-103.925879834257,50.8406952183068],[-103.925627169577,50.8391384408135],[-103.92407772009,50.838258694048],[-103.923564861979,50.8369761063488],[-103.923610114526,50.8337811545639]]]},"properties":{"FID":21,"Id":0,"UNIQUE_ID":"PRQA78","YR_SUR":1925,"RESERVE_NU":"78","RSRVE_NAME":"Standing Buffalo","Notes":"Purchased by Dept. 1925, Seemingly returned before 1972.","UNIQUE_I_1":"PRQA78","RSRV_No_":"78","TREATY_LOC":"PRAIRIES (TREATY No. 4 (QU'APPELLE TREATY))","TREATY_No_":4,"RSRV_NAME":"Standing Buffalo","PROVINCE":"SK","GRRD_CD_NA":" ","YEAR_TS":-99,"YEAR_IS":1881,"YEAR_UPTAK":1862,"YEAR_SURR":1925,"ACRES_SURR":144,"TSURR_BY_1":144,"POP_AED":"200","TPOP_1881":200,"ABS_1881":0,"TPOP_1885":240,"ABS_1885":0,"TPOP_1889":184,"ABS_1889":0,"TPOP_1893":185,"ABS_1893":0,"TPOP_1897":153,"TPOP_1901":172,"TPOP_1905":210,"TPOP_1909":190,"TPOP_1911":188,"TPOP_1921":159,"TPOP_1931":156,"ETHNO_GROU":"Dakota","ORIG_ACRE":0,"ACRES_1902":4864,"ACRES_1913":5415,"ACRES_1972":5550,"ORIG_SQ_MI":0,"SQ_MILE_19":7.6,"NOTES_1":"Did not sign Treaty 4 but are protected under the Indian Act. Initial survey in 1881. Additions made of up to 560 acres in 1902/3. SE 6 22 14 W2 purchased by \"Dept.\" 144 acres, seemingly returned prior to 1972 schedule.","Data_Certa":9,"ObjectID_1":14,"Shape__Area":623377.8423614502,"Shape__Length":3137.0579400063152}},{"type":"Feature","id":22,"geometry":{"type":"MultiPolygon","coordinates":[[[[-102.077674542061,51.7118155547126],[-102.07792248586,51.7942960882942],[-102.053872788871,51.7941351314044],[-102.053877620224,51.7655985606465],[-102.041889547755,51.765510262465],[-102.041952105151,51.7061799970141],[-102.069314401177,51.7062706889347],[-102.069527993989,51.7074073555631],[-102.067399452149,51.7091945682793],[-102.06819439437,51.7099249268858],[-102.069649449611,51.7096669563237],[-102.070984184304,51.7107624235728],[-102.072743273061,51.7110527922371],[-102.074127776342,51.7105838093914],[-102.074866931647,51.7097665262813],[-102.075533957687,51.7111312781053],[-102.077674542061,51.7118155547126]]],[[[-102.24528718578,51.7946560548604],[-102.196143868404,51.7945742850399],[-102.195640928939,51.7337816865958],[-102.199425225386,51.7332810494991],[-102.200623289256,51.7321358334504],[-102.201730361161,51.7296790879922],[-102.203234423071,51.728176418284],[-102.207077485725,51.7264931137421],[-102.210335232297,51.7262014557547],[-102.212423319098,51.7250563294866],[-102.213739994307,51.7236127768129],[-102.214854954518,51.722551774414],[-102.21706376575,51.7217969886007],[-102.217522818812,51.7207977203381],[-102.219160733997,51.7202433596271],[-102.222240312254,51.7204474651318],[-102.226103592166,51.7192232062036],[-102.226990760162,51.7188073758458],[-102.227329709179,51.7176937986553],[-102.226669404778,51.7167891638274],[-102.22678446142,51.7164740945606],[-102.228543141419,51.7163647700572],[-102.230926666592,51.7171011614191],[-102.231717536616,51.7169683403451],[-102.232667082915,51.7182360824458],[-102.233878032902,51.7191783593853],[-102.23445144367,51.7200124031718],[-102.233866508497,51.7228775939335],[-102.235000473731,51.7236454956151],[-102.238489651596,51.7230252591553],[-102.239287557867,51.7221245676418],[-102.238280772208,51.7210276607918],[-102.239963690051,51.7219685860152],[-102.241581745429,51.7221714965704],[-102.243456832838,51.7220918091619],[-102.244622082235,51.7231271730603],[-102.245306804559,51.7234133020096],[-102.24528718578,51.7946560548604]]]]},"properties":{"FID":22,"Id":0,"UNIQUE_ID":"PRQA65","YR_SUR":1909,"RESERVE_NU":"65","RSRVE_NAME":"The Key","Notes":"Surrendered for sale","UNIQUE_I_1":"PRQA65","RSRV_No_":"65","TREATY_LOC":"PRAIRIES (TREATY No. 4 (QU'APPELLE TREATY))","TREATY_No_":4,"RSRV_NAME":"The Key","PROVINCE":"SK","GRRD_CD_NA":"Key First Nation","YEAR_TS":1875,"YEAR_IS":1878,"YEAR_UPTAK":1875,"YEAR_SURR":1909,"ACRES_SURR":11500,"TSURR_BY_1":11500,"POP_AED":"27F","TPOP_1881":198,"ABS_1881":168,"TPOP_1885":219,"ABS_1885":0,"TPOP_1889":224,"ABS_1889":0,"TPOP_1893":226,"ABS_1893":1,"TPOP_1897":233,"TPOP_1901":218,"TPOP_1905":79,"TPOP_1909":87,"TPOP_1911":90,"TPOP_1921":95,"TPOP_1931":86,"ETHNO_GROU":"Saulteaux (Ojibwa)","ORIG_ACRE":0,"ACRES_1902":24320,"ACRES_1913":14945,"ACRES_1972":15667.4,"ORIG_SQ_MI":0,"SQ_MILE_19":38,"NOTES_1":"Initial survey set out in 1876 near Swan River, settled there for some time. Moved to Fort Pelly area in 1882. New survey in 1884 at 38 sq. miles. 11,500 acres surrendered for sale in 1909.","Data_Certa":6,"ObjectID_1":4,"Shape__Area":47351163.377960205,"Shape__Length":47882.062788665993}},{"type":"Feature","id":23,"geometry":{"type":"Polygon","coordinates":[[[-103.717307256175,51.9159674358894],[-103.575789830785,51.9159396767563],[-103.575801907766,51.866898786211],[-103.717358320341,51.8671154573434],[-103.717307256175,51.9159674358894]]]},"properties":{"FID":23,"Id":0,"UNIQUE_ID":"PRQA89-2","YR_SUR":1907,"RESERVE_NU":"89","RSRVE_NAME":"Fishing Lake","Notes":"Surrendered for sale and settlement of Kylemore.","UNIQUE_I_1":"PRQA89-2","RSRV_No_":"89","TREATY_LOC":"PRAIRIES (TREATY No. 4 (QU'APPELLE TREATY))","TREATY_No_":4,"RSRV_NAME":"Yellow Quill [Fishing Lake]","PROVINCE":"SK","GRRD_CD_NA":"Fishing Lake First Nation","YEAR_TS":1876,"YEAR_IS":1881,"YEAR_UPTAK":1879,"YEAR_SURR":1907,"ACRES_SURR":13025.2,"TSURR_BY_1":13092.51,"POP_AED":"311","TPOP_1881":-99,"ABS_1881":-99,"TPOP_1885":311,"ABS_1885":0,"TPOP_1889":330,"ABS_1889":57,"TPOP_1893":356,"ABS_1893":11,"TPOP_1897":357,"TPOP_1901":375,"TPOP_1905":318,"TPOP_1909":112,"TPOP_1911":114,"TPOP_1921":116,"TPOP_1931":157,"ETHNO_GROU":"Saulteaux (Ojibwa)/Cree","ORIG_ACRE":0,"ACRES_1902":22080,"ACRES_1913":8904.7,"ACRES_1972":9012,"ORIG_SQ_MI":0,"SQ_MILE_19":34.5,"NOTES_1":"Signed adhesion to Treaty 4 in 1876. Moved into Touchwood Hills area late 1870s. Intimated locations for reserves near Fishing Lake and Nut Lake. Surveyed in 1881. CPR pursued surrenders of 1904 and 1907, latter for settlement.","Data_Certa":9,"ObjectID_1":27,"Shape__Area":51988817.599227905,"Shape__Length":30070.11693213135}},{"type":"Feature","id":24,"geometry":{"type":"MultiPolygon","coordinates":[[[[-105.76571325689,52.9773717228772],[-105.765973738925,52.9782173409939],[-105.765051426974,52.9796818500369],[-105.764766276259,52.9793714224895],[-105.763342898169,52.9823767273734],[-105.764046028217,52.9823525056171],[-105.763375931183,52.9843540413149],[-105.762045223712,52.9856650034657],[-105.760612566819,52.9864729322057],[-105.757894943829,52.9876088861037],[-105.75563813529,52.9889418153626],[-105.753865702686,52.9894167149372],[-105.747571430479,52.9958124294489],[-105.747497525505,52.9955510517944],[-105.746454335465,52.9957317792921],[-105.744129484335,52.9968268752013],[-105.742521076611,52.9969948090367],[-105.741273241041,52.99804992935],[-105.740047837125,52.999594235367],[-105.738398005794,53.000497485457],[-105.736657280615,53.0005052962232],[-105.735684203472,53.0003608070478],[-105.737904773621,52.9993255627758],[-105.737331424485,52.9990177253663],[-105.723757280822,53.0042025756518],[-105.723963464926,53.002347497471],[-105.723127010083,53.0019687951879],[-105.723534356082,52.9996773939603],[-105.72282620408,52.9987475859493],[-105.722759903568,52.9972540393709],[-105.723134265316,52.9972938436811],[-105.72333597355,52.9935956194467],[-105.7225894312,52.9946268673397],[-105.723632018851,52.9902320132247],[-105.73936231519,52.9789909188105],[-105.740204897363,52.9786694884539],[-105.741224738734,52.9791592067449],[-105.749003558449,52.9771084459419],[-105.747274785568,52.9770810561519],[-105.748501959142,52.9764695600434],[-105.752803658175,52.9763707470832],[-105.754638355289,52.9768076868468],[-105.759422463114,52.9772222841286],[-105.760356451192,52.9774076914259],[-105.763121507371,52.9774668792517],[-105.76506560064,52.9772820273154],[-105.76571325689,52.9773717228772]]],[[[-105.746714677306,52.9757133928349],[-105.746011627744,52.9761194344381],[-105.743886480418,52.9764083255877],[-105.739400422026,52.9782071192468],[-105.728063321437,52.9849126271145],[-105.723682104209,52.9884573406623],[-105.720580392343,52.993398655944],[-105.720801072285,52.9961563323551],[-105.722521809689,53.0009550497463],[-105.721683569189,53.0033716799912],[-105.715648400835,53.00532825544],[-105.712850504253,53.0049920233279],[-105.710654842543,53.0044650524423],[-105.708495487116,53.0037695475825],[-105.705279315575,53.0031441308068],[-105.699901874884,53.0033895332527],[-105.696559196226,53.0041139559975],[-105.694499825837,53.0048978901304],[-105.690482342676,53.0074482978734],[-105.687454213894,53.0099645387589],[-105.683585628348,53.0117998682924],[-105.681375663295,53.0122449201772],[-105.679711100733,53.0124150969934],[-105.675619689235,53.0131964184369],[-105.672409014295,53.0149607809311],[-105.670392579683,53.0164654941993],[-105.669260076351,53.0181615610107],[-105.668901350831,53.0198412024358],[-105.667373069552,53.0204979617754],[-105.666819268624,53.0208361554076],[-105.666712898811,53.0205497072168],[-105.665780286566,53.0208326759309],[-105.661060327344,53.0227852046078],[-105.659328823216,53.0231809028439],[-105.658045646271,53.0231396602073],[-105.655566676009,53.022813507533],[-105.641658561451,53.0223618063918],[-105.638430007245,53.0230573281218],[-105.636691680483,53.0239853089728],[-105.635686686205,53.0241032392718],[-105.634310775002,53.0240085580435],[-105.633245533969,53.0237257860891],[-105.630797770974,53.0238809300856],[-105.630053898742,53.0240974130677],[-105.62728749341,53.0245978062499],[-105.623783675477,53.0260805585518],[-105.621450032618,53.0278510632686],[-105.620376275031,53.0289302348867],[-105.618741325222,53.0294874996037],[-105.617806755965,53.0293008114122],[-105.616749167215,53.0287667520963],[-105.615875942259,53.027963627145],[-105.615928049926,53.0285215886683],[-105.614946214919,53.027979823118],[-105.614727533134,53.0265469685173],[-105.614967319232,53.0250832028286],[-105.61568197957,53.0234616862104],[-105.614613657167,53.022052569547],[-105.611112934851,53.0202020672725],[-105.607010301507,53.0196329141542],[-105.604937399751,53.0199215188115],[-105.600230732246,53.0216506379795],[-105.598184964733,53.0227811706184],[-105.596520252899,53.0232315791918],[-105.593349077132,53.0234904755754],[-105.591834186217,53.0232685374253],[-105.588360096095,53.0216024090742],[-105.586020947741,53.0194457832702],[-105.583282111962,53.0175110952933],[-105.579064748826,53.0164963724634],[-105.575612735374,53.01623763701],[-105.572570003857,53.0152313748858],[-105.571950785321,53.0151538559863],[-105.57169264285,53.015300114861],[-105.571889644277,53.015590552095],[-105.572824222149,53.015906486775],[-105.572472847808,53.0162149417755],[-105.571686410733,53.0163519922558],[-105.571226674999,53.0166688215543],[-105.569438973758,53.0164491730519],[-105.568794966011,53.0160437522614],[-105.568057711791,53.0145865116413],[-105.568755037597,53.0121501571336],[-105.568798774237,53.0098393012249],[-105.569027440028,53.0095919101654],[-105.569310495545,53.0078973439194],[-105.567264518817,53.0058873443063],[-105.56430745843,53.0048024187697],[-105.561754690604,53.004483869766],[-105.558364031387,53.0047743606641],[-105.556387728232,53.0052761789362],[-105.555295650833,53.005130232412],[-105.555160981337,53.0048747382998],[-105.555471847374,53.0042346540049],[-105.556269111702,53.0041605060279],[-105.556053621188,53.0039964732111],[-105.555278754125,53.0040747634278],[-105.554266604477,53.0044461175535],[-105.553853336046,53.0044878660504],[-105.548364144147,53.0039594393087],[-105.544347462884,53.0050248220976],[-105.54346989217,53.0057668943888],[-105.54318573285,53.0057763489193],[-105.542284001184,53.006508033453],[-105.542482392902,53.006840397575],[-105.542299974955,53.0069869425529],[-105.542208212536,53.0072614124218],[-105.541758308506,53.0078680912742],[-105.541915444506,53.0082815043816],[-105.541598984268,53.0087491060461],[-105.541146235378,53.0089933982529],[-105.540930854451,53.0089062081291],[-105.53915581581,53.0116224173532],[-105.537133628696,53.0136779646457],[-105.533746392815,53.0160253420108],[-105.512602108204,53.015858215593],[-105.512594730201,52.9966846602249],[-105.52335401166,52.9966333617598],[-105.523353053817,52.9753316575249],[-105.745316590051,52.9745035618632],[-105.746714677306,52.9757133928349]]]]},"properties":{"FID":24,"Id":0,"UNIQUE_ID":"PRF98","YR_SUR":1897,"RESERVE_NU":"98","RSRVE_NAME":"Chakastaypasin","Notes":"Illegal transfer of members and illegal total surrender as identified in ICC 2005","UNIQUE_I_1":"PRF98","RSRV_No_":"98","TREATY_LOC":"PRAIRIES (TREATY No. 6 (FORT CARLTON TREATY))","TREATY_No_":6,"RSRV_NAME":"Chakastaypasin","PROVINCE":"SK","GRRD_CD_NA":"Chakastaypasin Band of the Cree Nation","YEAR_TS":1876,"YEAR_IS":1878,"YEAR_UPTAK":1876,"YEAR_SURR":1897,"ACRES_SURR":15360,"TSURR_BY_1":15360,"POP_AED":"110","TPOP_1881":92,"ABS_1881":42,"TPOP_1885":52,"ABS_1885":12,"TPOP_1889":19,"ABS_1889":0,"TPOP_1893":-99,"ABS_1893":-99,"TPOP_1897":-99,"TPOP_1901":-99,"TPOP_1905":-99,"TPOP_1909":-99,"TPOP_1911":-99,"TPOP_1921":-99,"TPOP_1931":-99,"ETHNO_GROU":"Cree","ORIG_ACRE":15320.53,"ACRES_1902":-99,"ACRES_1913":15360,"ACRES_1972":-99,"ORIG_SQ_MI":0,"SQ_MILE_19":0,"NOTES_1":"Signed Treaty 6, 1876. Partially surveyed 1878. Following 1885 Resistance, many members moved to other reserves. Pressure increased to open up reserve land for settler use. Members transferred to Cumberland No. 100A, total surrender by OIC in 1897.","Data_Certa":9,"ObjectID_1":29,"Shape__Area":65249027.716033936,"Shape__Length":53318.418001204394}},{"type":"Feature","id":25,"geometry":{"type":"Polygon","coordinates":[[[-104.761504471519,52.9292610142308],[-104.881620942276,52.9289182744945],[-104.881703684485,52.9498531735771],[-104.906168115712,52.9498247471855],[-104.906156482306,53.0163482973283],[-104.759631515571,53.016473564821],[-104.761504471519,52.9292610142308]]]},"properties":{"FID":25,"Id":0,"UNIQUE_ID":"PRF100A","YR_SUR":1902,"RESERVE_NU":"100A","RSRVE_NAME":"Cumberland","Notes":"Surrendered for sale","UNIQUE_I_1":"PRF100A","RSRV_No_":"100A","TREATY_LOC":"PRAIRIES (TREATY No. 6 (FORT CARLTON TREATY))","TREATY_No_":6,"RSRV_NAME":"Cumberland","PROVINCE":"SK","GRRD_CD_NA":" ","YEAR_TS":1875,"YEAR_IS":1887,"YEAR_UPTAK":1882,"YEAR_SURR":1902,"ACRES_SURR":22080,"TSURR_BY_1":22080,"POP_AED":"95","TPOP_1881":-99,"ABS_1881":-99,"TPOP_1885":-99,"ABS_1885":-99,"TPOP_1889":-99,"ABS_1889":-99,"TPOP_1893":57,"ABS_1893":4,"TPOP_1897":127,"TPOP_1901":128,"TPOP_1905":-99,"TPOP_1909":-99,"TPOP_1911":-99,"TPOP_1921":-99,"TPOP_1931":-99,"ETHNO_GROU":"Cree","ORIG_ACRE":0,"ACRES_1902":41600,"ACRES_1913":19520,"ACRES_1972":19519,"ORIG_SQ_MI":0,"SQ_MILE_19":65,"NOTES_1":"Initially within Treaty 5. Some members from Cumberland House #20 moved to Fort à la Corne. #100A (65 sq. mi.) surveyed in 1887 next to James Smith #100. Amalgamated in 1902 with James Smith #100 following surrender of 22,080 acres.","Data_Certa":9,"ObjectID_1":43,"Shape__Area":88801983.26159668,"Shape__Length":38468.16130022586}},{"type":"Feature","id":26,"geometry":{"type":"Polygon","coordinates":[[[-106.808119702262,53.0354457698577],[-106.809107378896,52.9337644378629],[-106.855986023488,52.9339079217806],[-106.856046704874,53.0353890956635],[-106.808119702262,53.0354457698577]]]},"properties":{"FID":26,"Id":0,"UNIQUE_ID":"PRF102","YR_SUR":1919,"RESERVE_NU":"102","RSRVE_NAME":"Muskeg Lake","Notes":"Surrendered for sale to Soldier Resettlement Board","UNIQUE_I_1":"PRF102","RSRV_No_":"102","TREATY_LOC":"PRAIRIES (TREATY No. 6 (FORT CARLTON TREATY))","TREATY_No_":6,"RSRV_NAME":"Muskeg Lake (Pettyquawkys)","PROVINCE":"SK","GRRD_CD_NA":"Muskeg Lake Cree Nation","YEAR_TS":1876,"YEAR_IS":1881,"YEAR_UPTAK":1881,"YEAR_SURR":1919,"ACRES_SURR":8960,"TSURR_BY_1":8960,"POP_AED":"196","TPOP_1881":196,"ABS_1881":106,"TPOP_1885":129,"ABS_1885":0,"TPOP_1889":59,"ABS_1889":0,"TPOP_1893":73,"ABS_1893":0,"TPOP_1897":74,"TPOP_1901":82,"TPOP_1905":92,"TPOP_1909":110,"TPOP_1911":117,"TPOP_1921":114,"TPOP_1931":160,"ETHNO_GROU":"Cree","ORIG_ACRE":0,"ACRES_1902":26880,"ACRES_1913":26880,"ACRES_1972":18660,"ORIG_SQ_MI":0,"SQ_MILE_19":42,"NOTES_1":"Signed Treaty 6, 1876. Unclear on date of \"uptake\" of reserve. Initially surveyed in 1881. Subdivision survey in 1892. 8960 acres surrendered for sale to soldier resettlement board in 1919. Unsurrendered portion subdivided 1922.","Data_Certa":6,"ObjectID_1":30,"Shape__Area":35021492.82522583,"Shape__Length":28584.323039860712}},{"type":"Feature","id":27,"geometry":{"type":"Polygon","coordinates":[[[-106.870080734717,53.1051760892347],[-106.858296705965,53.1045246985917],[-106.724174300852,53.1045598148486],[-106.724136450139,53.0604782927461],[-106.870480783792,53.0610502704317],[-106.870080734717,53.1051760892347]]]},"properties":{"FID":27,"Id":0,"UNIQUE_ID":"PRF103-4","YR_SUR":1919,"RESERVE_NU":"103","RSRVE_NAME":"Mistawasis","Notes":"Surrendered for Soldier Settlement Board","UNIQUE_I_1":"PRF103-4","RSRV_No_":"103","TREATY_LOC":"PRAIRIES (TREATY No. 6 (FORT CARLTON TREATY))","TREATY_No_":6,"RSRV_NAME":"Mistiwasis (Snake Plain)","PROVINCE":"SK","GRRD_CD_NA":"Mistawasis Nêhiyawak","YEAR_TS":1876,"YEAR_IS":1878,"YEAR_UPTAK":1878,"YEAR_SURR":1919,"ACRES_SURR":11520,"TSURR_BY_1":18169.14,"POP_AED":"53F","TPOP_1881":225,"ABS_1881":50,"TPOP_1885":190,"ABS_1885":0,"TPOP_1889":161,"ABS_1889":0,"TPOP_1893":144,"ABS_1893":2,"TPOP_1897":144,"TPOP_1901":126,"TPOP_1905":129,"TPOP_1909":130,"TPOP_1911":140,"TPOP_1921":122,"TPOP_1931":193,"ETHNO_GROU":"Cree","ORIG_ACRE":0,"ACRES_1902":49280,"ACRES_1913":47673,"ACRES_1972":30997,"ORIG_SQ_MI":0,"SQ_MILE_19":77,"NOTES_1":"Signed Treaty 6, 1876. Subdivision survery as part of severalty policy in 1891. Right of way surrender of 14.14 acres for CNR. 1607 acres surrendered in 1911, another 5028 acres in 1917, and 11520 in 1919 for soldier settlement.","Data_Certa":8,"ObjectID_1":34,"Shape__Area":46418761.203186035,"Shape__Length":28997.051183920921}},{"type":"Feature","id":28,"geometry":{"type":"Polygon","coordinates":[[[-106.724136450139,53.0604782927461],[-106.724115030761,53.0354919849331],[-106.75969322578,53.0355570387027],[-106.759745500081,53.0605578965259],[-106.724136450139,53.0604782927461]]]},"properties":{"FID":28,"Id":0,"UNIQUE_ID":"PRF103-2","YR_SUR":1911,"RESERVE_NU":"103","RSRVE_NAME":"Mistawasis","Notes":"Surrendered for fencing materials and farming machinery","UNIQUE_I_1":"PRF103-2","RSRV_No_":"103","TREATY_LOC":"PRAIRIES (TREATY No. 6 (FORT CARLTON TREATY))","TREATY_No_":6,"RSRV_NAME":"Mistiwasis (Snake Plain)","PROVINCE":"SK","GRRD_CD_NA":"Mistawasis Nêhiyawak","YEAR_TS":1876,"YEAR_IS":1878,"YEAR_UPTAK":1878,"YEAR_SURR":1911,"ACRES_SURR":1607,"TSURR_BY_1":18169.14,"POP_AED":"53F","TPOP_1881":225,"ABS_1881":50,"TPOP_1885":190,"ABS_1885":0,"TPOP_1889":161,"ABS_1889":0,"TPOP_1893":144,"ABS_1893":2,"TPOP_1897":144,"TPOP_1901":126,"TPOP_1905":129,"TPOP_1909":130,"TPOP_1911":140,"TPOP_1921":122,"TPOP_1931":193,"ETHNO_GROU":"Cree","ORIG_ACRE":0,"ACRES_1902":49280,"ACRES_1913":47673,"ACRES_1972":30997,"ORIG_SQ_MI":0,"SQ_MILE_19":77,"NOTES_1":"Signed Treaty 6, 1876. Subdivision survery as part of severalty policy in 1891. Right of way surrender of 14.14 acres for CNR. 1607 acres surrendered in 1911, another 5028 acres in 1917, and 11520 in 1919 for soldier settlement.","Data_Certa":8,"ObjectID_1":32,"Shape__Area":6458413.9718322754,"Shape__Length":10195.144185864536}},{"type":"Feature","id":29,"geometry":{"type":"Polygon","coordinates":[[[-106.870480783792,53.0610502704317],[-106.759745500081,53.0605578965259],[-106.75969322578,53.0355570387027],[-106.870710275879,53.0356935314661],[-106.870480783792,53.0610502704317]]]},"properties":{"FID":29,"Id":0,"UNIQUE_ID":"PRF103-3","YR_SUR":1917,"RESERVE_NU":"103","RSRVE_NAME":"Mistawasis","Notes":"Land outside fenced area surrendered for sale","UNIQUE_I_1":"PRF103-3","RSRV_No_":"103","TREATY_LOC":"PRAIRIES (TREATY No. 6 (FORT CARLTON TREATY))","TREATY_No_":6,"RSRV_NAME":"Mistiwasis (Snake Plain)","PROVINCE":"SK","GRRD_CD_NA":"Mistawasis Nêhiyawak","YEAR_TS":1876,"YEAR_IS":1878,"YEAR_UPTAK":1878,"YEAR_SURR":1917,"ACRES_SURR":5028,"TSURR_BY_1":18169.14,"POP_AED":"53F","TPOP_1881":225,"ABS_1881":50,"TPOP_1885":190,"ABS_1885":0,"TPOP_1889":161,"ABS_1889":0,"TPOP_1893":144,"ABS_1893":2,"TPOP_1897":144,"TPOP_1901":126,"TPOP_1905":129,"TPOP_1909":130,"TPOP_1911":140,"TPOP_1921":122,"TPOP_1931":193,"ETHNO_GROU":"Cree","ORIG_ACRE":0,"ACRES_1902":49280,"ACRES_1913":47673,"ACRES_1972":30997,"ORIG_SQ_MI":0,"SQ_MILE_19":77,"NOTES_1":"Signed Treaty 6, 1876. Subdivision survery as part of severalty policy in 1891. Right of way surrender of 14.14 acres for CNR. 1607 acres surrendered in 1911, another 5028 acres in 1917, and 11520 in 1919 for soldier settlement.","Data_Certa":8,"ObjectID_1":33,"Shape__Area":20267506.632049561,"Shape__Length":20194.725824626268}},{"type":"Feature","id":30,"geometry":{"type":"MultiPolygon","coordinates":[[[[-108.403576519151,54.1333036663528],[-108.402266316766,54.1350091740724],[-108.3974952773,54.1368989125859],[-108.395784785822,54.1382377287623],[-108.394727408885,54.1402022933933],[-108.389649887192,54.1375505098741],[-108.381888963824,54.1332265878512],[-108.403576519151,54.1333036663528]]],[[[-108.447592242923,54.1365366379486],[-108.410783128716,54.1363955535309],[-108.41739524242,54.1333505132227],[-108.447611852456,54.1336649142745],[-108.447592242923,54.1365366379486]]]]},"properties":{"FID":30,"Id":0,"UNIQUE_ID":"PRF105-1","YR_SUR":1932,"RESERVE_NU":"105","RSRVE_NAME":"Meadow Lake","Notes":"Transfer to CPR","UNIQUE_I_1":"PRF105-1","RSRV_No_":"105","TREATY_LOC":"PRAIRIES (TREATY No. 6 (FORT CARLTON TREATY))","TREATY_No_":6,"RSRV_NAME":"Flying Dust (Meadow Lake)","PROVINCE":"SK","GRRD_CD_NA":"Flying Dust First Nation","YEAR_TS":1878,"YEAR_IS":1881,"YEAR_UPTAK":1889,"YEAR_SURR":1932,"ACRES_SURR":200,"TSURR_BY_1":200,"POP_AED":"71","TPOP_1881":63,"ABS_1881":48,"TPOP_1885":58,"ABS_1885":0,"TPOP_1889":66,"ABS_1889":0,"TPOP_1893":66,"ABS_1893":3,"TPOP_1897":72,"TPOP_1901":72,"TPOP_1905":87,"TPOP_1909":91,"TPOP_1911":92,"TPOP_1921":59,"TPOP_1931":100,"ETHNO_GROU":"Cree","ORIG_ACRE":8960,"ACRES_1902":8960,"ACRES_1913":8960,"ACRES_1972":8745,"ORIG_SQ_MI":0,"SQ_MILE_19":14,"NOTES_1":"Signed an adhesion to Treaty 6 in 1878. Initial survey in 1881, little uptake of reserve until late 1880s. Land transferred to the CPR 1932, additional land sold to the town of Meadow Lake 1959. Specific claim about 1932 railway expropriation resolved.","Data_Certa":7,"ObjectID_1":35,"Shape__Area":1213594.7332763672,"Shape__Length":8663.8937925797654}},{"type":"Feature","id":31,"geometry":{"type":"Polygon","coordinates":[[[-106.595441458641,52.6982324714809],[-106.714992551239,52.6981247507389],[-106.714825079201,52.7460616496695],[-106.711077535805,52.7499495508856],[-106.707216527268,52.7525903350569],[-106.704293900698,52.7542305569992],[-106.702495370103,52.7564684387414],[-106.701047095383,52.757736161277],[-106.69801341752,52.7592704992805],[-106.696360767816,52.7614260025976],[-106.694248145797,52.7630050861436],[-106.692062728079,52.7648346856309],[-106.689394179815,52.76679643014],[-106.686822701026,52.7680779743442],[-106.67959628308,52.7710448313931],[-106.677541692114,52.7724533058153],[-106.676220921772,52.7738274803791],[-106.675646750458,52.7752287109756],[-106.675417084202,52.7765865712711],[-106.674106533974,52.7791376552688],[-106.670063665053,52.7816081866117],[-106.667802423156,52.782026344998],[-106.661222476182,52.7819097170408],[-106.658091580149,52.7826773564588],[-106.652346985595,52.7858761722541],[-106.644998221112,52.7909564996602],[-106.641270216576,52.7929229254895],[-106.639079602807,52.7949665855455],[-106.635972804247,52.7968132383388],[-106.635861594803,52.7972957095733],[-106.634301549858,52.7994191552847],[-106.631838007243,52.8008171992777],[-106.630488851415,52.8011849148489],[-106.627356102005,52.8030514639958],[-106.624026348978,52.8032079657932],[-106.618741335338,52.8055073335451],[-106.61575134508,52.8081093079719],[-106.615687053238,52.8084440035961],[-106.615457605582,52.808646027184],[-106.614217296282,52.810510490667],[-106.613071780215,52.8111173089308],[-106.611085305868,52.8113521235697],[-106.607224432347,52.8128041842571],[-106.599968184102,52.8179230504914],[-106.59547914128,52.8216868310113],[-106.595145650436,52.8218725602836],[-106.595441458641,52.6982324714809]]]},"properties":{"FID":31,"Id":0,"UNIQUE_ID":"PRF107","YR_SUR":1897,"RESERVE_NU":"107","RSRVE_NAME":"Stoney Knoll","Notes":"No uptake of reserve, returned to DIA in 1897 without acquiring surrender.","UNIQUE_I_1":"PRF107","RSRV_No_":"107","TREATY_LOC":"PRAIRIES (TREATY No. 6 (FORT CARLTON TREATY))","TREATY_No_":6,"RSRV_NAME":"Stoney Knoll (Young Chippewayan)","PROVINCE":"SK","GRRD_CD_NA":"Stoney Knoll First Nation","YEAR_TS":1876,"YEAR_IS":1879,"YEAR_UPTAK":-99,"YEAR_SURR":1877,"ACRES_SURR":19200,"TSURR_BY_1":19200,"POP_AED":"84","TPOP_1881":-99,"ABS_1881":-99,"TPOP_1885":18,"ABS_1885":-99,"TPOP_1889":-99,"ABS_1889":-99,"TPOP_1893":-99,"ABS_1893":-99,"TPOP_1897":-99,"TPOP_1901":-99,"TPOP_1905":-99,"TPOP_1909":-99,"TPOP_1911":-99,"TPOP_1921":-99,"TPOP_1931":-99,"ETHNO_GROU":"Cree","ORIG_ACRE":0,"ACRES_1902":19200,"ACRES_1913":-99,"ACRES_1972":-99,"ORIG_SQ_MI":0,"SQ_MILE_19":30,"NOTES_1":"Signed Treaty 6, 1876. Reserve surveyed 1879. No significant uptake according to DIA. 1897, reserve land \"restored\" to the departmnet. Deeded out to settlers. Marked as abandoned in 1877. No proper surrender acquisition.","Data_Certa":7,"ObjectID_1":36,"Shape__Area":76586258.927062988,"Shape__Length":38863.999431212491}},{"type":"Feature","id":32,"geometry":{"type":"Polygon","coordinates":[[[-108.342282738017,52.5075933938563],[-108.450220454092,52.5072773235953],[-108.450049489684,52.5805020580268],[-108.342267871992,52.5806789744694],[-108.342282738017,52.5075933938563]]]},"properties":{"FID":32,"Id":0,"UNIQUE_ID":"PRF110 & 111-1","YR_SUR":1905,"RESERVE_NU":" 110 & 111","RSRVE_NAME":"Grizzly Bear's Head/Lean Man","Notes":"Surrendered for sale","UNIQUE_I_1":"PRF110 & 111-1","RSRV_No_":"110 & 111","TREATY_LOC":"PRAIRIES (TREATY No. 6 (FORT CARLTON TREATY))","TREATY_No_":6,"RSRV_NAME":"Grizzly Bear's Head & Lean Man","PROVINCE":"SK","GRRD_CD_NA":"Mosquito-Grizzly Bear's Head-Lean Man Nation","YEAR_TS":1878,"YEAR_IS":1884,"YEAR_UPTAK":1882,"YEAR_SURR":1905,"ACRES_SURR":14532,"TSURR_BY_1":14569.7,"POP_AED":"194","TPOP_1881":-99,"ABS_1881":-99,"TPOP_1885":-99,"ABS_1885":-99,"TPOP_1889":-99,"ABS_1889":-99,"TPOP_1893":-99,"ABS_1893":-99,"TPOP_1897":-99,"TPOP_1901":-99,"TPOP_1905":20,"TPOP_1909":27,"TPOP_1911":30,"TPOP_1921":-99,"TPOP_1931":-99,"ETHNO_GROU":"Nakoda/Cree","ORIG_ACRE":0,"ACRES_1902":23168,"ACRES_1913":8599.7,"ACRES_1972":8599,"ORIG_SQ_MI":0,"SQ_MILE_19":36.2,"NOTES_1":"Signed adhesion to Treaty 4 in 1877. Reserve surveyed adjacent to #109 Mosquito in 1884. 14,532 acres surrednered for sale in 1905.","Data_Certa":8,"ObjectID_1":44,"Shape__Area":58120170.715087891,"Shape__Length":30538.130469013417}},{"type":"Feature","id":33,"geometry":{"type":"Polygon","coordinates":[[[-108.205186266669,52.9729658132398],[-108.205224271299,52.9585194970394],[-108.229149242653,52.9585029832016],[-108.229085222813,52.9729726804787],[-108.205186266669,52.9729658132398]]]},"properties":{"FID":33,"Id":0,"UNIQUE_ID":"PRF112A","YR_SUR":1909,"RESERVE_NU":"112A","RSRVE_NAME":"Moosomin","Notes":"Surrendered for sale","UNIQUE_I_1":"PRF112A","RSRV_No_":"112A","TREATY_LOC":"PRAIRIES (TREATY No. 6 (FORT CARLTON TREATY))","TREATY_No_":6,"RSRV_NAME":"Moosomin and Thunderchild (hay land)","PROVINCE":"SK","GRRD_CD_NA":" ","YEAR_TS":0,"YEAR_IS":1887,"YEAR_UPTAK":-99,"YEAR_SURR":1909,"ACRES_SURR":640,"TSURR_BY_1":640,"POP_AED":"-99","TPOP_1881":-99,"ABS_1881":-99,"TPOP_1885":-99,"ABS_1885":-99,"TPOP_1889":-99,"ABS_1889":-99,"TPOP_1893":-99,"ABS_1893":-99,"TPOP_1897":-99,"TPOP_1901":-99,"TPOP_1905":-99,"TPOP_1909":-99,"TPOP_1911":-99,"TPOP_1921":-99,"TPOP_1931":-99,"ETHNO_GROU":"Cree","ORIG_ACRE":0,"ACRES_1902":1280,"ACRES_1913":640,"ACRES_1972":633,"ORIG_SQ_MI":0,"SQ_MILE_19":2,"NOTES_1":"Hay land provided to #112 Moosomin and #115 Thunderchild in 1887. 640 acres surrendered 1909, 640 acres retained.","Data_Certa":8,"ObjectID_1":46,"Shape__Area":2515826.9039611816,"Shape__Length":6344.5565260194717}},{"type":"Feature","id":34,"geometry":{"type":"Polygon","coordinates":[[[-108.430181335838,52.8163327862809],[-108.522886900195,52.8167996113289],[-108.52292592545,52.816988393359],[-108.523202121041,52.8177107130599],[-108.523903172182,52.8184630070825],[-108.52530291404,52.8189924176716],[-108.523758469081,52.9205404795659],[-108.519423943824,52.9183328144639],[-108.516632328482,52.9167903008675],[-108.512448097538,52.9146202791481],[-108.509491567135,52.9127748769431],[-108.502856555382,52.9083209214542],[-108.500204031606,52.9067067427245],[-108.498269889113,52.906909203828],[-108.495783663102,52.9063666291504],[-108.491699339704,52.9046706127549],[-108.487659685315,52.9044786580215],[-108.483717122222,52.9037540965519],[-108.481347942372,52.9029383704769],[-108.477430202306,52.9024169330142],[-108.470723580589,52.9014365003867],[-108.466977034294,52.9004525224214],[-108.463186815375,52.8993198089353],[-108.462314739634,52.8992846136565],[-108.457359237187,52.8975067342173],[-108.452068481156,52.8959732526711],[-108.450450959788,52.8942061611806],[-108.447984364567,52.8929990464154],[-108.441884928473,52.8905547135786],[-108.439968234081,52.8891674501647],[-108.438066471869,52.8870815266265],[-108.434838809908,52.8853296166533],[-108.429238078396,52.8833146707361],[-108.430181335838,52.8163327862809]]]},"properties":{"FID":34,"Id":0,"UNIQUE_ID":"PRF112","YR_SUR":1909,"RESERVE_NU":"112","RSRVE_NAME":"Moosomin","Notes":"Surrendered for sale","UNIQUE_I_1":"PRF112","RSRV_No_":"112","TREATY_LOC":"PRAIRIES (TREATY No. 6 (FORT CARLTON TREATY))","TREATY_No_":6,"RSRV_NAME":"Moosomin","PROVINCE":"SK","GRRD_CD_NA":"Moosomin First Nation","YEAR_TS":0,"YEAR_IS":1881,"YEAR_UPTAK":1880,"YEAR_SURR":1909,"ACRES_SURR":14720,"TSURR_BY_1":14720,"POP_AED":"115","TPOP_1881":99,"ABS_1881":29,"TPOP_1885":145,"ABS_1885":63,"TPOP_1889":117,"ABS_1889":27,"TPOP_1893":119,"ABS_1893":8,"TPOP_1897":114,"TPOP_1901":101,"TPOP_1905":133,"TPOP_1909":134,"TPOP_1911":-99,"TPOP_1921":-99,"TPOP_1931":-99,"ETHNO_GROU":"Cree","ORIG_ACRE":0,"ACRES_1902":14720,"ACRES_1913":-99,"ACRES_1972":-99,"ORIG_SQ_MI":0,"SQ_MILE_19":23,"NOTES_1":"Provided hay lands in 1887 to be shared with #115 Thunderchild. Settlers and government pursued surrender despute continuous rejections by Moosomin band. Total surrender acquired in 1909 of both #112 and #112A. #112B surveyed as a replacement.","Data_Certa":8,"ObjectID_1":38,"Shape__Area":59189071.653106689,"Shape__Length":32731.8813411519}},{"type":"Feature","id":35,"geometry":{"type":"Polygon","coordinates":[[[-108.447172123051,52.9475442686887],[-108.447196747933,52.9007907383677],[-108.453334649214,52.902375984759],[-108.454988402918,52.9022004172016],[-108.456953442621,52.902855638806],[-108.460575892036,52.9036185976312],[-108.466850967721,52.905603092553],[-108.471028265758,52.9061117342626],[-108.473636622934,52.9067764689652],[-108.475689262394,52.9076568265638],[-108.477763081997,52.9081519787241],[-108.480327710198,52.9082486272777],[-108.484801771585,52.908933340542],[-108.49561420722,52.9124259135238],[-108.503293981491,52.9168861769552],[-108.504315885964,52.9171966975426],[-108.50647768228,52.9188579679626],[-108.508389456999,52.919690162556],[-108.508858371046,52.9201871624516],[-108.514759856423,52.9237480228527],[-108.515439533466,52.9245439168217],[-108.516828458709,52.9248887438458],[-108.517378320219,52.9244345487823],[-108.518356069185,52.9256218736194],[-108.521234969392,52.9267046831436],[-108.522571574146,52.9276778472337],[-108.522591724295,52.9281772570714],[-108.525594650134,52.931156373365],[-108.527588366641,52.932306770187],[-108.53369019603,52.934211991574],[-108.539097863141,52.9382611902487],[-108.543531078388,52.9400880336177],[-108.543440098994,52.9475907465906],[-108.447172123051,52.9475442686887]]]},"properties":{"FID":35,"Id":0,"UNIQUE_ID":"PRF115A","YR_SUR":1908,"RESERVE_NU":"115A","RSRVE_NAME":"Thunderchild","Notes":"Surrendered for sale","UNIQUE_I_1":"PRF115A","RSRV_No_":"115A","TREATY_LOC":"PRAIRIES (TREATY No. 6 (FORT CARLTON TREATY))","TREATY_No_":6,"RSRV_NAME":"Thunderchild","PROVINCE":"SK","GRRD_CD_NA":"Thunderchild First Nation","YEAR_TS":1879,"YEAR_IS":1884,"YEAR_UPTAK":-99,"YEAR_SURR":1908,"ACRES_SURR":5440,"TSURR_BY_1":5440,"POP_AED":"-99","TPOP_1881":-99,"ABS_1881":-99,"TPOP_1885":-99,"ABS_1885":-99,"TPOP_1889":-99,"ABS_1889":-99,"TPOP_1893":-99,"ABS_1893":-99,"TPOP_1897":-99,"TPOP_1901":-99,"TPOP_1905":-99,"TPOP_1909":-99,"TPOP_1911":-99,"TPOP_1921":-99,"TPOP_1931":-99,"ETHNO_GROU":"Cree","ORIG_ACRE":0,"ACRES_1902":5440,"ACRES_1913":-99,"ACRES_1972":-99,"ORIG_SQ_MI":0,"SQ_MILE_19":8.5,"NOTES_1":"Surveyed in 1884, unsure of usage or uptake. No population data outside of total Thunderchild population count. Total surrender 1908.","Data_Certa":7,"ObjectID_1":47,"Shape__Area":21898151.314727783,"Shape__Length":20406.616166138396}},{"type":"Feature","id":36,"geometry":{"type":"Polygon","coordinates":[[[-108.523758469081,52.9205404795659],[-108.52530291404,52.8189924176716],[-108.525713147158,52.8191086513533],[-108.52625007102,52.8190898065297],[-108.527409744319,52.8187221484976],[-108.528520019614,52.8176821832372],[-108.529371572421,52.8169237278212],[-108.529747117671,52.8167942935446],[-108.530838842088,52.8161222242778],[-108.53087595606,52.8153983723872],[-108.529436921628,52.8144370302285],[-108.529398950366,52.8131504606983],[-108.531602305288,52.8115384904854],[-108.534249435255,52.8103983249637],[-108.535505334835,52.8108799010512],[-108.53542793111,52.8120848662298],[-108.534005487993,52.8123452199149],[-108.53328588888,52.8132834157988],[-108.533614204342,52.8142041966961],[-108.534875466042,52.8152923901285],[-108.5376799373,52.8165518338603],[-108.538267733855,52.8173816244096],[-108.537764602392,52.8188573807531],[-108.53765187094,52.8201020440822],[-108.538257936749,52.8212827690889],[-108.539651294262,52.8217938152026],[-108.542543639572,52.8219297022142],[-108.542984485507,52.821477431853],[-108.544187988446,52.8207177598064],[-108.545088947495,52.8197492970284],[-108.54476421263,52.8186334116218],[-108.544938220248,52.8176531231529],[-108.546312474792,52.8169959180239],[-108.5474179604,52.8170025628361],[-108.548653959751,52.817864448617],[-108.549557060055,52.8190391367319],[-108.548738033157,52.8204118346407],[-108.548340172652,52.8219342991235],[-108.548944373536,52.8228266763103],[-108.549700528488,52.8237254277502],[-108.551206123253,52.8234924945182],[-108.553871604997,52.8229649330363],[-108.554917456341,52.8237100687243],[-108.55685541408,52.8239461487059],[-108.558076636358,52.8230820329364],[-108.557948647842,52.8225024003308],[-108.557733766929,52.8210681280941],[-108.55748108706,52.8198094310095],[-108.557398845231,52.8183695794922],[-108.55769611277,52.8174643931429],[-108.559443609109,52.8173153312795],[-108.560068481491,52.8177056822183],[-108.561201514318,52.8189829065003],[-108.562671699699,52.8198861825973],[-108.564259289985,52.8207473138439],[-108.566612355816,52.8211158876052],[-108.567928075509,52.8206402503932],[-108.569280506087,52.8205964509623],[-108.570393763267,52.8231821279554],[-108.571446247752,52.8245542462496],[-108.57411115576,52.825505607612],[-108.576717557519,52.8258407553509],[-108.5788876043,52.8251988251274],[-108.579767115947,52.8236739174708],[-108.579304092368,52.8226670720749],[-108.580349069068,52.8215584132388],[-108.583126743563,52.822084766863],[-108.58450338584,52.8232349308543],[-108.585117745078,52.82515888437],[-108.585686859188,52.8258541414938],[-108.587367829836,52.8262093763151],[-108.589850324628,52.8242803323423],[-108.592867443991,52.8235814386812],[-108.595153758221,52.8243646246414],[-108.595918081543,52.8255758382901],[-108.595686680616,52.9475013292783],[-108.592659165476,52.9470666653211],[-108.589944797744,52.94578792042],[-108.587312750211,52.9450473560334],[-108.579065330514,52.9424336537555],[-108.575907356223,52.9421804682392],[-108.571056224853,52.94147636538],[-108.564806949656,52.9395949491949],[-108.56282587039,52.9395569581895],[-108.560785461646,52.9393533548345],[-108.558760834793,52.9388505042383],[-108.558214393796,52.9377829049457],[-108.557075461577,52.936891832644],[-108.552479279694,52.9348791757686],[-108.550248681308,52.9334155420325],[-108.547171962925,52.932104224211],[-108.545289596598,52.9316921248843],[-108.543461833011,52.9309764206218],[-108.540023167554,52.9301375965572],[-108.537963120757,52.9293519104077],[-108.534721880217,52.9285480185919],[-108.533739053028,52.9276121186017],[-108.53174402593,52.9266524319001],[-108.527226391718,52.9227419376014],[-108.528470653631,52.9228489193288],[-108.523758469081,52.9205404795659]]]},"properties":{"FID":36,"Id":0,"UNIQUE_ID":"PRF115","YR_SUR":1908,"RESERVE_NU":"115","RSRVE_NAME":"Thunderchild","Notes":"Surrendered for sale","UNIQUE_I_1":"PRF115","RSRV_No_":"115","TREATY_LOC":"PRAIRIES (TREATY No. 6 (FORT CARLTON TREATY))","TREATY_No_":6,"RSRV_NAME":"Thunderchild","PROVINCE":"SK","GRRD_CD_NA":"Thunderchild First Nation","YEAR_TS":1879,"YEAR_IS":1881,"YEAR_UPTAK":1880,"YEAR_SURR":1908,"ACRES_SURR":15360,"TSURR_BY_1":15360,"POP_AED":"185","TPOP_1881":185,"ABS_1881":155,"TPOP_1885":258,"ABS_1885":55,"TPOP_1889":151,"ABS_1889":13,"TPOP_1893":175,"ABS_1893":9,"TPOP_1897":156,"TPOP_1901":145,"TPOP_1905":119,"TPOP_1909":-99,"TPOP_1911":-99,"TPOP_1921":-99,"TPOP_1931":-99,"ETHNO_GROU":"Cree","ORIG_ACRE":0,"ACRES_1902":15360,"ACRES_1913":-99,"ACRES_1972":-99,"ORIG_SQ_MI":0,"SQ_MILE_19":24,"NOTES_1":"Signed an adhesion to Treaty 6, 1879. Initial survey 1881. 115A added in 1884, 112A Hay Lands added in 1887 (surrendered 640 acers in 1909). Entire reserve surrendered in 1908. Replaced by 115B.","Data_Certa":9,"ObjectID_1":39,"Shape__Area":60123498.016204834,"Shape__Length":40393.345012332604}},{"type":"Feature","id":37,"geometry":{"type":"Polygon","coordinates":[[[-107.175296089741,53.5317183171317],[-107.205083208102,53.5316165016068],[-107.205226081172,53.5495517530647],[-107.175494246727,53.5498115637196],[-107.175296089741,53.5317183171317]]]},"properties":{"FID":37,"Id":0,"UNIQUE_ID":"PRF118","YR_SUR":1908,"RESERVE_NU":"118","RSRVE_NAME":"Big River","Notes":"Surrendered for exchange for 118A","UNIQUE_I_1":"PRF118","RSRV_No_":"118","TREATY_LOC":"PRAIRIES (TREATY No. 6 (FORT CARLTON TREATY))","TREATY_No_":6,"RSRV_NAME":"Big River","PROVINCE":"SK","GRRD_CD_NA":"Big River First Nation","YEAR_TS":1878,"YEAR_IS":1898,"YEAR_UPTAK":1885,"YEAR_SURR":1908,"ACRES_SURR":980,"TSURR_BY_1":980,"POP_AED":"113","TPOP_1881":113,"ABS_1881":43,"TPOP_1885":106,"ABS_1885":0,"TPOP_1889":120,"ABS_1889":0,"TPOP_1893":100,"ABS_1893":0,"TPOP_1897":103,"TPOP_1901":103,"TPOP_1905":111,"TPOP_1909":91,"TPOP_1911":127,"TPOP_1921":200,"TPOP_1931":220,"ETHNO_GROU":"Cree","ORIG_ACRE":0,"ACRES_1902":29664,"ACRES_1913":28684,"ACRES_1972":28594,"ORIG_SQ_MI":0,"SQ_MILE_19":46.35,"NOTES_1":"Signed an adhesion to Treaty 6, 1878. Proceeded to live by fishing and hunting for a number of years in the area near where their reserve was eventually surveyed in 1898. 980 acres surrendered for exchange for 118A in 1908.","Data_Certa":7,"ObjectID_1":41,"Shape__Area":3837047.3234558105,"Shape__Length":7835.6874402176018}},{"type":"Feature","id":38,"geometry":{"type":"Polygon","coordinates":[[[-107.06611295472,53.4707629809645],[-107.031275331876,53.4707820581991],[-107.031256887973,53.464909420495],[-107.025194555434,53.4649106895619],[-107.025196827369,53.4581324097243],[-107.035792932062,53.4581311127266],[-107.035793366493,53.4563250964962],[-107.066081451894,53.456374363755],[-107.06611295472,53.4707629809645]]]},"properties":{"FID":38,"Id":0,"UNIQUE_ID":"PRF118A","YR_SUR":1920,"RESERVE_NU":"118A","RSRVE_NAME":"Big River","Notes":"Sold to Soldier Settlement Board. Since been returned? No final sale? Unclear.","UNIQUE_I_1":"PRF118A","RSRV_No_":"118A","TREATY_LOC":"PRAIRIES (TREATY No. 6 (FORT CARLTON TREATY))","TREATY_No_":6,"RSRV_NAME":"Big River","PROVINCE":"SK","GRRD_CD_NA":"Big River First Nation","YEAR_TS":1878,"YEAR_IS":1908,"YEAR_UPTAK":1908,"YEAR_SURR":1920,"ACRES_SURR":980,"TSURR_BY_1":980,"POP_AED":"-99","TPOP_1881":-99,"ABS_1881":-99,"TPOP_1885":-99,"ABS_1885":-99,"TPOP_1889":-99,"ABS_1889":-99,"TPOP_1893":-99,"ABS_1893":-99,"TPOP_1897":-99,"TPOP_1901":-99,"TPOP_1905":-99,"TPOP_1909":-99,"TPOP_1911":-99,"TPOP_1921":-99,"TPOP_1931":-99,"ETHNO_GROU":"Cree","ORIG_ACRE":0,"ACRES_1902":-99,"ACRES_1913":980,"ACRES_1972":971,"ORIG_SQ_MI":0,"SQ_MILE_19":0,"NOTES_1":"Created in 1908 from surrendered land from 118. entire reserve surrendered for sale to soldier settlement board. Has since been returned? Unsure when. Counted in 1972 schedule.","Data_Certa":8,"ObjectID_1":48,"Shape__Area":3840822.6457214355,"Shape__Length":8513.3552808319982}},{"type":"Feature","id":39,"geometry":{"type":"Polygon","coordinates":[[[-101.935756456618,53.8116266727165],[-101.988757997618,53.8120910269327],[-101.969582532782,53.861684612038],[-101.982485364896,53.8571575487019],[-101.980122371419,53.8636477121136],[-101.957938850979,53.8729677106109],[-101.953212298129,53.8758403429336],[-101.944391339217,53.8771999293723],[-101.912681766095,53.8743563584307],[-101.935756456618,53.8116266727165]]]},"properties":{"FID":39,"Id":0,"UNIQUE_ID":"PRLW27","YR_SUR":1918,"RESERVE_NU":"27","RSRVE_NAME":"Birch River","Notes":"Abandoned in 1886 when the majority Métis residents left treaty and took scrip. Officially surrendered 5376 acres in 1918.","UNIQUE_I_1":"PRLW27","RSRV_No_":"27","TREATY_LOC":"PRAIRIES (TREATY No. 5 (LAKE WINNIPEG TREATY))","TREATY_No_":5,"RSRV_NAME":"Birch River","PROVINCE":"SK","GRRD_CD_NA":" ","YEAR_TS":1875,"YEAR_IS":1882,"YEAR_UPTAK":1880,"YEAR_SURR":1918,"ACRES_SURR":5376,"TSURR_BY_1":5376,"POP_AED":"20F","TPOP_1881":-99,"ABS_1881":-99,"TPOP_1885":-99,"ABS_1885":-99,"TPOP_1889":-99,"ABS_1889":-99,"TPOP_1893":-99,"ABS_1893":-99,"TPOP_1897":-99,"TPOP_1901":-99,"TPOP_1905":-99,"TPOP_1909":-99,"TPOP_1911":-99,"TPOP_1921":-99,"TPOP_1931":38,"ETHNO_GROU":"Cree and Métis","ORIG_ACRE":5373,"ACRES_1902":5376,"ACRES_1913":5736,"ACRES_1972":-99,"ORIG_SQ_MI":0,"SQ_MILE_19":8.4,"NOTES_1":"Signed Treaty 5 as part of \"The Pas Band.\" Reserved surveyed in 1882. 1913 schedule suggests 5736 acres were surrendered, likely a typo. Total surrender in 1918, replaced by #27A in 1912 to address treaty land deficit.","Data_Certa":8,"ObjectID_1":2,"Shape__Area":24172501.054443359,"Shape__Length":22604.246042132236}},{"type":"Feature","id":40,"geometry":{"type":"Polygon","coordinates":[[[-102.286184136476,53.9429929297809],[-102.286403562265,53.9569346551859],[-102.28208258814,53.9575089437644],[-102.279224088515,53.9581400716264],[-102.27654164507,53.9584858671728],[-102.275190212674,53.9589236396282],[-102.272658129925,53.9612800524657],[-102.263748397537,53.9607207317757],[-102.260977870103,53.9599427119635],[-102.262111894342,53.9573560524444],[-102.258446345411,53.9570246653619],[-102.261148622619,53.9524012942766],[-102.258691650888,53.9498644407607],[-102.262160913179,53.9475060573704],[-102.266296872052,53.9485776974235],[-102.268362195091,53.9457348869033],[-102.266249394015,53.9429387733466],[-102.286184136476,53.9429929297809]]]},"properties":{"FID":40,"Id":0,"UNIQUE_ID":"PRLW20","YR_SUR":1902,"RESERVE_NU":"20","RSRVE_NAME":"Cumberland House","Notes":"Estimated land surrender boundaries. acreage surrendered is within 100 acres of actual acreage difference between 1902 and 1913 schedules.","UNIQUE_I_1":"PRLW20","RSRV_No_":"20","TREATY_LOC":"PRAIRIES (TREATY No. 5 (LAKE WINNIPEG TREATY))","TREATY_No_":5,"RSRV_NAME":"Cumberland House","PROVINCE":"SK","GRRD_CD_NA":"Cumberland House Cree Nation","YEAR_TS":1875,"YEAR_IS":1883,"YEAR_UPTAK":1878,"YEAR_SURR":1902,"ACRES_SURR":640,"TSURR_BY_1":640,"POP_AED":"345","TPOP_1881":-99,"ABS_1881":-99,"TPOP_1885":-99,"ABS_1885":-99,"TPOP_1889":93,"ABS_1889":0,"TPOP_1893":57,"ABS_1893":4,"TPOP_1897":127,"TPOP_1901":125,"TPOP_1905":465,"TPOP_1909":143,"TPOP_1911":152,"TPOP_1921":80,"TPOP_1931":67,"ETHNO_GROU":"Cree and Métis","ORIG_ACRE":11040,"ACRES_1902":6400,"ACRES_1913":4025.7,"ACRES_1972":4010,"ORIG_SQ_MI":6.29,"SQ_MILE_19":10,"NOTES_1":"In 1883, 4025 acres were surveyed, however, 11040 acres were to be alloted to the 345 band members. Many left between 1883 and 1885. Surrender in 1902 of 540 acres. Rough georeference to arrive at the land surrender location.","Data_Certa":7,"ObjectID_1":1,"Shape__Area":2780891.7835998535,"Shape__Length":7351.5106419513932}},{"type":"Feature","id":41,"geometry":{"type":"MultiPolygon","coordinates":[[[[-108.716997795815,52.0705749908151],[-108.716979960452,52.0561835886137],[-108.740523193001,52.0561342879436],[-108.740499813429,52.0706210053743],[-108.716997795815,52.0705749908151]]],[[[-108.764598286044,52.0705919680055],[-108.764608881243,52.0561364120549],[-108.788139162285,52.0561278178923],[-108.7881332358,52.0705726170528],[-108.764598286044,52.0705919680055]]],[[[-108.716997401426,52.099671915974],[-108.71699841577,52.0852479356909],[-108.74046523178,52.0852450590884],[-108.740458973951,52.0996675020468],[-108.716997401426,52.099671915974]]],[[[-108.740755414902,52.1141754807996],[-108.740672700153,52.0997244046902],[-108.764095612432,52.0996713685167],[-108.764044396602,52.1068503094211],[-108.752773676783,52.1069294404261],[-108.752589838141,52.1141954446155],[-108.740755414902,52.1141754807996]]]]},"properties":{"FID":41,"Id":0,"UNIQUE_ID":"PRLFG7A","YR_SUR":1908,"RESERVE_NU":"7A","RSRVE_NAME":"Swan Lake","Notes":"Surrendered for sale","UNIQUE_I_1":"PRLFG7A","RSRV_No_":"7A","TREATY_LOC":"PRAIRIES (TREATY No. 1 (LOWER FORT GARRY TREATY))","TREATY_No_":1,"RSRV_NAME":"Swan Lake","PROVINCE":"SK","GRRD_CD_NA":" ","YEAR_TS":1871,"YEAR_IS":1906,"YEAR_UPTAK":-99,"YEAR_SURR":1908,"ACRES_SURR":2403,"TSURR_BY_1":2403,"POP_AED":"-99","TPOP_1881":-99,"ABS_1881":-99,"TPOP_1885":-99,"ABS_1885":-99,"TPOP_1889":-99,"ABS_1889":-99,"TPOP_1893":-99,"ABS_1893":-99,"TPOP_1897":-99,"TPOP_1901":-99,"TPOP_1905":-99,"TPOP_1909":-99,"TPOP_1911":-99,"TPOP_1921":-99,"TPOP_1931":-99,"ETHNO_GROU":"Saulteaux (Ojibwa)","ORIG_ACRE":0,"ACRES_1902":-99,"ACRES_1913":2400,"ACRES_1972":0,"ORIG_SQ_MI":0,"SQ_MILE_19":0,"NOTES_1":"Surveyed in 1905 as part of Swan Lake No. 7 in Treaty 1/Manitoba to make up for survey errors and deficient treaty land provision there in 1876. Surrendered for sale in 1909.","Data_Certa":8,"ObjectID_1":53,"Shape__Area":9505159.0794372559,"Shape__Length":25434.833339217719}},{"type":"Feature","id":42,"geometry":{"type":"Polygon","coordinates":[[[-106.477506878629,49.3492550959061],[-106.477557535934,49.3057514842965],[-106.511124978145,49.3056901224654],[-106.510934037799,49.3127332804427],[-106.522221962331,49.3129227401054],[-106.522222744563,49.305684506276],[-106.544883432434,49.305664753985],[-106.544542706025,49.3492743681468],[-106.477506878629,49.3492550959061]],[[-106.522219789673,49.3348079462746],[-106.522221135843,49.3203417779441],[-106.50001076784,49.3203577827345],[-106.500032422558,49.3348077081671],[-106.522219789673,49.3348079462746]]]},"properties":{"FID":42,"Id":0,"UNIQUE_ID":"PRQA160","YR_SUR":1919,"RESERVE_NU":"160","RSRVE_NAME":"Wood Mountain","Notes":"Surrendered for Soldier Settlement","UNIQUE_I_1":"PRQA160","RSRV_No_":"160","TREATY_LOC":"PRAIRIES (TREATY No. 4 (QU'APPELLE TREATY))","TREATY_No_":4,"RSRV_NAME":"Wood Mountain","PROVINCE":"SK","GRRD_CD_NA":"Wood Mountain Lakota First Nation","YEAR_TS":-99,"YEAR_IS":1910,"YEAR_UPTAK":1876,"YEAR_SURR":1919,"ACRES_SURR":4960,"TSURR_BY_1":4960,"POP_AED":"1000","TPOP_1881":-99,"ABS_1881":-99,"TPOP_1885":-99,"ABS_1885":-99,"TPOP_1889":-99,"ABS_1889":-99,"TPOP_1893":-99,"ABS_1893":-99,"TPOP_1897":-99,"TPOP_1901":-99,"TPOP_1905":-99,"TPOP_1909":-99,"TPOP_1911":0,"TPOP_1921":65,"TPOP_1931":37,"ETHNO_GROU":"Lakota","ORIG_ACRE":0,"ACRES_1902":-99,"ACRES_1913":10240,"ACRES_1972":5920,"ORIG_SQ_MI":0,"SQ_MILE_19":0,"NOTES_1":"Present at treaty negotiations in 1870s, never took treaty. Temporary reserve created in 1910. Seemingly no consultation for surrender in 1919 for soldier settlement. Government approved the reserve in 1930.","Data_Certa":9,"ObjectID_1":42,"Shape__Area":20370070.222824097,"Shape__Length":27466.549283786171}},{"type":"Feature","id":43,"geometry":{"type":"MultiPolygon","coordinates":[[[[-109.100382207431,52.9149469556549],[-109.076454025,52.9149115297874],[-109.076446619012,52.9004516871065],[-109.100383122986,52.9005133364936],[-109.100382207431,52.9149469556549]]],[[[-109.027736777891,52.9584362831849],[-109.003816497565,52.9584224398196],[-109.003838372439,52.9439154174775],[-109.027744086092,52.9439758705056],[-109.027736777891,52.9584362831849]]]]},"properties":{"FID":43,"Id":0,"UNIQUE_ID":"PRF116","YR_SUR":1927,"RESERVE_NU":"116","RSRVE_NAME":"Little Pine","Notes":"Patented to the HBC sometime after the initial survey in 1887, returned to the department in 1927.","UNIQUE_I_1":"PRF116","RSRV_No_":"116","TREATY_LOC":"PRAIRIES (TREATY No. 6 (FORT CARLTON TREATY))","TREATY_No_":6,"RSRV_NAME":"Little Pine (Lucky Man)","PROVINCE":"SK","GRRD_CD_NA":"Little Pine First Nation and Lucky Man Cree Nation","YEAR_TS":1879,"YEAR_IS":1887,"YEAR_UPTAK":1884,"YEAR_SURR":-99,"ACRES_SURR":1280,"TSURR_BY_1":1280,"POP_AED":"2478","TPOP_1881":2478,"ABS_1881":-99,"TPOP_1885":311,"ABS_1885":139,"TPOP_1889":327,"ABS_1889":171,"TPOP_1893":139,"ABS_1893":22,"TPOP_1897":141,"TPOP_1901":99,"TPOP_1905":116,"TPOP_1909":136,"TPOP_1911":145,"TPOP_1921":165,"TPOP_1931":174,"ETHNO_GROU":"Cree","ORIG_ACRE":0,"ACRES_1902":-99,"ACRES_1913":14720,"ACRES_1972":15077,"ORIG_SQ_MI":0,"SQ_MILE_19":25,"NOTES_1":"Signed Treaty 6 adhesion, 1879. Among others near Fort Walsh in early 1880s. Some of Lucky Man's followers were incorporated into Battleford bands. Two sections patented to HBC in reserve, later returned. Seemingly, no other surrenders.","Data_Certa":9,"ObjectID_1":40,"Shape__Area":5041693.2248840332,"Shape__Length":12701.778671856333}},{"type":"Feature","id":44,"geometry":{"type":"Polygon","coordinates":[[[-108.26873105724,52.4647774385396],[-108.271343709651,52.4864877338203],[-108.27653763508,52.4974776032757],[-108.284386292925,52.5061575502903],[-108.295370941771,52.5145723088229],[-108.303234509188,52.5259202892081],[-108.308919102173,52.535392239799],[-108.314979708757,52.5443211056023],[-108.314787209993,52.5520354231019],[-108.311873240208,52.5520377402826],[-108.311309512034,52.5447964039306],[-108.302302020986,52.5312123355504],[-108.293694133166,52.517487206287],[-108.281744915116,52.5077018573018],[-108.274347266273,52.4991263966863],[-108.268757872242,52.4872602685512],[-108.266456568564,52.4742505047586],[-108.266371361517,52.4647841341737],[-108.26873105724,52.4647774385396]]]},"properties":{"FID":44,"Id":0,"UNIQUE_ID":"PRF109","YR_SUR":1910,"RESERVE_NU":"109","RSRVE_NAME":"Mosquito","Notes":"Grand Trunk Pacific Railway granted throughway by Order-in-Council.","UNIQUE_I_1":"PRF109","RSRV_No_":"109","TREATY_LOC":"PRAIRIES (TREATY No. 6 (FORT CARLTON TREATY))","TREATY_No_":6,"RSRV_NAME":"Mosquito","PROVINCE":"SK","GRRD_CD_NA":"Mosquito-Grizzly Bear's Head-Lean Man Nation","YEAR_TS":1878,"YEAR_IS":1879,"YEAR_UPTAK":1880,"YEAR_SURR":1910,"ACRES_SURR":78.28,"TSURR_BY_1":78.28,"POP_AED":"306","TPOP_1881":230,"ABS_1881":0,"TPOP_1885":259,"ABS_1885":0,"TPOP_1889":228,"ABS_1889":73,"TPOP_1893":132,"ABS_1893":33,"TPOP_1897":87,"TPOP_1901":90,"TPOP_1905":47,"TPOP_1909":59,"TPOP_1911":63,"TPOP_1921":91,"TPOP_1931":119,"ETHNO_GROU":"Nakoda/Cree","ORIG_ACRE":0,"ACRES_1902":-99,"ACRES_1913":22961.72,"ACRES_1972":22962,"ORIG_SQ_MI":0,"SQ_MILE_19":36,"NOTES_1":"Signed adhesion to Treaty 6 in 1878. Reserve initially surveyed in 1879, Chief Mosquito chose land adjacent to Red Pheasant #108 in Eagle Hills instead. GTR pursued surrender for \"right of way\".","Data_Certa":9,"ObjectID_1":37,"Shape__Area":2331384.0477905273,"Shape__Length":20916.087705480833}},{"type":"Feature","id":45,"geometry":{"type":"Polygon","coordinates":[[[-108.314787209993,52.5520354231019],[-108.314626643856,52.5653244237073],[-108.311954457909,52.5720567353642],[-108.30753363883,52.5763166638842],[-108.308884778582,52.5807112038349],[-108.30589468442,52.5807135702578],[-108.304172875753,52.5768412745991],[-108.305310737269,52.5741835635607],[-108.309088367028,52.5706352215515],[-108.310808831242,52.5672440899154],[-108.31160544961,52.5605092969764],[-108.311873240208,52.5520377402826],[-108.314787209993,52.5520354231019]]]},"properties":{"FID":45,"Id":0,"UNIQUE_ID":"PRF110 & 111-2","YR_SUR":1910,"RESERVE_NU":"110 & 111","RSRVE_NAME":"Grizzly Bear's Head and Lean Man","Notes":"Grand Trunk Pacific Railway granted throughway through Order-in-Council.","UNIQUE_I_1":"PRF110 & 111-2","RSRV_No_":"110 & 111","TREATY_LOC":"PRAIRIES (TREATY No. 6 (FORT CARLTON TREATY))","TREATY_No_":6,"RSRV_NAME":"Grizzly Bear's Head & Lean Man","PROVINCE":"SK","GRRD_CD_NA":"Mosquito-Grizzly Bear's Head-Lean Man Nation","YEAR_TS":1878,"YEAR_IS":1884,"YEAR_UPTAK":1882,"YEAR_SURR":1910,"ACRES_SURR":37.7,"TSURR_BY_1":14569.7,"POP_AED":"194","TPOP_1881":-99,"ABS_1881":-99,"TPOP_1885":-99,"ABS_1885":-99,"TPOP_1889":-99,"ABS_1889":-99,"TPOP_1893":-99,"ABS_1893":-99,"TPOP_1897":-99,"TPOP_1901":-99,"TPOP_1905":20,"TPOP_1909":27,"TPOP_1911":30,"TPOP_1921":-99,"TPOP_1931":-99,"ETHNO_GROU":"Nakoda/Cree","ORIG_ACRE":0,"ACRES_1902":23168,"ACRES_1913":8599.7,"ACRES_1972":8599,"ORIG_SQ_MI":0,"SQ_MILE_19":36.2,"NOTES_1":"Signed adhesion to Treaty 4 in 1877. Reserve surveyed adjacent to #109 Mosquito in 1884. 14,532 acres surrednered for sale in 1905.","Data_Certa":8,"ObjectID_1":45,"Shape__Area":707997.05990600586,"Shape__Length":6933.9044650068272}},{"type":"Feature","id":46,"geometry":{"type":"Polygon","coordinates":[[[-103.947951519454,50.717305351105],[-103.950040785855,50.7173042378421],[-103.935058028024,50.7324840319591],[-103.921283741715,50.744207108122],[-103.92129939726,50.7426958703575],[-103.934356344285,50.7309711196696],[-103.940444828945,50.724704065741],[-103.947951519454,50.717305351105]]]},"properties":{"FID":46,"Id":0,"UNIQUE_ID":"PRQA79-2","YR_SUR":1910,"RESERVE_NU":"79","RSRVE_NAME":"Pasqua","Notes":"Grand Trunk Pacific Railway granted throughway through Order-in-Council.","UNIQUE_I_1":"PRQA79-2","RSRV_No_":"79","TREATY_LOC":"PRAIRIES (TREATY No. 4 (QU'APPELLE TREATY))","TREATY_No_":4,"RSRV_NAME":"Pasquah Fishing Lakes","PROVINCE":"SK","GRRD_CD_NA":"Pasqua First Nation","YEAR_TS":1874,"YEAR_IS":1876,"YEAR_UPTAK":1876,"YEAR_SURR":1910,"ACRES_SURR":26.56,"TSURR_BY_1":16103.56,"POP_AED":"49F","TPOP_1881":218,"ABS_1881":58,"TPOP_1885":257,"ABS_1885":0,"TPOP_1889":207,"ABS_1889":12,"TPOP_1893":185,"ABS_1893":5,"TPOP_1897":174,"TPOP_1901":134,"TPOP_1905":133,"TPOP_1909":112,"TPOP_1911":132,"TPOP_1921":147,"TPOP_1931":187,"ETHNO_GROU":"Ojibwa/Cree","ORIG_ACRE":36480,"ACRES_1902":38496,"ACRES_1913":22143,"ACRES_1972":22141,"ORIG_SQ_MI":0,"SQ_MILE_19":60.15,"NOTES_1":"Initial survey in 1876, subdivision of farmland survey in 1889. Pressured surrender for sale of 16,077 acres as pursued by local settlers in 1906.","Data_Certa":6,"ObjectID_1":16,"Shape__Area":436190.69439697266,"Shape__Length":7283.7189110014942}},{"type":"Feature","id":47,"geometry":{"type":"Polygon","coordinates":[[[-106.73362347974,53.035510545224],[-106.735479425281,53.0354716321406],[-106.731183275855,53.0473510095715],[-106.724136508273,53.0605460821943],[-106.724134473794,53.0581755471625],[-106.728984567306,53.0466437227835],[-106.73362347974,53.035510545224]]]},"properties":{"FID":47,"Id":0,"UNIQUE_ID":"PRF103-1","YR_SUR":1906,"RESERVE_NU":"103","RSRVE_NAME":"Mistawasis","Notes":"Surrendered for Canadian Pacific Railway throughway.","UNIQUE_I_1":"PRF103-1","RSRV_No_":"103","TREATY_LOC":"PRAIRIES (TREATY No. 6 (FORT CARLTON TREATY))","TREATY_No_":6,"RSRV_NAME":"Mistiwasis (Snake Plain)","PROVINCE":"SK","GRRD_CD_NA":"Mistawasis Nêhiyawak","YEAR_TS":1876,"YEAR_IS":1878,"YEAR_UPTAK":1878,"YEAR_SURR":1906,"ACRES_SURR":14.14,"TSURR_BY_1":18169.14,"POP_AED":"53F","TPOP_1881":225,"ABS_1881":50,"TPOP_1885":190,"ABS_1885":0,"TPOP_1889":161,"ABS_1889":0,"TPOP_1893":144,"ABS_1893":2,"TPOP_1897":144,"TPOP_1901":126,"TPOP_1905":129,"TPOP_1909":130,"TPOP_1911":140,"TPOP_1921":122,"TPOP_1931":193,"ETHNO_GROU":"Cree","ORIG_ACRE":0,"ACRES_1902":49280,"ACRES_1913":47673,"ACRES_1972":30997,"ORIG_SQ_MI":0,"SQ_MILE_19":77,"NOTES_1":"Signed Treaty 6, 1876. Subdivision survery as part of severalty policy in 1891. Right of way surrender of 14.14 acres for CNR. 1607 acres surrendered in 1911, another 5028 acres in 1917, and 11520 in 1919 for soldier settlement.","Data_Certa":8,"ObjectID_1":31,"Shape__Area":345443.93609619141,"Shape__Length":5804.66021561509}},{"type":"Feature","id":48,"geometry":{"type":"Polygon","coordinates":[[[-103.945803976687,51.2990977796735],[-103.959573510482,51.3045738297544],[-103.974184463156,51.3084584704054],[-103.985269522923,51.3114136189727],[-103.996923086625,51.3148319043972],[-104.012747486051,51.3190955147756],[-104.03073422555,51.3239391710543],[-104.056536282886,51.3309350615868],[-104.084689297954,51.3385600899139],[-104.101518078257,51.3429552391587],[-104.09979995992,51.3429543941272],[-104.078222824455,51.3373118413351],[-104.052857793422,51.3303549194632],[-104.032474766334,51.3249469701157],[-104.018133644668,51.3211301937106],[-104.003361760794,51.3171470491032],[-103.983129817854,51.3114598870447],[-103.964318952419,51.3064552461922],[-103.958892656881,51.3050648578311],[-103.943818929604,51.2990980733172],[-103.945803976687,51.2990977796735]]]},"properties":{"FID":48,"Id":0,"UNIQUE_ID":"PRQA85-1","YR_SUR":1906,"RESERVE_NU":"85","RSRVE_NAME":"Muskowekwan","Notes":"Surrendered for Grand Trunk Railway throughway.","UNIQUE_I_1":"PRQA85-1","RSRV_No_":"85","TREATY_LOC":"PRAIRIES (TREATY No. 4 (QU'APPELLE TREATY))","TREATY_No_":4,"RSRV_NAME":"Muskowekwan","PROVINCE":"SK","GRRD_CD_NA":"Muskowekwan First Nation","YEAR_TS":1874,"YEAR_IS":1884,"YEAR_UPTAK":1881,"YEAR_SURR":1906,"ACRES_SURR":158.18,"TSURR_BY_1":7803.18,"POP_AED":"41F","TPOP_1881":157,"ABS_1881":40,"TPOP_1885":282,"ABS_1885":0,"TPOP_1889":160,"ABS_1889":0,"TPOP_1893":148,"ABS_1893":0,"TPOP_1897":152,"TPOP_1901":141,"TPOP_1905":140,"TPOP_1909":138,"TPOP_1911":149,"TPOP_1921":207,"TPOP_1931":187,"ETHNO_GROU":"Saulteaux (Ojibwa)","ORIG_ACRE":0,"ACRES_1902":23040,"ACRES_1913":23952.82,"ACRES_1972":17495,"ORIG_SQ_MI":30,"SQ_MILE_19":36,"NOTES_1":"Initial survey 1884. Boundary confusion with George Gordon's #86, corrected in 1900. 158.18 acres surrendered in 1906 for GTR. 160 acres surrendered for Lestock settlement in 1910. 7485 acres in 1920.","Data_Certa":8,"ObjectID_1":19,"Shape__Area":654902.4808807373,"Shape__Length":23903.808978420213}},{"type":"Feature","id":49,"geometry":{"type":"MultiPolygon","coordinates":[[[[-104.29788880373,51.2657834741672],[-104.295020939587,51.2657946861448],[-104.295097707673,51.2657910271436],[-104.294878596779,51.2639816446029],[-104.297717203226,51.263846308145],[-104.29788880373,51.2657834741672]]],[[[-104.303529929478,51.2773527708909],[-104.303409020895,51.2701039475185],[-104.314966740501,51.2703429032571],[-104.314997042276,51.2848520415764],[-104.30354833616,51.2848319556103],[-104.303529929478,51.2773527708909]]]]},"properties":{"FID":49,"Id":0,"UNIQUE_ID":"PRQA86-1","YR_SUR":1914,"RESERVE_NU":"86","RSRVE_NAME":"George Gordon","Notes":"E 1/2 of section 3 plus approx. 40 acres of road allowances surrendered in 1914. NW corner of section 2 surrendered in 1919, the rest by 1933 for the Church of Englang/Gordon School.","UNIQUE_I_1":"PRQA86-1","RSRV_No_":"86","TREATY_LOC":"PRAIRIES (TREATY No. 4 (QU'APPELLE TREATY))","TREATY_No_":4,"RSRV_NAME":"(George) Gordon","PROVINCE":"SK","GRRD_CD_NA":"George Gordon First Nation","YEAR_TS":1874,"YEAR_IS":1876,"YEAR_UPTAK":1875,"YEAR_SURR":1914,"ACRES_SURR":360,"TSURR_BY_1":1249,"POP_AED":"41F","TPOP_1881":184,"ABS_1881":64,"TPOP_1885":202,"ABS_1885":0,"TPOP_1889":165,"ABS_1889":9,"TPOP_1893":152,"ABS_1893":7,"TPOP_1897":161,"TPOP_1901":165,"TPOP_1905":196,"TPOP_1909":206,"TPOP_1911":214,"TPOP_1921":279,"TPOP_1931":246,"ETHNO_GROU":"Cree/Ojibwa (and Métis)","ORIG_ACRE":30720,"ACRES_1902":30720,"ACRES_1913":35456,"ACRES_1972":35533,"ORIG_SQ_MI":48,"SQ_MILE_19":48,"NOTES_1":"Initial survey 1876. Boundaries adjusted in 1881. West half of section 4 twp 27 range 17 patended to Church of England. Other portions surrendered to the CofE and Gordon School in 1914, 1919, and 1933.","Data_Certa":9,"ObjectID_1":22,"Shape__Area":1321508.1997680664,"Shape__Length":5633.9816929769986}},{"type":"Feature","id":50,"geometry":{"type":"Polygon","coordinates":[[[-104.29148241742,51.2774273329454],[-104.303529928847,51.2773527682011],[-104.30354833616,51.2848319556103],[-104.291654606695,51.2849199498641],[-104.29148241742,51.2774273329454]]]},"properties":{"FID":50,"Id":0,"UNIQUE_ID":"PRQA86-2","YR_SUR":1919,"RESERVE_NU":"86","RSRVE_NAME":"George Gordon","Notes":"E 1/2 of section 3 plus approx. 40 acres of road allowances surrendered in 1914. NW corner of section 2 surrendered in 1919, the rest by 1933 for the Church of Englang/Gordon School.","UNIQUE_I_1":"PRQA86-2","RSRV_No_":"86","TREATY_LOC":"PRAIRIES (TREATY No. 4 (QU'APPELLE TREATY))","TREATY_No_":4,"RSRV_NAME":"(George) Gordon","PROVINCE":"SK","GRRD_CD_NA":"George Gordon First Nation","YEAR_TS":1874,"YEAR_IS":1876,"YEAR_UPTAK":1875,"YEAR_SURR":1919,"ACRES_SURR":169,"TSURR_BY_1":1249,"POP_AED":"41F","TPOP_1881":184,"ABS_1881":64,"TPOP_1885":202,"ABS_1885":0,"TPOP_1889":165,"ABS_1889":9,"TPOP_1893":152,"ABS_1893":7,"TPOP_1897":161,"TPOP_1901":165,"TPOP_1905":196,"TPOP_1909":206,"TPOP_1911":214,"TPOP_1921":279,"TPOP_1931":246,"ETHNO_GROU":"Cree/Ojibwa (and Métis)","ORIG_ACRE":30720,"ACRES_1902":30720,"ACRES_1913":35456,"ACRES_1972":35533,"ORIG_SQ_MI":48,"SQ_MILE_19":48,"NOTES_1":"Initial survey 1876. Boundaries adjusted in 1881. West half of section 4 twp 27 range 17 patended to Church of England. Other portions surrendered to the CofE and Gordon School in 1914, 1919, and 1933.","Data_Certa":9,"ObjectID_1":23,"Shape__Area":684278.36215209961,"Shape__Length":3308.8908944903205}},{"type":"Feature","id":51,"geometry":{"type":"Polygon","coordinates":[[[-103.700380500341,51.9159743674126],[-103.695997895984,51.9150956207173],[-103.692398549572,51.9143615700221],[-103.68821885188,51.9135350036736],[-103.680513320998,51.9119625523392],[-103.673496342271,51.9105212701286],[-103.668690610567,51.9095438529203],[-103.66315414485,51.9084380653155],[-103.648734390344,51.9055440133219],[-103.630272346652,51.9016991850757],[-103.606611260816,51.8968906351804],[-103.581203762552,51.8916557104211],[-103.575796083146,51.8905647774515],[-103.575796172165,51.890202197015],[-103.614991498246,51.8983300480991],[-103.633204113379,51.9021006024521],[-103.65146243155,51.9058766987595],[-103.668989947984,51.909422044427],[-103.682110018478,51.9120598366893],[-103.69446768599,51.9146132101368],[-103.699919640301,51.9157822709717],[-103.700657320005,51.9159742759838],[-103.700380500341,51.9159743674126]]]},"properties":{"FID":51,"Id":0,"UNIQUE_ID":"PRQA89-1","YR_SUR":1904,"RESERVE_NU":"89","RSRVE_NAME":"Fishing Lake","Notes":"\"Right of Way\" surrender for Canadian Northern Railway.","UNIQUE_I_1":"PRQA89-1","RSRV_No_":"89","TREATY_LOC":"PRAIRIES (TREATY No. 4 (QU'APPELLE TREATY))","TREATY_No_":4,"RSRV_NAME":"Yellow Quill [Fishing Lake]","PROVINCE":"SK","GRRD_CD_NA":"Fishing Lake First Nation","YEAR_TS":1876,"YEAR_IS":1881,"YEAR_UPTAK":1879,"YEAR_SURR":1904,"ACRES_SURR":67.31,"TSURR_BY_1":13092.51,"POP_AED":"311","TPOP_1881":-99,"ABS_1881":-99,"TPOP_1885":311,"ABS_1885":0,"TPOP_1889":330,"ABS_1889":57,"TPOP_1893":356,"ABS_1893":11,"TPOP_1897":357,"TPOP_1901":375,"TPOP_1905":318,"TPOP_1909":112,"TPOP_1911":114,"TPOP_1921":116,"TPOP_1931":157,"ETHNO_GROU":"Saulteaux (Ojibwa)/Cree","ORIG_ACRE":0,"ACRES_1902":22080,"ACRES_1913":8904.7,"ACRES_1972":9012,"ORIG_SQ_MI":0,"SQ_MILE_19":34.5,"NOTES_1":"Signed adhesion to Treaty 4 in 1876. Moved into Touchwood Hills area late 1870s. Intimated locations for reserves near Fishing Lake and Nut Lake. Surveyed in 1881. CPR pursued surrenders of 1904 and 1907, latter for settlement.","Data_Certa":9,"ObjectID_1":26,"Shape__Area":224467.51522827148,"Shape__Length":17962.116150136677}},{"type":"Feature","id":52,"geometry":{"type":"Polygon","coordinates":[[[-106.076828975224,52.7544836073137],[-106.076828072531,52.754814518397],[-105.980554220877,52.754963492562],[-105.980553669247,52.7545553329064],[-106.076828975224,52.7544836073137]]]},"properties":{"FID":52,"Id":0,"UNIQUE_ID":"PRF95","YR_SUR":1899,"RESERVE_NU":"95","RSRVE_NAME":"One Arrow","Notes":"Road Allowance surrender.","UNIQUE_I_1":"PRF95","RSRV_No_":"95","TREATY_LOC":"PRAIRIES (TREATY No. 6 (FORT CARLTON TREATY))","TREATY_No_":6,"RSRV_NAME":"One Arrow","PROVINCE":"SK","GRRD_CD_NA":"One Arrow First Nation","YEAR_TS":1876,"YEAR_IS":1881,"YEAR_UPTAK":1880,"YEAR_SURR":1895,"ACRES_SURR":30.3,"TSURR_BY_1":30.3,"POP_AED":"93","TPOP_1881":93,"ABS_1881":43,"TPOP_1885":92,"ABS_1885":0,"TPOP_1889":103,"ABS_1889":15,"TPOP_1893":109,"ABS_1893":1,"TPOP_1897":94,"TPOP_1901":92,"TPOP_1905":104,"TPOP_1909":101,"TPOP_1911":96,"TPOP_1921":94,"TPOP_1931":100,"ETHNO_GROU":"Cree","ORIG_ACRE":0,"ACRES_1902":10240,"ACRES_1913":10209.7,"ACRES_1972":10210,"ORIG_SQ_MI":0,"SQ_MILE_19":16,"NOTES_1":"Initially surveyed in 1881, overlapped St. Laurent Metis Settlement surveyed in 1878. Recognized in 1884 and resurveyed in 1888. Order in Council confirmed reserve in 1889. Surrender taken in 1895 for a road allowance.","Data_Certa":6,"ObjectID_1":28,"Shape__Area":260473.40780639648,"Shape__Length":12914.413381644805}},{"type":"Feature","id":53,"geometry":{"type":"Polygon","coordinates":[[[-102.656740766942,50.5909187677274],[-102.659924524468,50.5906448806228],[-102.660967922782,50.5898296662655],[-102.660963074228,50.5890486609082],[-102.660801878079,50.5884315452657],[-102.66051710714,50.5878860185473],[-102.661012572142,50.5877155168766],[-102.662314331095,50.5876251744184],[-102.66290858808,50.5874836160792],[-102.663034406811,50.5873249586167],[-102.66330903501,50.5872310857912],[-102.663920842154,50.5871388194483],[-102.664425827269,50.5871165181839],[-102.664767977199,50.5876110629054],[-102.665162833045,50.5878106035961],[-102.665287181842,50.5880753325906],[-102.665202647863,50.5883173729311],[-102.661350716947,50.5917148353306],[-102.6567415582,50.5917047496878],[-102.656740766942,50.5909187677274]]]},"properties":{"FID":53,"Id":0,"UNIQUE_ID":"PRQA72A-1","YR_SUR":1889,"RESERVE_NU":"72A","RSRVE_NAME":"Fishing Station","Notes":"Southern portion was patented to the HBC prior to acceptance of the reserve in 1889. The 96 acres initially surveyed were reduced to 68.5.","UNIQUE_I_1":"PRQA72A-1","RSRV_No_":"72A","TREATY_LOC":"PRAIRIES (TREATY No. 4 (QU'APPELLE TREATY))","TREATY_No_":4,"RSRV_NAME":"Kahkewistahaw Fishing Grounds","PROVINCE":"SK","GRRD_CD_NA":" ","YEAR_TS":1874,"YEAR_IS":1881,"YEAR_UPTAK":-99,"YEAR_SURR":1889,"ACRES_SURR":27.5,"TSURR_BY_1":30.14,"POP_AED":"-99","TPOP_1881":-99,"ABS_1881":-99,"TPOP_1885":-99,"ABS_1885":-99,"TPOP_1889":-99,"ABS_1889":-99,"TPOP_1893":-99,"ABS_1893":-99,"TPOP_1897":-99,"TPOP_1901":-99,"TPOP_1905":-99,"TPOP_1909":-99,"TPOP_1911":-99,"TPOP_1921":-99,"TPOP_1931":-99,"ETHNO_GROU":"Cree","ORIG_ACRE":96,"ACRES_1902":96,"ACRES_1913":67,"ACRES_1972":0,"ORIG_SQ_MI":0,"SQ_MILE_19":0.15,"NOTES_1":"provided access to Crooked Lake for fishing. Surrendered in totatily sometime after 1913.","Data_Certa":6,"ObjectID_1":50,"Shape__Area":126194.28161621094,"Shape__Length":1887.5918140744525}},{"type":"Feature","id":54,"geometry":{"type":"Polygon","coordinates":[[[-102.660941106118,50.5992507830803],[-102.660641043024,50.5992525266152],[-102.656745412149,50.5955355276639],[-102.656745120221,50.5952459499579],[-102.660941106118,50.5992507830803]]]},"properties":{"FID":54,"Id":0,"UNIQUE_ID":"PRQA72A-2","YR_SUR":1924,"RESERVE_NU":"72A","RSRVE_NAME":"Fishing Station","Notes":"Road Allowance transfered to government without compensation.","UNIQUE_I_1":"PRQA72A-2","RSRV_No_":"72A","TREATY_LOC":"PRAIRIES (TREATY No. 4 (QU'APPELLE TREATY))","TREATY_No_":4,"RSRV_NAME":"Kahkewistahaw Fishing Grounds","PROVINCE":"SK","GRRD_CD_NA":" ","YEAR_TS":1874,"YEAR_IS":1881,"YEAR_UPTAK":-99,"YEAR_SURR":1924,"ACRES_SURR":2.64,"TSURR_BY_1":30.14,"POP_AED":"-99","TPOP_1881":-99,"ABS_1881":-99,"TPOP_1885":-99,"ABS_1885":-99,"TPOP_1889":-99,"ABS_1889":-99,"TPOP_1893":-99,"ABS_1893":-99,"TPOP_1897":-99,"TPOP_1901":-99,"TPOP_1905":-99,"TPOP_1909":-99,"TPOP_1911":-99,"TPOP_1921":-99,"TPOP_1931":-99,"ETHNO_GROU":"Cree","ORIG_ACRE":96,"ACRES_1902":96,"ACRES_1913":67,"ACRES_1972":0,"ORIG_SQ_MI":0,"SQ_MILE_19":0.15,"NOTES_1":"provided access to Crooked Lake for fishing. Surrendered in totatily sometime after 1913.","Data_Certa":6,"ObjectID_1":51,"Shape__Area":9091.0886917114258,"Shape__Length":1079.5808108993272}}]}