{"type":"FeatureCollection","crs":{"type":"name","properties":{"name":"EPSG:4326"}},"features":[{"type":"Feature","id":1,"geometry":{"type":"Polygon","coordinates":[[[-106.410387261732,49.3491895565437],[-106.410323001837,49.3058463470589],[-106.410356760566,49.2986706369441],[-106.421361483946,49.2985709342621],[-106.421394918251,49.3058282466688],[-106.511124978145,49.3056901224654],[-106.510934037799,49.3127332804427],[-106.522221962331,49.3129227401054],[-106.522222744563,49.305684506276],[-106.544883432434,49.305664753985],[-106.544542706025,49.3492743681468],[-106.410387261732,49.3491895565437]],[[-106.522219789673,49.3348079462746],[-106.522221135843,49.3203417779441],[-106.50001076784,49.3203577827345],[-106.500032422558,49.3348077081671],[-106.522219789673,49.3348079462746]],[[-106.466281925208,49.3348194402775],[-106.466418570586,49.3276919202371],[-106.454894046759,49.3275814601456],[-106.454879102721,49.3203540890156],[-106.432727456509,49.3203425638026],[-106.432750283007,49.3275739674449],[-106.443765156175,49.327636272037],[-106.44384095382,49.3348100071506],[-106.466281925208,49.3348194402775]]]},"properties":{"FID":1,"Id":0,"UNIQUE_ID":"PRQA160","Shape__Area":41933784.266059875,"Shape__Length":46869.954818947}},{"type":"Feature","id":2,"geometry":{"type":"Polygon","coordinates":[[[-109.002685974745,52.91659088125],[-109.000612885794,52.9167249988144],[-109.000111159462,52.9168513577728],[-108.9994652395,52.917140229942],[-108.998943431762,52.9174448180161],[-108.998777146211,52.9178963537106],[-108.998969757319,52.9184748802375],[-108.99905050738,52.918925517113],[-108.999182334984,52.9193107410792],[-108.998888935702,52.9194479251088],[-108.998252659408,52.9195014529416],[-108.997872315207,52.9192922410757],[-108.997082402995,52.9190421020359],[-108.996133464775,52.918773846375],[-108.995183590751,52.9185902208081],[-108.993820514832,52.9184234360439],[-108.992573874655,52.9183969134407],[-108.991688154142,52.9183866056275],[-108.990926364218,52.9183489804476],[-108.990106998229,52.9184442651219],[-108.989151254367,52.9181573744799],[-108.987877811566,52.9176332172345],[-108.986627918536,52.9167431672483],[-108.985653111024,52.9159973001026],[-108.984887995819,52.9153531124353],[-108.983819015782,52.9147304678897],[-108.983052302975,52.9138199785943],[-108.982756269894,52.9129405393235],[-108.982770267883,52.912704346699],[-108.982838170033,52.9123756718771],[-108.98290932844,52.9120438949202],[-108.983189385785,52.9117291623417],[-108.9833259233,52.9114551169774],[-108.983234108584,52.9112305559491],[-108.982958754176,52.911081375251],[-108.982561353744,52.9109832927486],[-108.982198171222,52.9110115016381],[-108.982187001316,52.9109375475222],[-108.980471265083,52.9109615039579],[-108.979081517397,52.910279084958],[-108.978670380791,52.9101471096714],[-108.978378090872,52.9100451371804],[-108.978039991586,52.9099867905985],[-108.97722412457,52.9099763158485],[-108.97654526744,52.9100014172048],[-108.976237430917,52.9101948793475],[-108.975781855335,52.9104123349654],[-108.975248099008,52.9106924496917],[-108.975034279966,52.9111455926719],[-108.975087428299,52.91155026389],[-108.975321136596,52.9120518702648],[-108.975526802811,52.912735510399],[-108.975462239417,52.9129601007842],[-108.975423744704,52.9130940112442],[-108.975354257943,52.9133529975022],[-108.974979796856,52.9133453066473],[-108.974623342884,52.9132187022305],[-108.974240694231,52.9130093694246],[-108.973643096855,52.9125398099172],[-108.973251466168,52.912280668472],[-108.97278818806,52.9118647968611],[-108.972375460263,52.9111758595096],[-108.972425175366,52.9108446678425],[-108.972559397391,52.9105187096477],[-108.972965403834,52.9102392648043],[-108.973401374065,52.9100223338877],[-108.974042561375,52.9096903363021],[-108.974691885794,52.9094362761557],[-108.974841419757,52.9091332059293],[-108.974507846849,52.9087331161403],[-108.973380538516,52.9088108347747],[-108.970727454162,52.9090237039638],[-108.966589231067,52.9093210072375],[-108.962917928858,52.9094424854308],[-108.961560748518,52.9089505715702],[-108.960798769318,52.9084962146414],[-108.96036449723,52.9082297973021],[-108.959942419645,52.9077687753913],[-108.960204590568,52.9074238536235],[-108.960967760511,52.9072242582396],[-108.961644865897,52.9069196601803],[-108.962078498181,52.9067291447803],[-108.962202557024,52.9064280482523],[-108.961768298566,52.9061616382546],[-108.960874030414,52.9060463462305],[-108.960294074571,52.9058636266774],[-108.959366909821,52.9055715073874],[-108.958641332922,52.9055170233411],[-108.95788559851,52.9055173800573],[-108.957718515228,52.9056109180655],[-108.957574431612,52.905691580223],[-108.957085889852,52.9058994173771],[-108.957154637197,52.9063723616744],[-108.957287091803,52.9072835307401],[-108.957460528442,52.9079215474162],[-108.957877625858,52.9088470139534],[-108.958050818482,52.9095587938397],[-108.958132770492,52.9101354255565],[-108.958441524756,52.9106179298982],[-108.959153915684,52.9111500038795],[-108.959385029841,52.9113139713476],[-108.959498799073,52.9113946863299],[-108.959869856939,52.911598400452],[-108.959873030791,52.9117934848416],[-108.95928005201,52.9117902492409],[-108.958809353663,52.911708124336],[-108.958029766639,52.9116094078044],[-108.957221557742,52.9113398334245],[-108.956234019648,52.9109571580157],[-108.955471326415,52.9105895625815],[-108.954780651568,52.9102628946389],[-108.954141546574,52.9100412246941],[-108.953593508571,52.9098239147962],[-108.952720743189,52.9097335673179],[-108.951835381149,52.9097567341863],[-108.951551031577,52.9097134086605],[-108.951069288363,52.9096400050214],[-108.9507309477,52.9093994157296],[-108.950689715332,52.9093009277974],[-108.950657095799,52.9092230142789],[-108.950685291681,52.9090009147436],[-108.950749772732,52.9087100319759],[-108.951088291067,52.9083502705321],[-108.951202441686,52.9078716646753],[-108.951208696209,52.9076258999631],[-108.950919334536,52.9073188141919],[-108.95064974416,52.9071847676756],[-108.950314241664,52.9069838328053],[-108.948746801058,52.9066382778852],[-108.948080886629,52.9064309570584],[-108.947586858232,52.9061033301341],[-108.946754305768,52.9057585217666],[-108.946078131298,52.9052910888619],[-108.94581117624,52.9052426566689],[-108.944610537886,52.9050248224559],[-108.943156528798,52.9052480069176],[-108.941808967838,52.9056021525317],[-108.940964800389,52.9060050088527],[-108.940017256548,52.9064832238775],[-108.939526327409,52.9063917053328],[-108.939360520335,52.9063607953299],[-108.936189769553,52.9056971353893],[-108.935390646707,52.9053952758519],[-108.934624540889,52.9050954668852],[-108.934040588919,52.9048816184211],[-108.93376268334,52.9045355840579],[-108.933748350525,52.9044464713455],[-108.933537589218,52.9031361000963],[-108.93436254067,52.9030120496042],[-108.934848339584,52.9028426646184],[-108.935577755072,52.9028094534946],[-108.93616844215,52.9029248964502],[-108.936803409605,52.9028978939726],[-108.937557734675,52.9026988376267],[-108.938257361189,52.9024096543644],[-108.93864059348,52.9020785850884],[-108.9386766758,52.9016512843481],[-108.938811667087,52.9011131775737],[-108.938523462322,52.9007100527428],[-108.937958692605,52.9002271898035],[-108.937373546392,52.8998640537225],[-108.936753215924,52.8996096375214],[-108.936503530252,52.899596688896],[-108.936181464549,52.899579987035],[-108.935451809779,52.8995449058173],[-108.93451279401,52.8996838337932],[-108.933240755477,52.8998485852173],[-108.932224671864,52.8999203769024],[-108.931593682422,52.9001773902347],[-108.931073660106,52.9008226807742],[-108.930647168986,52.9024275532085],[-108.930481441098,52.9027905878467],[-108.93028442465,52.9030566796815],[-108.929734074784,52.9032957863357],[-108.92876176118,52.9033095044992],[-108.927982782228,52.9031188485693],[-108.926883405178,52.9024799265075],[-108.926759863255,52.9024237688804],[-108.926107972736,52.9019531419706],[-108.926063186499,52.9018556724873],[-108.92597982572,52.9011057488348],[-108.925776534269,52.9008710690231],[-108.925571117232,52.9007614519154],[-108.925247023291,52.9007218706356],[-108.924727049716,52.9007294376939],[-108.924159077485,52.9009056669404],[-108.92381048694,52.9011775059187],[-108.92365391498,52.9015517524244],[-108.923586410043,52.9021348029249],[-108.922552362592,52.9024652167652],[-108.921778952143,52.9025692416531],[-108.92104040519,52.902394066083],[-108.920195621284,52.9018334605745],[-108.918988784448,52.9010997256983],[-108.918435557851,52.9005109085444],[-108.918227660629,52.9002093287175],[-108.918125938372,52.9000617679373],[-108.918160067786,52.8995392043833],[-108.917882252115,52.8991448975036],[-108.917882048172,52.8982881801502],[-108.919167988901,52.8974330242222],[-108.920556847554,52.897214498713],[-108.921801158419,52.89674567824],[-108.922384199262,52.8959056912357],[-108.922744829706,52.8946037820091],[-108.923091667494,52.8936210419684],[-108.92362183027,52.8927088303513],[-108.924390861364,52.8918755334863],[-108.925098745505,52.8910187264203],[-108.925653694417,52.8898175819008],[-108.925697616989,52.8886534778987],[-108.925708422743,52.8879698018695],[-108.926105109968,52.8869803438949],[-108.926164346645,52.8849702422972],[-108.92587749335,52.8844824727181],[-108.925388077183,52.8837360354357],[-108.925507250456,52.8831546289364],[-108.926139198062,52.8821857794007],[-108.926631413097,52.8816256409791],[-108.926433239751,52.8810284660696],[-108.925556123687,52.8804836929801],[-108.924865664549,52.8802127198224],[-108.924093475288,52.8803036545318],[-108.923197449439,52.8804932353169],[-108.922264871876,52.8808113263573],[-108.92170652406,52.8810277813903],[-108.921013991886,52.881335413128],[-108.920211133607,52.8816643818136],[-108.918736274121,52.8827075863196],[-108.918278031389,52.8831851226599],[-108.918148468543,52.8835924490539],[-108.918124675128,52.8839660534844],[-108.918514936456,52.8844724104846],[-108.919830006406,52.8851857711848],[-108.920000850138,52.8852706989928],[-108.920303254706,52.8854210282481],[-108.920592302376,52.8858565227918],[-108.920677749362,52.8862934161301],[-108.920469748546,52.8868087806204],[-108.919381244778,52.8870916808232],[-108.917619315158,52.8873546764256],[-108.916171287675,52.88747794809],[-108.914967807226,52.8875358229189],[-108.914216150625,52.8872486484044],[-108.913358126982,52.8867515417628],[-108.912477638848,52.8860511545582],[-108.912177256249,52.8850583288627],[-108.913749026964,52.8837227906052],[-108.914565611026,52.8832555743344],[-108.915651754614,52.882908052094],[-108.916681051153,52.8827566124168],[-108.917519222785,52.8824359236666],[-108.917831872882,52.8819129944218],[-108.917972729163,52.8811857354476],[-108.916798929738,52.8804364427925],[-108.916454895457,52.8801850739487],[-108.915488549716,52.879745886339],[-108.914576318602,52.8789003599334],[-108.914267380193,52.8783033597184],[-108.914057587195,52.8778979394274],[-108.913710657919,52.8773337798466],[-108.913330767306,52.8768260386349],[-108.912305512181,52.8763899570383],[-108.911701682843,52.8761331146863],[-108.910839706914,52.8759525380391],[-108.910048229684,52.8757867227883],[-108.910166893912,52.8752268520232],[-108.910885927846,52.8749715214387],[-108.911910322044,52.8745482040902],[-108.91244052917,52.8740644264171],[-108.91256539681,52.8734765203175],[-108.912412676728,52.8731321835733],[-108.911595080561,52.8728844637903],[-108.910735906306,52.8729928129273],[-108.910105736704,52.8730616917258],[-108.909481111139,52.872860132107],[-108.909455698677,52.8724607202164],[-108.909816995437,52.8721328125473],[-108.910974586732,52.8719295486922],[-108.912534631077,52.8711803529547],[-108.913631050419,52.8705252218962],[-108.914291625003,52.8698969792155],[-108.91387791766,52.8691276978629],[-108.912770023339,52.868644998996],[-108.912577539484,52.8685611337089],[-108.910699599231,52.8688254619589],[-108.907679506873,52.8701675562101],[-108.906780099477,52.8705740324417],[-108.905977324903,52.8713134685699],[-108.905829872767,52.8718612927523],[-108.906279254682,52.8730858066499],[-108.906741621458,52.8738134160798],[-108.906865911677,52.8740369720823],[-108.907038098516,52.8743466737404],[-108.906396771999,52.8748136249735],[-108.905469509931,52.8748589535324],[-108.904922565108,52.8744826656219],[-108.903814963434,52.8742088368752],[-108.903238683224,52.8737730641738],[-108.902604710764,52.8731975823416],[-108.901552634316,52.8728313374387],[-108.90058657302,52.8727707979924],[-108.900041880685,52.8728903562796],[-108.899104330862,52.8730961381419],[-108.898387653158,52.8737801161298],[-108.897640696061,52.8743880991852],[-108.896698554096,52.8743856837883],[-108.896660843673,52.8739327864515],[-108.896716585822,52.8732273114759],[-108.897896670465,52.8723707841363],[-108.898829648504,52.8714839880344],[-108.899623709276,52.8709331152766],[-108.899002072625,52.8702393416571],[-108.897592527579,52.8701247230862],[-108.896056838504,52.8702860604619],[-108.894693691919,52.8707864401758],[-108.893502548578,52.8714699155562],[-108.892588949319,52.8721954150459],[-108.891825230809,52.8729007749962],[-108.890872549728,52.8739487628559],[-108.890858123373,52.8751245663276],[-108.891065853592,52.8761912295368],[-108.891323380408,52.8776795178412],[-108.889254504907,52.8785442218993],[-108.887037619384,52.8783354982022],[-108.885055813684,52.8783625814206],[-108.884185424535,52.8773051950593],[-108.884269750426,52.875675873588],[-108.884302183506,52.8739295145781],[-108.884606391551,52.8729725589326],[-108.88513916293,52.8719654318322],[-108.885485282872,52.8712107631389],[-108.885640228298,52.8706961673766],[-108.885210791793,52.8701105783154],[-108.884416297113,52.869851621181],[-108.882635271754,52.8696383399524],[-108.883245467483,52.8052326005603],[-109.003434490629,52.805307162236],[-109.002685974745,52.91659088125]]]},"properties":{"FID":2,"Id":0,"UNIQUE_ID":"PRF114","Shape__Area":81480055.8824768,"Shape__Length":50310.361383369062}},{"type":"Feature","id":3,"geometry":{"type":"Polygon","coordinates":[[[-104.110781189165,50.6726276696866],[-104.109959896096,50.7170897221456],[-104.110117222512,50.7310083832578],[-104.11015191138,50.7353303223027],[-104.110085158744,50.7426328534543],[-104.109957742523,50.7464265986387],[-104.110174662853,50.7854721636609],[-104.110079392715,50.7875682936099],[-104.108655247867,50.7873067518989],[-104.106966649162,50.7881465926205],[-104.104146121325,50.7870659326092],[-104.101975625895,50.7885046354422],[-104.098201894291,50.786401022781],[-104.095166203216,50.785731501439],[-104.091226673613,50.787657800889],[-104.090156154378,50.7853986516815],[-104.089744021338,50.7845288504495],[-104.087548038348,50.7837009250993],[-104.08977068921,50.7831717871527],[-104.09043950787,50.7822620931872],[-104.087493028774,50.7807355777095],[-104.079382860129,50.7816380944526],[-104.075546926712,50.783113633866],[-104.071827621593,50.7828321309643],[-104.066791520718,50.7845797531475],[-104.068721324254,50.7828700690943],[-104.068889964899,50.7788400214697],[-104.06539721548,50.7776595035038],[-104.062278268174,50.7777178074426],[-104.061218245514,50.7777040549462],[-104.059527427954,50.777141788431],[-104.05905917525,50.777055848141],[-104.058619296409,50.7769673253662],[-104.055295345924,50.7768655622922],[-104.05380406506,50.7774416973062],[-104.051959807161,50.7776092573928],[-104.051345633887,50.7775181783919],[-104.051892856551,50.7775051859285],[-104.051916827769,50.7769705977479],[-104.051308431811,50.7763924832379],[-104.04921461405,50.7760319003708],[-104.047064433489,50.7763189506259],[-104.046448325325,50.7763473529021],[-104.045607360241,50.7765981087555],[-104.045021651855,50.7766329208016],[-104.043100230602,50.7764585087311],[-104.042303565538,50.7760718456538],[-104.042056174097,50.7757454843714],[-104.041239206986,50.7752046122294],[-104.040089964002,50.7748591085234],[-104.039323849252,50.7747358528495],[-104.037453255591,50.7747219577388],[-104.032974246862,50.7739899165285],[-104.032060279105,50.774173740991],[-104.031434109402,50.774542586387],[-104.030216208261,50.775433185771],[-104.028092294641,50.7760937767714],[-104.025129239796,50.7768853998299],[-104.024383391462,50.7770447403582],[-104.022816710328,50.7770305743109],[-104.021432381505,50.777568964623],[-104.020660148521,50.7778040959263],[-104.019024432147,50.7783835634756],[-104.017877155927,50.7788820855293],[-104.017595379601,50.7791095186496],[-104.017889525444,50.7777795069658],[-104.017832897117,50.7771421155753],[-104.017131897932,50.7758929910405],[-104.015703384282,50.7746270922385],[-104.014374032095,50.7741874694278],[-104.012793339323,50.7739816746327],[-104.011638393797,50.7733518526805],[-104.010819930316,50.772608986299],[-104.0095658788,50.7716668663994],[-104.008431547018,50.7704844551612],[-104.007760894068,50.7702697393993],[-104.006877408332,50.77020275775],[-104.003254514318,50.7696031985054],[-104.001274806627,50.7694883726416],[-103.998391196732,50.769602000748],[-103.997163246384,50.7695476904545],[-103.996002236365,50.7694047179723],[-103.994316317672,50.7693733666965],[-103.991315641151,50.7693571789619],[-103.988846972327,50.7693782675209],[-103.987253689957,50.7696788490387],[-103.984893826678,50.7697124306335],[-103.981845350861,50.770614680994],[-103.980493362694,50.7718344829708],[-103.977705286834,50.7740575330459],[-103.976021621047,50.7752175214742],[-103.974314053673,50.7756402028174],[-103.971990265768,50.7780453240386],[-103.971364603653,50.7796701378641],[-103.970645860993,50.7805638963569],[-103.969000982491,50.7784264410835],[-103.965348040876,50.775842287514],[-103.962435752434,50.7745134132879],[-103.960194750962,50.7742892301444],[-103.957413740867,50.774494442987],[-103.955680916786,50.7751207135427],[-103.946620805643,50.777906220955],[-103.944813474647,50.7785165666586],[-103.942660672191,50.7810623521935],[-103.941926884066,50.7817331428538],[-103.940964914232,50.7826484549839],[-103.935391357712,50.7853888365321],[-103.930177532578,50.7884775328094],[-103.928487755539,50.7893010653041],[-103.926095776253,50.7898289557895],[-103.924317361444,50.7904138851025],[-103.921584392845,50.790680914488],[-103.920602496834,50.7909400045713],[-103.920750965715,50.7748118743084],[-103.921261910622,50.7463144428633],[-103.921562147601,50.7173156628021],[-103.921346577208,50.706647280342],[-103.921029850981,50.6729161129087],[-104.110781189165,50.6726276696866]]]},"properties":{"FID":3,"Id":0,"UNIQUE_ID":"PRQA79","Shape__Area":154644043.45779419,"Shape__Length":57190.654422742118}},{"type":"Feature","id":4,"geometry":{"type":"Polygon","coordinates":[[[-103.489534293519,51.0189197750892],[-103.489066721817,51.0385883328117],[-103.489057906285,51.0485825381475],[-103.271637800491,51.0482376482154],[-103.27026903428,51.0482339929141],[-103.270316154683,51.0314022596961],[-103.270465983144,50.9777935632721],[-103.48954869981,50.9778356093535],[-103.489551191571,50.9871866720916],[-103.489581096528,51.0099108501506],[-103.489534293519,51.0189197750892]]]},"properties":{"FID":4,"Id":0,"UNIQUE_ID":"PRQA84","Shape__Area":118967560.1395874,"Shape__Length":46096.460053558832}},{"type":"Feature","id":5,"geometry":{"type":"Polygon","coordinates":[[[-104.444337069281,51.4453362709644],[-104.444337169232,51.4454409926418],[-104.491505384217,51.4453022958047],[-104.491021986244,51.5376967735964],[-104.444431308554,51.5378163868502],[-104.441698673816,51.5377830615149],[-104.441658466572,51.5377731369508],[-104.406416105484,51.5378427006638],[-104.406235661882,51.5379506642286],[-104.405329289779,51.537945615706],[-104.405312507886,51.5378471106644],[-104.397580718522,51.5378752501008],[-104.375098478078,51.5379535229659],[-104.337471085709,51.5380550743819],[-104.336346410043,51.4750672640485],[-104.335813890311,51.4454197308724],[-104.397095056777,51.4453507668919],[-104.442592382991,51.4452942916205],[-104.44437543455,51.4452916759184],[-104.444337069281,51.4453362709644]]]},"properties":{"FID":5,"Id":0,"UNIQUE_ID":"PRQA88","Shape__Area":108554503.44799805,"Shape__Length":41724.676346102089}},{"type":"Feature","id":6,"geometry":{"type":"Polygon","coordinates":[[[-104.242914385856,51.5379612199069],[-104.177219695474,51.5379726368672],[-104.176306971447,51.5379724972753],[-104.176353166049,51.4976914890262],[-104.210598155625,51.4977769768695],[-104.293277674451,51.4979359395579],[-104.294083260821,51.4979371589122],[-104.294760017088,51.5381534522346],[-104.294767887118,51.5386206951953],[-104.337160696065,51.5383968530524],[-104.337119345593,51.5907010937054],[-104.336657116927,51.6104992918311],[-104.242548824408,51.6100403215676],[-104.24291127469,51.538533724794],[-104.242914385856,51.5379612199069]]]},"properties":{"FID":6,"Id":0,"UNIQUE_ID":"PRQA87","Shape__Area":87437266.825057983,"Shape__Length":46877.389955147693}},{"type":"Feature","id":7,"geometry":{"type":"Polygon","coordinates":[[[-103.71734033565,51.8278092176033],[-103.717307256175,51.9159674358894],[-103.575789830785,51.9159396767563],[-103.575803393394,51.8608587392166],[-103.575797940621,51.8599511854976],[-103.577056213791,51.8601562595922],[-103.576987708005,51.8603551114549],[-103.57743384971,51.8604564216235],[-103.577867059993,51.8608544985542],[-103.578399747134,51.860972672427],[-103.57868379277,51.861156991657],[-103.578909026427,51.8614627552778],[-103.580752558809,51.8629799660549],[-103.582448895917,51.86352570141],[-103.583044366009,51.8634285066898],[-103.584677525592,51.8634797924795],[-103.584780444917,51.8635324273513],[-103.585310833631,51.8636245525634],[-103.585800612673,51.8639133806314],[-103.585748833348,51.8644410355283],[-103.585901328033,51.8645460741528],[-103.586372653003,51.8645771594997],[-103.587472260199,51.8647660494158],[-103.590669455645,51.8659212754265],[-103.592222904556,51.8664140829582],[-103.592990575314,51.8666576008301],[-103.594885809527,51.8667085896324],[-103.596853150823,51.8658381383694],[-103.597147528532,51.8656588681576],[-103.59919265712,51.8649015448932],[-103.600130432422,51.864504762762],[-103.601006482136,51.864134083112],[-103.601425395096,51.8641469653705],[-103.60247995512,51.8641793884921],[-103.602943721956,51.8639773912547],[-103.602965866874,51.8639677460397],[-103.603088054545,51.8639145259867],[-103.603133959273,51.8633655331947],[-103.602888552199,51.8630297941825],[-103.602285505002,51.8621036763762],[-103.604335008227,51.8608186423649],[-103.604772258256,51.8607666406378],[-103.604972701001,51.860742801374],[-103.608460111882,51.8601541650596],[-103.609341582604,51.8597262453029],[-103.610144998433,51.8592680675407],[-103.611158021702,51.8591678983602],[-103.612276265489,51.8585726479011],[-103.612206521334,51.8582114827019],[-103.612190880097,51.8581304899783],[-103.612732201343,51.858075728325],[-103.613505961693,51.8579974482102],[-103.614701863476,51.8577556461985],[-103.617015796739,51.8577823008736],[-103.618834663468,51.8579381656719],[-103.620038223591,51.8581091207688],[-103.622290174635,51.8582748430018],[-103.623565100679,51.8583686436796],[-103.625655784812,51.8581021010589],[-103.626539692648,51.8576317399907],[-103.627784585154,51.8548922835954],[-103.627148233017,51.8531282821177],[-103.62398079585,51.852892043178],[-103.622795927393,51.8522112746421],[-103.622029384421,51.8515393635541],[-103.620971986468,51.8511130118915],[-103.620061646726,51.8506521338962],[-103.619066921439,51.8504562027842],[-103.617700635221,51.8504094968858],[-103.616628975319,51.8500800764889],[-103.614333632349,51.8483249876841],[-103.613634138145,51.8476478069901],[-103.613182637054,51.8474113372115],[-103.612084835629,51.8466996858556],[-103.611955364782,51.8466157541205],[-103.610699380094,51.8460881005108],[-103.610351738136,51.846015489835],[-103.609011219724,51.8459648405584],[-103.608353703663,51.8460318157621],[-103.607624369444,51.8460914647679],[-103.606902965927,51.8462917334236],[-103.606125157185,51.8465973657283],[-103.605769707095,51.8467370324739],[-103.604120124778,51.8477442025272],[-103.603789922314,51.8481427890794],[-103.602892317929,51.8488112631375],[-103.60252318126,51.8494158833739],[-103.601933029999,51.8500278067361],[-103.601608973835,51.8503638097554],[-103.600239135447,51.8507711952196],[-103.599405134181,51.8509017942942],[-103.599007688939,51.8509640282122],[-103.59888795885,51.8509034159137],[-103.598536631675,51.8507255606348],[-103.598275869709,51.8504740925051],[-103.598318730632,51.8497680440793],[-103.59763961694,51.8492406678053],[-103.597193645893,51.8485616533932],[-103.59688633036,51.8483753916541],[-103.596085802438,51.8470520937329],[-103.595441085521,51.8465076747263],[-103.594955356688,51.8459592944579],[-103.594227174543,51.8457299772681],[-103.594057892448,51.8455115818999],[-103.595024099613,51.8452322260353],[-103.595975179172,51.8446759927633],[-103.597410597659,51.8434278204044],[-103.597558590058,51.8431257104872],[-103.59767317972,51.8423165232609],[-103.59757669068,51.8418992401448],[-103.596815959011,51.8414292955956],[-103.596652909036,51.8411081321849],[-103.596650185829,51.8407996676131],[-103.596648014051,51.8405536007266],[-103.595462297774,51.8400273687894],[-103.594782945661,51.8393700934292],[-103.594609972266,51.8393404657267],[-103.594119434068,51.8389135827604],[-103.593243590506,51.8386280079473],[-103.593060004341,51.8380685327967],[-103.592630316303,51.8377154276904],[-103.5926014506,51.8374991862371],[-103.592881801858,51.8373374712436],[-103.593224313873,51.837205048605],[-103.59319296425,51.8369775070996],[-103.592733925336,51.8365788170801],[-103.592658659311,51.8363204466012],[-103.593096441141,51.8362835834731],[-103.593612856521,51.8364357510259],[-103.594014566015,51.8367269385445],[-103.594633429927,51.8367383476631],[-103.595282414726,51.8362737502947],[-103.595671256872,51.8359953779387],[-103.596641502029,51.8358576138003],[-103.5977773302,51.8357713895775],[-103.599051375178,51.8357400670647],[-103.599839402292,51.8355926352101],[-103.600086613147,51.835689655076],[-103.600256791169,51.8359773140672],[-103.600767096915,51.8363340536347],[-103.601231681707,51.8367348606062],[-103.602071585078,51.836877676408],[-103.602477015892,51.8368762855189],[-103.604257747264,51.8368701547919],[-103.604258718714,51.8370910514162],[-103.604207673362,51.8373457983128],[-103.604425664019,51.8374852244497],[-103.604715956075,51.8374944568624],[-103.604831660079,51.8374257728605],[-103.604881662875,51.8371121853928],[-103.604972979632,51.8369866298058],[-103.605446849423,51.8369245727221],[-103.605655942561,51.8368480122996],[-103.605889482662,51.8366662653428],[-103.606352451321,51.8329295126146],[-103.605598358774,51.8319324258273],[-103.604922154605,51.8312896968262],[-103.604759970735,51.8308761555845],[-103.60371884455,51.8300132539303],[-103.602884040108,51.829873176373],[-103.60216288954,51.8296829618889],[-103.601476801121,51.8293305272587],[-103.600941913996,51.8290654409716],[-103.600190156336,51.8287481944758],[-103.598990868825,51.8283542299199],[-103.598368681079,51.8280928997298],[-103.59772355458,51.8280597728932],[-103.596440873959,51.8280501910585],[-103.595736104277,51.8277771375109],[-103.71734033565,51.8278092176033]]]},"properties":{"FID":7,"Id":0,"UNIQUE_ID":"PRQA89","Shape__Area":85148686.940368652,"Shape__Length":45730.634152257306}},{"type":"Feature","id":8,"geometry":{"type":"Polygon","coordinates":[[[-106.747848324879,51.9044317441073],[-106.747919337216,51.9179995863853],[-106.736336807248,51.9180069069149],[-106.736344867899,51.9106761560374],[-106.724725518575,51.9106749214576],[-106.724760745255,51.8961594570046],[-106.712634616908,51.8961589854013],[-106.712804009963,51.8818143888671],[-106.738747193308,51.8817694310063],[-106.745747120785,51.8817534642465],[-106.745702689284,51.8822626825617],[-106.745298883641,51.8831096734076],[-106.745114156266,51.8836610349406],[-106.745100577021,51.8842403147882],[-106.745044664293,51.8856725076077],[-106.745133204547,51.8865049948543],[-106.745250028289,51.887487919643],[-106.745368877605,51.8880519012505],[-106.745667367125,51.8884732160473],[-106.745974686748,51.888867010203],[-106.745544846937,51.8895215757852],[-106.745098813015,51.8908816129904],[-106.744988208852,51.8914906692645],[-106.744103083701,51.892992544809],[-106.743877609672,51.893664564585],[-106.74325950115,51.8948540030764],[-106.743093454222,51.8951464819809],[-106.74268740644,51.8960629672046],[-106.74201303377,51.8968799009372],[-106.742146966034,51.8984856791837],[-106.742588956531,51.8993290440179],[-106.743151606229,51.9007050696414],[-106.743319161663,51.9012157468494],[-106.743589668596,51.9014909227471],[-106.743530914134,51.9019614916769],[-106.744226734488,51.9028914888137],[-106.745230260795,51.9034215332267],[-106.745876690192,51.9037443757651],[-106.747619127645,51.9043712268534],[-106.747848324879,51.9044317441073]]]},"properties":{"FID":8,"Id":0,"UNIQUE_ID":"PRF94","Shape__Area":6335305.60345459,"Shape__Length":12847.032734155133}},{"type":"Feature","id":9,"geometry":{"type":"Polygon","coordinates":[[[-103.700412871395,52.4235944563749],[-103.627274947152,52.4234944339909],[-103.627275033113,52.4232634064946],[-103.627562543147,52.319775067683],[-103.627548799585,52.3197126928593],[-103.627381919172,52.3197888348583],[-103.627140406242,52.3197874027252],[-103.626941766727,52.3196982326901],[-103.62664017772,52.3193308543165],[-103.625930694593,52.3190044552757],[-103.625862589508,52.3186523619069],[-103.625698180357,52.3185480488646],[-103.625411648339,52.3184963043734],[-103.624956118768,52.3185329313251],[-103.624375202809,52.3187632057959],[-103.623998180172,52.3187780390158],[-103.623710170692,52.3186942175705],[-103.623695239174,52.3186834158987],[-103.623267034931,52.3183736563951],[-103.622738795703,52.3182420781187],[-103.622484130649,52.3181009873056],[-103.622270205479,52.3180803596289],[-103.622066734814,52.3181343747717],[-103.621657285817,52.3183451232085],[-103.621323640255,52.3183063173528],[-103.621148547455,52.3181407069252],[-103.621081801567,52.3179399067645],[-103.620825072432,52.3176982062194],[-103.620629901652,52.3173432158879],[-103.620327508305,52.3172087195397],[-103.620176173837,52.317141410146],[-103.619484892203,52.3170351547389],[-103.61932674252,52.3168663241778],[-103.619309621672,52.3166307361966],[-103.619068725049,52.3164336736041],[-103.619109612678,52.3162790339602],[-103.619203607903,52.316206581214],[-103.619458245372,52.3161835743078],[-103.619783731612,52.3162971086982],[-103.620010776713,52.316276982402],[-103.620052146049,52.316220921121],[-103.62006067006,52.3162093675387],[-103.620028875265,52.3161664664259],[-103.619917017168,52.316015536713],[-103.619887424923,52.3159756089571],[-103.619887838492,52.3158587485685],[-103.620049270656,52.315711879308],[-103.62000254959,52.3154886781754],[-103.619836070064,52.3153881374409],[-103.619411304768,52.3153362152304],[-103.619109237789,52.3153315620752],[-103.618677992529,52.3153249178056],[-103.618424930165,52.3153840827437],[-103.618285994819,52.3153768649606],[-103.61831495355,52.3151821273517],[-103.618510028058,52.3148445209678],[-103.618508703069,52.3148230511589],[-103.618502809437,52.3147274631028],[-103.618404866025,52.3147351235697],[-103.618223094999,52.3147493419068],[-103.617788960571,52.3149771188885],[-103.617514274598,52.3150127410521],[-103.617476348082,52.314883545511],[-103.617717315243,52.3146240321625],[-103.617648326486,52.3144171679626],[-103.617347113345,52.3142519240202],[-103.616665003185,52.3138777144627],[-103.61650071691,52.3136481150013],[-103.61626319621,52.3134859140206],[-103.615731496286,52.3134555283704],[-103.615287152032,52.313614642842],[-103.61524490184,52.3136829447343],[-103.615217289494,52.3139204064449],[-103.616178426667,52.3146160005376],[-103.616052501274,52.3147729637609],[-103.615825084718,52.3147835104997],[-103.615526011731,52.3146888009036],[-103.614904837426,52.3147256543137],[-103.614652949626,52.314740596759],[-103.614543039452,52.3147216138884],[-103.614238799407,52.3142626301327],[-103.614259352004,52.3139623931785],[-103.61433000791,52.3138071996623],[-103.614369817261,52.313719757965],[-103.614890558365,52.3133040741007],[-103.614801809612,52.3130834849871],[-103.614378117488,52.3130891318604],[-103.614233345644,52.3132183772728],[-103.61414466403,52.3134213423085],[-103.614041964106,52.3134686696999],[-103.614004419989,52.3134723308535],[-103.613771736141,52.3134950216509],[-103.613017324325,52.3132932858914],[-103.612795770328,52.3130759651213],[-103.61179200531,52.3128049292401],[-103.611335939195,52.3126040727709],[-103.610965194368,52.3125452710017],[-103.610465626795,52.312550063222],[-103.610348453154,52.3125817614236],[-103.610268446445,52.3126017795956],[-103.609943724417,52.3126830262091],[-103.609946725423,52.3126368410523],[-103.609899084929,52.3005292777946],[-103.681008557783,52.3005249538328],[-103.68104909288,52.3006013629819],[-103.681394658717,52.3009253562712],[-103.681600215377,52.3012407923333],[-103.681735897716,52.3013509770703],[-103.681811149869,52.3014120874723],[-103.681966833883,52.3016440664877],[-103.682279658766,52.301942799628],[-103.683405752555,52.3027737835293],[-103.68368047397,52.3028916512579],[-103.684475765352,52.3029881071105],[-103.684757579052,52.3030909547465],[-103.685371820262,52.3037396297259],[-103.685658042322,52.3039233219983],[-103.686964159179,52.3040836864846],[-103.687951073119,52.3041682818524],[-103.6884851314,52.3043461076609],[-103.688767492564,52.3045648558935],[-103.689321926132,52.3054316509782],[-103.689545020818,52.3056416294336],[-103.690393002966,52.3058087978598],[-103.690788439242,52.3057940939348],[-103.691722099,52.305759370092],[-103.692052026464,52.3058645677013],[-103.692185364047,52.3060606640916],[-103.692198840598,52.3065759117624],[-103.692142359616,52.3067196713908],[-103.69201603178,52.3070412012623],[-103.692177334912,52.3077317669294],[-103.692279702225,52.3078223330009],[-103.692369794622,52.308020681194],[-103.692790521167,52.3083956288237],[-103.693419701166,52.308659859495],[-103.693869586625,52.3090337426253],[-103.69428610418,52.3099051344428],[-103.694378296262,52.3103159520223],[-103.694478848626,52.3104796061246],[-103.694654736122,52.3107229733116],[-103.69462642287,52.3111087433899],[-103.694518563501,52.3114027470165],[-103.693808376345,52.3137094520918],[-103.693731031411,52.3141831879822],[-103.694147949515,52.3146455128704],[-103.694024294773,52.3153833457477],[-103.694005070343,52.3155338402146],[-103.693980878953,52.3157232026034],[-103.693870760957,52.3158547390958],[-103.693717809466,52.3159287577529],[-103.693395752173,52.3160048054575],[-103.693169205247,52.3163055721842],[-103.69315668923,52.3166195968183],[-103.69318011498,52.3168093170706],[-103.692925754602,52.316955942562],[-103.69281204452,52.3170750663119],[-103.693350550753,52.3172554781859],[-103.693525434161,52.3173239986278],[-103.693489960325,52.3173934948093],[-103.693348955475,52.3174681338295],[-103.693258700939,52.3175577355701],[-103.693309845615,52.3176434041313],[-103.693527658652,52.3179028074892],[-103.693640794084,52.3179403305963],[-103.693734576866,52.3179714353064],[-103.693932411319,52.3180564758301],[-103.694085295423,52.3181687787622],[-103.694095100083,52.3183831202737],[-103.693971271802,52.3184414138235],[-103.690909432038,52.3198827169248],[-103.689125560116,52.3206156181588],[-103.687714641383,52.3218996923327],[-103.687300575732,52.32255538691],[-103.681685202227,52.3242137960421],[-103.680095926391,52.3242542589714],[-103.67882375069,52.3240115230978],[-103.677943399336,52.3234793185524],[-103.676491099345,52.3231118042653],[-103.675979176498,52.3225252823501],[-103.674178348835,52.3217906558565],[-103.673103924208,52.3207509773791],[-103.671241320047,52.3197828698898],[-103.670407917262,52.3189116068562],[-103.669587365774,52.3183204336414],[-103.669144791288,52.3178136256275],[-103.669014163708,52.3172744887019],[-103.669300473684,52.316681973504],[-103.668874982621,52.3162959807811],[-103.668279214908,52.3160404327162],[-103.66798212044,52.3158270183328],[-103.6678078717,52.3156277288811],[-103.667468546146,52.3154484249898],[-103.667208558088,52.3149996223381],[-103.665810028933,52.3143078974491],[-103.665048355821,52.3132974664897],[-103.663045946548,52.3121823457889],[-103.660950015317,52.3108661410257],[-103.659483404552,52.3097507497205],[-103.657548092322,52.3091522016132],[-103.65368446837,52.3083125564762],[-103.650129899553,52.307984044702],[-103.648206105012,52.3079812493186],[-103.646084168583,52.3073086327759],[-103.644734737742,52.3068248938385],[-103.642868027969,52.3058771642114],[-103.640881352356,52.3049479861247],[-103.640208980757,52.3047048462883],[-103.639364946404,52.3045860955976],[-103.638129847716,52.3044573154328],[-103.63715469401,52.3046001120722],[-103.636431816176,52.3048012253285],[-103.636046092203,52.3048151932114],[-103.63532037465,52.3046009382121],[-103.634237400099,52.3043493625902],[-103.633982543838,52.3045479406608],[-103.634427565796,52.3048896057684],[-103.635824293803,52.3053410409107],[-103.638459166831,52.3056215235778],[-103.640460908239,52.3057899725206],[-103.641964782834,52.3067213050319],[-103.642891498686,52.3073892893323],[-103.64375642235,52.3080930084819],[-103.644796894548,52.308421407028],[-103.646540892569,52.3088191653372],[-103.647164849578,52.3090235526627],[-103.649492000903,52.3097339728105],[-103.652158458263,52.3095802558621],[-103.655650384626,52.3100566625865],[-103.657896865367,52.3109173110095],[-103.660614058624,52.3121814025928],[-103.662735062685,52.3145214380169],[-103.665894770795,52.3164011397466],[-103.669022559369,52.3183067804936],[-103.670628128756,52.3205501795285],[-103.672219309244,52.3220486357305],[-103.67643691706,52.324398837006],[-103.67962147521,52.3260700763965],[-103.683573234596,52.327753505577],[-103.685845800788,52.3305055164862],[-103.686417491004,52.3309190309443],[-103.68815091112,52.3337990889215],[-103.691555442038,52.3368106458332],[-103.694016753908,52.3392001717352],[-103.694548275333,52.3397225262699],[-103.695375129224,52.3400409005051],[-103.696021192162,52.3407476213495],[-103.696753948373,52.341297788137],[-103.696432063225,52.3418174307492],[-103.695132046586,52.3425388856262],[-103.693804158238,52.3429194002216],[-103.691894493674,52.3442996833961],[-103.690776734154,52.3457593432417],[-103.690899944817,52.346933400728],[-103.692210324059,52.3488098592639],[-103.693582067157,52.3506811540856],[-103.694874982628,52.3512982124278],[-103.695151999266,52.3523924765062],[-103.695717816653,52.3534528644234],[-103.696767173683,52.3536796856967],[-103.6960700408,52.3541873683302],[-103.695245624406,52.3547535273192],[-103.694686374337,52.3560229788724],[-103.693821049234,52.3567488386425],[-103.692178148344,52.3579132947737],[-103.690782820984,52.3588236722096],[-103.690014096613,52.3594713999883],[-103.689511680901,52.3607963361414],[-103.688646539665,52.3627115003542],[-103.687606591609,52.363848452012],[-103.68847615791,52.3663639348365],[-103.688682644235,52.3677924825226],[-103.687632284136,52.3688836732004],[-103.686748281442,52.3698675733027],[-103.686983806121,52.3704074754404],[-103.686524187899,52.3719684867951],[-103.686796474679,52.3730032398457],[-103.686777268113,52.3737629449686],[-103.686303119126,52.3748543715977],[-103.685719600443,52.3761261778828],[-103.685389543981,52.3762578657419],[-103.684967952637,52.3762933175409],[-103.684962341213,52.3761348346047],[-103.684462777394,52.3756449528931],[-103.684174216921,52.374715489873],[-103.683807738449,52.3743733742602],[-103.683325719884,52.373961494542],[-103.683055355583,52.3735134795275],[-103.682716047902,52.373425847907],[-103.682412619942,52.3729194766072],[-103.682778209156,52.3727236746253],[-103.682729730066,52.3725076621386],[-103.682562640871,52.3722527135795],[-103.681996683582,52.3720007293781],[-103.681519007355,52.3720531120164],[-103.681318268175,52.3716481528119],[-103.68098167346,52.3715725173026],[-103.680313805065,52.3709496737434],[-103.680357600085,52.3704492701638],[-103.680731200263,52.3702363728406],[-103.680857618302,52.3700346994138],[-103.680626025871,52.3697675968594],[-103.680664690005,52.3691052374375],[-103.680334301132,52.3688846493549],[-103.680129736951,52.368477017868],[-103.680204498673,52.3681902781616],[-103.680092334574,52.3676538193051],[-103.679701495118,52.3672609813972],[-103.679755644245,52.3671011782001],[-103.679381103628,52.3666248056129],[-103.67885488521,52.3650766172343],[-103.678597674189,52.3648986951219],[-103.678214643936,52.364872199248],[-103.67786016731,52.3652580323674],[-103.677891307721,52.3656818840353],[-103.677769169596,52.3658212625834],[-103.676396797253,52.3657722579039],[-103.675911047539,52.3661143370692],[-103.676021384108,52.3662928693538],[-103.67641329139,52.3669289877722],[-103.676469017321,52.3672060105906],[-103.67704193255,52.3677580346802],[-103.677406706597,52.3685336671324],[-103.678149405908,52.3689812388587],[-103.67889960175,52.3700792361706],[-103.678895697677,52.3705177782858],[-103.679141108171,52.3708518984136],[-103.679351299308,52.3710289955237],[-103.679745648622,52.3712671285997],[-103.679900739061,52.3715531939816],[-103.680573754874,52.3719696221277],[-103.681382645872,52.3726876402296],[-103.681215616848,52.3732094582601],[-103.682975887188,52.3738748849461],[-103.682908636607,52.3745500876683],[-103.683194931003,52.374850820949],[-103.683079629994,52.3753534171331],[-103.683261341328,52.375457805558],[-103.683651451882,52.3755988047681],[-103.683916165231,52.3759912792351],[-103.683855173184,52.3762056427415],[-103.683270376052,52.3766465699954],[-103.68312735224,52.3769167989646],[-103.683739001825,52.3770167383269],[-103.683218405289,52.3772252240338],[-103.682782138215,52.3783886305053],[-103.682245976141,52.3790858248238],[-103.681444059475,52.3811313436651],[-103.681309164844,52.3820339229831],[-103.681369470688,52.3830940011948],[-103.681891669265,52.3845500220414],[-103.682654746018,52.3852147516889],[-103.683552828867,52.3850991970857],[-103.684192076871,52.385321482294],[-103.684686275193,52.3855782175078],[-103.685305368091,52.3863586863488],[-103.685940885554,52.3866614127501],[-103.687115395664,52.3869989496304],[-103.687235508167,52.3873717210935],[-103.686940535882,52.387975841241],[-103.687019532203,52.3887830815444],[-103.687732639514,52.3895787411737],[-103.687804409135,52.390303118511],[-103.687803670802,52.3907553409992],[-103.688137430474,52.3909331829995],[-103.688482210152,52.3909130932454],[-103.689469516665,52.3905139652455],[-103.690273431655,52.390335046686],[-103.69072185536,52.3899990387576],[-103.691010030665,52.3895652072997],[-103.691009588083,52.3891422990929],[-103.690776328842,52.3888814414296],[-103.6901516301,52.3884976902944],[-103.68901356446,52.3880636217629],[-103.688166659785,52.3872088286042],[-103.688153187994,52.3871164696265],[-103.687818999574,52.3868596465882],[-103.687769483065,52.3865744308712],[-103.68798899928,52.3864179580591],[-103.688290450311,52.3863347300322],[-103.688340366764,52.3861034809121],[-103.688169280193,52.3857305467179],[-103.687395171768,52.3850699753019],[-103.687160642607,52.384608885918],[-103.687170933411,52.3843631629945],[-103.68746414698,52.3844052841022],[-103.687696207101,52.3845638467761],[-103.688456740711,52.385261171939],[-103.688993984352,52.3856122121181],[-103.689120462762,52.3857217777186],[-103.689006799319,52.3862522220083],[-103.689774894225,52.3867886366583],[-103.690536765053,52.3871029709363],[-103.692403292565,52.3873424468787],[-103.692923565663,52.3877856130322],[-103.69311565067,52.3882355251887],[-103.692836861325,52.3891702664074],[-103.692318564888,52.3903547199622],[-103.69127155465,52.3909575751894],[-103.690461675651,52.3914292034313],[-103.690352822715,52.391794525968],[-103.689920283773,52.3920873468279],[-103.689260911794,52.3921997889153],[-103.688266896699,52.3928172064538],[-103.687862708413,52.393498135813],[-103.686236243133,52.3947618146521],[-103.686098323986,52.3954133962671],[-103.686233806424,52.3963202520583],[-103.686817115819,52.3973981578394],[-103.687364847175,52.3988838377747],[-103.688388391359,52.4008482185529],[-103.690401856722,52.4028011200237],[-103.693304195814,52.4037607611895],[-103.695038659909,52.4043886874823],[-103.695781081592,52.4048421174099],[-103.697338293739,52.4049594763443],[-103.698309447629,52.40476310099],[-103.698600622336,52.4048252190263],[-103.698638707882,52.4048810495986],[-103.697901065996,52.405624238504],[-103.697316727766,52.4059277703745],[-103.696815866881,52.4060051370224],[-103.6963889256,52.4059275799702],[-103.695905934968,52.4057999524641],[-103.695490361105,52.4055453433382],[-103.694956745007,52.4053632745767],[-103.695038872304,52.4056146341862],[-103.69496095664,52.4059225023009],[-103.69469794478,52.4061755059693],[-103.694783130138,52.4063835643369],[-103.694920952001,52.4064884149323],[-103.695037864855,52.4065773580411],[-103.695582859749,52.4065823782247],[-103.695971729911,52.4066044441515],[-103.696252054689,52.4067412984494],[-103.696247710846,52.407148635557],[-103.696124972328,52.4074170583658],[-103.696120297741,52.4078389996981],[-103.695945636266,52.4080412286582],[-103.695924124372,52.4080578547914],[-103.695780416404,52.4081689306127],[-103.695118904864,52.4082342012336],[-103.694883944258,52.4084014290723],[-103.694751602511,52.4084189732817],[-103.694508396187,52.4084330209831],[-103.694305245522,52.4083571451397],[-103.694179425915,52.4082988060036],[-103.69379541631,52.4082461564828],[-103.693339809153,52.4086298582701],[-103.693061261762,52.4090769487721],[-103.693068825054,52.4095151583668],[-103.693158514244,52.4097319126785],[-103.693396743392,52.4103076430579],[-103.694196543102,52.4112946926469],[-103.694198498962,52.4114484021214],[-103.693973239012,52.411601878046],[-103.693749993779,52.4117539804695],[-103.69374715175,52.4120106768894],[-103.693860463554,52.4121208266489],[-103.694213764399,52.4122620829122],[-103.694428291178,52.4122700565065],[-103.694566200175,52.4122751814625],[-103.695200006749,52.4122133194458],[-103.695685069004,52.4122152575872],[-103.695581843067,52.412377817152],[-103.694919237393,52.4126016774749],[-103.694747471646,52.4127022828563],[-103.694253497361,52.4129916052984],[-103.694172313784,52.4131809817705],[-103.694655933227,52.4132916860938],[-103.695246859827,52.413297437071],[-103.695736267768,52.4135302895725],[-103.696250973275,52.4135849429969],[-103.696850116592,52.4137883258603],[-103.696998005629,52.4141543408574],[-103.69705043251,52.4147109371466],[-103.697553413621,52.4150693399098],[-103.697551767626,52.4153856033537],[-103.697342153806,52.4156837440379],[-103.697239387054,52.4157252024371],[-103.696714635669,52.4159368986818],[-103.696414623448,52.4161853227754],[-103.696340320317,52.4165709097074],[-103.696240224031,52.4166960480182],[-103.695277559143,52.417073836115],[-103.694343105998,52.4170840403874],[-103.692705796163,52.416745851894],[-103.692279327921,52.4163001361898],[-103.691595935133,52.4158931206028],[-103.691114031253,52.4155945410335],[-103.691127423092,52.4149094084083],[-103.690968001557,52.4145399812702],[-103.690699602146,52.414186718997],[-103.690115846193,52.413680370827],[-103.689814133071,52.4132282201594],[-103.689797342079,52.4126950736412],[-103.689564306091,52.4122750838144],[-103.688656864042,52.4113957575849],[-103.688334710814,52.4107599757325],[-103.688416385587,52.4102811655066],[-103.688476892622,52.4097729689853],[-103.68820738532,52.4090921602469],[-103.687400911508,52.4085811511771],[-103.687182017185,52.40841700514],[-103.687740530384,52.4081162822411],[-103.687843000329,52.4078271755001],[-103.687575074955,52.4076716052598],[-103.68669510229,52.4073840994874],[-103.685713072008,52.4065066158714],[-103.685521837006,52.4068705173749],[-103.686106044759,52.4074962150668],[-103.686340255551,52.4082348064264],[-103.686770573393,52.4087830013428],[-103.687584102073,52.4096189966086],[-103.687686331622,52.4103269455527],[-103.687835553608,52.4112510803761],[-103.688152764281,52.4118616342525],[-103.688639640436,52.4121813491669],[-103.688943848046,52.4126277264669],[-103.688903874672,52.4133568196449],[-103.68963309526,52.4142038034096],[-103.689657009664,52.4150449625591],[-103.690293182336,52.4159515304903],[-103.69082274897,52.416282683608],[-103.691648801087,52.4166167343531],[-103.691919599756,52.4170113814886],[-103.691984510305,52.4172494165804],[-103.692315475476,52.4175068224977],[-103.692743591523,52.4175890929091],[-103.693273876362,52.417467975779],[-103.693689492629,52.4173675295664],[-103.694736759788,52.4174116274212],[-103.696168724188,52.4174719058832],[-103.697359076077,52.4176681249496],[-103.69771601566,52.4179275071782],[-103.697674176845,52.4182916794411],[-103.697561535092,52.4184336621885],[-103.696967332536,52.4188720872179],[-103.696551150658,52.4192232252019],[-103.696293637038,52.4196322544683],[-103.696333181845,52.4199364583037],[-103.696343448563,52.4200154326227],[-103.69701345751,52.4216476932946],[-103.697591619699,52.4220930107847],[-103.69826457118,52.4224538246555],[-103.699285699933,52.4227435970676],[-103.700326919207,52.4229203563923],[-103.700749278746,52.4231283147354],[-103.700828089679,52.4234277986468],[-103.700723278455,52.4235688054712],[-103.700412871395,52.4235944563749]]]},"properties":{"FID":9,"Id":0,"UNIQUE_ID":"PRQA90","Shape__Area":58337891.6043396,"Shape__Length":58726.430443050085}},{"type":"Feature","id":10,"geometry":{"type":"Polygon","coordinates":[[[-104.284848077991,52.5875483934729],[-104.284858885453,52.6016588533257],[-104.284858926675,52.6017125413184],[-104.28482210962,52.6311308887954],[-104.260853828473,52.6313828505301],[-104.165302511212,52.6312556688201],[-104.16535369641,52.5874934671483],[-104.284848077991,52.5875483934729]]]},"properties":{"FID":10,"Id":0,"UNIQUE_ID":"PRF91","Shape__Area":38469492.495605469,"Shape__Length":25589.148693269843}},{"type":"Feature","id":11,"geometry":{"type":"Polygon","coordinates":[[[-106.272068321359,52.8446466227857],[-106.271241023701,52.8158512342713],[-106.271343581887,52.8013817727319],[-106.284390561209,52.8012126601559],[-106.295235051981,52.801108132482],[-106.295217352949,52.7901494729243],[-106.295215510363,52.7891147674567],[-106.295300977754,52.7674802687017],[-106.295592795206,52.7567314039451],[-106.344222219638,52.7567770840406],[-106.441882102823,52.7568000621853],[-106.441844924579,52.7610117026308],[-106.442743783762,52.7823056421479],[-106.442551450925,52.7978971404735],[-106.44236662214,52.8128078641743],[-106.442337468177,52.8304484562133],[-106.369022140004,52.8305914601195],[-106.357924864843,52.8306081871321],[-106.344891784845,52.8306266944754],[-106.344512825121,52.8452310961051],[-106.344772664077,52.8487954571467],[-106.344858115482,52.8531952240757],[-106.345224625332,52.872855778374],[-106.34539083103,52.881703346825],[-106.345544803118,52.8848495406444],[-106.345525014121,52.8892165239125],[-106.29654150844,52.8889926176464],[-106.27268036506,52.8888754410787],[-106.272068321359,52.8446466227857]]]},"properties":{"FID":11,"Id":0,"UNIQUE_ID":"PRF96 & 97","Shape__Area":115547209.62823486,"Shape__Length":51670.004971953487}},{"type":"Feature","id":12,"geometry":{"type":"Polygon","coordinates":[[[-104.781841807198,53.128282235291],[-104.770800304174,53.1282684799503],[-104.764003680442,53.1282722394528],[-104.76397826204,53.1049098939373],[-104.763976390664,53.1030943530569],[-104.763976332776,53.1030931505517],[-104.76395343889,53.0820397670443],[-104.782094874173,53.0818215829724],[-104.78269855608,53.016467344021],[-104.759631515571,53.016473564821],[-104.761323185703,52.9292607454775],[-104.882280984198,52.929252179332],[-104.906181224181,52.929227784897],[-104.906168037296,52.9499480453979],[-104.906156482306,53.0163482973283],[-104.906280082928,53.0163485845974],[-104.928284328709,53.016396222056],[-104.928185168622,53.0425811373682],[-104.928130204791,53.0426673435755],[-104.928159749177,53.0473107635331],[-104.928095157999,53.0742905761052],[-104.928139024522,53.0782602588101],[-104.928144909958,53.0788091695896],[-104.815338935041,53.0790526665055],[-104.815296054581,53.1283418443013],[-104.804530329559,53.1283046998896],[-104.781841512334,53.1282762189338],[-104.781841807198,53.128282235291]]]},"properties":{"FID":12,"Id":0,"UNIQUE_ID":"PRF100A","Shape__Area":176530254.9175415,"Shape__Length":68290.327887028936}},{"type":"Feature","id":13,"geometry":{"type":"Polygon","coordinates":[[[-105.470900018114,53.1205890906959],[-105.467913193586,53.1208174722321],[-105.466043913499,53.1211572225356],[-105.464374824379,53.1228451016838],[-105.459544154011,53.1263420478586],[-105.456005712494,53.1280277553358],[-105.454893736919,53.1288139951277],[-105.453594622682,53.130842654141],[-105.452105003117,53.1326454182677],[-105.448933795116,53.1335474767643],[-105.439791002844,53.1341204564029],[-105.439422358075,53.1347967392856],[-105.439609815773,53.1358118752184],[-105.441111985221,53.1378284048305],[-105.443302061547,53.1394608576209],[-105.44082832475,53.1394802624168],[-105.438306621729,53.1394999969137],[-105.438416641228,53.1395887751599],[-105.438432579018,53.1396018678202],[-105.393520086366,53.1398397756661],[-105.393520833495,53.1398351620472],[-105.393935481816,53.1033696425032],[-105.394360982842,53.0658767798461],[-105.439051720848,53.0660198938186],[-105.438867273624,53.0514157075905],[-105.50603036855,53.051317281967],[-105.505564221464,53.0529822948527],[-105.505248556631,53.0538640312442],[-105.505128946243,53.0544321907326],[-105.50499618004,53.0554567301584],[-105.504865603451,53.0559516880052],[-105.504874165285,53.0567244435429],[-105.504735721622,53.0574978894636],[-105.504682813911,53.0582718280172],[-105.504532914736,53.0590992418619],[-105.50411858796,53.0608005299035],[-105.503771091476,53.061637494062],[-105.503651767325,53.0618000514408],[-105.503595908464,53.0621593307024],[-105.503403211934,53.0624398808622],[-105.503334106736,53.0628266699151],[-105.50296650702,53.063223296018],[-105.502848802634,53.0634752820114],[-105.502135333974,53.0641773627005],[-105.501157332556,53.0650912224886],[-105.500639888447,53.0654376523991],[-105.500242627475,53.0657299468834],[-105.500016295617,53.0658318076863],[-105.499710824648,53.0660808380441],[-105.50275396726,53.0660830913214],[-105.505857856207,53.0660850600468],[-105.505764194939,53.066176942561],[-105.510290154303,53.0661861153264],[-105.509910950148,53.0588755353854],[-105.561309980111,53.058991300369],[-105.561271772984,53.0515726905552],[-105.585731207692,53.0515187318183],[-105.585579219583,53.0661076887875],[-105.589445698849,53.066114955799],[-105.590110768547,53.1250832194494],[-105.541211899236,53.1248820434728],[-105.541211838565,53.1248600997978],[-105.492329134144,53.1246144675776],[-105.492385195972,53.1235905246592],[-105.488511898382,53.123318567329],[-105.483793881235,53.1237120422371],[-105.481375546097,53.1237124258554],[-105.479131202811,53.1232717191648],[-105.476520346856,53.1222664576763],[-105.473515849605,53.1209212200412],[-105.470900018114,53.1205890906959]]]},"properties":{"FID":13,"Id":0,"UNIQUE_ID":"PRF99","Shape__Area":101129088.13128662,"Shape__Length":49316.095966488}},{"type":"Feature","id":14,"geometry":{"type":"Polygon","coordinates":[[[-105.909870389224,53.2782002485328],[-105.904468645391,53.2781782403652],[-105.854997023374,53.2781510187458],[-105.850144714338,53.278146744778],[-105.849953810873,53.2780940071006],[-105.843305914566,53.2781329742034],[-105.837758407411,53.2781351940045],[-105.83435339296,53.2781142057419],[-105.831190069868,53.2781370062394],[-105.831226992859,53.2635642932421],[-105.843459987081,53.2635952758058],[-105.863356769677,53.2637044158112],[-105.880181508333,53.2637611047569],[-105.928935622688,53.2638361657746],[-105.928744139744,53.2709538213876],[-105.916469286091,53.2709939192033],[-105.916931651708,53.2781156752782],[-105.915624395308,53.2781421861297],[-105.915539848447,53.2781664316319],[-105.909870389224,53.2782002485328]]]},"properties":{"FID":14,"Id":0,"UNIQUE_ID":"PRF94A","Shape__Area":9531382.8427124023,"Shape__Length":16033.928926809491}},{"type":"Feature","id":15,"geometry":{"type":"Polygon","coordinates":[[[-106.05267084061,53.452558914028],[-106.052655752877,53.5178921466765],[-106.052877319078,53.5396738549864],[-105.899604867779,53.5397992636074],[-105.899467375765,53.5255366733256],[-105.83875125004,53.5258493514759],[-105.838695171514,53.5191814518248],[-105.838717826029,53.511351497179],[-105.838561026921,53.5032736624936],[-105.838506925561,53.4967996257906],[-105.838506531399,53.4959548270712],[-105.837682623583,53.4960696891568],[-105.789191320104,53.4961339043062],[-105.789129213621,53.4525322889586],[-105.813587826611,53.4525298366704],[-105.824922479328,53.452488565747],[-105.826765111792,53.4525388003992],[-105.832332946193,53.4525448098315],[-105.83849813457,53.4525122225111],[-105.842770364647,53.4524892624538],[-105.845435176759,53.4524973022465],[-105.846340863139,53.4525538788639],[-105.85286710743,53.4524838027223],[-105.887421709378,53.4523731312537],[-105.887421886867,53.4381704468392],[-105.911961540015,53.4382396704768],[-105.912043850283,53.4525539819089],[-105.917091654397,53.4525470112938],[-105.921520406362,53.4525175838262],[-105.926269515319,53.4525280522332],[-105.928443501397,53.4525822690523],[-105.935885233916,53.4525687856635],[-105.936471013995,53.4525018491084],[-105.985496443448,53.4525026539861],[-105.985499039515,53.4525028382509],[-105.996577382369,53.4524983402993],[-106.004385038594,53.4524575502378],[-106.004386764782,53.452457369247],[-106.028751180663,53.4525503567287],[-106.05267084061,53.452558914028]]]},"properties":{"FID":15,"Id":0,"UNIQUE_ID":"PRA106C","Shape__Area":145692505.18563843,"Shape__Length":56740.904365527749}},{"type":"Feature","id":16,"geometry":{"type":"Polygon","coordinates":[[[-101.883501642966,51.5313469903301],[-101.884025320142,51.5312332776229],[-101.885478077439,51.5306133114491],[-101.886678395071,51.5307840030729],[-101.887839792113,51.5307313349151],[-101.888577841506,51.5309681160215],[-101.888614686368,51.5313393653214],[-101.888321293313,51.532054605723],[-101.888037169742,51.5327431425012],[-101.888302187355,51.5334639793988],[-101.888639966698,51.5339625879095],[-101.889718812849,51.5339155008111],[-101.890687466233,51.5338758775323],[-101.891360635942,51.5342995772871],[-101.892120379717,51.5348999318321],[-101.893040878996,51.5350634693732],[-101.893938333538,51.5352546395538],[-101.894770692028,51.5348330875304],[-101.895268357845,51.5334520523517],[-101.895516928155,51.5329508972245],[-101.896031233928,51.5319139444101],[-101.896947373913,51.5310095186958],[-101.897539981367,51.5296993713354],[-101.898112571239,51.529147666666],[-101.898829687196,51.5283862289159],[-101.899786067431,51.527877981326],[-101.901165516787,51.5275582768298],[-101.90217160637,51.5276601392231],[-101.903479948642,51.5280442008762],[-101.904603376328,51.528332902002],[-101.905438332574,51.5288845793674],[-101.905940570753,51.5292068059311],[-101.905830589262,51.5296141159195],[-101.905222338538,51.5298814596642],[-101.90412357983,51.5299735323135],[-101.903187881546,51.5298024430973],[-101.90208081206,51.5300862810843],[-101.901317492189,51.5305032080261],[-101.900749426246,51.531080703875],[-101.899810849141,51.5312922250117],[-101.899775653783,51.5326071057952],[-101.900778496735,51.5328432058835],[-101.901957133039,51.5331281979546],[-101.902556557329,51.5345651235602],[-101.902873841832,51.5357430774923],[-101.90327062164,51.5364984097204],[-101.902819931326,51.5371896393742],[-101.902451177884,51.5376319179972],[-101.901855747196,51.5381330567385],[-101.901110129915,51.5382532444167],[-101.900222392287,51.5387568430415],[-101.899658694237,51.5393601190516],[-101.899603417229,51.5400780238133],[-101.899948823867,51.5407276927311],[-101.90017089513,51.5416416386635],[-101.899967408151,51.5424175956562],[-101.900386720747,51.5432917060116],[-101.901001859355,51.5436630890952],[-101.901262878577,51.5437374410277],[-101.901766465479,51.5438808855169],[-101.902686509564,51.5437850082355],[-101.903263190268,51.5435622474259],[-101.903561964206,51.5429745110097],[-101.903356713255,51.5427372639472],[-101.90314831441,51.5424963739396],[-101.90251826673,51.5420051223558],[-101.90203479457,51.5413314566491],[-101.902196620042,51.540981117345],[-101.902752816183,51.5404370933203],[-101.903114398587,51.5400377123482],[-101.903189577163,51.5399546734964],[-101.903902401308,51.5399195023375],[-101.904617598327,51.5401323639214],[-101.904999489279,51.5403442993926],[-101.905315290614,51.5406023122151],[-101.905055096522,51.5407980145846],[-101.904706657025,51.5424011276169],[-101.90462449587,51.54306081072],[-101.904549696699,51.5434192013949],[-101.904723726349,51.5438023570791],[-101.905265320692,51.54439974962],[-101.905591177922,51.5447837136561],[-101.906293033316,51.5448442501567],[-101.907279782552,51.5446881230552],[-101.908126917934,51.5445503832759],[-101.90913313869,51.544668981629],[-101.90959361836,51.5450267414796],[-101.909538733669,51.5453791779503],[-101.909636162767,51.545769044834],[-101.909878582887,51.5462356429705],[-101.910224439978,51.5466040583639],[-101.911716872772,51.5472590853783],[-101.912897869696,51.5475752438428],[-101.914970950715,51.5486211225703],[-101.916343880471,51.5495083000556],[-101.916432555769,51.549564885967],[-101.918153651283,51.5505550614455],[-101.918871235556,51.5510652159089],[-101.919434035438,51.5512602420341],[-101.919704240152,51.5513538733795],[-101.920432156069,51.5515642278611],[-101.921035914131,51.5517830345267],[-101.921019284336,51.5518417781138],[-101.920905389872,51.5522441181908],[-101.920425499797,51.5525367220294],[-101.919709606474,51.5524928952172],[-101.918879986771,51.552321503051],[-101.91806487294,51.552330707437],[-101.917373185493,51.5521641566018],[-101.916526675003,51.5521897285065],[-101.915041468072,51.5523513290395],[-101.913471677488,51.5522907856286],[-101.912516692387,51.5523165815725],[-101.911812842837,51.552441932348],[-101.911708043719,51.5524605960019],[-101.911348870125,51.5526274445571],[-101.911191957559,51.5530689414467],[-101.911249627808,51.553659630159],[-101.911524967342,51.5542212766642],[-101.912335713164,51.5544153763036],[-101.913576361241,51.5544876520256],[-101.914653611351,51.5542790623959],[-101.915838291164,51.553999059974],[-101.916429691662,51.5537301026005],[-101.917404143381,51.5533192370768],[-101.918640124054,51.5532218354295],[-101.919202830771,51.5533819424722],[-101.91957798984,51.5537302626406],[-101.919757904945,51.5547897551465],[-101.919990497736,51.5554339577596],[-101.920170893837,51.5567555876077],[-101.920197491851,51.5572985545736],[-101.919772270668,51.5577405412588],[-101.919355536248,51.5580680073292],[-101.918793743264,51.5582522379877],[-101.918012410482,51.5584549698284],[-101.917523862669,51.5584704181335],[-101.916698639249,51.5582595318488],[-101.916152488334,51.5580438918923],[-101.91522977677,51.5570786333749],[-101.915119058526,51.5569985002429],[-101.914421767549,51.556087430186],[-101.913778661265,51.5557549081655],[-101.913223760404,51.5554718034166],[-101.912510559437,51.555219880502],[-101.912341141334,51.5552224201635],[-101.911217854977,51.5552392497389],[-101.91079681514,51.5553466344907],[-101.909853872921,51.5560814338892],[-101.909752896677,51.5565281005256],[-101.909912165065,51.5569160569665],[-101.910330498121,51.5573638782931],[-101.911310849927,51.5580150359999],[-101.912226859272,51.5585908047601],[-101.913361072612,51.5597237068329],[-101.914651306482,51.560912076412],[-101.91588786535,51.5619605248749],[-101.916357737126,51.5627853958657],[-101.916426495934,51.5636580711113],[-101.916516528054,51.5638798301758],[-101.916553022645,51.5641508083161],[-101.916647790161,51.5643995910546],[-101.917613136432,51.5653486444515],[-101.917732603297,51.5653740470075],[-101.918433811207,51.5657866573801],[-101.919267357766,51.5667564691713],[-101.920365597709,51.567371587937],[-101.92119283112,51.5677303120057],[-101.921629215022,51.5677659795636],[-101.921824046364,51.5678552644683],[-101.922322241972,51.5679854221719],[-101.922878317521,51.5680911266073],[-101.922922168029,51.5682815655211],[-101.923008620918,51.5682842211092],[-101.923492258527,51.5682726491924],[-101.924190792338,51.56834614055],[-101.924601367921,51.5684392419817],[-101.925330882356,51.5684287173464],[-101.925407563189,51.5684091397756],[-101.925768389619,51.5683170140967],[-101.925985000369,51.568020953679],[-101.926041592579,51.5675292683345],[-101.925923933448,51.5672168131995],[-101.925628231195,51.5670945275157],[-101.925359686506,51.5671270648202],[-101.924886556233,51.5671984640681],[-101.923979506579,51.5675251387812],[-101.923752607553,51.5676068546351],[-101.923647646188,51.5674644509479],[-101.923293148181,51.5670719832887],[-101.923169492819,51.5668881226679],[-101.923128596698,51.5662031885457],[-101.923089828607,51.5660371958667],[-101.922925942485,51.5656620023754],[-101.922679505636,51.5654295328272],[-101.922216582792,51.5652331686363],[-101.921844245058,51.5652299276247],[-101.921288098575,51.5653141942604],[-101.920980847933,51.5652888241708],[-101.92083732941,51.565252306047],[-101.920942012665,51.5650345502354],[-101.921623950411,51.5647857018666],[-101.921844230756,51.5647386555376],[-101.922185822673,51.5646014509695],[-101.922219884729,51.5645350383516],[-101.922116358335,51.5643355657644],[-101.922167024081,51.5641683219958],[-101.922435160977,51.5638402780297],[-101.922955308884,51.5635484815065],[-101.923522802907,51.5633638403789],[-101.923646646711,51.5631018363189],[-101.923930426979,51.5627236293703],[-101.925016601774,51.5623042458983],[-101.925179172393,51.5623718721891],[-101.925244612644,51.5623990938673],[-101.92553993473,51.5624217017121],[-101.926043884094,51.5622983467148],[-101.926559945125,51.5621597909397],[-101.926644075155,51.5620722906574],[-101.927187533551,51.5619462363473],[-101.927707173672,51.561814681153],[-101.928046599686,51.5617630612119],[-101.928384433456,51.5618326129799],[-101.928659287001,51.5619990375001],[-101.928422794054,51.562246605881],[-101.928054601776,51.5624924684],[-101.927593798384,51.5624384171237],[-101.926993096099,51.5624010189119],[-101.926703695987,51.5623620356098],[-101.926501599132,51.5623348113627],[-101.926127584686,51.5624172690471],[-101.925840012794,51.5625365641756],[-101.925795263657,51.5628351547375],[-101.925821181509,51.5628829586044],[-101.926031718397,51.5632712584693],[-101.926368128007,51.5636257757114],[-101.926749002181,51.5640057483989],[-101.927046278794,51.5640068551782],[-101.92750506881,51.5641144593709],[-101.928448159003,51.5639540421609],[-101.929512267844,51.5637996093132],[-101.930240635075,51.5637179069841],[-101.930644660847,51.5641318974593],[-101.930908430001,51.5644628698083],[-101.931770118546,51.5647174635948],[-101.932420282086,51.5650363276173],[-101.932674378671,51.5654747823433],[-101.93349850451,51.5664262872582],[-101.933813490547,51.5668534681103],[-101.933905478633,51.5674098059703],[-101.933932324973,51.5675200184983],[-101.933946431806,51.567577933443],[-101.934105304878,51.567600604771],[-101.934554318996,51.5676646775905],[-101.934926827309,51.5675644690916],[-101.93561440753,51.5676713021553],[-101.935891560331,51.5676494244889],[-101.936413880182,51.5678914449551],[-101.936872054953,51.5682331271965],[-101.937471164794,51.5686799009371],[-101.93833384036,51.5695895881883],[-101.938492651648,51.5698589402467],[-101.938578055211,51.5700037892435],[-101.939732467362,51.5709149252426],[-101.939774687309,51.5710900891872],[-101.939910802178,51.5713443065535],[-101.940329170656,51.571611302984],[-101.940103429581,51.5720825122155],[-101.940106346707,51.5724241634696],[-101.940321523316,51.5726729839269],[-101.940796534212,51.5728720172268],[-101.941230863854,51.5730346566355],[-101.9425919753,51.5729100994274],[-101.943007521632,51.5721609203825],[-101.943297337578,51.5719498984672],[-101.943597457024,51.5718368163228],[-101.943895842389,51.5718363313252],[-101.943968999277,51.5718095993708],[-101.944532511943,51.5720522043841],[-101.945181364207,51.5724958276995],[-101.945945549357,51.5730957379369],[-101.946474702905,51.5738986753795],[-101.946408601878,51.574687560169],[-101.946427185123,51.575333852333],[-101.946767333353,51.575894331587],[-101.946816531821,51.5765066130416],[-101.946888187825,51.5767890172206],[-101.947299693251,51.5774221492835],[-101.947727316403,51.577689352805],[-101.948136983345,51.577729764367],[-101.948217225042,51.5777167559594],[-101.948428743316,51.5776824649043],[-101.948843862047,51.5770886122407],[-101.949965347341,51.5760588494378],[-101.951055176258,51.5755146329984],[-101.951910643527,51.5752190062226],[-101.952666703611,51.5751901091041],[-101.953145753666,51.5754583323379],[-101.953666968867,51.5759243268487],[-101.953973884279,51.5762955274869],[-101.953976495036,51.5767725491782],[-101.953818885744,51.5770950730194],[-101.953345872415,51.5774124460728],[-101.952857520709,51.5775616320839],[-101.952704203253,51.5780709079938],[-101.952637185211,51.5785831910755],[-101.952754575322,51.5789346464448],[-101.95365544104,51.580143550707],[-101.954442567333,51.581203108475],[-101.954773196262,51.5821870022346],[-101.95532434478,51.5827995291761],[-101.955684814066,51.5837902933556],[-101.955478268322,51.58424087458],[-101.955968124911,51.5849110401948],[-101.955403054411,51.5856800847298],[-101.955155157959,51.5863828987716],[-101.955266836844,51.5870165855832],[-101.955762380705,51.5872320982067],[-101.956644388377,51.5872875638916],[-101.957330315435,51.5872851780751],[-101.957960627514,51.5876161639885],[-101.95878163721,51.5875688970828],[-101.959648614756,51.5872957938305],[-101.959872361407,51.5868618358635],[-101.959896597515,51.5865127902943],[-101.960920634766,51.5871607205299],[-101.961701465629,51.5876291899168],[-101.962215161267,51.5883247119349],[-101.962102969849,51.5892718498918],[-101.96171480654,51.5902378807769],[-101.961142846133,51.5911121059522],[-101.960721592364,51.591732450735],[-101.960529592158,51.5927024533564],[-101.960333818858,51.5945996385279],[-101.960478978572,51.5951734731206],[-101.96074937647,51.5954194894636],[-101.961234131697,51.595801339989],[-101.961214250564,51.5961037073763],[-101.961558604736,51.5963537828062],[-101.962129642474,51.5961869996527],[-101.962438689855,51.5962076696784],[-101.963433500135,51.5962741976522],[-101.963887163256,51.5961018005469],[-101.964173881695,51.5959928426756],[-101.965375877475,51.5955360497807],[-101.96586441839,51.5956059224823],[-101.966540295741,51.5957025856384],[-101.967498987245,51.5971921413706],[-101.967043985434,51.5980989762862],[-101.9635296734,51.6018844825051],[-101.964496894967,51.6025665312571],[-101.966028851677,51.6028820967255],[-101.966351709775,51.6026564745511],[-101.966818903904,51.602236511152],[-101.967666805191,51.6022425779962],[-101.968112429104,51.6023811471447],[-101.969507347568,51.6028148836555],[-101.970893059607,51.6034682119594],[-101.971018615992,51.6042435132036],[-101.970265583584,51.6052928067781],[-101.969380883404,51.6061800809387],[-101.967678452044,51.6078704870873],[-101.96776775308,51.6082930992289],[-101.968664332703,51.6087242773624],[-101.970425183874,51.6092376336096],[-101.97299745186,51.6092438211234],[-101.97710567643,51.6091537502021],[-101.980807866698,51.6095839666094],[-101.983790084497,51.6108707883675],[-101.984240488578,51.6113872059956],[-101.984392048346,51.6122844647628],[-101.984120485793,51.6126953612345],[-101.98410123111,51.6132485799794],[-101.983912188592,51.6138773081098],[-101.983808576803,51.6143679011816],[-101.983829954178,51.6149385728555],[-101.984013863596,51.6155246031494],[-101.984346062371,51.6161075844593],[-101.985166048173,51.616535926801],[-101.986174930912,51.616673348758],[-101.98735023623,51.6163931018604],[-101.988388388419,51.6162434172713],[-101.989825904549,51.6162800974305],[-101.990739089443,51.6165879672448],[-101.990736989903,51.6172865511951],[-101.990519279603,51.6175438230964],[-101.989889461377,51.6177367515224],[-101.989321102897,51.6180181050045],[-101.988078655783,51.618694965882],[-101.986291554401,51.6204336998303],[-101.985654121305,51.6214873887671],[-101.985253290741,51.6217468417437],[-101.98423128298,51.6219238866627],[-101.98387410445,51.6221051904386],[-101.984002755871,51.6224897212334],[-101.98435712238,51.6227028832207],[-101.987472521889,51.6237520173087],[-101.989191614655,51.6248656518233],[-101.989625357633,51.6252208903171],[-101.990091334387,51.6257795809819],[-101.990150342801,51.6259823902319],[-101.989884921674,51.62678262902],[-101.989786455242,51.6269424447171],[-101.989673401815,51.6273017552006],[-101.989655770568,51.627917575386],[-101.989365994539,51.6286130674307],[-101.989396878238,51.6290473929171],[-101.989511092437,51.6292906568913],[-101.989916647132,51.6298008941282],[-101.990184924311,51.6301328259316],[-101.99025797347,51.6304147891763],[-101.989996891546,51.630964736498],[-101.989814156476,51.6314086050867],[-101.989772499185,51.6314733877924],[-101.989766650378,51.6314824828762],[-101.989644288971,51.6316664347283],[-101.989432919449,51.6319828098849],[-101.989349257313,51.6321700475517],[-101.989360229266,51.6324166141472],[-101.989421206526,51.6325167402634],[-101.989488128776,51.6326266277058],[-101.989884259931,51.6330454837718],[-101.990139649516,51.6332404932811],[-101.99061816344,51.6335289329181],[-101.990994170229,51.6337186165621],[-101.991430390658,51.6338395134556],[-101.99206789369,51.633972541476],[-101.993388896169,51.634478943661],[-101.993914459916,51.6348020001998],[-101.994255970876,51.6351564029437],[-101.994645045935,51.635800502945],[-101.994678537586,51.636032574865],[-101.994554386936,51.6365241998776],[-101.994516327992,51.6371761249575],[-101.994195440932,51.6376150966457],[-101.993945712673,51.6379567130028],[-101.993700305748,51.6384040544417],[-101.993665753357,51.6387400528276],[-101.993708741313,51.6388653433442],[-101.994046146879,51.6392484408444],[-101.994278124402,51.6394943826181],[-101.994532983735,51.6396526562281],[-101.994988455115,51.6398150828879],[-101.99507478103,51.6520825027225],[-101.99463915539,51.6520879029213],[-101.932065167543,51.6529197950071],[-101.932154302314,51.6537649972494],[-101.930454336586,51.6552281119703],[-101.930183963521,51.6560175798074],[-101.9302981691,51.6566355217342],[-101.930751901145,51.6571373433758],[-101.931209596217,51.6572515613436],[-101.93404996899,51.6563065200925],[-101.935706773936,51.6563835826594],[-101.937244157234,51.6571634788335],[-101.937260546084,51.6580623621472],[-101.936458840198,51.6586221429325],[-101.935189931426,51.6587435382824],[-101.933562274319,51.6585329575254],[-101.932357504374,51.6585493947882],[-101.931671028043,51.6588768747143],[-101.931224537536,51.659382827399],[-101.931380845993,51.6602606897074],[-101.932177334878,51.660672663079],[-101.933103247735,51.660612492042],[-101.934793113605,51.6600474902092],[-101.935953149456,51.6596928349856],[-101.937638145474,51.6597158451143],[-101.938089337689,51.6599671386394],[-101.938012085694,51.6604720548829],[-101.934785437039,51.6621178972974],[-101.935239668719,51.6625644966275],[-101.936051157584,51.6626170757479],[-101.937672353684,51.6617669912302],[-101.939098229735,51.6614794916388],[-101.939907802388,51.6614680111742],[-101.940194787475,51.6618658646194],[-101.940204887614,51.662422863911],[-101.939049854011,51.6633335153013],[-101.939052973307,51.6637901081094],[-101.940141830616,51.6649361358579],[-101.941500555613,51.6655115835823],[-101.9419172149,51.6661588896054],[-101.941679073546,51.6665245158658],[-101.907552343269,51.6674657098481],[-101.860214247455,51.6686654523524],[-101.778697679406,51.6716540339053],[-101.784866072272,51.6236253052173],[-101.787029496277,51.5944359830913],[-101.794328081527,51.5266650710524],[-101.871522808356,51.5298052778889],[-101.871885063707,51.5305808277317],[-101.871925122524,51.5310676260214],[-101.872616949257,51.5314046415567],[-101.872285177528,51.5315995279183],[-101.872339467688,51.5319629871779],[-101.873110650308,51.5322946339886],[-101.874294529631,51.5322812793097],[-101.875185731704,51.5324824116664],[-101.87606484839,51.5327677955478],[-101.877203301252,51.5328520476346],[-101.877692918867,51.5328467137998],[-101.878220383738,51.5325701152126],[-101.878741615916,51.5323640700226],[-101.879882711129,51.5315413952415],[-101.880370078066,51.5311134361072],[-101.880896722749,51.5306550003453],[-101.881566498951,51.5301479266731],[-101.882095762281,51.5300119417305],[-101.882485314412,51.5300467381299],[-101.882903131275,51.5305447248412],[-101.88313161338,51.5312380743199],[-101.883501642966,51.5313469903301]]]},"properties":{"FID":16,"Id":0,"UNIQUE_ID":"PRQA64","Shape__Area":175081092.08607483,"Shape__Length":71177.84174792291}},{"type":"Feature","id":17,"geometry":{"type":"Polygon","coordinates":[[[-102.069314401177,51.7062706889347],[-102.06984159613,51.7070272494267],[-102.070109950273,51.7071311136787],[-102.0701700168,51.7073923064823],[-102.070185434736,51.707734162328],[-102.070046808117,51.7078971416348],[-102.069686067249,51.7082464355529],[-102.068600182151,51.7085299273707],[-102.068193544347,51.7086805915776],[-102.067955683579,51.7088562955336],[-102.067792834282,51.7090472115508],[-102.067898964327,51.7091990698498],[-102.068107383717,51.7091887047765],[-102.068555140184,51.7090474384326],[-102.068902726418,51.7090070113088],[-102.069249673878,51.7090727708948],[-102.069549131087,51.7092765427649],[-102.069844360411,51.7096030818612],[-102.070355382129,51.710106534185],[-102.071004832513,51.710539147458],[-102.071729040733,51.7106563047206],[-102.071919582496,51.7106359934114],[-102.072057891078,51.710621249568],[-102.072388252532,51.7106677379715],[-102.073270979828,51.7106065067535],[-102.074127776342,51.7105838093914],[-102.074468154516,51.7105397810959],[-102.074577534105,51.7102709111015],[-102.074461127655,51.7099523874085],[-102.074327426868,51.7096473120575],[-102.074296849176,51.7093309984687],[-102.074556230213,51.7090558043975],[-102.074864767214,51.7089078386846],[-102.075211654776,51.7089000987907],[-102.075333692668,51.7090671772838],[-102.075180993619,51.7092778158421],[-102.075130827218,51.7096201442079],[-102.074958789784,51.709979094739],[-102.075050032009,51.7103769322524],[-102.075260869187,51.7106358309619],[-102.075348387483,51.7109032859509],[-102.075533957687,51.7111312781053],[-102.075868851521,51.7113856508389],[-102.076626374029,51.7116147744268],[-102.077197344835,51.7113546889402],[-102.07687444915,51.7108382057425],[-102.076621684063,51.7104924038319],[-102.076743270336,51.7101818588095],[-102.077291739286,51.7097967760722],[-102.077628517186,51.7097693165612],[-102.078417635884,51.7098819208586],[-102.078712032233,51.7100207012986],[-102.078758603077,51.710425722209],[-102.078597938437,51.7105920122797],[-102.077636971526,51.7110220666774],[-102.077402836457,51.7112914357469],[-102.077452077864,51.7114921452005],[-102.077476808664,51.71170272067],[-102.077674542061,51.7118155547126],[-102.078057927634,51.7114990814192],[-102.078279301905,51.7114510539791],[-102.078939290107,51.7115032179992],[-102.079420513033,51.7117350104365],[-102.080956046824,51.7128355241745],[-102.081206117215,51.713149990524],[-102.081040117601,51.7137467985497],[-102.081364249067,51.7142390247314],[-102.081365483446,51.7145263540731],[-102.081290857974,51.7146726313732],[-102.079482085266,51.7154671163041],[-102.079465686687,51.7156798972327],[-102.080263969629,51.7162123708101],[-102.080525152229,51.7165417500851],[-102.080384610369,51.7167892806127],[-102.079611340225,51.7172375112519],[-102.079661002391,51.7174901262778],[-102.0797801929,51.7175680771318],[-102.07999499244,51.7176864218938],[-102.080113280622,51.7177827253062],[-102.080294404482,51.7179243104606],[-102.080320560215,51.7182099132162],[-102.080337478728,51.7184909313987],[-102.080356618169,51.7186907959278],[-102.080201231809,51.7188792609812],[-102.079991391408,51.7190924090916],[-102.079035720414,51.7195559113072],[-102.078945312582,51.7196379612694],[-102.07905204468,51.7197167786068],[-102.079450451909,51.7196865094382],[-102.080070462561,51.7196486941362],[-102.080438126853,51.7197982338221],[-102.080646123945,51.720018954298],[-102.080382265256,51.7202358550072],[-102.080206976969,51.7203838954191],[-102.07996784416,51.7204109481326],[-102.079744329967,51.7203611421831],[-102.079429430707,51.72034119501],[-102.079128414642,51.7203516385021],[-102.07889720104,51.7204460748137],[-102.07892782311,51.7205928851275],[-102.079184916561,51.7209695885341],[-102.079514925246,51.7213072635118],[-102.079604031128,51.7216636206664],[-102.079656765234,51.7219015119602],[-102.079639205806,51.722187846028],[-102.079848992827,51.7227326128507],[-102.080037784667,51.7228217663865],[-102.080308785182,51.7229497393585],[-102.081189348583,51.7233132088078],[-102.081163298553,51.7238273540319],[-102.081128197772,51.7241421640845],[-102.08094236108,51.7244245260211],[-102.080459263495,51.7246989451416],[-102.079922569133,51.724785193323],[-102.079951597859,51.7249464874863],[-102.079976234294,51.7250468462133],[-102.080124662529,51.7255428022167],[-102.081318559767,51.7260396711136],[-102.081747748639,51.7259404665778],[-102.081597120727,51.7254324146619],[-102.081608859894,51.7249498360706],[-102.081844660466,51.7248354777976],[-102.082968776433,51.7248717378198],[-102.083722073713,51.7249296573233],[-102.084375760028,51.7249454964853],[-102.085171936413,51.7250025888459],[-102.0857800636,51.7251868172512],[-102.085623858419,51.7254875460248],[-102.085504473712,51.7258102129317],[-102.085460011405,51.7260378549897],[-102.085819440073,51.7261353692619],[-102.086861231088,51.7260793212137],[-102.087156002589,51.726401794767],[-102.086565994208,51.7265571073415],[-102.086123274838,51.7268001704172],[-102.08572327378,51.7271709135815],[-102.085174602673,51.7275193198799],[-102.085405983295,51.7283921561471],[-102.08568470084,51.7286079657692],[-102.085752870111,51.7288462392846],[-102.085639048046,51.7290155081489],[-102.085274409395,51.729203487588],[-102.084811003727,51.7294107463208],[-102.084784401679,51.7295667609184],[-102.084689637549,51.729881677686],[-102.084687970996,51.7300359614879],[-102.084730598781,51.7301558124307],[-102.085158774963,51.7302201410673],[-102.086304836748,51.7300882713331],[-102.086585175152,51.7301027654564],[-102.087593769253,51.7308427299351],[-102.088024194595,51.7308494050551],[-102.088137685437,51.7307552888079],[-102.08793403417,51.7303957766434],[-102.087918104554,51.7302139713483],[-102.088225210825,51.7302135364237],[-102.089199310201,51.7303183031695],[-102.089401212681,51.7303878888461],[-102.089714944316,51.7301364641231],[-102.089532909979,51.7298875118022],[-102.089813372996,51.7297585102486],[-102.09011231758,51.7297864026607],[-102.090171670869,51.7299526236909],[-102.090349233826,51.7300680422374],[-102.090708548098,51.7302134127853],[-102.091134149812,51.7300743182873],[-102.09135539652,51.7298885907098],[-102.092241347071,51.729546832204],[-102.092504856783,51.7294451692686],[-102.093319230802,51.7293468712136],[-102.0940233208,51.729381247859],[-102.094115147769,51.7297415630059],[-102.094806097467,51.7298518569133],[-102.095225475909,51.729572661179],[-102.095218782472,51.72901473929],[-102.095353039415,51.7283622168541],[-102.095939268432,51.728172876948],[-102.096264465638,51.7279669022855],[-102.096535489268,51.72798138345],[-102.096610217715,51.7282298905408],[-102.09663613556,51.7283160807783],[-102.096144569362,51.7285669670241],[-102.095732740572,51.7289623191192],[-102.095789272442,51.7293500922156],[-102.096101993212,51.7296700384042],[-102.096406961635,51.7297238297722],[-102.097065246114,51.7296530282086],[-102.097868581148,51.7292317607086],[-102.098361468877,51.7291547915129],[-102.098692813853,51.7288490366273],[-102.098934352255,51.7283788472691],[-102.098798115681,51.7280522952964],[-102.098592044745,51.7276719306725],[-102.097920247619,51.727233300953],[-102.097807279792,51.7267024445355],[-102.09798131954,51.7264769799444],[-102.098430956131,51.72649369301],[-102.098812004222,51.7266538577198],[-102.099360801105,51.726791678013],[-102.099613593298,51.7269074294168],[-102.100184991671,51.7270276708146],[-102.100422123123,51.7267711396653],[-102.100604629728,51.7265450801371],[-102.100843658772,51.7262990834728],[-102.100810377682,51.7261147156786],[-102.100686493059,51.725856647597],[-102.100773864463,51.725674547995],[-102.101639070514,51.7250435873544],[-102.102336028891,51.7247176966335],[-102.102709310502,51.7247397065846],[-102.103352189888,51.7247802770439],[-102.103550765682,51.724721569255],[-102.103800620486,51.7246477013302],[-102.10480473517,51.7248337842283],[-102.104968108273,51.7250392789377],[-102.104691309053,51.7252043894991],[-102.104495753174,51.7255007063596],[-102.104227661161,51.7258234114542],[-102.104108597844,51.7262104102715],[-102.10485891748,51.7262274878979],[-102.105238084674,51.726377093565],[-102.106136245838,51.7263091874749],[-102.106399320292,51.7258161411554],[-102.106465481908,51.7253741510242],[-102.107156846909,51.7240191744677],[-102.107445336851,51.7235243549834],[-102.107530685281,51.7232837171055],[-102.107345576607,51.7230672605924],[-102.107560049772,51.7228282920078],[-102.108007576092,51.7227384295303],[-102.108179106756,51.7227371430472],[-102.108293426796,51.7228945253281],[-102.108188351205,51.7231685416749],[-102.108285096313,51.7235138357109],[-102.108540835061,51.7236933647036],[-102.108929426083,51.723847632264],[-102.109051976204,51.7238604254383],[-102.109313696551,51.7236928332886],[-102.109359567424,51.7235189506988],[-102.109381638938,51.7232133803354],[-102.10960544727,51.7229310843861],[-102.10998771445,51.7227177497425],[-102.110504037342,51.7226284140196],[-102.110860076526,51.7225075806814],[-102.111184270081,51.7224956438425],[-102.111516081302,51.7225258462995],[-102.11173210164,51.7226281289977],[-102.111688056809,51.7227645474496],[-102.111590711508,51.7231287072897],[-102.111430959607,51.7233852058906],[-102.111717782154,51.7235465593344],[-102.112143671757,51.7234795235352],[-102.112467783646,51.7234195837172],[-102.112742136712,51.7234644576102],[-102.1130344084,51.7235134145099],[-102.113104255883,51.7235672168717],[-102.113260233607,51.7238123662856],[-102.113267265006,51.724041235279],[-102.113664267977,51.724146894561],[-102.113849911074,51.7241286116687],[-102.113948557945,51.7239617128995],[-102.114023480264,51.7237111251842],[-102.114242862428,51.7235944774704],[-102.114693425819,51.7236163868661],[-102.114776521143,51.7236959330282],[-102.115265102048,51.7238805405099],[-102.115665638916,51.7238632639973],[-102.115912367588,51.7237553721983],[-102.116051317717,51.7234789793522],[-102.115980043114,51.7231799179896],[-102.116056856721,51.7229398641765],[-102.116264058727,51.7226552141497],[-102.116756421932,51.722581681407],[-102.116892502578,51.7227642068167],[-102.116821480797,51.722959573462],[-102.11669752695,51.723300540426],[-102.116557723364,51.7236196659487],[-102.116639882616,51.7236882038191],[-102.116770139767,51.7237968657052],[-102.117101966187,51.7238270501853],[-102.117572357254,51.723863565754],[-102.118037222376,51.7239644718195],[-102.118536015656,51.724063008803],[-102.1187955205,51.7242155830603],[-102.11891113315,51.7245222190132],[-102.118694731093,51.7247642181382],[-102.117911639756,51.724789336167],[-102.117408648319,51.7249524544976],[-102.117207375844,51.725169191757],[-102.116981513648,51.7253449730869],[-102.116631279896,51.7255454334171],[-102.116553511669,51.725780221704],[-102.116468118691,51.725972869696],[-102.116698558582,51.7262021544364],[-102.117225587292,51.7262667255128],[-102.117502538628,51.7261833910297],[-102.117589168106,51.7261400076184],[-102.117703814652,51.725966652513],[-102.117841045499,51.7257757198406],[-102.117936724202,51.7255450144861],[-102.118131516101,51.725387401421],[-102.118362043038,51.7251899558861],[-102.118635170075,51.725085549095],[-102.11892631076,51.7250332244413],[-102.119200782713,51.7251260801723],[-102.119439519007,51.7252587678635],[-102.11975032075,51.7255997853338],[-102.119718794064,51.7258526852146],[-102.119619410908,51.7261103219758],[-102.119922395381,51.7263132019835],[-102.120056398199,51.7263891919295],[-102.120496607076,51.7264011333187],[-102.120665093966,51.7262880237337],[-102.120803266524,51.7261023537518],[-102.121020533897,51.7258791565859],[-102.121221238054,51.7258491410734],[-102.12183499431,51.7259183010746],[-102.122238512969,51.7259648014],[-102.122418539493,51.7259628978139],[-102.122823863444,51.7259719305567],[-102.123030187593,51.7259255165191],[-102.123175977243,51.725781983532],[-102.123158601765,51.7255911707541],[-102.123061179411,51.7254326189531],[-102.122926014788,51.7252553671548],[-102.122431962793,51.7251831885878],[-102.12215874263,51.7252396064964],[-102.121886475431,51.7253012915133],[-102.121753325804,51.7251825720098],[-102.121538018685,51.7249895792576],[-102.121270869279,51.7247948707884],[-102.121014301002,51.7246027337421],[-102.120801571289,51.7243849148416],[-102.120817280767,51.7242344648857],[-102.121086582049,51.7241089822949],[-102.121295308594,51.7243131023599],[-102.121352758295,51.7244863035693],[-102.121981723017,51.7248785856276],[-102.122676160659,51.7247767500862],[-102.122859586426,51.7246039191517],[-102.123087971781,51.7242999308448],[-102.123306376539,51.7241779957079],[-102.123808794999,51.7242015775827],[-102.124027613426,51.7242716384563],[-102.123958268979,51.7244578391349],[-102.124004161311,51.7247586743717],[-102.123966835699,51.724931971701],[-102.124548459081,51.7249660206658],[-102.124953458387,51.7248310468991],[-102.125219888235,51.7246897507445],[-102.125496811648,51.7246063950505],[-102.125502641678,51.7246859989902],[-102.125453235359,51.7249348172461],[-102.125552574381,51.7251039012063],[-102.125736838265,51.7253150592709],[-102.126046949976,51.7253200629048],[-102.126511319198,51.7251809345504],[-102.126701860981,51.7250704839507],[-102.126783363587,51.7250232391494],[-102.127486644686,51.7248217006361],[-102.127791392914,51.7248034414943],[-102.127842824222,51.7250398811256],[-102.127975364489,51.7252973229764],[-102.127781783872,51.7255562198307],[-102.127571128526,51.7257683037757],[-102.127691586203,51.7261012684129],[-102.128035220505,51.7263386243667],[-102.128219285001,51.7264537793332],[-102.128553787076,51.726403729997],[-102.128707931711,51.7262115958828],[-102.128773953604,51.7258175909431],[-102.129082685228,51.7255476553993],[-102.129585114436,51.7252564970668],[-102.130192575606,51.7249989594993],[-102.130397664273,51.7247354113958],[-102.130260777661,51.7244957717972],[-102.12991492682,51.7244072942246],[-102.129581695967,51.7242974503095],[-102.129217590124,51.7241385569522],[-102.128799746848,51.7239561080482],[-102.128555534463,51.7237307972076],[-102.128605048569,51.7234883696287],[-102.128832791486,51.723107173189],[-102.129141620021,51.7228397922695],[-102.129286785827,51.7224882642354],[-102.129384312349,51.7224527486137],[-102.129611633052,51.7223699686634],[-102.129921089856,51.7223790578489],[-102.130162104137,51.7225260707696],[-102.130302038343,51.7227825637265],[-102.13032974905,51.7230264208978],[-102.130614945366,51.7232352065455],[-102.131141237156,51.723619801903],[-102.131022838465,51.7237721016243],[-102.130731215616,51.7240111892667],[-102.1307781566,51.7241293922258],[-102.130873431403,51.7243692992237],[-102.131396136276,51.7245994569484],[-102.13142725853,51.7250080077082],[-102.131691204101,51.725421616256],[-102.132476287994,51.7253933869199],[-102.133217467299,51.7252585423402],[-102.133786022321,51.725049278895],[-102.134347618873,51.7247180830238],[-102.134591413862,51.7243902832077],[-102.134273868663,51.7238098408068],[-102.133095719375,51.7237510020231],[-102.132559690023,51.7236378284515],[-102.133331088072,51.7233767141352],[-102.134038804388,51.7229317185835],[-102.134272679119,51.7226328644231],[-102.134714658773,51.7221157583603],[-102.134822670966,51.7216527433972],[-102.135179880936,51.7214488385022],[-102.13555226676,51.721328619433],[-102.135853585272,51.7214016999935],[-102.136294917051,51.7215779802369],[-102.136858762746,51.7215102737914],[-102.136992239578,51.7216610126549],[-102.13638347748,51.7217318628675],[-102.135844718624,51.721854310587],[-102.135649862696,51.7220279140569],[-102.135466207386,51.7221915384891],[-102.135027593977,51.7224482214373],[-102.134708751096,51.7226965233366],[-102.134466447166,51.7229488857757],[-102.134320718304,51.7232321575797],[-102.134188273782,51.7235050840081],[-102.134536621877,51.7237537941935],[-102.134930956544,51.7237544572776],[-102.135139943744,51.7234855903217],[-102.135390262566,51.7231102505881],[-102.135925874831,51.7230539419679],[-102.136892926257,51.7232028516673],[-102.137455744626,51.7233800439884],[-102.138512856603,51.7236073866525],[-102.139093602499,51.7236326507359],[-102.139337568551,51.723389574764],[-102.139581312645,51.7230617654165],[-102.139352713012,51.722804688215],[-102.139075609795,51.7224474252258],[-102.138651314711,51.7217803034966],[-102.13882899905,51.7213324465216],[-102.139951633642,51.7210489504714],[-102.140284505895,51.7204772267186],[-102.140238242778,51.72039212719],[-102.139905786718,51.7197805574504],[-102.139898689593,51.7196078450985],[-102.13988875039,51.7193659194195],[-102.139920978522,51.7190623365334],[-102.140174366427,51.7188193223796],[-102.140677589841,51.7189008803112],[-102.141150058449,51.7192052816497],[-102.141506481797,51.7195117816874],[-102.141442846966,51.720016441759],[-102.141196743594,51.7203711639405],[-102.141073584305,51.7204467735831],[-102.140332450961,51.7209017558805],[-102.140260018581,51.7213045809602],[-102.140955565732,51.7213944902424],[-102.142081343373,51.7215024780289],[-102.143001163715,51.7214380551676],[-102.143577420671,51.7215121961843],[-102.143872070945,51.7217989135122],[-102.144555247929,51.7220343055218],[-102.145072652027,51.7219980561129],[-102.145946521633,51.7220139677581],[-102.145976364828,51.722272228159],[-102.14603518211,51.7227562658364],[-102.146644681382,51.7229064084296],[-102.147211718446,51.7227160042835],[-102.148600954275,51.7233054910512],[-102.148688935812,51.723523664057],[-102.148723119761,51.7236697759564],[-102.149390612952,51.7237872908356],[-102.149666054391,51.7239771757596],[-102.150182389437,51.724333120461],[-102.150442945286,51.7243889088922],[-102.150812698246,51.7244987550144],[-102.151341155524,51.7245851281584],[-102.151759276395,51.7246767674248],[-102.151968498068,51.724778118258],[-102.15223881279,51.7250405776542],[-102.152220838634,51.7251603297105],[-102.151836010464,51.7251206649844],[-102.15141649055,51.7249995010567],[-102.150725021057,51.724803597525],[-102.150175607596,51.7247112841659],[-102.14966234615,51.7245991546511],[-102.149109324329,51.724618173596],[-102.148052582952,51.7248181397681],[-102.147496232038,51.7252126023246],[-102.147101175225,51.7255760091448],[-102.146631355045,51.7258780040665],[-102.146210095533,51.7260753824316],[-102.145695958709,51.7262866721868],[-102.145406528683,51.7266846372119],[-102.145422818906,51.7269110657095],[-102.145503002091,51.7270159766926],[-102.14569983693,51.7272735116941],[-102.145769815456,51.7276928923622],[-102.145688763473,51.7279647118414],[-102.145732542575,51.728274071994],[-102.146144630291,51.7284226285133],[-102.146622826783,51.7283196944761],[-102.14697029622,51.7279994933293],[-102.147159345833,51.7276148168238],[-102.147320712704,51.7273065101362],[-102.147673349961,51.7274013688178],[-102.147432756476,51.7276496564658],[-102.147499271084,51.7282891372599],[-102.147586067212,51.7283996368174],[-102.147846744224,51.7287315015877],[-102.148038433218,51.7290343541865],[-102.149182946408,51.729555855791],[-102.149843854569,51.7297062452541],[-102.150803025811,51.7297547202511],[-102.151650909574,51.7297377027031],[-102.152106760387,51.7299217419962],[-102.152678846567,51.7299934846547],[-102.153216502583,51.7299442078477],[-102.153409494773,51.7297416707601],[-102.153195608947,51.7295560961197],[-102.15338959428,51.7294614905098],[-102.15444701446,51.7291515530776],[-102.154834954181,51.7288832663402],[-102.155249470537,51.7286010593491],[-102.155500354078,51.7288064526586],[-102.156624108238,51.7292218142274],[-102.157746840746,51.7289381161167],[-102.158158087658,51.7286380439217],[-102.15852558303,51.7283109068213],[-102.158712670386,51.7278457582629],[-102.158031211916,51.7278875602796],[-102.157657320689,51.7278595576787],[-102.157388677304,51.7277699267274],[-102.158081718249,51.7276851280235],[-102.158398207114,51.7273977333191],[-102.158113910229,51.7270621008507],[-102.157576305626,51.726774380037],[-102.157397916682,51.7265940394037],[-102.157579655304,51.7264728013124],[-102.158012111671,51.726502719947],[-102.158564218933,51.7266568294543],[-102.158894189093,51.7266035340554],[-102.159245908819,51.7263498245109],[-102.159247666444,51.7258796055548],[-102.159634458052,51.7256053513864],[-102.159853199633,51.7253982351506],[-102.160040073545,51.7252212918702],[-102.160543500823,51.7247881735716],[-102.161232991421,51.7249507013329],[-102.161516216291,51.7252803728345],[-102.160936304778,51.725773107511],[-102.160983057786,51.7260832229387],[-102.161256707258,51.7264135681379],[-102.160778092268,51.7266098993413],[-102.159814100744,51.7272320506843],[-102.160003669302,51.7275803569781],[-102.160318487603,51.7281368387218],[-102.160769153868,51.7285035761053],[-102.161085393891,51.7292040052154],[-102.161230149459,51.7295192968873],[-102.161854473183,51.7295899736797],[-102.162436704342,51.7294827922036],[-102.1632686052,51.72952080201],[-102.163300379667,51.7298018383562],[-102.163908918144,51.7302653659001],[-102.164991084339,51.7302918114074],[-102.165344057088,51.7300982592273],[-102.165199306153,51.7294635396499],[-102.164450445843,51.7290822012931],[-102.164079839328,51.7287526427715],[-102.16404463639,51.7283995244612],[-102.164030990481,51.7277917606506],[-102.164212196063,51.7275078192447],[-102.164404250515,51.7274533228465],[-102.16469206184,51.7273716531407],[-102.165124318229,51.7276667423411],[-102.165570114396,51.7281959310411],[-102.165644420929,51.728760583126],[-102.165740675988,51.7292386700751],[-102.166008231154,51.7296417623926],[-102.166849166883,51.7298358109407],[-102.167358330366,51.7298603035826],[-102.167927715052,51.7297359119008],[-102.167759044915,51.72928971222],[-102.167413528749,51.7291512637626],[-102.167168179291,51.7290298837193],[-102.16666122296,51.7286978589699],[-102.166351351531,51.7283821211136],[-102.166112725196,51.7280312411753],[-102.166459342169,51.7278562128921],[-102.167076410667,51.7279936618452],[-102.167612661343,51.7281669222573],[-102.168256318887,51.7282904427232],[-102.168517578096,51.7283926207732],[-102.169010307293,51.7285011653454],[-102.169467343065,51.7286513213587],[-102.169589477548,51.7287680069268],[-102.169796406451,51.7289657028265],[-102.170171041441,51.7292105838765],[-102.170651817276,51.7296649751815],[-102.171127900627,51.7299871004184],[-102.171717354939,51.7301324945935],[-102.172046251178,51.7300732052465],[-102.172166841597,51.7298296696689],[-102.171930141,51.7294364737067],[-102.171547532976,51.7290414828026],[-102.170917958868,51.7289953428586],[-102.170552723572,51.728695560992],[-102.170550732469,51.7284184576494],[-102.170513302148,51.7280534399632],[-102.17097218148,51.7280151502028],[-102.171463426771,51.7281011505868],[-102.172137645265,51.7281260657601],[-102.172381182525,51.728024561494],[-102.17229111579,51.7275306509091],[-102.172493045803,51.7270945582421],[-102.173036167295,51.7270925239255],[-102.173283160702,51.7273825312364],[-102.173329113326,51.7277409213156],[-102.173873172612,51.7280100343129],[-102.174439626451,51.7279762166923],[-102.174632698354,51.7277577142706],[-102.175087000601,51.7273219424379],[-102.175407850983,51.7267930964285],[-102.176186790203,51.7260090175324],[-102.176456295571,51.7261224931477],[-102.176554731742,51.7261639391276],[-102.176905167423,51.7264888485422],[-102.177238997221,51.7269354676869],[-102.177319484638,51.7271106155333],[-102.177002226108,51.7274248813426],[-102.176797237136,51.727599397682],[-102.176129020546,51.7277669579748],[-102.175955119509,51.7279841140522],[-102.176115709363,51.7282259523396],[-102.176782523038,51.7282634120504],[-102.177365970598,51.7282163287526],[-102.177846564838,51.7282970219286],[-102.178202970452,51.7284949412072],[-102.17869168092,51.7284605444701],[-102.17916390492,51.7282826547668],[-102.179221133961,51.7279049452158],[-102.179055530005,51.7271571875117],[-102.179701225181,51.7266536744258],[-102.18075637373,51.7261228757069],[-102.181225769828,51.7262329290915],[-102.181555249062,51.7264657661629],[-102.181487035919,51.7269197043163],[-102.181985204521,51.7271498173954],[-102.182101569253,51.7271844602698],[-102.182672848882,51.7273545318271],[-102.183281471611,51.7274985085414],[-102.183223685487,51.7277135287896],[-102.183078827976,51.7279783154772],[-102.182496354653,51.72797552216],[-102.181849164044,51.7281056579813],[-102.181269374361,51.7282790800624],[-102.181373041965,51.7284997616083],[-102.181478001702,51.7288369697992],[-102.181769919634,51.7291599626773],[-102.182026968021,51.7295577369355],[-102.182219115396,51.7299721364339],[-102.181933009142,51.7303719957546],[-102.181711410868,51.7306467683183],[-102.182418281401,51.7308501361968],[-102.183150145416,51.7306057261288],[-102.184266519116,51.7306596977461],[-102.184877170591,51.7307613362206],[-102.185208991986,51.7303461918297],[-102.185286496519,51.7297078740105],[-102.186275821426,51.7299696702732],[-102.186787716403,51.7304338629766],[-102.18713868302,51.7308672030386],[-102.187678659922,51.7310488420162],[-102.188310538737,51.7312246119224],[-102.18875139971,51.7312829652761],[-102.188653502137,51.7315078320011],[-102.187535883367,51.7319783677113],[-102.187234319159,51.7325059087493],[-102.187271704252,51.7328166937825],[-102.187665854789,51.7331143939012],[-102.188443000938,51.7330114095684],[-102.188907001038,51.7326291245698],[-102.189596638184,51.7322068238133],[-102.189851401953,51.7325384498561],[-102.189937603891,51.7327975748365],[-102.190229202892,51.7330120854116],[-102.190737543886,51.733084742675],[-102.191660152129,51.7331402443337],[-102.192155193659,51.7333524606893],[-102.192129674541,51.7336375458523],[-102.192524081093,51.7339894597426],[-102.193105815616,51.734304053541],[-102.193856162146,51.7344259312547],[-102.194415729985,51.7342478357592],[-102.194697813047,51.7339325976657],[-102.194336939972,51.7334457227541],[-102.193427407699,51.7331964472205],[-102.192831297437,51.7330154724968],[-102.192753320357,51.7328738520736],[-102.192540591104,51.7324874840487],[-102.192529419534,51.7321307515247],[-102.193070113788,51.7319860378074],[-102.193710220635,51.7319830855331],[-102.194181310558,51.7320643789046],[-102.19418500441,51.7321906922215],[-102.194118990601,51.7324665798368],[-102.193816657577,51.7327772168325],[-102.19369271339,51.73294869697],[-102.194031824901,51.733051354238],[-102.19454170738,51.732973199714],[-102.195306414252,51.7329614498572],[-102.195744187575,51.7332319365666],[-102.195640928939,51.7337816865958],[-102.195873103274,51.7340425681489],[-102.195910124801,51.7342448889785],[-102.196847794933,51.7343294204313],[-102.197110038466,51.7341180396482],[-102.19695975179,51.7338272728105],[-102.196802714959,51.7334465714752],[-102.197321090617,51.7330965699195],[-102.198126523219,51.732883021326],[-102.198799531143,51.732847579965],[-102.199277398297,51.7330187844812],[-102.199493046381,51.733401373809],[-102.199697156904,51.73382696972],[-102.199920865341,51.7340944692869],[-102.200306830275,51.734187773993],[-102.201895261962,51.7337441233211],[-102.202654493924,51.7334373603428],[-102.202772274191,51.7330734226688],[-102.202397626678,51.7328828893821],[-102.20031412634,51.7328491662526],[-102.1997791652,51.7322600772625],[-102.199842581838,51.7320237468859],[-102.199871487898,51.731916024888],[-102.200236266133,51.7315226031391],[-102.200727149969,51.7312347978237],[-102.200945349047,51.7309421316012],[-102.200829241597,51.7306790962729],[-102.200309353283,51.7303842927758],[-102.199877850675,51.7300451844326],[-102.200016639535,51.7298477573805],[-102.200356185016,51.7291399265215],[-102.200727936592,51.7286297941769],[-102.201111842849,51.7284249343866],[-102.202494065896,51.7280705740281],[-102.202810250477,51.727843333144],[-102.202965253994,51.7276694443663],[-102.204696473202,51.7263991626091],[-102.205477049026,51.7264501748277],[-102.207466198985,51.7259590434159],[-102.208616761625,51.7260332578842],[-102.209513348509,51.7260404868157],[-102.209909829617,51.7259271349822],[-102.210129484776,51.7257235795297],[-102.211250728952,51.7251781864054],[-102.211488239439,51.7249749453397],[-102.212562662856,51.7246461540644],[-102.212837943761,51.7242743331361],[-102.212831833806,51.7238386717208],[-102.213071212902,51.7234930911746],[-102.213185790366,51.7228276878034],[-102.214142680538,51.7222607040288],[-102.214638868445,51.7221086763137],[-102.215031576106,51.7220998519208],[-102.216108725231,51.7219667509062],[-102.216109802607,51.7218339507182],[-102.216760954247,51.7216946470822],[-102.217114549041,51.7215558584152],[-102.217135882598,51.720964991423],[-102.217002768527,51.7207247655471],[-102.217453199445,51.7203373747028],[-102.218240117478,51.7201062878088],[-102.219160733997,51.7202433596271],[-102.221707001164,51.720324339036],[-102.22280207823,51.7205771575242],[-102.22400411106,51.7206398912348],[-102.224808268357,51.7201361146622],[-102.227697194447,51.7193713012152],[-102.228007567732,51.7191856814589],[-102.228296005479,51.7187152844394],[-102.228167345361,51.7178496784997],[-102.228008088784,51.7176721781021],[-102.227352157608,51.7171900655173],[-102.227311341098,51.7170230487254],[-102.227673714186,51.7167896935306],[-102.22843682142,51.7165593919607],[-102.229440484761,51.7164253020648],[-102.22963634435,51.7164711978025],[-102.230238543906,51.7171018447925],[-102.230902698312,51.7173253456314],[-102.231510021588,51.7174049866945],[-102.23289632024,51.717092691162],[-102.233117328833,51.717165114986],[-102.233536174051,51.7175696207389],[-102.233583671279,51.7182962453377],[-102.233711646919,51.7186616034344],[-102.234169236013,51.7190287493806],[-102.235006888189,51.7193689271306],[-102.235312843393,51.7197257864433],[-102.235403004155,51.7202159542647],[-102.235073224727,51.7207900028714],[-102.234671338397,51.7211872560292],[-102.234270772927,51.7226935792184],[-102.23434934759,51.7228453335265],[-102.23425200969,51.7231700435233],[-102.234504916885,51.7232779646073],[-102.234526616784,51.7235061259591],[-102.235276495098,51.7237266764301],[-102.235874929855,51.7236747747739],[-102.236455363433,51.7234699631905],[-102.237350434288,51.7233781222388],[-102.237482607988,51.7234631396802],[-102.237853695521,51.7235249059688],[-102.238613447152,51.7233860186089],[-102.239351611954,51.7231574070134],[-102.239540786176,51.7228639279295],[-102.239653921365,51.7221573499634],[-102.239313413292,51.7218763048478],[-102.238961054853,51.7217786020029],[-102.238634417776,51.7216004083962],[-102.238316496251,51.7212768517426],[-102.238280772208,51.7210276607918],[-102.238485092622,51.7209816910426],[-102.239054766604,51.7210765524273],[-102.23936582873,51.7212527040704],[-102.23956502833,51.7217294303035],[-102.239963690051,51.7219685860152],[-102.24067699192,51.7222105731904],[-102.241258542718,51.7222322085556],[-102.241581745429,51.7221714965704],[-102.242876022668,51.7211387350291],[-102.243627719039,51.7210664587762],[-102.244023911324,51.7209344744876],[-102.244636593744,51.7209601714302],[-102.245007688635,51.7211320413841],[-102.245100604115,51.7213614369186],[-102.244457928663,51.721448004629],[-102.244144148056,51.7213947786213],[-102.243873250522,51.7214643691508],[-102.243487232507,51.7218442126905],[-102.243456832838,51.7220918091619],[-102.243826317351,51.722915151324],[-102.244945192512,51.7232132593827],[-102.245306804559,51.7234133020096],[-102.245447144233,51.725156999438],[-102.24528718578,51.7946560548604],[-102.195584469679,51.7945732188338],[-102.172367080883,51.7945652554011],[-102.147634571402,51.7945717091677],[-102.144675631154,51.7945718750889],[-102.116360399521,51.794539797659],[-102.07792248586,51.7942960882942],[-102.053872788871,51.7941351314044],[-102.053877620224,51.7655985606465],[-102.041889547755,51.765510262465],[-102.041962139806,51.706993459405],[-102.041952105151,51.7061799970141],[-102.069314401177,51.7062706889347]]]},"properties":{"FID":17,"Id":0,"UNIQUE_ID":"PRQA65","Shape__Area":107886293.03556824,"Shape__Length":67727.949708859611}},{"type":"Feature","id":18,"geometry":{"type":"Polygon","coordinates":[[[-108.20060094984,52.5228311048592],[-108.081737841786,52.5223329094385],[-108.081273954504,52.5077583214507],[-108.05727483793,52.5076853385164],[-108.058115919268,52.4282425683157],[-108.162523247992,52.4283340729009],[-108.201041854567,52.4278774621879],[-108.20060094984,52.5228311048592]]]},"properties":{"FID":18,"Id":0,"UNIQUE_ID":"PRF108","Shape__Area":97050603.454589844,"Shape__Length":39962.537873390327}},{"type":"Feature","id":19,"geometry":{"type":"Polygon","coordinates":[[[-108.737802219093,52.8275750847718],[-108.665192357952,52.827767022402],[-108.665186914339,52.8205352093783],[-108.665124241923,52.820535065788],[-108.665058588885,52.8205349154416],[-108.616711974393,52.8204129290385],[-108.616779215395,52.8202454677739],[-108.61668890376,52.8164752225386],[-108.61673902676,52.7975431067266],[-108.616689417845,52.7785453164309],[-108.616753746652,52.7594900288071],[-108.616729653204,52.7544375437328],[-108.616663808364,52.7405423525639],[-108.616759697595,52.7220154509268],[-108.616762184435,52.7037510618547],[-108.616659816731,52.6822946474749],[-108.616741843026,52.6822945401785],[-108.761604659075,52.6820063760738],[-108.761531214128,52.6821275750871],[-108.761648295156,52.8419915393124],[-108.749815100413,52.8419419767692],[-108.737694371662,52.8420527535669],[-108.737802219093,52.8275750847718]]]},"properties":{"FID":19,"Id":0,"UNIQUE_ID":"PRF113","Shape__Area":154274328.2845459,"Shape__Length":54459.713647761979}},{"type":"Feature","id":20,"geometry":{"type":"Polygon","coordinates":[[[-108.658657062268,52.8629763467836],[-108.658452097003,52.862982388037],[-108.65732459542,52.8634495534034],[-108.655195376678,52.8641109389209],[-108.654597417201,52.8646713669914],[-108.654931602262,52.8658616182625],[-108.656492790137,52.8663742544952],[-108.656973461806,52.8668940985496],[-108.657175050668,52.8670840316447],[-108.657481063248,52.8673723476583],[-108.658401815533,52.867834111871],[-108.659343000984,52.8678874111956],[-108.659899879698,52.8680841425275],[-108.660231431735,52.868201268335],[-108.660697615318,52.8689132218895],[-108.660669567965,52.8694748516886],[-108.659958514564,52.8698857093576],[-108.659178378949,52.8699886745666],[-108.658526660767,52.8698084033755],[-108.657998664177,52.8694328321577],[-108.657776844234,52.8690070732063],[-108.657168140822,52.8683646417454],[-108.656411026803,52.8680080729658],[-108.655321550663,52.8675431975942],[-108.654226230018,52.8672946428121],[-108.653177090636,52.8671160646112],[-108.652356929092,52.8670734799982],[-108.65043442294,52.8666229788995],[-108.648652940987,52.866560491356],[-108.646205690658,52.8659488717443],[-108.644774408089,52.865727761892],[-108.64299685997,52.8658659168417],[-108.640860025261,52.8663167772135],[-108.639340479316,52.8666663874581],[-108.63809841527,52.8668693155944],[-108.637098017752,52.8668806684072],[-108.635270537178,52.8665224535761],[-108.633431371089,52.8659632847243],[-108.630074501122,52.8642362248914],[-108.628783927925,52.8637890383444],[-108.626623286403,52.8634345780187],[-108.623862858347,52.8634298997261],[-108.621920401567,52.8639497406425],[-108.619880176935,52.8642320081048],[-108.618538364002,52.8638439777519],[-108.617593473557,52.8636116980966],[-108.616752490561,52.8630880792801],[-108.616306843034,52.8624646349159],[-108.616158118213,52.8618756601507],[-108.616748430325,52.8613754928006],[-108.616745944197,52.8603266450082],[-108.616743804865,52.8594240765945],[-108.615782405888,52.8587302640542],[-108.613710184723,52.8582675987197],[-108.611445818292,52.8579696285992],[-108.610811248458,52.8581278406671],[-108.610117473033,52.8583364868416],[-108.609904836549,52.8585779998851],[-108.609565570124,52.8593832758145],[-108.609548049233,52.8602096247092],[-108.609122627382,52.8612417502412],[-108.609560814481,52.8619954952876],[-108.608737189196,52.8622686161863],[-108.608023501592,52.8617678512294],[-108.607645892981,52.8615627162653],[-108.606921711314,52.8604789265001],[-108.606364688153,52.8587519665221],[-108.605445830862,52.8575923655278],[-108.603918333538,52.8564874326423],[-108.601993449014,52.8556755981652],[-108.59985732549,52.8554776998834],[-108.598520553324,52.8552789556493],[-108.598015764555,52.8548039308017],[-108.597562092663,52.85435647372],[-108.597491578945,52.8537207402096],[-108.597705975133,52.8533842640997],[-108.598244730395,52.8531674225673],[-108.598925283989,52.8531591115735],[-108.599855092412,52.8532478459798],[-108.600643088844,52.8531280425005],[-108.602323075515,52.8530288976701],[-108.60361456377,52.8531917504353],[-108.604696924903,52.8530332119834],[-108.60539147617,52.8526903686254],[-108.606211840741,52.8520632320085],[-108.606437846274,52.8516846342081],[-108.606079052335,52.851245015951],[-108.605077046843,52.850768281066],[-108.604339368261,52.8502811233297],[-108.603733163274,52.8493385603982],[-108.603158019627,52.8487813511776],[-108.602608425176,52.8484073864477],[-108.602161221526,52.8480199585129],[-108.602558587235,52.8477080901322],[-108.603188434278,52.8476333868092],[-108.60370148262,52.847419886397],[-108.604198894262,52.8473869302723],[-108.605571434762,52.8466855591286],[-108.606011755045,52.845833198586],[-108.606623615104,52.8452438587281],[-108.607748127933,52.8448882430474],[-108.609057703435,52.8449288610725],[-108.610088491067,52.8449334476529],[-108.611016822469,52.8441985841541],[-108.611055726852,52.8433990067812],[-108.610318672547,52.8423898928],[-108.610111702002,52.8421891103852],[-108.658406638407,52.8422147830721],[-108.658641255031,52.8422149059558],[-108.658657062268,52.8629763467836]]]},"properties":{"FID":20,"Id":0,"UNIQUE_ID":"PRF113A","Shape__Area":8607316.58682251,"Shape__Length":14810.207166860242}},{"type":"Feature","id":21,"geometry":{"type":"Polygon","coordinates":[[[-108.83424014368,52.8712573232017],[-108.83427911995,52.885630549393],[-108.834273139034,52.8858321127957],[-108.833323848104,52.8857737198778],[-108.832952755791,52.8857320416781],[-108.832016125637,52.8855479681964],[-108.830959290506,52.8851210990084],[-108.830259625141,52.8849012561139],[-108.829776480825,52.8848363959569],[-108.828979062653,52.8848298785576],[-108.828286633319,52.8849929061418],[-108.827580464637,52.8852852309447],[-108.826587547213,52.88563076038],[-108.826221864448,52.8858243664506],[-108.825619477532,52.8861985999826],[-108.825421828549,52.8864187148057],[-108.825167381495,52.886531466756],[-108.824149806371,52.8865396715203],[-108.823582444451,52.8861180374609],[-108.822794164808,52.8860459510161],[-108.822456596137,52.8860559624947],[-108.822261501458,52.8860617478187],[-108.821887466265,52.8861457602219],[-108.821657516124,52.8863450492261],[-108.821449021777,52.8865257420702],[-108.821353803008,52.8867662252943],[-108.821209206281,52.8869196408706],[-108.820716406137,52.8869386193304],[-108.820271678518,52.8868000409388],[-108.819971768149,52.8866922429611],[-108.819813967859,52.8866355229148],[-108.819218724966,52.8864702093316],[-108.818753134016,52.8863322837479],[-108.818243574253,52.8861895835391],[-108.81763557277,52.8860664107549],[-108.817125354979,52.8860472547987],[-108.816580401283,52.8860582770231],[-108.816222876795,52.8860911058832],[-108.815965595871,52.886157775543],[-108.815001935839,52.8864074814025],[-108.814076590354,52.8866141436494],[-108.813557357008,52.8867433131299],[-108.812990295703,52.8866660018847],[-108.812485763474,52.8865038472566],[-108.812106534952,52.8863083382005],[-108.811953849446,52.886115855682],[-108.811865530935,52.8860239865639],[-108.810898987738,52.8850185568215],[-108.810788980238,52.8846226960542],[-108.810843900501,52.8841372696174],[-108.810904967576,52.8837393680027],[-108.81112482137,52.8835177502277],[-108.81194663315,52.8827325014553],[-108.812527029475,52.8824159890338],[-108.812847294756,52.8816924741665],[-108.812982146119,52.8808845760214],[-108.812851403605,52.8804083420494],[-108.811701606169,52.8798362256563],[-108.811016560484,52.8797476340445],[-108.810743755431,52.8797123529135],[-108.809479894318,52.8796707300556],[-108.808957321617,52.8798295607925],[-108.80815121842,52.880074559503],[-108.807800547366,52.8804380180565],[-108.807537143224,52.8809680111228],[-108.806548181078,52.8820098143933],[-108.806429892271,52.8828696209523],[-108.806578562145,52.8834185886368],[-108.806688270524,52.883866776548],[-108.806158098837,52.8848793914835],[-108.804705567773,52.8852030626847],[-108.803944866523,52.8852152083313],[-108.803169393266,52.8851553042444],[-108.802326293363,52.8854148345476],[-108.799816564355,52.8869999144887],[-108.798858365186,52.8869490351019],[-108.798152715041,52.8865098238426],[-108.797290830923,52.886183662788],[-108.795653080834,52.8861096712774],[-108.794542626186,52.886237806302],[-108.79196645846,52.8865350221627],[-108.789322975653,52.8865142487656],[-108.78717591342,52.8867419204843],[-108.786152623687,52.886810770299],[-108.786148534804,52.8712107025612],[-108.83424014368,52.8712573232017]]]},"properties":{"FID":21,"Id":0,"UNIQUE_ID":"PRF113B","Shape__Area":4979676.5372619629,"Shape__Length":11273.641317091697}},{"type":"Feature","id":22,"geometry":{"type":"Polygon","coordinates":[[[-106.809107378896,52.9337644378629],[-106.953007104631,52.9341385670436],[-106.952245801616,53.0355623597205],[-106.950926826602,53.0355605770735],[-106.938739007908,53.0355433255008],[-106.855354238623,53.0353875307511],[-106.808119702262,53.0354457698577],[-106.809107378896,52.9337644378629]]]},"properties":{"FID":22,"Id":0,"UNIQUE_ID":"PRF102","Shape__Area":106307862.10321045,"Shape__Length":41379.464979134536}},{"type":"Feature","id":23,"geometry":{"type":"Polygon","coordinates":[[[-106.870710275879,53.0356935314661],[-106.869021044838,53.2215971364009],[-106.836428530576,53.2215659405952],[-106.724275013194,53.2213820031715],[-106.724274839628,53.2211802033236],[-106.724188783949,53.1214003044742],[-106.724115030761,53.0354919849331],[-106.868494138475,53.0356815453876],[-106.870710275879,53.0356935314661]]]},"properties":{"FID":23,"Id":0,"UNIQUE_ID":"PRF103","Shape__Area":196146501.10147095,"Shape__Length":60029.36193054539}},{"type":"Feature","id":24,"geometry":{"type":"Polygon","coordinates":[[[-106.133664030525,53.4059198045175],[-106.132763912594,53.4051274753818],[-106.129946647501,53.4021811662155],[-106.129490855678,53.4017044492196],[-106.126674416209,53.3989276036626],[-106.126124503657,53.3983853679681],[-106.125078470582,53.3979621207378],[-106.125534885724,53.397654985678],[-106.125806693248,53.3974720750225],[-106.125926667683,53.3965244256243],[-106.12486881328,53.3959977366018],[-106.124122478366,53.3942362300947],[-106.123783920802,53.3933370236695],[-106.122605063847,53.3925211780091],[-106.11961427388,53.389947455813],[-106.117806493813,53.3894023556227],[-106.114213572269,53.3903684422146],[-106.11108678031,53.3918507157488],[-106.109632229794,53.3925912001715],[-106.108370622973,53.3928764640182],[-106.107613261507,53.3926519465771],[-106.106115173147,53.392135917154],[-106.104081666263,53.3923938102595],[-106.102288687177,53.3933437928453],[-106.100642947594,53.3942999634114],[-106.096845000405,53.395852471719],[-106.095396092382,53.3969834816676],[-106.09441212871,53.397717631411],[-106.093235415316,53.397798072978],[-106.090765329039,53.3987973807162],[-106.088855438692,53.399846361866],[-106.087499788899,53.4005543294089],[-106.087632274572,53.4011274087024],[-106.087384835455,53.4018926643601],[-106.086540203029,53.401742394956],[-106.084670055693,53.40193918145],[-106.083220816201,53.4027004124775],[-106.082213603251,53.403480349339],[-106.080475448429,53.4046197858869],[-106.079544918233,53.4054133668455],[-106.078465011632,53.4060704534875],[-106.076757994229,53.406945644398],[-106.075389110876,53.4079809310621],[-106.073298120891,53.4107661582772],[-106.072646981073,53.4121390584604],[-106.071787895283,53.4137946971331],[-106.07014127203,53.4159896261301],[-106.068970878545,53.4173300746687],[-106.067914448149,53.4188107289508],[-106.066750094479,53.4201722528],[-106.065139526414,53.4212544830244],[-106.063832754838,53.421761260549],[-106.062112758746,53.422224421564],[-106.060835018195,53.4227063682511],[-106.059454210194,53.4225903575658],[-106.058150735973,53.4221183609838],[-106.056261364349,53.4218817367607],[-106.055026141796,53.4216416982118],[-106.053395583225,53.4205517377415],[-106.050973553716,53.4197404143448],[-106.048818617271,53.41946629849],[-106.048378167521,53.4183384936991],[-106.047020458729,53.4169372560551],[-106.044732997193,53.4156968095586],[-106.038053681172,53.4153983954004],[-106.036097807629,53.4154293027492],[-106.033205480358,53.4154929920589],[-106.031452662619,53.4157199460503],[-106.029678687523,53.4161229955688],[-106.027996428793,53.4163425049046],[-106.027180023846,53.4165366169042],[-106.026097924799,53.4166933014224],[-106.024526886503,53.4172924132511],[-106.022302588643,53.4175250399424],[-106.02075881327,53.4179690669203],[-106.019285616211,53.4184056899064],[-106.016790202636,53.4190795635075],[-106.014035181225,53.4197370198669],[-106.011677350884,53.4201355235468],[-106.007910756594,53.4200724304117],[-106.006625472284,53.4197216985281],[-106.004249425437,53.4194982492938],[-106.002400318599,53.4188295401545],[-106.000552261827,53.4184277350976],[-105.999328108927,53.4179260546651],[-105.998799113918,53.4186541532506],[-105.998342986571,53.4198320853442],[-105.997798965196,53.4207596150849],[-105.998429454198,53.4214968424571],[-106.000300570198,53.4221711090738],[-106.002375755956,53.422671888911],[-106.005300235857,53.4232144040028],[-106.009024664552,53.4236298364167],[-106.012914336099,53.4236148549783],[-106.017371670037,53.4233012817959],[-106.01787312118,53.4229010541983],[-106.01829152706,53.4222072291131],[-106.018751610237,53.4221072635179],[-106.019462098637,53.4219528856536],[-106.020389033834,53.4206815786705],[-106.023581017317,53.4205217273892],[-106.027839026635,53.4190328662707],[-106.029111887488,53.4190301223753],[-106.032602898359,53.4187734752528],[-106.03344844284,53.4185545323576],[-106.035369173669,53.4185273698402],[-106.036534274347,53.4184053802191],[-106.03778967031,53.4188391512744],[-106.041363427877,53.4198561947511],[-106.043532019156,53.4207650639444],[-106.044641893157,53.4212301855332],[-106.04836908311,53.4226440366955],[-106.05196827254,53.4237450991028],[-106.054573328453,53.4245589857105],[-106.058927985883,53.4253685677546],[-106.061145149443,53.4253697499663],[-106.065216246454,53.4248555207286],[-106.066230151156,53.424466443728],[-106.069834721782,53.4231095849017],[-106.07006112368,53.4223040897383],[-106.070136971204,53.42203423625],[-106.070828319648,53.4218106307217],[-106.071273697568,53.4210939771891],[-106.072081482268,53.4212212237155],[-106.074124713718,53.4191367671302],[-106.074787304513,53.4189149530015],[-106.075189758006,53.4170680922474],[-106.076693306449,53.4143880326814],[-106.078102552527,53.4125005623544],[-106.077864281509,53.4119385853511],[-106.078468555616,53.4117663513646],[-106.080755243593,53.4088473547018],[-106.08145678266,53.4079517344773],[-106.081918106617,53.4072944502868],[-106.083608626012,53.4061165176823],[-106.084671794917,53.4055263555522],[-106.086532376085,53.40430873104],[-106.087757241394,53.403897190519],[-106.088802082531,53.403554571644],[-106.09634920286,53.4010792872853],[-106.097279276131,53.4002855687076],[-106.099195070271,53.3996271507064],[-106.100450844358,53.3989512751265],[-106.103014013783,53.3982680405793],[-106.10387947916,53.3978724213829],[-106.105423525661,53.3975574513849],[-106.106529789973,53.3960058116404],[-106.109733888823,53.3937980543051],[-106.111772666885,53.3937269252712],[-106.114512801172,53.3943375189277],[-106.115894844082,53.3945830434749],[-106.117283202445,53.3952192593537],[-106.11975933007,53.3971974292082],[-106.121723102862,53.3991644450515],[-106.121835287687,53.3995439845823],[-106.12308068465,53.4000647946601],[-106.124993036759,53.402196394322],[-106.125116735083,53.4026147299833],[-106.12563239138,53.4032560798955],[-106.126225057227,53.4037640509947],[-106.12671942806,53.4042545699333],[-106.127986033667,53.4056237485032],[-106.129601415668,53.4068222580728],[-106.132074692501,53.4086570843519],[-106.131952329943,53.4145701911878],[-106.09591130174,53.4144689236049],[-106.096018755377,53.4358723468362],[-106.077451208858,53.4358346004911],[-106.070427893501,53.4358704338571],[-106.061366134633,53.4358877841881],[-106.038972178542,53.4361391544223],[-106.028683203814,53.436076469896],[-105.986309303424,53.4358831977629],[-105.985829549778,53.4358809130262],[-105.986163281793,53.3724854782728],[-105.986247121665,53.3565275339788],[-106.075435343428,53.3566413013345],[-106.105469949314,53.3566627722712],[-106.132239421937,53.3566747582456],[-106.132445419821,53.3799683029835],[-106.132560266542,53.392943003046],[-106.133460494422,53.3929433946584],[-106.158829244977,53.3929512944081],[-106.186169737844,53.3929530362253],[-106.186818154247,53.3929529923476],[-106.186579404024,53.4211018025503],[-106.186059449574,53.420992021609],[-106.184736949169,53.4211367977432],[-106.183804261722,53.4215227696443],[-106.182648025586,53.4222446308857],[-106.180603427463,53.4216716499021],[-106.177110012658,53.4217516048128],[-106.174112592904,53.4215111510044],[-106.172604931438,53.4214996665222],[-106.171104035167,53.4217118947305],[-106.167077620307,53.4207265410295],[-106.162769635078,53.4201302374955],[-106.160725739864,53.4195570012266],[-106.158585231852,53.4183009134427],[-106.153168640929,53.4166267892893],[-106.152052515432,53.4160622051862],[-106.151594077257,53.4156639788001],[-106.150293686279,53.4145342068468],[-106.149195233177,53.413851499499],[-106.142197787387,53.4109254302278],[-106.139517940865,53.4092795719596],[-106.135890872047,53.4075700776799],[-106.133664030525,53.4059198045175]]]},"properties":{"FID":24,"Id":0,"UNIQUE_ID":"PRF101","Shape__Area":83039426.65512085,"Shape__Length":70359.099127922862}},{"type":"Feature","id":25,"geometry":{"type":"Polygon","coordinates":[[[-107.0059123083,53.3402799845337],[-107.007091858898,53.3402786640411],[-107.007003845303,53.364682091496],[-107.00672281214,53.4424059817871],[-106.889156667357,53.4422407456514],[-106.765508920748,53.441926943465],[-106.764774088505,53.4419420379995],[-106.764677596583,53.3402362329031],[-106.765145549724,53.3402755347051],[-107.0059123083,53.3402799845337]]]},"properties":{"FID":25,"Id":0,"UNIQUE_ID":"PRF104","Shape__Area":177369928.69046021,"Shape__Length":54102.57146417904}},{"type":"Feature","id":26,"geometry":{"type":"Polygon","coordinates":[[[-107.06611295472,53.4707629809645],[-107.031275331876,53.4707820581991],[-107.031256887973,53.464909420495],[-107.030807647734,53.4649095260877],[-107.025194555434,53.4649106895619],[-107.025194589966,53.4648069831763],[-107.025196827369,53.4581324097243],[-107.035792932062,53.4581311127266],[-107.035793366493,53.4563250964962],[-107.066081305707,53.4563074388197],[-107.066081451894,53.456374363755],[-107.06611295472,53.4707629809645]]]},"properties":{"FID":26,"Id":0,"UNIQUE_ID":"PRF118A","Shape__Area":3848094.1245422363,"Shape__Length":8520.67857788871}},{"type":"Feature","id":27,"geometry":{"type":"Polygon","coordinates":[[[-107.626955329114,53.3655429918711],[-107.627717266583,53.5184865177484],[-107.577698577229,53.5185770139822],[-107.57712880756,53.5043613776718],[-107.565455390811,53.5041105558954],[-107.56525987316,53.4968359870963],[-107.55365469913,53.4965475183802],[-107.553764412295,53.4823327526477],[-107.479549423675,53.4823446863478],[-107.47893949258,53.3654841687137],[-107.626955329114,53.3655429918711]]]},"properties":{"FID":27,"Id":0,"UNIQUE_ID":"PRF117","Shape__Area":140264286.50402832,"Shape__Length":52850.210823169662}},{"type":"Feature","id":28,"geometry":{"type":"Polygon","coordinates":[[[-107.218161718693,53.633731670752],[-107.218784114477,53.6772393989296],[-107.156980292363,53.6774563830215],[-107.156583892859,53.6344920548994],[-107.132153807183,53.6345513072337],[-107.131975628638,53.597978221817],[-107.083182868734,53.5980219032279],[-107.083066063758,53.5582163785938],[-107.046745349895,53.5582644891412],[-107.046818300404,53.5102507437673],[-107.131684358989,53.5104774811795],[-107.131811206049,53.5318520288029],[-107.205083208102,53.5316165016068],[-107.205898910694,53.6337976274463],[-107.218161718693,53.633731670752]]]},"properties":{"FID":28,"Id":0,"UNIQUE_ID":"PRF118","Shape__Area":115952250.456604,"Shape__Length":58945.39394907005}},{"type":"Feature","id":29,"geometry":{"type":"Polygon","coordinates":[[[-108.806905596464,53.5406161033056],[-108.807082265841,53.4531482663552],[-108.880447081506,53.4533046213679],[-108.880639790985,53.4676782830521],[-108.893641182845,53.4678681465021],[-108.893697012801,53.4604625465619],[-108.905009974769,53.4603855836167],[-108.904947934918,53.4751670872324],[-108.917561646784,53.4751383647601],[-108.9176006564,53.4821436322688],[-108.90552836676,53.4819459032162],[-108.905432408528,53.4896040051171],[-108.917287456409,53.4897954417047],[-108.917421908754,53.4967348750104],[-108.905364666927,53.4966121930002],[-108.905489846168,53.5111914150372],[-108.880914387462,53.5113020733072],[-108.880885126207,53.526061660741],[-108.856036679521,53.5263755909323],[-108.855919057738,53.5406951236583],[-108.830936849692,53.5406053569861],[-108.806905596464,53.5406161033056]]]},"properties":{"FID":29,"Id":0,"UNIQUE_ID":"PRF115B","Shape__Area":53095421.282562256,"Shape__Length":36751.8333980151}},{"type":"Feature","id":30,"geometry":{"type":"Polygon","coordinates":[[[-107.716783540982,53.7442870501679],[-107.716536144715,53.7159376920454],[-107.716479384623,53.7159371901176],[-107.716529374079,53.7151965146776],[-107.725792110454,53.7151928854985],[-107.725888768606,53.6807613954373],[-107.728415178617,53.6807161192255],[-107.728546522919,53.6823349493376],[-107.732172994636,53.6823753087412],[-107.731935180487,53.6771997188198],[-107.737667196262,53.677047201565],[-107.737662990873,53.678182707359],[-107.7376753214,53.6793568072955],[-107.740664415033,53.6794095714946],[-107.740794334333,53.6806920311229],[-107.735020413395,53.6807673094817],[-107.735035060216,53.6824461511011],[-107.737695379459,53.6823793471623],[-107.738339013372,53.6860220700618],[-107.738402442879,53.6860219031439],[-107.738444060489,53.6870057458004],[-107.744075568492,53.6870401795895],[-107.744046896705,53.6859578724806],[-107.743950066815,53.6826101981991],[-107.747147468598,53.6826300698078],[-107.746813360541,53.6787309054969],[-107.749909768868,53.6786825784295],[-107.750022197652,53.6718169968379],[-107.749892839608,53.6715530817619],[-107.752953475456,53.6713117804461],[-107.753179292662,53.665911496423],[-107.756252735578,53.666088701262],[-107.756457436679,53.6642399163897],[-107.759582842365,53.6642607507678],[-107.759893465261,53.6633236308909],[-107.767440738639,53.6629706042097],[-107.767732283671,53.6646075291961],[-107.770886600697,53.6644011607112],[-107.770999774185,53.6659182159177],[-107.77159398838,53.6658985742476],[-107.775218276655,53.665936331727],[-107.775155065562,53.6684995198354],[-107.775146445853,53.6731069346695],[-107.776610525631,53.6730869454988],[-107.787092412396,53.6729435481719],[-107.787123299324,53.6869793804343],[-107.800126471604,53.6869301109787],[-107.799898191432,53.6866107246584],[-107.799485396858,53.672434574067],[-107.811169132597,53.6725628657322],[-107.811379127315,53.6581870344042],[-107.835551743616,53.6581014004998],[-107.835710699328,53.6653386466055],[-107.859761994716,53.6652313947265],[-107.859358825783,53.6437212303868],[-107.871757157374,53.6435899710433],[-107.87157056097,53.636286900202],[-107.883632415425,53.6362065962378],[-107.884107913293,53.6507272026606],[-107.895893567034,53.6505468238687],[-107.896422528723,53.6835348378259],[-107.89542811192,53.6849204718713],[-107.895533154132,53.6860963744315],[-107.884968969177,53.6869776353073],[-107.885081550225,53.7014851650308],[-107.872635665852,53.7015517064786],[-107.872916608578,53.7150922743883],[-107.848121670961,53.7150671841707],[-107.842150318483,53.7150604930198],[-107.841310334089,53.7150594509867],[-107.835090496621,53.7150518545108],[-107.818428073069,53.7150297112451],[-107.813437665605,53.715022501689],[-107.813473884304,53.7151351779286],[-107.791189417964,53.7149876819796],[-107.791189341267,53.7149912011026],[-107.791186105912,53.7149877769673],[-107.775404971423,53.7150310881001],[-107.750953261391,53.7150936227793],[-107.749806804983,53.7162061247772],[-107.751196824522,53.7187889879982],[-107.748907073877,53.7188961674328],[-107.74891977083,53.7224348814512],[-107.745661477097,53.7225213274955],[-107.74552532131,53.7236954750016],[-107.744784610308,53.723381539083],[-107.741576657557,53.7249709468848],[-107.739528012729,53.7259871487594],[-107.738575130541,53.7297763415943],[-107.738537428064,53.7299263027931],[-107.734278264352,53.7297944965689],[-107.731664388651,53.7442876521914],[-107.716783540982,53.7442870501679]]]},"properties":{"FID":30,"Id":0,"UNIQUE_ID":"PRA191","Shape__Area":62530099.882537842,"Shape__Length":56657.7428275946}},{"type":"Feature","id":31,"geometry":{"type":"Polygon","coordinates":[[[-102.660808441852,54.0611923011882],[-102.660383801611,54.0699341374683],[-102.660383478837,54.0699450162464],[-102.64526262711,54.0698640304725],[-102.645950759071,54.0610000844998],[-102.660808441852,54.0611923011882]]]},"properties":{"FID":31,"Id":0,"UNIQUE_ID":"PRLW20C","Shape__Area":931120.59777832031,"Shape__Length":3860.3581023845823}},{"type":"Feature","id":32,"geometry":{"type":"Polygon","coordinates":[[[-102.850715131035,54.1095801312973],[-102.849894090295,54.1103695972327],[-102.849444693878,54.1114707189882],[-102.849338658382,54.1125448986663],[-102.844207121737,54.112451748947],[-102.831908781894,54.1122276712494],[-102.828836109011,54.1121712575722],[-102.828931349295,54.1103753041445],[-102.828932068624,54.1103640903824],[-102.829055743104,54.1103662619017],[-102.830653444875,54.1103955145857],[-102.830777119559,54.1103976841384],[-102.830777838335,54.1103864703634],[-102.831157472613,54.1031705166425],[-102.831442334479,54.0977612578563],[-102.831443021696,54.0977498966428],[-102.831566682816,54.0977522141473],[-102.83793391384,54.0978694356148],[-102.838284246938,54.0978757571151],[-102.838310988382,54.0982145365577],[-102.838705522802,54.0985012021482],[-102.839358642804,54.0987082546559],[-102.839766685172,54.0989907664206],[-102.840073604013,54.0992963258011],[-102.840051620228,54.0997191997659],[-102.840309509262,54.1000477884689],[-102.840853019228,54.1003896661671],[-102.840660911759,54.1004620281007],[-102.840731619613,54.1005941364653],[-102.840809944213,54.1007246342877],[-102.840895412697,54.1008537078888],[-102.840988435366,54.1009808735163],[-102.841088506265,54.1011061679974],[-102.841195374174,54.1012296105293],[-102.841309700849,54.1013506990424],[-102.841430479499,54.101469509594],[-102.84155739815,54.1018231713554],[-102.84157970079,54.1022746499971],[-102.841580311464,54.1022860680877],[-102.841491161283,54.1022844155452],[-102.841455591307,54.1022836870022],[-102.840980777545,54.1022751245636],[-102.838850538728,54.1022359485251],[-102.838726860781,54.1022336394301],[-102.838726176078,54.1022450026319],[-102.838630636676,54.1040408343299],[-102.841705215872,54.1040969325053],[-102.842439047812,54.1041104622116],[-102.842569430006,54.1041128822881],[-102.842546587331,54.1042005225772],[-102.842692469335,54.1045271628536],[-102.842821637132,54.1048560775578],[-102.842934090305,54.1051872667553],[-102.843029701064,54.1055201340094],[-102.843113168558,54.105646940636],[-102.843190284643,54.1057752658208],[-102.843260227419,54.1059048674707],[-102.84332350155,54.1060357097607],[-102.84337953778,54.1061675303527],[-102.843530519321,54.1062274266653],[-102.843677991439,54.1062901423676],[-102.843822234119,54.1063558089867],[-102.843962651445,54.1064240151535],[-102.844099210897,54.1064946141117],[-102.844232256537,54.1065680337651],[-102.844631303935,54.1068438061051],[-102.845097941357,54.1070822246333],[-102.845645613492,54.1071827544857],[-102.845769925137,54.1074154893719],[-102.845946215984,54.1075174323422],[-102.846127253252,54.1076163152865],[-102.846313289412,54.1077121170219],[-102.846504039059,54.107804710092],[-102.846699442513,54.1078937968482],[-102.847232203093,54.1080780659427],[-102.847396352182,54.1081516294794],[-102.847556264532,54.1082282174353],[-102.847712189931,54.108307810709],[-102.847863339197,54.1083903149235],[-102.848010442044,54.1084755277815],[-102.848152484708,54.1085635231778],[-102.848712755762,54.108726022008],[-102.849163657549,54.1089759814788],[-102.849696477095,54.1091603876459],[-102.850144827554,54.1094127930694],[-102.850517336036,54.1095527696258],[-102.850640257037,54.1095696031414],[-102.850642405178,54.1095700486559],[-102.850715131035,54.1095801312973]]]},"properties":{"FID":32,"Id":0,"UNIQUE_ID":"PRLW20B","Shape__Area":1330849.716003418,"Shape__Length":5852.4367890833764}},{"type":"Feature","id":33,"geometry":{"type":"Polygon","coordinates":[[[-105.81065094261,54.0678016057288],[-105.810161524969,54.0677630055268],[-105.808653378031,54.06721689528],[-105.806899808329,54.066720327797],[-105.806225906517,54.0664329698151],[-105.804912301288,54.0661440379557],[-105.800979168474,54.0645078319285],[-105.798159375025,54.0638707647048],[-105.796394976832,54.063552826609],[-105.795324668418,54.0632062146591],[-105.793643591172,54.062764144389],[-105.793075295737,54.0627181267094],[-105.792448144333,54.062566475453],[-105.791887492076,54.062329614038],[-105.790813693107,54.0622601538417],[-105.788841180218,54.06209529841],[-105.787925547252,54.0618693918508],[-105.785831750322,54.0613117862333],[-105.784341998471,54.0611643382014],[-105.783181138107,54.0610126755475],[-105.782233285269,54.0610378793369],[-105.781512076781,54.061238579979],[-105.781437152852,54.0609569001617],[-105.781714898397,54.0606562392924],[-105.782003397498,54.0602718591287],[-105.782223907841,54.0597745028425],[-105.782293446075,54.059023785337],[-105.781992938992,54.058401228721],[-105.780161793944,54.0559206451196],[-105.780073245779,54.0556403419856],[-105.779774914737,54.0554596618113],[-105.779597677203,54.0551882882903],[-105.779179035384,54.0547387663124],[-105.777895754701,54.0543101806103],[-105.777228559615,54.0538570129662],[-105.776639868629,54.0533417135755],[-105.776150776722,54.0528292994717],[-105.775110494029,54.052307804652],[-105.774318753082,54.0522260945555],[-105.772613272359,54.0519070890956],[-105.770807689907,54.0515077525116],[-105.767770961006,54.0507222387448],[-105.766680540665,54.050631786192],[-105.765851069668,54.0502310421718],[-105.765203899194,54.0499668936525],[-105.764563754541,54.0496891245049],[-105.764107389802,54.0492508559139],[-105.763849429865,54.0489669345076],[-105.763284243345,54.0489850270296],[-105.762058161165,54.0488048869628],[-105.761470368945,54.0488962518658],[-105.760592167475,54.0488941514479],[-105.760003579073,54.0488693924573],[-105.758226122419,54.0489060090743],[-105.756211820155,54.0486178099063],[-105.755634418677,54.0484047009453],[-105.755124356183,54.0481590044083],[-105.754549473075,54.0475913095516],[-105.754162319943,54.0474568452012],[-105.749974665677,54.0475149632341],[-105.748430452921,54.0476384958255],[-105.747419390206,54.0476612041899],[-105.745069056843,54.0479601667939],[-105.742805630086,54.0482818735038],[-105.74201604834,54.0483295830436],[-105.74200059844,54.0441537287403],[-105.741751839219,53.9767991477235],[-105.741749202663,53.9766972791776],[-105.741726008495,53.9758014054855],[-105.742460764763,53.9761813211489],[-105.743959375443,53.976956159011],[-105.745902201438,53.9772965516244],[-105.748780129226,53.9775428703876],[-105.7506229437,53.9778144607206],[-105.751027716885,53.9781046364375],[-105.750480117255,53.9798141866085],[-105.752219653054,53.9814827657193],[-105.752354472842,53.982871578394],[-105.753195823964,53.9836535798467],[-105.754659958222,53.987508620181],[-105.754405554495,53.9878045383954],[-105.752573196912,53.9899357569893],[-105.752720306221,53.9907083753147],[-105.75324694737,53.9911652892515],[-105.754368029536,53.9918593038838],[-105.755979509337,53.9923555275953],[-105.757009542743,53.9924326153809],[-105.759700717212,53.9929879638983],[-105.761023383888,53.993559581859],[-105.761551733481,53.993605920292],[-105.763218602866,53.9937520942906],[-105.764663495927,53.9941310502162],[-105.765087031533,53.9944111308158],[-105.764829023134,53.9946177517208],[-105.764698112704,53.9947225885923],[-105.763735313129,53.9954750567343],[-105.761986794461,53.9965284757596],[-105.761563861282,53.997549302688],[-105.762049156807,53.9983375268977],[-105.763670748445,53.9997753326881],[-105.765107831237,54.0001191694025],[-105.766585575786,54.0006952717748],[-105.767978962813,54.0009804432638],[-105.768644675431,54.0013388826626],[-105.770127390812,54.0013786562086],[-105.803359078527,54.0013278696234],[-105.803313416278,54.0110679053969],[-105.811291198278,54.0114886492514],[-105.811431382874,54.0295851892221],[-105.820668458252,54.0295249274316],[-105.820668763214,54.0295417705904],[-105.821015301497,54.0584933577698],[-105.836024483612,54.0584456043317],[-105.836420554348,54.0820308763225],[-105.838306072033,54.0821539902627],[-105.838476776424,54.0813585871413],[-105.839136067813,54.080523237407],[-105.840185969849,54.080398416004],[-105.840753223365,54.0803392419692],[-105.840608062658,54.081616756647],[-105.841167742544,54.0822460893407],[-105.841242013697,54.0825891686419],[-105.840962644745,54.0828739697372],[-105.839766109101,54.0831842804628],[-105.839273722314,54.0835179503976],[-105.839048965512,54.0838955030611],[-105.839108539449,54.0843633437789],[-105.838733322807,54.0845582160358],[-105.838823395767,54.084911800705],[-105.839692309802,54.0851313946182],[-105.840484169008,54.0849960791453],[-105.841768409348,54.0845270786404],[-105.842675020122,54.0845118306458],[-105.84305733999,54.0847204658754],[-105.843897867066,54.0850211920826],[-105.845379666831,54.0857306488559],[-105.846537515172,54.0857001668267],[-105.846825954623,54.085402877018],[-105.846362012461,54.0849307893249],[-105.846306235618,54.0844068028897],[-105.846723099879,54.0841359360215],[-105.847612379746,54.0839670461497],[-105.848518180009,54.0841813729054],[-105.848853213608,54.0847407723691],[-105.849089568264,54.1163444794616],[-105.86161763361,54.1163507742394],[-105.861558733287,54.1525828061352],[-105.81312782882,54.1525752890457],[-105.81117293977,54.1519523967396],[-105.80968497257,54.1520076904242],[-105.808461623611,54.1519574820696],[-105.808145318044,54.1510591356819],[-105.807168589524,54.150290369036],[-105.806338070008,54.1498379610275],[-105.804765156026,54.1496021965321],[-105.803418120219,54.1493121394063],[-105.801737167258,54.1491660410531],[-105.800353658117,54.1492107021229],[-105.799336145997,54.1487613079618],[-105.79874652128,54.1484895664486],[-105.799257867216,54.1476655896858],[-105.799396504205,54.1470367781406],[-105.799274255678,54.1464342228347],[-105.799235411801,54.1455804237646],[-105.799514428256,54.1418597320735],[-105.799932426142,54.1396991831999],[-105.800471463447,54.1373786539532],[-105.801632192446,54.1354635599258],[-105.802337588202,54.1335696734199],[-105.803066234888,54.1320429385003],[-105.804559607349,54.1301189384537],[-105.805417311631,54.1286038161789],[-105.805297168872,54.1271872075717],[-105.805970853981,54.125616724534],[-105.80675630282,54.124429101058],[-105.808110806675,54.1230363225182],[-105.808738979822,54.121741367013],[-105.809162241316,54.1203192672008],[-105.809331682943,54.118602529021],[-105.808616639315,54.1167286364732],[-105.808851361667,54.1148851284532],[-105.809582416676,54.113897071693],[-105.809880677185,54.1126215877039],[-105.80987726537,54.111140053097],[-105.810219445303,54.1099232034915],[-105.810303313568,54.1090161653148],[-105.810465189827,54.1075495031436],[-105.810291378591,54.1064950464711],[-105.809935778286,54.1050017576044],[-105.810337847923,54.10261231977],[-105.811743790001,54.1004516932607],[-105.811748972772,54.0986037975379],[-105.812454969929,54.0952812139237],[-105.811001501848,54.0927430432659],[-105.810313861682,54.0916793842659],[-105.81120081584,54.0905553964325],[-105.81236197373,54.0889357413381],[-105.81277165232,54.086751505556],[-105.81236559989,54.0860781876822],[-105.811184222921,54.0860496152817],[-105.809670299894,54.0860299514887],[-105.810227015908,54.0852102320356],[-105.809583843481,54.0845854672339],[-105.808454774421,54.0843052881347],[-105.807967438397,54.0836401686474],[-105.807369614868,54.0827398926033],[-105.808036839784,54.0821553460871],[-105.809279729982,54.0822516239609],[-105.810087780825,54.0822932445661],[-105.810482878069,54.081637616066],[-105.809850111566,54.0806177295252],[-105.809437196153,54.0799204853367],[-105.810253124761,54.0792716553433],[-105.810711031542,54.0788313612292],[-105.811428515201,54.0794239711104],[-105.812125070156,54.0799448011177],[-105.81287143254,54.0799187304097],[-105.813766577894,54.0798283745773],[-105.814350183595,54.0798187225834],[-105.815520683149,54.0783015353685],[-105.816705338608,54.0771257593986],[-105.817291846069,54.0761049554212],[-105.816874449289,54.0744919384606],[-105.816214616076,54.072966466083],[-105.815320766422,54.0720163470692],[-105.813953092929,54.0710037271361],[-105.813727504326,54.0705063191114],[-105.814714675661,54.0706746180544],[-105.815355801038,54.0704837714079],[-105.816456055261,54.0706721622483],[-105.816636716806,54.0704647574883],[-105.815909092307,54.070175685757],[-105.815052643086,54.0695370656411],[-105.814638781933,54.0688537514392],[-105.813761602733,54.0683275641046],[-105.812660651038,54.0680446477302],[-105.811413233832,54.0679026114967],[-105.811076509518,54.0678579956637],[-105.81065094261,54.0678016057288]]]},"properties":{"FID":33,"Id":0,"UNIQUE_ID":"PRA106","Shape__Area":58249393.820770264,"Shape__Length":55567.335024683278}},{"type":"Feature","id":34,"geometry":{"type":"Polygon","coordinates":[[[-108.147442355217,55.170121753569],[-108.14582333242,55.1683711624141],[-108.144731982281,55.1672502403811],[-108.145653709619,55.1649372277831],[-108.148648652329,55.1622487348362],[-108.150203807915,55.1609646267442],[-108.148400516133,55.1595192198615],[-108.148225519064,55.1571100309275],[-108.15021921301,55.1560352334974],[-108.150737508203,55.1550363445846],[-108.148863124965,55.1519705838834],[-108.145200828726,55.1480495700237],[-108.14366298768,55.1465863989866],[-108.140990862767,55.1450128649636],[-108.136750095442,55.1453274546059],[-108.135439148198,55.1465377781104],[-108.134652279625,55.1472477972976],[-108.133559612697,55.1475084888171],[-108.131124108733,55.1483514414131],[-108.128231358216,55.1489788235713],[-108.128040714669,55.1344191933948],[-108.159351761674,55.1344093639373],[-108.159661248662,55.1181690452679],[-108.184881421848,55.118250501921],[-108.18495673091,55.1069002983227],[-108.210145108115,55.1069224548279],[-108.210162268625,55.0942824190541],[-108.255852196382,55.0943000602794],[-108.256174895073,55.0946729776159],[-108.257442808574,55.0952676939258],[-108.260352308518,55.0959451623981],[-108.26041799443,55.0960488666387],[-108.260836458861,55.0962620229186],[-108.261372993524,55.0963745995187],[-108.262521118387,55.0965751442366],[-108.264224749269,55.0972426664096],[-108.266971563861,55.0975941249372],[-108.268932467724,55.0972668916995],[-108.269636492561,55.0972876304634],[-108.270205798988,55.0973247195355],[-108.270437259955,55.0975302712252],[-108.271161960222,55.0978076319284],[-108.271859901547,55.0979522953246],[-108.272355149801,55.0979091541663],[-108.272665541887,55.0980074091235],[-108.272639176091,55.0982570087603],[-108.27214015421,55.0985070566261],[-108.271935812481,55.0988311565918],[-108.27200425429,55.0990053258586],[-108.272209708013,55.0992607645399],[-108.272503736209,55.0994535205725],[-108.272713385307,55.0998623367993],[-108.274221863577,55.10030298337],[-108.274987591843,55.1004247894538],[-108.275069436808,55.1003767847736],[-108.275790267878,55.1003667277042],[-108.276223956229,55.1001366511829],[-108.276417080224,55.0997361076018],[-108.276581095507,55.09961634803],[-108.276687657059,55.0995854902107],[-108.276748566661,55.0995857104824],[-108.276813625917,55.0995531943388],[-108.277333756696,55.0996776238835],[-108.27780795819,55.1001012756216],[-108.278003845714,55.1005288249032],[-108.278455686298,55.1008790633912],[-108.278461852173,55.1014239816035],[-108.278751229171,55.1017572135635],[-108.279327590777,55.1022004375487],[-108.279251485401,55.1024154807532],[-108.27757645269,55.1037615041291],[-108.277234114669,55.1048240764332],[-108.277592614977,55.1059473915501],[-108.278919663524,55.1071396491456],[-108.279943997989,55.1071975191387],[-108.281014089313,55.1078836694553],[-108.281638005868,55.1089219267812],[-108.282018641104,55.1102687205479],[-108.282234669139,55.111156957778],[-108.281686559121,55.1113031976654],[-108.281194689442,55.1111703181811],[-108.280915714075,55.1109368886928],[-108.280777128452,55.1100114423102],[-108.280430317501,55.1098674498609],[-108.279394616508,55.1097743181547],[-108.27690886554,55.1102940069839],[-108.276350475268,55.1104966479232],[-108.276412652137,55.1110077044066],[-108.276611147269,55.1117407698329],[-108.276308221686,55.112047227545],[-108.275833321434,55.1120841432635],[-108.274984738888,55.1113055401602],[-108.273903951186,55.1110737282104],[-108.269902607194,55.1123891601007],[-108.267502614517,55.1135827401231],[-108.266242223774,55.1148247019141],[-108.265182173909,55.1154822604655],[-108.264192727307,55.1163801660269],[-108.264282411572,55.1170642026925],[-108.265167854648,55.1181579045394],[-108.264896182108,55.1186285173323],[-108.262563115003,55.1182891588035],[-108.260687439259,55.1182573095439],[-108.260347336325,55.1177281001545],[-108.254563147749,55.1179418078597],[-108.252865166337,55.1172141474205],[-108.252296757724,55.1163599676706],[-108.250315714765,55.115894755925],[-108.249801595339,55.1153347654137],[-108.248530599645,55.1153228085178],[-108.246091295621,55.1150375057769],[-108.245179614919,55.1143804625466],[-108.243780198577,55.1145413266579],[-108.241546303134,55.1144919024654],[-108.240703643494,55.114427464141],[-108.239607967182,55.1134994937629],[-108.240183759595,55.1123615760066],[-108.240017085004,55.1116045239496],[-108.238874527315,55.1106740721815],[-108.236938396475,55.1099854621897],[-108.235315834964,55.1100989002791],[-108.229825834182,55.1098299042533],[-108.225079231462,55.1105812550445],[-108.221219825234,55.1117204480519],[-108.21712975334,55.1131591243659],[-108.213428042726,55.1158664248663],[-108.209616808798,55.1182651643344],[-108.208104103549,55.1195950356711],[-108.205704414756,55.1217044529709],[-108.203516547059,55.1230761819787],[-108.198607997199,55.1241827695971],[-108.195056054829,55.1240970056258],[-108.19111426893,55.1252052795239],[-108.187279842917,55.1271706852827],[-108.184007115002,55.1288671511174],[-108.182522519169,55.1301964570219],[-108.180466088253,55.1315657167813],[-108.179350888331,55.1337825414474],[-108.178666635429,55.1379392177399],[-108.179766600939,55.1400630459485],[-108.180737802686,55.1443353157715],[-108.182814037498,55.1486739421542],[-108.183594400179,55.1518797261909],[-108.181345393002,55.1553101096247],[-108.181395545359,55.1579127618823],[-108.181801918599,55.1581716991417],[-108.182101149078,55.15883241021],[-108.179826776648,55.1604996592709],[-108.178051804373,55.1615234362683],[-108.176009371991,55.161202105553],[-108.173987570373,55.162093472271],[-108.172465892459,55.1636537617305],[-108.170988504443,55.1649494481617],[-108.168261317238,55.1662333589349],[-108.163723861301,55.1664622599402],[-108.160689581526,55.1664279850432],[-108.159688446972,55.1668593646507],[-108.157184019158,55.1676372428583],[-108.156800784783,55.1682224866891],[-108.154080979592,55.1702912075298],[-108.152734804642,55.1704736003053],[-108.151738048049,55.1716094736279],[-108.150026947681,55.1728725652925],[-108.149284127359,55.1731691199811],[-108.148475824822,55.1739297729287],[-108.146779726649,55.1741686572366],[-108.145329649831,55.1732288023372],[-108.144768009701,55.1715747698525],[-108.146874125846,55.1710241488166],[-108.147442355217,55.170121753569]]]},"properties":{"FID":34,"Id":0,"UNIQUE_ID":"PRI165","Shape__Area":23145898.750671387,"Shape__Length":36775.826226526726}},{"type":"Feature","id":35,"geometry":{"type":"MultiPolygon","coordinates":[[[[-103.21466604312,56.3085932430819],[-103.242117343952,56.294421889034],[-103.248022882691,56.2960955550013],[-103.248469880753,56.3009260108938],[-103.253369520003,56.3062090110155],[-103.243918308515,56.3237007433366],[-103.240966260425,56.3291574617201],[-103.234571363242,56.3354727258949],[-103.229964677638,56.3359256283534],[-103.210780922064,56.3296862752472],[-103.208148079179,56.325660387289],[-103.21562987915,56.3177987740555],[-103.21466604312,56.3085932430819]]],[[[-103.164673279419,56.3908791605628],[-103.165454041378,56.2843051535266],[-103.165453953107,56.2842930257552],[-103.165586275421,56.2842956589949],[-103.213437998524,56.2851914077005],[-103.213554386745,56.285193468371],[-103.212261262008,56.2931320490223],[-103.212015210183,56.2931238733387],[-103.205734415925,56.292948838184],[-103.205493623597,56.2931643211256],[-103.191890751267,56.2927841355073],[-103.16859500005,56.2991382606774],[-103.169895850326,56.3037894129905],[-103.175201116916,56.3040571195471],[-103.17951838896,56.3003863360752],[-103.186426385431,56.2984525134072],[-103.194705439663,56.2981886482697],[-103.194218348402,56.3036553914263],[-103.194551278526,56.3034401282012],[-103.20322776865,56.3029750738573],[-103.205348109345,56.3051417730519],[-103.205101354609,56.3053648144953],[-103.186933923837,56.3218301281675],[-103.189314051315,56.3249299837847],[-103.199321701134,56.317649652476],[-103.199614310475,56.3174389488852],[-103.202884424359,56.3176083562467],[-103.203847516491,56.3192589273264],[-103.197261135367,56.3267055930007],[-103.204722887617,56.3314357016246],[-103.204461388148,56.338060734612],[-103.210448838089,56.3367640117726],[-103.219406824231,56.3374505536812],[-103.222782186081,56.341971422069],[-103.230815347051,56.3432957804355],[-103.233165041882,56.3466177334035],[-103.226234906849,56.3561092519961],[-103.224154865559,56.3663072362139],[-103.22389818117,56.3663445723227],[-103.220766187989,56.3668214922868],[-103.211445150591,56.3627624769427],[-103.207666875759,56.3611180581306],[-103.205445951888,56.3621471807143],[-103.205504959047,56.36219967372],[-103.210160565569,56.3660541355308],[-103.195666876856,56.3788238454563],[-103.195552722902,56.3788865185622],[-103.186620364513,56.3836248936364],[-103.186658004696,56.3836631543303],[-103.189111461111,56.3860426280247],[-103.187283197298,56.389611966889],[-103.187084080986,56.3896459853518],[-103.182178668015,56.3904968939652],[-103.182036792,56.3906813955413],[-103.179572050404,56.3937963305018],[-103.179412923482,56.3938494637815],[-103.171708909809,56.3963714132953],[-103.164082627875,56.3972661661676],[-103.164673279419,56.3908791605628]]]]},"properties":{"FID":35,"Id":0,"UNIQUE_ID":"PRF200","Shape__Area":36001572.778045654,"Shape__Length":51494.94590619384}},{"type":"Feature","id":36,"geometry":{"type":"Polygon","coordinates":[[[-108.320472266656,53.0780943891378],[-108.320524705206,53.0895945570444],[-108.317402825895,53.0895654270559],[-108.317416989611,53.0913721443843],[-108.320532854839,53.091381183859],[-108.32072084234,53.132550839183],[-108.271936907062,53.1325156081027],[-108.2716365448,53.1325143368445],[-108.27163638426,53.1326951069415],[-108.271517567229,53.1470785707019],[-108.220922687471,53.1469966971904],[-108.198762264739,53.1470157346505],[-108.198035732742,53.1470210279675],[-108.149104519994,53.1470721856942],[-108.149163394912,53.1388755889279],[-108.148793535026,53.1034927543503],[-108.198919757597,53.103384288448],[-108.218971561146,53.1032909197652],[-108.25988251974,53.103416912634],[-108.259756789469,53.0888839593745],[-108.271955864484,53.0889332338461],[-108.272008713864,53.0742644564369],[-108.284265360593,53.0742399762203],[-108.296395861149,53.0744616888056],[-108.304429034237,53.074616833995],[-108.30797235311,53.0745427258031],[-108.308584914097,53.0745300153125],[-108.308610640634,53.0661770660022],[-108.30874586265,53.066271020201],[-108.309480254981,53.067177728693],[-108.312985552203,53.0693879115383],[-108.313995466922,53.0699596398452],[-108.31490119828,53.0702229886236],[-108.31575554282,53.0704756627538],[-108.317623012267,53.0702027967259],[-108.317904760838,53.0704347258954],[-108.31769856656,53.0711049912656],[-108.31703873862,53.0721679899957],[-108.317022313355,53.0728432700541],[-108.318557034657,53.0761048150357],[-108.320256769977,53.0778720622759],[-108.320472266656,53.0780943891378]]]},"properties":{"FID":36,"Id":0,"UNIQUE_ID":"PRF112B","Shape__Area":60858767.210296631,"Shape__Length":40506.994279654413}},{"type":"Feature","id":37,"geometry":{"type":"Polygon","coordinates":[[[-109.971268143419,53.7660801113782],[-109.970529566706,53.7660811994362],[-109.842970263999,53.7658009623939],[-109.808403938776,53.7656989223495],[-109.808401084989,53.7656989132937],[-109.808406702554,53.7652596425392],[-109.808409280966,53.7648497363371],[-109.808891949839,53.6879643790161],[-109.809221275985,53.6353343255274],[-109.809268727673,53.6353506055554],[-109.809771627155,53.6353990717612],[-109.810278606899,53.6354372175578],[-109.810756067727,53.6354527314587],[-109.866375003566,53.6355664505082],[-109.867908301878,53.6355691758025],[-109.970929392174,53.635701982391],[-109.971543440556,53.6357024766517],[-109.972138854838,53.6357039784524],[-109.971268143419,53.7660801113782]]]},"properties":{"FID":37,"Id":0,"UNIQUE_ID":"PRF119","Shape__Area":151218966.1887207,"Shape__Length":49751.796827036625}},{"type":"Feature","id":38,"geometry":{"type":"Polygon","coordinates":[[[-108.50982634115,54.0496601797669],[-108.509801122475,54.0352323951402],[-108.534257272782,54.0352479035254],[-108.534276246888,54.0496928912779],[-108.50982634115,54.0496601797669]]]},"properties":{"FID":38,"Id":0,"UNIQUE_ID":"PRF105A","Shape__Area":2489821.2984619141,"Shape__Length":6311.6857660441619}},{"type":"Feature","id":39,"geometry":{"type":"Polygon","coordinates":[[[-108.447218108559,54.1912471878038],[-108.358479089906,54.1909520210987],[-108.3585539639,54.1353812307444],[-108.359576713612,54.1351864664884],[-108.360431356901,54.1352423353474],[-108.362444799022,54.1349074361286],[-108.364990118513,54.1341631664541],[-108.366572972022,54.1334983641265],[-108.367582739394,54.1330785989583],[-108.369503319859,54.1327510474056],[-108.370301279219,54.1326832129245],[-108.371346440155,54.1325912847046],[-108.37136760875,54.1331876296639],[-108.403576519151,54.1333036663528],[-108.41739524242,54.1333505132227],[-108.447611852456,54.1336649142745],[-108.447218108559,54.1912471878038]]]},"properties":{"FID":39,"Id":0,"UNIQUE_ID":"PRF105","Shape__Area":36017639.931030273,"Shape__Length":23938.490325457995}},{"type":"Feature","id":40,"geometry":{"type":"Polygon","coordinates":[[[-109.652648806698,54.3838896017862],[-109.65460391442,54.3838874913577],[-109.669354490235,54.3838704357098],[-109.677349952005,54.3838603554954],[-109.677349970344,54.3838717778786],[-109.677451865451,54.4129473772863],[-109.671338162387,54.4129267064753],[-109.671445202652,54.427514471112],[-109.658586838747,54.4275457280665],[-109.658499471591,54.4314430690685],[-109.658642735187,54.434739250695],[-109.633394312128,54.4347536342284],[-109.633442286974,54.4491920206656],[-109.632380947025,54.4491935585142],[-109.608212078552,54.4492257815077],[-109.608234355338,54.4736843453615],[-109.607330108357,54.4735447959877],[-109.606560755936,54.4734676676558],[-109.604138446931,54.4733966390129],[-109.602534076233,54.47332412027],[-109.600749449384,54.4732537330244],[-109.599410325595,54.4731035157109],[-109.595352483545,54.472635505447],[-109.594287546991,54.4723108791277],[-109.593465170654,54.4717784411753],[-109.59291725965,54.4715882557723],[-109.588733615434,54.4710134831557],[-109.587745566136,54.47071691073],[-109.584002050638,54.4700303942224],[-109.582760787015,54.4699593916586],[-109.581661782678,54.4699010048937],[-109.580968377493,54.4697043767696],[-109.58023438732,54.469283123501],[-109.579941559303,54.4691822797522],[-109.575644774531,54.4685930829171],[-109.574909427599,54.4685107973885],[-109.574066372885,54.4683376624961],[-109.573408419948,54.4681745365412],[-109.573368367036,54.4680745000091],[-109.572850111831,54.4676846369315],[-109.572695762259,54.4675755727177],[-109.572917305007,54.4665504251913],[-109.572847325171,54.4660741008574],[-109.572621534927,54.4657979330647],[-109.571864520158,54.4651816117276],[-109.571352099495,54.4649303953153],[-109.569854246212,54.4645295596455],[-109.568874521834,54.4644378885693],[-109.567863924445,54.464290474223],[-109.567424899282,54.4642002721737],[-109.567055869346,54.463920780134],[-109.566924840047,54.4635290648688],[-109.567004610004,54.4632785198477],[-109.566643230972,54.4628681464817],[-109.566139049329,54.46242223019],[-109.563418238402,54.4615781319359],[-109.561974671625,54.4609051750491],[-109.559984071462,54.4596572639975],[-109.559360128644,54.4589329580312],[-109.559100369992,54.4587335078564],[-109.558518647162,54.4586077213855],[-109.55811458893,54.4586475821776],[-109.557537647541,54.4587675766708],[-109.557077949244,54.4588631831741],[-109.556403021964,54.4591269473853],[-109.556021505375,54.4595009351213],[-109.556000447072,54.4596547978145],[-109.555942807889,54.4600759092713],[-109.555879003169,54.4602593499108],[-109.555725533866,54.4603900382289],[-109.555452881287,54.4604370234254],[-109.555178664325,54.4603943330322],[-109.555066046527,54.4603010569769],[-109.554935180136,54.4601926655693],[-109.555080293847,54.4599981931241],[-109.555288885548,54.4597052197398],[-109.555070991852,54.4589457769953],[-109.554653683197,54.4584271885661],[-109.553450329239,54.4578960334427],[-109.552467483731,54.4575144122512],[-109.551940226357,54.4571333973607],[-109.551146061544,54.4564530815949],[-109.550399928292,54.4560939551477],[-109.549235097619,54.4562285624839],[-109.549102351561,54.4563396184104],[-109.548622870511,54.4567407452221],[-109.548125162257,54.4570033151918],[-109.547479591579,54.4570133031487],[-109.545982355534,54.4570364533422],[-109.545345107043,54.4570838594745],[-109.544862154141,54.457383422138],[-109.544852126605,54.4574795649157],[-109.544754033051,54.4584201973056],[-109.544492709669,54.4589393807219],[-109.543967454485,54.4591666482336],[-109.543601020468,54.4591086457669],[-109.543224057817,54.4590489752011],[-109.542522532291,54.4585667124017],[-109.541646375392,54.4578818568196],[-109.541250096455,54.4574596396817],[-109.540851817386,54.457334180894],[-109.539887217177,54.4574337319932],[-109.538483313918,54.4577410610607],[-109.536502069741,54.4581563685597],[-109.534324433027,54.4582339793577],[-109.533037386241,54.4575506062618],[-109.532249744844,54.4573218319048],[-109.529772221522,54.4568850661121],[-109.529342994377,54.4565141010527],[-109.52925410789,54.4561906585978],[-109.529218046394,54.4558232829312],[-109.52953964983,54.4551587380651],[-109.530414717546,54.4545354693652],[-109.53105374061,54.4540900073717],[-109.532641094806,54.4513237035712],[-109.532678324316,54.4510143834544],[-109.532858827078,54.4502253368707],[-109.532135781854,54.4489501840719],[-109.531639876326,54.4484790553539],[-109.530881992375,54.4479888107812],[-109.530122535037,54.4478070925956],[-109.529141998617,54.4478890872498],[-109.528109424592,54.4477169084363],[-109.526690607408,54.4471133385497],[-109.526089619156,54.4467812605721],[-109.52560959672,54.4463412824731],[-109.524834814053,54.4460852453462],[-109.524475167441,54.4457204743486],[-109.524422346998,54.4452573845256],[-109.524516677189,54.4442657102263],[-109.524306912874,54.4434773986919],[-109.524481996994,54.4427101001251],[-109.524837474838,54.4420280739365],[-109.525599312887,54.4419980117886],[-109.556852179919,54.4419931251561],[-109.557859856015,54.4419928187228],[-109.557848432574,54.4562541881939],[-109.557843170956,54.4563681440103],[-109.558348046554,54.4563752966188],[-109.583263146681,54.456441240319],[-109.583263265059,54.4561217782787],[-109.583320545266,54.4378107059689],[-109.583281599132,54.43761312397],[-109.583783058555,54.4376619505478],[-109.58442965394,54.4376051957568],[-109.585167640124,54.4374423640347],[-109.585697823553,54.4371283279281],[-109.586906372699,54.4371043375002],[-109.588037073126,54.4371533536344],[-109.589002747233,54.4372248171438],[-109.590145698412,54.4371707020266],[-109.590755482217,54.4371891471585],[-109.591546020801,54.4374248875714],[-109.591808038337,54.4376779454904],[-109.592099248129,54.4379036196762],[-109.592687076447,54.4380342916648],[-109.593367113354,54.4380275537534],[-109.594345516388,54.4380972427015],[-109.595339951408,54.4380398841914],[-109.596662305975,54.4378988479304],[-109.597322412496,54.4378089602572],[-109.599034062849,54.4374973385976],[-109.600235056782,54.4367363032042],[-109.601043617996,54.4366139754101],[-109.601809374677,54.4368023008612],[-109.602195277583,54.4364083228321],[-109.602146869975,54.4358912276347],[-109.601602437037,54.435659948943],[-109.600479702256,54.4355202516136],[-109.599210728595,54.4351200239244],[-109.597939012175,54.4344519139844],[-109.59716999087,54.4342030517536],[-109.596573468882,54.4343865801209],[-109.59641014046,54.4352819575374],[-109.596168385712,54.4358269784701],[-109.595619696795,54.4360236210541],[-109.595025976226,54.4360556913204],[-109.594606268416,54.4364176578243],[-109.594173240142,54.4365375793132],[-109.589808617613,54.4358758805569],[-109.588522614097,54.4357460948421],[-109.587710571453,54.4350762886855],[-109.587176921591,54.4345270972301],[-109.585872455725,54.4343510321002],[-109.58402782429,54.433870486551],[-109.5827953979,54.4326726351683],[-109.582999823511,54.4316003028463],[-109.583039256082,54.4313934551571],[-109.583593847803,54.4305400981639],[-109.583481409317,54.4299847540855],[-109.583572126035,54.4295947441213],[-109.583602842183,54.4294626834341],[-109.583303666319,54.4293014565884],[-109.582566631671,54.4291720226003],[-109.581353181682,54.4284926895933],[-109.580336879026,54.4282019536297],[-109.579618012347,54.4282248410104],[-109.57814885402,54.4285345512237],[-109.577416184439,54.4283945052487],[-109.576768556383,54.4281030645637],[-109.576224441004,54.4275719020882],[-109.575988778686,54.4268149298388],[-109.576035466526,54.4255601515158],[-109.575752541662,54.4249198010154],[-109.575805155074,54.4236798279772],[-109.574712877464,54.4235538549193],[-109.574128883701,54.422981448437],[-109.573743617811,54.4225401382272],[-109.573594338489,54.4223341659223],[-109.573572813492,54.4220796098677],[-109.573672728212,54.4219412280013],[-109.573891405475,54.4216383521628],[-109.573441025366,54.4211144150875],[-109.572849255715,54.4208098557525],[-109.57271646941,54.420699061371],[-109.570492820393,54.4198382099829],[-109.567179634874,54.4190226053721],[-109.565863476873,54.4186258404493],[-109.564250787266,54.4184795888096],[-109.563332222257,54.4183847302361],[-109.562833746646,54.4180077548735],[-109.56227872467,54.4173887958201],[-109.562033451583,54.4168427805221],[-109.561258327089,54.4158726564935],[-109.560932830972,54.4150956368469],[-109.560489288845,54.4144568521005],[-109.559900384121,54.413882761227],[-109.559068913057,54.4134514846596],[-109.558743087904,54.413385907963],[-109.558384318911,54.413194982388],[-109.558054530493,54.4134195499455],[-109.557716481436,54.4134305301758],[-109.557510212415,54.413454673463],[-109.557032030423,54.4133887089354],[-109.556789399537,54.4131670211172],[-109.556617960089,54.412930667387],[-109.556551344207,54.4127419368872],[-109.556410366737,54.4123425240815],[-109.556052113955,54.4118138614762],[-109.554948088228,54.4110588417347],[-109.553563256015,54.4104043792746],[-109.552889107632,54.4099888441581],[-109.55264076248,54.4096012868908],[-109.552169969366,54.4092595498731],[-109.551483858308,54.4090484793848],[-109.550322781634,54.4089877338579],[-109.549167814458,54.4087077019735],[-109.548160273674,54.4081267852441],[-109.547641084163,54.4075965716919],[-109.54712672951,54.4073465561151],[-109.544709343098,54.4070194657165],[-109.54189672317,54.4070424301734],[-109.541435549484,54.4069255995685],[-109.540995042814,54.4068605708346],[-109.539880709827,54.4070508233643],[-109.538844555475,54.4072694588136],[-109.538173619591,54.4071966848946],[-109.537587624898,54.4068003311168],[-109.536408284657,54.4058213908205],[-109.535270625892,54.4053828699874],[-109.534666995903,54.4052775439946],[-109.534392918329,54.4053615370638],[-109.533588377753,54.4053224683008],[-109.531875766389,54.4048839106417],[-109.531155318168,54.4048880266862],[-109.530601250432,54.4050411916335],[-109.530026246417,54.4050411730485],[-109.529667514196,54.4048792028514],[-109.529147984802,54.4048170499544],[-109.528663284949,54.404640957626],[-109.527976171466,54.4046951380592],[-109.527166982293,54.4043758252245],[-109.526017268911,54.4044771226701],[-109.524134237704,54.4041473785087],[-109.522651201059,54.4040832122781],[-109.521202533312,54.4044746079843],[-109.520152633797,54.4050615547416],[-109.519901721237,54.4054387920924],[-109.519988096012,54.40562210311],[-109.520235938184,54.4055729100078],[-109.520423932942,54.4054070167399],[-109.520778903199,54.4052574943331],[-109.52127663454,54.4051978302119],[-109.521952501177,54.4053168351068],[-109.521927915546,54.4056243961752],[-109.52184873874,54.405962760412],[-109.522092370682,54.4061715593374],[-109.522284096515,54.4063171867851],[-109.522035513909,54.4068345302672],[-109.5223909161,54.407223198742],[-109.522887678287,54.407530298866],[-109.52263114351,54.4079941172038],[-109.522471999602,54.4083667259571],[-109.522337332672,54.4087672194102],[-109.520386848581,54.4092422026135],[-109.520051575845,54.4094748586667],[-109.521012959412,54.4101090425717],[-109.520965673839,54.4103260737394],[-109.520122212381,54.4107602150762],[-109.517245551114,54.4114620435529],[-109.51389319889,54.4125480439734],[-109.512388164033,54.4132355312866],[-109.511561511586,54.41340989093],[-109.51060864578,54.413905556876],[-109.510255805223,54.4137583227099],[-109.510161339558,54.4134819801686],[-109.510712625357,54.413196660148],[-109.511422124656,54.4130933422514],[-109.512112560708,54.4127112137424],[-109.51439547922,54.4118949583904],[-109.515986382512,54.4116248372467],[-109.516468478441,54.4111226845236],[-109.516501706649,54.4107359491042],[-109.517342013832,54.4101930592332],[-109.518518951734,54.409497518464],[-109.51876766429,54.4090045089701],[-109.518670481248,54.4083736521145],[-109.518075834326,54.4079549886339],[-109.517407611055,54.4078458397869],[-109.516855117743,54.4077908992345],[-109.516545239171,54.4078079245271],[-109.516498563762,54.407884142466],[-109.516831651307,54.4079039118421],[-109.516943349936,54.4080984585725],[-109.51683983221,54.4081823786957],[-109.516568666811,54.4081891654159],[-109.515875505841,54.4081033550882],[-109.515180304433,54.4079479238449],[-109.513750206336,54.4077522597361],[-109.511324465746,54.4067335404886],[-109.510027337011,54.4060277768308],[-109.508871179369,54.405474522189],[-109.507985555645,54.405399447752],[-109.50699026716,54.4056200273208],[-109.506217234994,54.405693498036],[-109.505196811238,54.4055820506539],[-109.504159637148,54.4053948606214],[-109.50319586543,54.4052913265613],[-109.502653452787,54.4054739566534],[-109.502670991699,54.39829484463],[-109.652658811465,54.3983251174436],[-109.652661198624,54.3981207299182],[-109.652648806698,54.3838896017862]]]},"properties":{"FID":40,"Id":0,"UNIQUE_ID":"PRF124","Shape__Area":45846081.710021973,"Shape__Length":56545.736857290336}},{"type":"Feature","id":41,"geometry":{"type":"Polygon","coordinates":[[[-103.793354098783,50.396949113192],[-103.793353930107,50.3967618244542],[-103.381108407424,50.396806415146],[-103.381227852207,50.2220883796449],[-103.793683824458,50.2219713157752],[-103.793354098783,50.396949113192]]]},"properties":{"FID":41,"Id":0,"UNIQUE_ID":"PRQAA","Shape__Area":565438475.56707,"Shape__Length":97191.033556062088}},{"type":"Feature","id":42,"geometry":{"type":"Polygon","coordinates":[[[-104.38511231095,50.7901563264991],[-104.362012433817,50.7902093365863],[-104.362064002819,50.7897042574152],[-104.362196953265,50.7884020501303],[-104.362226614514,50.7819139849731],[-104.362490329638,50.7459839788991],[-104.362493598914,50.7459838240962],[-104.36248566998,50.7456396168441],[-104.362431863373,50.7433304109068],[-104.362430623259,50.7426317854948],[-104.362422315738,50.7416088080994],[-104.362473187122,50.7414697585124],[-104.362504477205,50.7389971891734],[-104.362466257258,50.7388982898924],[-104.362364609499,50.7212167888601],[-104.362386317835,50.7173239433853],[-104.362341495338,50.6590579784966],[-104.500835900469,50.6591242848744],[-104.500686513636,50.7175723178121],[-104.500691659314,50.7403282568854],[-104.500714506739,50.7464468212296],[-104.500714532433,50.7464519148148],[-104.500920344598,50.7537442567416],[-104.50092705248,50.7624783973433],[-104.500509492668,50.7684118814001],[-104.500011807075,50.7757796792171],[-104.50001192136,50.7826722890611],[-104.500043833782,50.7826722431917],[-104.500016780613,50.7993946923957],[-104.50001186386,50.8012311434779],[-104.500011895843,50.8019197475693],[-104.500011887351,50.8044822906831],[-104.500012006253,50.8132477387422],[-104.500018069996,50.8132483594469],[-104.500017335052,50.8136189104043],[-104.500083901276,50.818279219383],[-104.500083855848,50.8182810228464],[-104.500092675448,50.8189398917553],[-104.50001391863,50.8189222103219],[-104.500011836414,50.8189224088058],[-104.490412939363,50.8189485510355],[-104.478123137174,50.8189806824965],[-104.478070715561,50.81277884348],[-104.477998233166,50.8042004140635],[-104.46617161879,50.8045259489578],[-104.465775966869,50.7973912440451],[-104.385554237548,50.7980995532591],[-104.385273699756,50.7930574873263],[-104.38511231095,50.7901563264991]]]},"properties":{"FID":42,"Id":0,"UNIQUE_ID":"PRQA75","Shape__Area":151525942.48246765,"Shape__Length":54806.692493323586}},{"type":"Feature","id":43,"geometry":{"type":"Polygon","coordinates":[[[-104.3623804465,50.7097000267908],[-104.362490329638,50.7459839788991],[-104.362226614514,50.7819139849731],[-104.361576558839,50.7819059927578],[-104.361476475957,50.7820511798653],[-104.361253778135,50.7821299588772],[-104.360254829807,50.7821695880894],[-104.359859331655,50.7820684274728],[-104.358470157157,50.7819080687409],[-104.357747324758,50.7818769201447],[-104.356513786339,50.7819333058256],[-104.355533292639,50.7821712239963],[-104.355400495738,50.7823504970522],[-104.355171160925,50.7829421250754],[-104.35485261747,50.7833179321655],[-104.35406239394,50.7837450772842],[-104.353253344246,50.7840188727477],[-104.351338634925,50.7839455226664],[-104.351181579538,50.7839087144315],[-104.349969953802,50.7834791948559],[-104.349378614269,50.783170981259],[-104.34893652844,50.7830605136211],[-104.348666256869,50.7831037149574],[-104.348070734555,50.7834325058481],[-104.34743337365,50.7842300948517],[-104.346773720224,50.7849809165523],[-104.346512663813,50.7850079589871],[-104.34606187478,50.7849149289845],[-104.345344431626,50.784622419158],[-104.344113369688,50.7842471078209],[-104.343312035063,50.7839191458079],[-104.342237773885,50.7833464274582],[-104.341526835127,50.7827036628678],[-104.34155014938,50.7820113695896],[-104.34128410367,50.7817667221034],[-104.340914823119,50.7815861539729],[-104.340409630393,50.7816001106547],[-104.340235779109,50.7816715613822],[-104.340059752096,50.7819221490834],[-104.339921572996,50.781992501537],[-104.339481965412,50.7819360129696],[-104.339072062634,50.7817190853002],[-104.338503871288,50.7815541625419],[-104.337543244374,50.7815298785601],[-104.336665222724,50.7815607840228],[-104.335780564885,50.7817091908984],[-104.335017127199,50.7816415245491],[-104.334624661924,50.7812711424658],[-104.334230782325,50.7810345648174],[-104.333305078916,50.7810301965757],[-104.333096458208,50.7811532961898],[-104.333035185677,50.7814227851425],[-104.333026236882,50.7820444814409],[-104.33281962897,50.7822674962626],[-104.331707900635,50.7826668717989],[-104.330633996195,50.782722515296],[-104.330104278939,50.7826576428197],[-104.328787282088,50.7825870786442],[-104.327457658272,50.7825698303715],[-104.327118958318,50.7824867548946],[-104.326180039894,50.7823465884332],[-104.32590344599,50.782183067983],[-104.325465513568,50.781713514591],[-104.32535218172,50.7810727078898],[-104.325444972581,50.7805790933154],[-104.325851734333,50.7798798550044],[-104.326610371839,50.7794442270486],[-104.327058714699,50.7793659799293],[-104.327897067381,50.7794876759956],[-104.329072118157,50.7794769792975],[-104.329986050072,50.7793285836807],[-104.330338447089,50.779223043077],[-104.331171571849,50.7787239043224],[-104.331374896689,50.7783742746758],[-104.331357696595,50.7776453446187],[-104.331216095728,50.7772862233269],[-104.329776564572,50.7762427820423],[-104.329547571489,50.7759994418689],[-104.328973909832,50.7756542704539],[-104.328436452347,50.7754705417949],[-104.32755521042,50.7754210597466],[-104.326848882775,50.7756506964369],[-104.325954240362,50.7763016620653],[-104.324942449297,50.7768810189542],[-104.324126801158,50.7772269641575],[-104.322929671984,50.7776784419401],[-104.321880992327,50.7778611118066],[-104.321111655567,50.7780985490989],[-104.320376975746,50.7785184015274],[-104.320222693488,50.7787684040048],[-104.320329228258,50.7789935526576],[-104.320640699445,50.779220801153],[-104.321625783151,50.7797657866752],[-104.322073746436,50.7798949926927],[-104.32215625311,50.7803447709656],[-104.321859286948,50.7810001467801],[-104.321485677835,50.7812939066903],[-104.320915072403,50.7814704816482],[-104.319811196032,50.7814997438932],[-104.3189941632,50.781306152587],[-104.318665893635,50.7810707257629],[-104.317639209912,50.7805795026354],[-104.31702557766,50.7801527341076],[-104.316825355528,50.7798377457089],[-104.316237855553,50.779285503675],[-104.315015773714,50.7787738781778],[-104.314050460469,50.7788040614615],[-104.313391200495,50.7789987730467],[-104.31266382891,50.7796505927392],[-104.312115093675,50.7799893061577],[-104.311401017646,50.7806140986664],[-104.310927312136,50.7808903445398],[-104.30983878424,50.7813879894557],[-104.309140006205,50.7815725765281],[-104.308526354712,50.7818203804899],[-104.308313868578,50.7820257503204],[-104.308306990385,50.7824221431656],[-104.308894609161,50.7829294655805],[-104.30934369061,50.7834345978135],[-104.309394504903,50.7837141145258],[-104.308924576806,50.7839092277203],[-104.30797157356,50.7841189092338],[-104.306577618864,50.7842915545219],[-104.305243963154,50.7844002564557],[-104.30392447406,50.784391934463],[-104.303059953801,50.7841626383213],[-104.302644707032,50.7838353388483],[-104.302264677335,50.7834103455298],[-104.302152236203,50.7825377973021],[-104.302209119709,50.7822780459628],[-104.302706302596,50.781470844597],[-104.302824643734,50.7811033084741],[-104.30277048325,50.7809312482712],[-104.302545191077,50.7807682779416],[-104.301823600337,50.7807641867682],[-104.3015497159,50.7808885110869],[-104.301263674447,50.7813003247608],[-104.301214169057,50.7815613334289],[-104.300909655476,50.7819374095421],[-104.300513469724,50.7821590112061],[-104.299715874053,50.7821910698275],[-104.299093241741,50.782060540593],[-104.298127321758,50.7820191427586],[-104.297903594439,50.7820714918861],[-104.297413557686,50.7824824036869],[-104.296167369203,50.783221012673],[-104.295707743928,50.7836591948628],[-104.295683602645,50.7845131676172],[-104.29522271087,50.7848787910526],[-104.294852411046,50.78490465059],[-104.294289622806,50.7847560668715],[-104.293466795283,50.7847071121218],[-104.292982421275,50.784856589181],[-104.292167083085,50.7852747392511],[-104.289645292589,50.7867521341247],[-104.288780136594,50.786917165296],[-104.287562146678,50.7864875368306],[-104.28694529706,50.7863758672879],[-104.286486157695,50.786373414968],[-104.285855504393,50.7866842345056],[-104.285344428525,50.7870041349809],[-104.284501329856,50.7874039722712],[-104.283855921416,50.787760357204],[-104.283064175137,50.7877640068649],[-104.282470738073,50.7875178169593],[-104.281500765227,50.7870432818168],[-104.280823353525,50.7865275513649],[-104.280187760604,50.7862625029278],[-104.279312554472,50.786185344572],[-104.278997502323,50.7862018026743],[-104.278457587625,50.7864769980345],[-104.278137788025,50.7867809892643],[-104.278219997751,50.7871856948789],[-104.278381508413,50.7874929612753],[-104.278364846506,50.7879055278325],[-104.278060729935,50.7881915755081],[-104.277664074758,50.7883414932864],[-104.276897699155,50.7884270911307],[-104.276004517229,50.7883857374528],[-104.273817770679,50.7884889150827],[-104.273618851803,50.7884343087001],[-104.273237930673,50.7879827845857],[-104.273078296135,50.7876569083283],[-104.272547059006,50.787096208674],[-104.272252389139,50.786617927649],[-104.272301693417,50.7865195408376],[-104.273121922593,50.7863267735269],[-104.273357351166,50.7859145305665],[-104.273818011927,50.7856654721745],[-104.274500241322,50.7856607002264],[-104.27470182297,50.785490147186],[-104.274690615692,50.7849877323926],[-104.274467914724,50.7848334540018],[-104.274399910323,50.7847786506282],[-104.273745754814,50.7846402627299],[-104.272825466759,50.78465190694],[-104.272322396355,50.784811709155],[-104.271940273157,50.7850324729875],[-104.270927419765,50.7853772618874],[-104.27024405449,50.7854720179172],[-104.269789116128,50.7855059586622],[-104.269416235697,50.7857105687291],[-104.269434569591,50.7862593643397],[-104.268964188358,50.7864543133875],[-104.268558241095,50.7864589660891],[-104.268445722403,50.7862608610872],[-104.268394038139,50.785954907909],[-104.267849328977,50.7854213693999],[-104.267872264807,50.7847475200803],[-104.267351055397,50.7844287586012],[-104.266998905423,50.784489086512],[-104.266794727935,50.7846505717616],[-104.266744575359,50.7851895522584],[-104.266410902641,50.785520709278],[-104.26555973902,50.7857309803666],[-104.265468933681,50.7858829683355],[-104.265554935711,50.7860186619241],[-104.265982496533,50.7860839318699],[-104.266890166027,50.7860084979789],[-104.267369793833,50.786146535214],[-104.268715820135,50.7870814152581],[-104.268709886677,50.7873426839281],[-104.268424609846,50.7876644035116],[-104.267435593781,50.7880625218669],[-104.266891205714,50.7884637778583],[-104.26562395278,50.7888333655038],[-104.26501061953,50.7889194705237],[-104.264487604599,50.7888984303969],[-104.263737297322,50.7887317538808],[-104.263412961422,50.7887653555919],[-104.262690648058,50.7893193282246],[-104.262038550015,50.7893513302633],[-104.261303189228,50.789138894274],[-104.260714257006,50.7887664550254],[-104.260434222628,50.7884510079284],[-104.259747762272,50.788185172063],[-104.259239064379,50.7880471032494],[-104.258966630964,50.7880363115322],[-104.258487639666,50.7880869665135],[-104.258341932509,50.7883195642622],[-104.258310552908,50.7884986856843],[-104.257964134044,50.7886953944983],[-104.257424522678,50.7886914427608],[-104.256829853824,50.7885802288062],[-104.256688090633,50.7884987045376],[-104.256548621425,50.7884250586333],[-104.256409625955,50.7884689877717],[-104.256459902526,50.7886772302472],[-104.256573246675,50.7889016396804],[-104.256453603134,50.7891713690203],[-104.256097901457,50.7893842153166],[-104.255198018665,50.7894149189478],[-104.254694342533,50.7893394394578],[-104.253681397747,50.7887490838722],[-104.253089739146,50.7884841395266],[-104.252150466633,50.7883882711561],[-104.251709289174,50.7884665465686],[-104.251385605992,50.7886891370832],[-104.250948196258,50.789270644868],[-104.25099698985,50.7895677272942],[-104.251943787273,50.7900857386878],[-104.252006034597,50.7902855302315],[-104.251863560572,50.7903655856477],[-104.25132779618,50.7903967531455],[-104.250020432301,50.7902640162082],[-104.248663364757,50.7902271229962],[-104.248109695288,50.7901787266163],[-104.247768334942,50.7900864988354],[-104.245700255573,50.7893085675659],[-104.245212757893,50.7892610580797],[-104.24477480065,50.7893031926416],[-104.244534528417,50.7894899991589],[-104.244497481254,50.7898853931379],[-104.244082241644,50.7901170499339],[-104.243832514094,50.7903673607551],[-104.243704680581,50.7905641113223],[-104.243358650731,50.7907147277233],[-104.242540782559,50.7906819687429],[-104.241989989675,50.7904545239222],[-104.24140707026,50.7898656720841],[-104.24093005508,50.7895020791879],[-104.240918740524,50.789161217906],[-104.241248872577,50.7889827189317],[-104.241649042149,50.7889130891393],[-104.242046369708,50.7886468466045],[-104.242151821974,50.7883777120427],[-104.242110470325,50.7880808412858],[-104.241690174309,50.7877816638673],[-104.241497709298,50.7877250508109],[-104.24105799433,50.7875966795749],[-104.240077409727,50.787671741224],[-104.239565419653,50.7878026768252],[-104.238509026555,50.7883358837715],[-104.237966819317,50.7884403945903],[-104.237710990353,50.7883662762026],[-104.237685149289,50.788024818299],[-104.237804381037,50.7879177248483],[-104.238690826185,50.7875637467471],[-104.239199364892,50.7874680457867],[-104.239759524352,50.7873277020888],[-104.239856179894,50.7871934819413],[-104.239780277125,50.7868328449257],[-104.23944527931,50.786596919484],[-104.237489347306,50.7862255745802],[-104.236902672363,50.7859057022835],[-104.236070112435,50.7852626752948],[-104.235660326395,50.7852781894275],[-104.235152705546,50.7854003068647],[-104.234861219313,50.7856325859273],[-104.23449678486,50.7864032037646],[-104.233258715846,50.7880139529319],[-104.233279745984,50.7885263562164],[-104.233938060378,50.7892408496583],[-104.234289638022,50.7895763910699],[-104.234563610922,50.7900365884524],[-104.234664762798,50.790783542611],[-104.234675078646,50.7909102389853],[-104.23490895871,50.7914056187983],[-104.234875882849,50.7916034605602],[-104.234707951763,50.7917188100445],[-104.234254303702,50.7917340320358],[-104.233953768498,50.791633181444],[-104.233604245534,50.7913978284093],[-104.232462008757,50.7910931434301],[-104.231225524247,50.7910941339491],[-104.230916457328,50.7909654486862],[-104.230201244949,50.7905832743601],[-104.22962891936,50.7905439970213],[-104.229431069423,50.7906321415562],[-104.229361564073,50.7913692792047],[-104.229427411243,50.7917922823124],[-104.230328394566,50.7922573410068],[-104.230355242396,50.7924373429586],[-104.23015001259,50.792526323241],[-104.229047396303,50.7925360078108],[-104.227881061419,50.7924117939673],[-104.227456754444,50.7923102508365],[-104.226423330163,50.7917001159721],[-104.225816123067,50.7912202635659],[-104.225623118933,50.7910207385185],[-104.225285687412,50.7909647805881],[-104.225127161209,50.7911343769467],[-104.225062038839,50.7915564679344],[-104.224912161369,50.7918702916019],[-104.224425820564,50.7920380207877],[-104.223936248882,50.7921014692126],[-104.223089585446,50.7922093542576],[-104.223138231217,50.7889814001553],[-104.223178181027,50.7863221073573],[-104.222738212676,50.7863430579703],[-104.220965129937,50.786044223082],[-104.220049280156,50.7859291198308],[-104.218821819565,50.7860752112485],[-104.217911573718,50.7863293247269],[-104.21691714503,50.7864303099069],[-104.21669677002,50.786212184032],[-104.216696272156,50.7858352859808],[-104.217305699681,50.7851737898556],[-104.217839149889,50.7848537144947],[-104.217897698889,50.7846204238576],[-104.217855414671,50.7844850039313],[-104.217501038993,50.7844198082724],[-104.216144607807,50.7844551012822],[-104.215221276192,50.784503353031],[-104.21425888251,50.7848481016567],[-104.213299523093,50.7855070260419],[-104.212883159619,50.786016702366],[-104.212323889618,50.7863007815763],[-104.210918807098,50.787235354931],[-104.21054381363,50.7875737005342],[-104.210403323525,50.7880592119254],[-104.210442518939,50.7886076685125],[-104.211594988861,50.7899555716272],[-104.211597508277,50.7907379957435],[-104.211551824174,50.7908013969369],[-104.210956344184,50.7915787236559],[-104.210644414413,50.791792733519],[-104.210103035242,50.7917358014552],[-104.209004822027,50.7911971230324],[-104.207262198157,50.7902683781044],[-104.206265583213,50.7896582661659],[-104.205776912987,50.7891612266757],[-104.205669346682,50.7889082372848],[-104.205719126818,50.7885758386624],[-104.206078621976,50.7882808958363],[-104.207220051424,50.7877860551061],[-104.207561243991,50.7875729488351],[-104.207554065956,50.7872210944028],[-104.207175987225,50.7869397700026],[-104.205767132919,50.7863371995557],[-104.204949263297,50.7862326837765],[-104.204325092173,50.7862367119756],[-104.203583045641,50.7861422602198],[-104.202796511647,50.7860917634544],[-104.202453962873,50.7860892438225],[-104.201582127519,50.7862105116164],[-104.200830835575,50.7864377954485],[-104.200121191304,50.7864246713615],[-104.198975724014,50.7860842893909],[-104.198394738939,50.7860170270449],[-104.197747569609,50.7859939259548],[-104.197230735815,50.7860629069094],[-104.196734990751,50.7861763817649],[-104.196203198777,50.786361345263],[-104.195891767674,50.7865303124333],[-104.195629084635,50.7867623449644],[-104.195536268542,50.7871670142517],[-104.19556654421,50.7873821969296],[-104.196719700147,50.789297348788],[-104.196923502582,50.7901434144468],[-104.196528415056,50.7905821292775],[-104.195670140432,50.7910520518854],[-104.19489930869,50.7913347194571],[-104.194269958144,50.7915109918512],[-104.193532349183,50.7915946265135],[-104.192850281309,50.7916000217753],[-104.192231704108,50.7915051744215],[-104.191691947993,50.7913130144438],[-104.191246517067,50.7909314779467],[-104.190713460931,50.7905954765832],[-104.190068128203,50.7901317014038],[-104.189516105878,50.7894534782988],[-104.188944204669,50.788028483542],[-104.188811251869,50.7872463012179],[-104.188807881368,50.7860133785581],[-104.188390049003,50.7853449616058],[-104.187846056679,50.784855815172],[-104.1873274284,50.7845193800109],[-104.18704840644,50.7843466124049],[-104.186062177134,50.7840968829986],[-104.185021655028,50.7840719161521],[-104.184626430013,50.7842753841433],[-104.183916577405,50.7849894825851],[-104.183395524012,50.7854449841889],[-104.182740341866,50.7858896232046],[-104.181679913276,50.7864581897772],[-104.18147549589,50.7866911003005],[-104.181460128735,50.7874640243989],[-104.181225116159,50.7879036426687],[-104.180452640687,50.7885090303211],[-104.180275267885,50.7885713628397],[-104.178237792637,50.7885917176715],[-104.176756301842,50.788645620907],[-104.175524329228,50.7888251347747],[-104.173903307933,50.7895336105077],[-104.170301957657,50.7910365706089],[-104.169103265855,50.7914412381783],[-104.168419594397,50.7915354491944],[-104.167916852876,50.7914145187603],[-104.165896765058,50.7907617396923],[-104.165493184134,50.7904441238167],[-104.165339886267,50.7900655890511],[-104.165350573178,50.7897230548415],[-104.165472726436,50.7892480289134],[-104.16572024455,50.7888715778733],[-104.166150929288,50.7885241164129],[-104.166412940237,50.7880768226379],[-104.166223762709,50.7876530560052],[-104.165718679134,50.7872893579169],[-104.165207770883,50.7871417584272],[-104.164655596047,50.7871204916576],[-104.16379315905,50.787176739056],[-104.163105702257,50.7874234656665],[-104.162646550185,50.7877973451539],[-104.162233861226,50.7884156228339],[-104.162098821405,50.7890616997091],[-104.161744691702,50.7895631392497],[-104.160508631307,50.7906247184036],[-104.160430819249,50.7908672104864],[-104.160702579339,50.791794672047],[-104.160624494925,50.7919657339693],[-104.160283526381,50.7921333961619],[-104.159810957852,50.7921576587812],[-104.159302785833,50.7920190602565],[-104.157243613422,50.7913569734291],[-104.156822002909,50.7912629915116],[-104.154911767125,50.7908001957268],[-104.154037113853,50.7904880678447],[-104.153624968857,50.7899536920112],[-104.153254448802,50.7892953549905],[-104.152570478091,50.7886334523218],[-104.151799955195,50.7881872678917],[-104.15109291184,50.7879939478658],[-104.149731022347,50.7880104036112],[-104.149303396909,50.7879446593861],[-104.148427669838,50.7877224716577],[-104.147778643887,50.7874571467545],[-104.147459214701,50.78743568909],[-104.147096980141,50.7874875161938],[-104.146840080399,50.7876922003459],[-104.146750335326,50.7880606980396],[-104.146500151873,50.7884996458108],[-104.146024054793,50.7889365584327],[-104.145509254326,50.7891306055445],[-104.144627854473,50.789196062226],[-104.143838896186,50.7890909498434],[-104.143041033039,50.7890503125774],[-104.141889139736,50.7892299902345],[-104.141420247816,50.7894782232319],[-104.141057974518,50.7899067627488],[-104.140759785596,50.790355188956],[-104.140319545674,50.7906482726224],[-104.139748616015,50.790778828447],[-104.139251149468,50.7907932945186],[-104.138642223511,50.7907522190908],[-104.138132239613,50.7905606606836],[-104.137336508224,50.7899608983734],[-104.136823089256,50.7893813869766],[-104.13616019622,50.7889990746278],[-104.135106122506,50.7886225122478],[-104.133806041593,50.7884861366785],[-104.132538094912,50.7884781666164],[-104.131147840306,50.7885213825364],[-104.128376955574,50.7886624456967],[-104.128214381138,50.7886064872011],[-104.128270804527,50.7885533858442],[-104.128346317646,50.7883736115155],[-104.128344785667,50.7877076363943],[-104.122027307061,50.7853154028649],[-104.110174662853,50.7854721636609],[-104.109957742523,50.7464265986387],[-104.110033597273,50.7101327845968],[-104.110739525659,50.7088606959466],[-104.362379800575,50.7088616031349],[-104.3623804465,50.7097000267908]]]},"properties":{"FID":43,"Id":0,"UNIQUE_ID":"PRQA80","Shape__Area":151598579.40834045,"Shape__Length":65696.207176528056}},{"type":"Feature","id":44,"geometry":{"type":"Polygon","coordinates":[[[-101.995026810408,51.6398294692229],[-101.995290945262,51.6398901452971],[-101.995755375723,51.6399954484072],[-101.996173620353,51.6399462728487],[-101.996855574703,51.6398760538089],[-101.997419161767,51.6397205442546],[-101.998057045782,51.6394285488454],[-101.998288463921,51.6392520738996],[-101.998674674339,51.6387846910714],[-101.999312819569,51.6382036457206],[-101.999473568731,51.6381312866243],[-101.999700207883,51.6380865104941],[-102.000144474091,51.6382632441241],[-102.000786373824,51.6385752777883],[-102.000990590534,51.6388269045195],[-102.001036282322,51.6389784926713],[-102.000857541207,51.6395571565672],[-102.000647994732,51.6397042534756],[-102.000253532929,51.6399869749462],[-101.999077276552,51.6417006387171],[-101.998662742503,51.6424220481831],[-101.998669654649,51.642750012733],[-101.998821437699,51.6430680206197],[-101.999513002273,51.6436180617041],[-102.000872329942,51.6444187019893],[-102.002418024375,51.6447822717986],[-102.003629039802,51.6450365515013],[-102.004671374484,51.6449192350473],[-102.006023211154,51.6452231024969],[-102.005999332049,51.6454732921353],[-102.006066821832,51.6520627707048],[-102.005839990909,51.6587674400279],[-102.006502860314,51.7069247394214],[-101.977948692107,51.7070671563721],[-101.977481491279,51.7061686688337],[-101.977556943417,51.7064155634907],[-101.97711904371,51.7068681032675],[-101.976216212036,51.7069810341886],[-101.973684087126,51.7070000202988],[-101.973157104777,51.7073373209031],[-101.9729767505,51.7078998219003],[-101.9730787139,51.7084101101383],[-101.973610010528,51.7085767626564],[-101.973952087248,51.7085453073136],[-101.97441074393,51.7087155454233],[-101.975487393439,51.7088824976049],[-101.975799824124,51.7089591146523],[-101.976027219696,51.709014877869],[-101.976565236464,51.7092988653835],[-101.97660868326,51.7097057989387],[-101.976279358259,51.7098709057641],[-101.975673260726,51.7098533406786],[-101.974860863756,51.7097986300758],[-101.97424406222,51.7095556651175],[-101.973153758969,51.7090688386972],[-101.971687833819,51.7091334281516],[-101.971128077781,51.7096172420661],[-101.970793228166,51.7102371646485],[-101.970965727182,51.7106441868469],[-101.971656371405,51.7109801445842],[-101.972462503027,51.7109963184122],[-101.97266612992,51.7106883331438],[-101.972668224418,51.7103763052097],[-101.972671744136,51.7101532908396],[-101.973394387008,51.7101840756087],[-101.97396906936,51.7101893292516],[-101.974235479161,51.7099928901807],[-101.974709395344,51.7099961211375],[-101.974791668644,51.7105885424073],[-101.975059286613,51.7107563568444],[-101.975430244418,51.7111498017625],[-101.975366673343,51.711519502334],[-101.974820843014,51.7121627869192],[-101.974533488158,51.7126458154394],[-101.974035351883,51.7129917690227],[-101.973724298772,51.7130784256079],[-101.972162132688,51.7136322648143],[-101.972308719879,51.7142700023802],[-101.972850291831,51.7144383346897],[-101.973415526485,51.7145194513957],[-101.973732847335,51.714600409941],[-101.973669842238,51.7149183888258],[-101.973775775532,51.7154643474314],[-101.974541512189,51.7155887810177],[-101.974735843582,51.7163226019053],[-101.974853201451,51.7172955190642],[-101.974870683846,51.7177049514664],[-101.975115880494,51.7181558432984],[-101.975755930495,51.7187622334572],[-101.976177754609,51.7190698711391],[-101.976218471236,51.7194549045852],[-101.976149322241,51.7198417492991],[-101.976223575098,51.7200533935602],[-101.976450444736,51.7202352404366],[-101.977128025329,51.7202334118791],[-101.977533390954,51.7199886498718],[-101.977815195311,51.7196212597457],[-101.977926505633,51.7193873410047],[-101.978089280168,51.7192448020514],[-101.978349668132,51.719387590149],[-101.978461401471,51.7194282966237],[-101.97880033332,51.7195517725065],[-101.979509967779,51.719501651768],[-101.980051415533,51.7193404965276],[-101.98074765825,51.7191906436953],[-101.981216960408,51.7189541177206],[-101.981569899549,51.7188898078661],[-101.981711874481,51.7188702204781],[-101.982412604954,51.7187043679472],[-101.9826760292,51.7185330293004],[-101.982883534647,51.7186757765179],[-101.982805904723,51.7188343958319],[-101.982484278376,51.7191082711963],[-101.98253680134,51.719371132249],[-101.982625628256,51.7195074049312],[-101.982904137541,51.7196197415377],[-101.983282451209,51.7198639471968],[-101.983534541263,51.7199598406515],[-101.983818818555,51.7201046314763],[-101.983884335199,51.7203082020819],[-101.983491154918,51.7205431797346],[-101.98354350229,51.7209374577164],[-101.983477437937,51.7211281378257],[-101.983085896906,51.7211074929676],[-101.982980751617,51.7210235446119],[-101.982902643045,51.7207135159054],[-101.982686322178,51.7203792740822],[-101.98238500175,51.7199728397595],[-101.981938845023,51.7198099270232],[-101.981387349098,51.7197819754125],[-101.980670385612,51.7199807007352],[-101.98039243305,51.7203683831341],[-101.980510141055,51.7206012340005],[-101.980996851413,51.7208270799662],[-101.981407585059,51.720955922896],[-101.98145842097,51.7210436958339],[-101.981285816486,51.7212964172789],[-101.981082352187,51.7214745974907],[-101.981054259574,51.721661991829],[-101.98126570606,51.7218186185679],[-101.981606393992,51.721823817004],[-101.98198837352,51.7218547039247],[-101.98230660678,51.7218913482852],[-101.982687460559,51.7221718612104],[-101.982972281274,51.7224831561698],[-101.982983778143,51.7229101189413],[-101.983059065628,51.7238517216366],[-101.983122642325,51.724520365793],[-101.983332039641,51.7247170555383],[-101.983578219652,51.7248563754112],[-101.984051200868,51.7248797485816],[-101.984403148524,51.7247645434041],[-101.984686331489,51.724626834714],[-101.984803393279,51.7246544408517],[-101.985044449704,51.724711286267],[-101.985287668757,51.7250006618854],[-101.985519120767,51.7251389958981],[-101.985816183393,51.7253078775734],[-101.98664801206,51.7254377976483],[-101.986917810165,51.7256225614046],[-101.986854903168,51.7257343315488],[-101.986613330979,51.7257508772398],[-101.986201618043,51.725783746931],[-101.985749079184,51.7257773608658],[-101.985512124362,51.725919806772],[-101.985477167791,51.7259408214412],[-101.985409280842,51.7260669487595],[-101.985656749828,51.7262742692055],[-101.986148141653,51.7263930689208],[-101.986372099646,51.726447211986],[-101.986897637843,51.7265256883929],[-101.987053459544,51.7267252671372],[-101.987022605581,51.7269539858236],[-101.986655315163,51.7271099653001],[-101.986153486165,51.727207408894],[-101.985788980275,51.7272773127113],[-101.985698742594,51.7272946177924],[-101.985657209087,51.7273624947022],[-101.985619968408,51.7274233565944],[-101.985663641157,51.7276053914009],[-101.98573105209,51.7278367240594],[-101.986052980544,51.727954847164],[-101.986617013815,51.7282923382458],[-101.98717307521,51.728733163561],[-101.987339403246,51.7291189174827],[-101.987958074316,51.7297002940489],[-101.988602913628,51.7301747498535],[-101.988971972863,51.7306003480614],[-101.989027001365,51.7308465481731],[-101.988959039197,51.7310357613165],[-101.988717923937,51.7309915382356],[-101.988446691566,51.7309260166499],[-101.988201504689,51.7308376840692],[-101.987816660245,51.7308103129173],[-101.987376800457,51.7308544565955],[-101.987040496249,51.7309732727703],[-101.986795446589,51.7310975183247],[-101.986744470024,51.731551889687],[-101.98727600771,51.731833205276],[-101.988121509603,51.7320392831723],[-101.988607851307,51.7321508131034],[-101.989171198347,51.7324416229285],[-101.989951965864,51.7329184475378],[-101.990654512934,51.7335478080866],[-101.990962559532,51.7339261908714],[-101.99105603329,51.7341557424617],[-101.991056602349,51.7343706344921],[-101.990962236936,51.7345382981387],[-101.990754811967,51.7346202609969],[-101.990588738445,51.7346596735279],[-101.990002558228,51.7344311722632],[-101.989480424277,51.7341819264568],[-101.989412216312,51.7341176191131],[-101.989272519127,51.7339859110023],[-101.988501062834,51.733646276277],[-101.987962414124,51.7334098369625],[-101.987434159834,51.7334436811891],[-101.987154629961,51.7337127962592],[-101.987289517542,51.7341544419801],[-101.987622546468,51.7343559083693],[-101.988082268682,51.7346351356901],[-101.988171081114,51.7346960092931],[-101.988793440794,51.7352994855073],[-101.989097301745,51.7358205157873],[-101.988680916735,51.7362293062345],[-101.988313459847,51.7368301179364],[-101.988348818092,51.7371578027386],[-101.9883723543,51.7373759310911],[-101.988785269577,51.7377868315414],[-101.98981124948,51.7382355877322],[-101.990560325623,51.7383667884692],[-101.991051818617,51.738030819603],[-101.991062883055,51.7372144348117],[-101.990921183322,51.7363583819731],[-101.990915333324,51.7360606603793],[-101.991073256107,51.7357636261535],[-101.991405737377,51.7356495851103],[-101.991804364203,51.7358084372797],[-101.991932170487,51.7362177459947],[-101.992042904669,51.7365550121481],[-101.992372890576,51.736922986914],[-101.99242006749,51.7374198526821],[-101.992716533263,51.7377645720361],[-101.99323045551,51.7381418425301],[-101.993556203913,51.738572653214],[-101.993577839028,51.7386129704624],[-101.993313602996,51.7396814457584],[-101.993283540051,51.7397118745545],[-101.993526874944,51.7402387516403],[-101.993308356299,51.7405640116924],[-101.992932044258,51.7405971024081],[-101.992394060702,51.7403492382439],[-101.99189815869,51.7401472382922],[-101.990401324623,51.7401207331962],[-101.989852461297,51.7403408515025],[-101.989385356987,51.7407232826794],[-101.989226405213,51.7410209851724],[-101.989180875196,51.7411630681701],[-101.989235324244,51.7416497296037],[-101.989474312962,51.7418524605228],[-101.989590897559,51.7420452465112],[-101.989366801087,51.7421832727513],[-101.988997408894,51.7423122205158],[-101.988769269687,51.7425505194135],[-101.989149639608,51.7429041102577],[-101.989800500549,51.7432245710446],[-101.990059766408,51.7433929839596],[-101.990087129282,51.7437123456324],[-101.989869365942,51.7439097830003],[-101.989741869802,51.7441849962411],[-101.989827288043,51.7445332370386],[-101.990289904976,51.7446877213167],[-101.991021255604,51.7446668259425],[-101.991464878619,51.7445159704202],[-101.992247794276,51.7445535907289],[-101.993241749883,51.7446205485467],[-101.994357181523,51.7445769590461],[-101.994731919628,51.7448323594915],[-101.994878797705,51.7450960770583],[-101.994459410503,51.7455154214176],[-101.994337751571,51.7457902444192],[-101.994550960405,51.7461954354581],[-101.994218819269,51.746510237437],[-101.994037130001,51.7467782216965],[-101.994419896314,51.7473762222842],[-101.994882746259,51.7473664032303],[-101.995205393799,51.7472939349405],[-101.99539735264,51.7472508202827],[-101.995667076894,51.7473454972314],[-101.995538932375,51.747649970878],[-101.995232578385,51.748025709098],[-101.995093321452,51.7484179147029],[-101.994961888245,51.7487700709749],[-101.994966771273,51.7488132992659],[-101.994982346811,51.7489511936923],[-101.972723914298,51.7489179062623],[-101.972593589704,51.755516665391],[-101.9347401866,51.7553832779208],[-101.933756399523,51.755457001141],[-101.933808119688,51.7563864236823],[-101.933714463014,51.7574722368964],[-101.933660727128,51.7580952189596],[-101.933704325663,51.763940599216],[-101.933865782455,51.7699451831504],[-101.934552636506,51.8274563847753],[-101.860649709545,51.8271296584273],[-101.860562641106,51.8046101009226],[-101.861517364421,51.8041473780046],[-101.862674568668,51.8038657044978],[-101.864861561546,51.8035148493552],[-101.866509189212,51.802588255728],[-101.867302658814,51.8014810620304],[-101.867633145148,51.8002349980429],[-101.869200247423,51.799789711774],[-101.870801274977,51.7998520592492],[-101.872825390158,51.7995119699494],[-101.875680013958,51.7992179502933],[-101.877529475771,51.797942432479],[-101.87871611843,51.797167429556],[-101.880048820775,51.7961597801184],[-101.881431198999,51.7949437920724],[-101.882940814527,51.7926497898633],[-101.883168429432,51.7921443045297],[-101.883553504266,51.7917173291118],[-101.885780414535,51.7894997252824],[-101.886417071876,51.7884586918648],[-101.887072837748,51.7873628968259],[-101.887323826969,51.7864993591065],[-101.887548569255,51.7858960319577],[-101.888437993526,51.7855597974],[-101.888986247939,51.7849168287473],[-101.889404830131,51.7843538960377],[-101.889827127107,51.7840580632667],[-101.890087905215,51.7830869215759],[-101.890507200066,51.7824758139495],[-101.88993222573,51.7818187742865],[-101.889833613162,51.7814661082858],[-101.890166464575,51.7810044904351],[-101.890893039609,51.7805334216149],[-101.891625337874,51.7801475129924],[-101.891958348684,51.7796345478552],[-101.893093345763,51.7786778447487],[-101.894038101565,51.7782487051672],[-101.894841524877,51.7780786224527],[-101.895747034,51.777589732921],[-101.896057073769,51.7769004285381],[-101.895235163548,51.7756548276728],[-101.894010640348,51.7749800098244],[-101.892971082561,51.7746224230944],[-101.89132021964,51.7749566160198],[-101.890126132586,51.7754381965869],[-101.889588169275,51.7754833997218],[-101.889042157733,51.7751548597933],[-101.888523615336,51.774655149018],[-101.888930987188,51.7741108077357],[-101.889527839417,51.7735002153516],[-101.88997871532,51.7731222528111],[-101.887700279424,51.7717602947927],[-101.887622447684,51.7712636566056],[-101.887877617441,51.7707787800541],[-101.888711455574,51.7699240816646],[-101.88841813417,51.7692994025018],[-101.888383953438,51.7689994374755],[-101.887345297755,51.768790036533],[-101.886627389414,51.7681027413849],[-101.88510985784,51.7675206899987],[-101.883727048392,51.7670778206535],[-101.882082589427,51.7667153036243],[-101.881416695675,51.7664294003854],[-101.881083030652,51.7655504392353],[-101.881178874874,51.764799654922],[-101.881445171693,51.7640913530258],[-101.881976602306,51.7632713645975],[-101.885529358688,51.7597875155351],[-101.909145666052,51.7594230684173],[-101.90781980294,51.6819281531324],[-101.907572895119,51.6674651836226],[-101.907552343269,51.6674657098481],[-101.941679073546,51.6665245158658],[-101.9419172149,51.6661588896054],[-101.941500555613,51.6655115835823],[-101.940141830616,51.6649361358579],[-101.939052973307,51.6637901081094],[-101.939049854011,51.6633335153013],[-101.940204887614,51.662422863911],[-101.940194787475,51.6618658646194],[-101.939907802388,51.6614680111742],[-101.939098229735,51.6614794916388],[-101.937672353684,51.6617669912302],[-101.936051157584,51.6626170757479],[-101.935239668719,51.6625644966275],[-101.934785437039,51.6621178972974],[-101.938012085694,51.6604720548829],[-101.938089337689,51.6599671386394],[-101.937638145474,51.6597158451143],[-101.935953149456,51.6596928349856],[-101.934793113605,51.6600474902092],[-101.933103247735,51.660612492042],[-101.932177334878,51.660672663079],[-101.931380845993,51.6602606897074],[-101.931224537536,51.659382827399],[-101.931671028043,51.6588768747143],[-101.932357504374,51.6585493947882],[-101.933562274319,51.6585329575254],[-101.935189931426,51.6587435382824],[-101.936458840198,51.6586221429325],[-101.937260546084,51.6580623621472],[-101.937244157234,51.6571634788335],[-101.935706773936,51.6563835826594],[-101.93404996899,51.6563065200925],[-101.931209596217,51.6572515613436],[-101.930751901145,51.6571373433758],[-101.9302981691,51.6566355217342],[-101.930183963521,51.6560175798074],[-101.930454336586,51.6552281119703],[-101.932154302314,51.6537649972494],[-101.932065167543,51.6529197950071],[-101.957734942027,51.6525831637685],[-101.965106718392,51.6525216232743],[-101.972136481345,51.6524376577594],[-101.985662146962,51.6523019719362],[-101.99509255686,51.6522035406523],[-101.995060119466,51.650778119816],[-101.994984358468,51.640348720377],[-101.995026810408,51.6398294692229]]]},"properties":{"FID":44,"Id":0,"UNIQUE_ID":"PRQA66","Shape__Area":95539568.053314209,"Shape__Length":71832.491671771}},{"type":"Feature","id":45,"geometry":{"type":"Polygon","coordinates":[[[-102.623239619882,49.8137338164391],[-102.623616593422,49.7625041002849],[-102.859697506233,49.7623225051025],[-102.859663197981,49.8138550425281],[-102.623239619882,49.8137338164391]]]},"properties":{"FID":45,"Id":0,"UNIQUE_ID":"PRMP69","Shape__Area":96646392.1064682,"Shape__Length":45319.578726648353}},{"type":"Feature","id":46,"geometry":{"type":"Polygon","coordinates":[[[-102.623239619882,49.8137338164391],[-102.859663197981,49.8138550425281],[-102.859629075225,49.8649769293471],[-102.622868478772,49.8640568698304],[-102.623239619882,49.8137338164391]]]},"properties":{"FID":46,"Id":0,"UNIQUE_ID":"PRMP68","Shape__Area":95410039.153621674,"Shape__Length":45178.457193288217}},{"type":"Feature","id":47,"geometry":{"type":"Polygon","coordinates":[[[-102.33457425807,49.8040919822289],[-102.16608429324,49.8008320854594],[-102.169928842236,49.7141173679533],[-102.33734939661,49.7173910688408],[-102.33457425807,49.8040919822289]]]},"properties":{"FID":47,"Id":0,"UNIQUE_ID":"PRMP70","Shape__Area":116126254.15841293,"Shape__Length":43383.43213305949}},{"type":"Feature","id":48,"geometry":{"type":"Polygon","coordinates":[[[-102.500465365674,50.4405675669859],[-102.500158003872,50.4550199976739],[-102.499867770439,50.4711955935016],[-102.499863308565,50.4806310174661],[-102.500012361144,50.4822811047321],[-102.500011859579,50.4840446603194],[-102.500013813545,50.5348494302986],[-102.498108856506,50.5344456685613],[-102.496614228787,50.5340987641264],[-102.495379597294,50.5342165427386],[-102.492912575277,50.5341895123643],[-102.490714484696,50.5337919217351],[-102.488768466167,50.5337775567239],[-102.48780742681,50.5332711267635],[-102.486304775247,50.5333821466617],[-102.485430227349,50.5330932095949],[-102.484661688257,50.5316825374459],[-102.483965670315,50.531226661517],[-102.482375014171,50.530895452873],[-102.480967021415,50.5308198352793],[-102.480868040988,50.5319420649976],[-102.480599871296,50.5321794281447],[-102.479811523517,50.5321619802013],[-102.478585186393,50.5318204288488],[-102.477874789111,50.5313648503945],[-102.477885095159,50.5309683725318],[-102.478595342224,50.530526656511],[-102.478693005153,50.5300245635077],[-102.477900309144,50.5296373846995],[-102.476584530342,50.5293935342926],[-102.475956808716,50.5297944196657],[-102.475414683869,50.5306284095932],[-102.474713692874,50.5311872342624],[-102.472580799856,50.5319065823079],[-102.471964585698,50.5324597535742],[-102.472052379901,50.5328479553906],[-102.472479229965,50.5330198868471],[-102.473899988389,50.5328710882669],[-102.474683202126,50.5329783134313],[-102.474947343942,50.5333784527084],[-102.474322773272,50.5344449108596],[-102.473161504345,50.5350587906183],[-102.472362001999,50.535490622171],[-102.47122648223,50.5353843659391],[-102.469554588852,50.5346915418423],[-102.468780296919,50.53391063136],[-102.467908741867,50.5333336113609],[-102.467376429691,50.5331695892536],[-102.466140711155,50.533610292608],[-102.465430883186,50.5331545891171],[-102.465804546295,50.5320374116463],[-102.465369633943,50.5314788682639],[-102.464240414117,50.5309605685763],[-102.4630828414,50.5309619349341],[-102.462375897025,50.5311718017777],[-102.462025093475,50.5314512606262],[-102.461658564041,50.5325138856947],[-102.461300740442,50.5328478612124],[-102.460244968415,50.5327444482276],[-102.459351947517,50.5330670010375],[-102.457687984001,50.5330572547416],[-102.457236172202,50.5333348814404],[-102.456702975495,50.5343397470029],[-102.455628536324,50.5349016927192],[-102.45545833963,50.5352382659356],[-102.455794216551,50.535966857884],[-102.455615050314,50.5361877701967],[-102.454912345415,50.5364681057732],[-102.453595621923,50.5365208176287],[-102.452782709126,50.53736647609],[-102.451466712069,50.5371761394714],[-102.451294857491,50.5372885118387],[-102.45092100704,50.5381890695757],[-102.450402326886,50.5381862061442],[-102.44714566188,50.5369912491956],[-102.446190493729,50.5363679697034],[-102.446013379998,50.5359687047069],[-102.446199494914,50.5357471435299],[-102.447437116592,50.5355310277935],[-102.447800171915,50.5351346725498],[-102.447802375938,50.5344606642593],[-102.447273868929,50.5337918427621],[-102.446845578891,50.5334491466997],[-102.446320059921,50.5334469286158],[-102.445060117501,50.5345615165428],[-102.444102568983,50.5346123919699],[-102.442516972847,50.5343259680235],[-102.441638591679,50.5344863274665],[-102.43959436947,50.5357636853794],[-102.437330703056,50.5362624849368],[-102.436590077862,50.5364265040694],[-102.433939524175,50.5364667813495],[-102.433234908884,50.5366853503771],[-102.431634995272,50.5375218238053],[-102.431184988674,50.5380251361776],[-102.418317651117,50.5401161616408],[-102.416718282392,50.5403759034433],[-102.394651865552,50.5427374672417],[-102.375740666936,50.5408274993075],[-102.359441320819,50.5393478942662],[-102.336404503761,50.5317332635438],[-102.327353784692,50.5275629811347],[-102.317387741962,50.5245347012478],[-102.31068412437,50.5252185309243],[-102.309116931937,50.5255489730884],[-102.308062316548,50.525258076455],[-102.307319992281,50.5245634300961],[-102.30642996902,50.5239042112087],[-102.306367815613,50.523134968995],[-102.306156473149,50.5228188795611],[-102.305992665044,50.5226589694168],[-102.306033585472,50.5219934614714],[-102.306526065044,50.521554212299],[-102.306652897575,50.5212570069131],[-102.306274696351,50.5209969514702],[-102.305824512895,50.5208381475516],[-102.305156121372,50.52013883434],[-102.304686552062,50.5195400475919],[-102.304392940258,50.5190818523829],[-102.303594329669,50.5186607920648],[-102.302655181759,50.5184611656742],[-102.301959361313,50.5186082780071],[-102.301769663865,50.518890902718],[-102.301446251444,50.5194328436652],[-102.301031471171,50.5196360545893],[-102.300142567833,50.5195478580624],[-102.299335941666,50.5194152238207],[-102.298713651837,50.5181189468501],[-102.297595725078,50.5178001931696],[-102.295937790987,50.517426768428],[-102.295159637282,50.5171459175147],[-102.293980676446,50.5161477380096],[-102.293016879555,50.5155896666079],[-102.292272037535,50.5152198867056],[-102.291309087764,50.5150076036501],[-102.290622140646,50.5150265894534],[-102.289951037919,50.5152016181023],[-102.289186515878,50.5153828491918],[-102.288939686531,50.5153420726068],[-102.288744021542,50.5153097473704],[-102.287609562151,50.5145096196416],[-102.287107618979,50.5128788546295],[-102.287398562918,50.5112571623073],[-102.285826703152,50.5106807110578],[-102.285120376326,50.5103955843413],[-102.28433519194,50.5103316713296],[-102.283451707252,50.510499192609],[-102.282999397799,50.5107771690353],[-102.283079723121,50.5113366256518],[-102.284374030822,50.5130316793404],[-102.284027731657,50.5132480633537],[-102.283056750159,50.5131888161459],[-102.281563869927,50.5123359037483],[-102.280946749368,50.5120747686831],[-102.28007931871,50.5117077880013],[-102.27895398886,50.510969688736],[-102.278773468988,50.5106336048551],[-102.279046234772,50.5102440247226],[-102.280556060382,50.5100816159221],[-102.280973464168,50.5099743831509],[-102.28161385722,50.5098098003371],[-102.281713061101,50.5090296520692],[-102.282335386415,50.5082437966525],[-102.282168390393,50.5080139241265],[-102.281338083709,50.5079146865164],[-102.281318320993,50.4843247210327],[-102.281281439807,50.4405158343954],[-102.281284434364,50.4405156136051],[-102.281143611397,50.3967772667615],[-102.500175246093,50.3967592209666],[-102.500465365674,50.4405675669859]]]},"properties":{"FID":48,"Id":0,"UNIQUE_ID":"PRQA71","Shape__Area":233499656.94863892,"Shape__Length":64513.401122583855}},{"type":"Feature","id":49,"geometry":{"type":"Polygon","coordinates":[[[-102.693602935488,50.4550761080261],[-102.693944123352,50.4840217895526],[-102.607871253917,50.48431321574],[-102.61038699141,50.5619028076687],[-102.611078511835,50.5674819841525],[-102.610300662024,50.5677592637932],[-102.609945074163,50.5682685813977],[-102.609457762494,50.5678860051657],[-102.608771194127,50.5676119892221],[-102.608184155486,50.566894916932],[-102.607608349727,50.5666901723849],[-102.60723279956,50.566446772562],[-102.606020204978,50.5665551267187],[-102.605532615827,50.566817930467],[-102.604834217851,50.5673223521701],[-102.60451353825,50.5669814374139],[-102.603480399532,50.5666172720567],[-102.602943083073,50.5660985385909],[-102.602766779234,50.5653578020755],[-102.602871694746,50.565202042389],[-102.603269295053,50.5651094228189],[-102.603545541323,50.564761718901],[-102.603324997312,50.5643042875582],[-102.602212007886,50.5637751681543],[-102.601760477071,50.563646421353],[-102.601143886245,50.5638724160765],[-102.600430067577,50.5642302491003],[-102.599903937401,50.5642238302627],[-102.599750368344,50.5640567387241],[-102.600013159307,50.5637023012072],[-102.599796041746,50.5633923373995],[-102.599097102973,50.563181418537],[-102.598188318386,50.5632820033383],[-102.597539459598,50.5634015857343],[-102.597285797655,50.5639341506013],[-102.597549596042,50.5644271598878],[-102.597772000368,50.5648300293814],[-102.59729352404,50.5650765417571],[-102.596728876318,50.565384064797],[-102.596286972457,50.5653711879817],[-102.595863843143,50.5652635697851],[-102.594941056523,50.565030851045],[-102.594812541557,50.5647374322615],[-102.595273224412,50.5642668082952],[-102.595573120033,50.563979527335],[-102.595624150793,50.5636024119017],[-102.595570248567,50.5631866636413],[-102.594694201087,50.5629425998128],[-102.593920183439,50.563110599023],[-102.593383935397,50.5634392576244],[-102.593286189803,50.56382771621],[-102.592844774055,50.5639469676871],[-102.592234917377,50.5636903210871],[-102.59187636111,50.5632123178524],[-102.59219796229,50.5626512577494],[-102.592627368629,50.5621441626772],[-102.592628865769,50.5615686804137],[-102.592741043719,50.5612568754483],[-102.593001899823,50.5615401803801],[-102.593591978843,50.5620160371411],[-102.594495438854,50.5622113604681],[-102.5952352626,50.5619915421983],[-102.595139998296,50.5607081276325],[-102.594429600581,50.5600470963582],[-102.593628226318,50.5598750773009],[-102.592738751219,50.5600130167049],[-102.592108221746,50.5601000647091],[-102.591519071128,50.5602772489771],[-102.590836618152,50.5598939694011],[-102.590408309187,50.5594990505707],[-102.590037257042,50.5592785863445],[-102.5894048331,50.5592258098113],[-102.589162208159,50.5594931425832],[-102.5891996792,50.5598868126686],[-102.589646767104,50.5601870014467],[-102.589712147446,50.5606640682564],[-102.589735166531,50.5611754720859],[-102.590055677231,50.5615164275532],[-102.590687158041,50.561693678887],[-102.589819241885,50.5621409503812],[-102.58844106731,50.5626660515483],[-102.588286979908,50.562949949073],[-102.588062583574,50.5633791684491],[-102.58791195139,50.5632273890454],[-102.586773095099,50.5631432781768],[-102.586084323028,50.5629859239236],[-102.585040697197,50.5632133062342],[-102.58474644333,50.5637255992601],[-102.584384033842,50.5635511008365],[-102.58375806077,50.5626891758894],[-102.583552350294,50.5617252073839],[-102.583143335071,50.5613676622865],[-102.582244339738,50.5610008498685],[-102.581264443398,50.5607879283878],[-102.579742974302,50.5608106806721],[-102.579221721451,50.5607649093346],[-102.578302770372,50.5610060382705],[-102.577366105346,50.5610230325334],[-102.576625557909,50.5605896688315],[-102.575234915163,50.559879309019],[-102.575096993916,50.5594699755857],[-102.57480614457,50.5588312772646],[-102.574274540789,50.5584053021775],[-102.573849912893,50.5577690265008],[-102.573882940233,50.5572300436985],[-102.573146706781,50.5570140346188],[-102.571906440001,50.5570385714008],[-102.57142502002,50.5572696224617],[-102.570920447199,50.5575724086542],[-102.570381978868,50.5574346094824],[-102.570053951566,50.5571175071261],[-102.569441987032,50.5567831585585],[-102.56869505785,50.5567700766623],[-102.568056810409,50.556880884304],[-102.567376183317,50.5570260132377],[-102.567325809234,50.5574730098015],[-102.567155491275,50.5580613115112],[-102.567223093619,50.5584215786651],[-102.567180048962,50.5587125233176],[-102.566804003495,50.5589199768108],[-102.566342428355,50.5589317955486],[-102.565538995416,50.5584876032004],[-102.564758738491,50.5579716681975],[-102.56404532366,50.5575517138784],[-102.56328757167,50.5572206523874],[-102.562870848553,50.556560420533],[-102.563140516263,50.5557857547586],[-102.562783276585,50.5553775632193],[-102.56215973648,50.5551762282709],[-102.561726946853,50.5553413311478],[-102.561622099405,50.5558235616608],[-102.561793095658,50.5562148306848],[-102.561231879755,50.5562808587014],[-102.560904833414,50.5560336302424],[-102.560396041149,50.5555980890791],[-102.560364583311,50.5547141780874],[-102.560006481208,50.5542360758555],[-102.559138385141,50.5541621740287],[-102.558052096234,50.5542914497912],[-102.557824568985,50.5541843621641],[-102.558014931384,50.5538977746506],[-102.558229539504,50.5534149796819],[-102.558156819572,50.5529618152325],[-102.558273191036,50.552540914683],[-102.558765405609,50.5521069733994],[-102.559254557667,50.5518520769435],[-102.560270201139,50.5515415708897],[-102.560584982697,50.551463198424],[-102.560788416293,50.5510512188799],[-102.560562680962,50.5505630543081],[-102.559869914558,50.5503825308932],[-102.558955214131,50.5503199548669],[-102.558007112657,50.5504698216963],[-102.557285613984,50.5506568644821],[-102.556703981411,50.5510043035771],[-102.556136349908,50.5512962524009],[-102.556283560076,50.5518214940558],[-102.555957784293,50.5522971859132],[-102.555667788191,50.552117101637],[-102.555333629979,50.5518315319427],[-102.555734120728,50.5512335457892],[-102.555881600713,50.5505226331826],[-102.554582659064,50.5502326810931],[-102.553584985198,50.5503784995718],[-102.552478136092,50.5504626362192],[-102.551987736832,50.5505154580846],[-102.551807392478,50.5508556878211],[-102.552010609606,50.5511589921091],[-102.552432166251,50.5515856395664],[-102.552818394769,50.5517584178487],[-102.553151646525,50.5519740932364],[-102.552603312017,50.5526299508077],[-102.55209114262,50.5527621707088],[-102.551323100522,50.5527661182048],[-102.550465648286,50.5526835618316],[-102.55009443009,50.5528517070514],[-102.550190793527,50.5531709098243],[-102.550737527042,50.5535491850223],[-102.551221023929,50.5541110760727],[-102.551644252468,50.5543510197557],[-102.552379775749,50.5546294233827],[-102.552374286312,50.5552517984561],[-102.551030971877,50.556224622262],[-102.550087121838,50.5558765143884],[-102.549479318326,50.5554329006939],[-102.548509755067,50.5532519764231],[-102.55034146896,50.5514335500461],[-102.550641255596,50.5510142775693],[-102.550594562215,50.5501781972385],[-102.55025206756,50.5496522472158],[-102.549209137733,50.5498170087367],[-102.548565303647,50.550223539921],[-102.548311636999,50.5506937203087],[-102.548589424777,50.5513956287681],[-102.548319738144,50.5519758679249],[-102.547453788904,50.5521738089766],[-102.545869525368,50.5518587670532],[-102.545961326099,50.551175432549],[-102.546363940653,50.5505229142532],[-102.546297334608,50.5499060317943],[-102.544803745446,50.5498795176463],[-102.542967249361,50.5497157542825],[-102.542159268298,50.5493074176023],[-102.541885058896,50.5487967945134],[-102.541976569533,50.5480116732426],[-102.541394666783,50.5474484878419],[-102.54095410227,50.5474819261969],[-102.540334540863,50.5478326229927],[-102.540007297742,50.5483129714108],[-102.53958421267,50.5484399758108],[-102.539052023276,50.5484613778485],[-102.539287665942,50.5479690042277],[-102.539882752059,50.5474873136758],[-102.540004394997,50.5470225693463],[-102.53965472156,50.5467454287559],[-102.538960993208,50.5463805181607],[-102.537816943404,50.5463154831121],[-102.536554717948,50.545936746686],[-102.535786213704,50.5453307570007],[-102.536578496734,50.5449480102613],[-102.537591040555,50.5449471146867],[-102.538847641683,50.5451364657239],[-102.538985431259,50.5457143770058],[-102.539728117196,50.5463412867227],[-102.541098753455,50.5465029810226],[-102.541916415747,50.5451779378045],[-102.542081754888,50.5449099901591],[-102.542657144603,50.5441640631963],[-102.542765616474,50.5447441969968],[-102.543754413673,50.5449348381146],[-102.544826299572,50.5444548710838],[-102.544728298837,50.5439308814033],[-102.544655405436,50.5430633529527],[-102.544736350013,50.5422221032244],[-102.544037026376,50.5416678649415],[-102.542435739482,50.5410682304295],[-102.541014195207,50.5404739113073],[-102.540001101697,50.5409493733845],[-102.539420102301,50.5415059102088],[-102.537576984386,50.5416837265875],[-102.536988948536,50.5422028218969],[-102.536196027417,50.5422629735252],[-102.536286233902,50.5416298155549],[-102.536421188045,50.5409173468128],[-102.537100103513,50.5400876945847],[-102.538185926277,50.5396826617486],[-102.538699126025,50.5397196345414],[-102.538893520901,50.5401224253864],[-102.539578037251,50.5402792490561],[-102.540210093446,50.5401553599733],[-102.540319106231,50.5394638319983],[-102.539735961065,50.5390525919073],[-102.538540344814,50.5382323313615],[-102.537772665035,50.5379489624357],[-102.536874953011,50.5374477060878],[-102.53709867528,50.5370511516442],[-102.538494852526,50.5371919352084],[-102.539045097795,50.5375866949237],[-102.539858904911,50.537638803893],[-102.539202358201,50.536834576622],[-102.536878442369,50.5358721891232],[-102.535104810152,50.5353045301482],[-102.532929079425,50.5365703174989],[-102.530736516305,50.5372679659792],[-102.530121808283,50.5382824814683],[-102.529525958786,50.5392386287539],[-102.52968661974,50.5400994798205],[-102.530684301196,50.5404983307733],[-102.53135198134,50.5408842320137],[-102.531447726075,50.5412375755818],[-102.530300344032,50.5420153887663],[-102.529754885015,50.5421825787081],[-102.528984167213,50.542418806595],[-102.528432796261,50.5426306413243],[-102.52807069767,50.5429374503451],[-102.527823714753,50.5427375263707],[-102.527509691122,50.5421782858909],[-102.527433708635,50.5417710611696],[-102.527086936374,50.5415252148589],[-102.526654703168,50.5414187065881],[-102.525741346486,50.5414862940864],[-102.525067875756,50.5414522833563],[-102.524313448033,50.5412907887103],[-102.524038143273,50.5407739021567],[-102.524007652183,50.5403665291932],[-102.524175112779,50.5400380404233],[-102.524667851598,50.5398185246106],[-102.524990126639,50.5395026010436],[-102.524335483963,50.5394671619666],[-102.5237268203,50.5397804798806],[-102.522983423804,50.5401890217474],[-102.52254872113,50.5404068216238],[-102.521641739398,50.5405578314968],[-102.52085141944,50.54071483518],[-102.520212960168,50.5404595090365],[-102.520251043191,50.5398404824843],[-102.520260256381,50.5396907126563],[-102.520449523306,50.5391477801128],[-102.520550063853,50.5383783571951],[-102.520293684398,50.5378536163565],[-102.519882609301,50.5374805096494],[-102.519478684677,50.5371457288566],[-102.518779190022,50.5369266021433],[-102.51815863303,50.5369347014064],[-102.517516275265,50.5370221819054],[-102.516582390684,50.5371161695178],[-102.515789763247,50.5370517650402],[-102.51545315465,50.5367507457607],[-102.515495508147,50.5362578139534],[-102.515937016818,50.5358124169099],[-102.516685131917,50.5355070604236],[-102.517520127785,50.5355371547761],[-102.517856893578,50.5355116684917],[-102.517904552105,50.5352437634747],[-102.517428125304,50.5351088039476],[-102.517020405881,50.5350152828813],[-102.515034482694,50.5351577712622],[-102.514295928204,50.5352525096511],[-102.513588561565,50.5353837505232],[-102.51298801054,50.5354991333359],[-102.512317328306,50.535565402424],[-102.511381222691,50.53558177733],[-102.511023661645,50.5354300261239],[-102.510457767983,50.5350763721524],[-102.509855387343,50.5349198078245],[-102.509589557243,50.5350642772281],[-102.509332284956,50.5352547398591],[-102.509260515192,50.5355244591724],[-102.509053585926,50.5357888482863],[-102.508961030138,50.535881351646],[-102.508605095854,50.5358693892985],[-102.508370476138,50.5355917366357],[-102.507867016218,50.5348524572377],[-102.507507239681,50.5346231303752],[-102.507053293743,50.5343465057013],[-102.506963637148,50.5339957103129],[-102.507116567453,50.5335721703456],[-102.50763985842,50.5333693820183],[-102.508676829783,50.5331744025522],[-102.508896584512,50.5329790051743],[-102.509309993963,50.5326445956566],[-102.509539948767,50.532176361222],[-102.510360603881,50.5321298607093],[-102.510734844274,50.5325679604242],[-102.511019814169,50.5324609060347],[-102.510818020758,50.5319009423598],[-102.510251163947,50.531345263831],[-102.509427496792,50.5307856792816],[-102.508659865788,50.5307892993083],[-102.507652713261,50.5310131209103],[-102.506879324582,50.5314446878375],[-102.506043739888,50.5319353604169],[-102.505729375065,50.532277817055],[-102.506191224916,50.5326626709517],[-102.50656523793,50.5329686559938],[-102.506672188479,50.5335435667374],[-102.505456587185,50.5340240859745],[-102.504403716681,50.5340025808143],[-102.503560921003,50.5334055247149],[-102.503413033852,50.5328725717679],[-102.502747103702,50.5327674097299],[-102.501331239094,50.5326955599613],[-102.50047812712,50.5328299393039],[-102.50042134633,50.5332462039389],[-102.500358236851,50.5336940398648],[-102.500656572782,50.5340523986298],[-102.501163483488,50.5342861819972],[-102.501766447268,50.5343805658177],[-102.502254215287,50.5345769250007],[-102.502491637919,50.5348699228599],[-102.502388640857,50.5351031256318],[-102.500966993833,50.5350006075871],[-102.500013813545,50.5348494302986],[-102.500158003872,50.4550199976739],[-102.500201848426,50.3969604711195],[-102.693473152589,50.396954993519],[-102.693602935488,50.4550761080261]]]},"properties":{"FID":49,"Id":0,"UNIQUE_ID":"PRQA72","Shape__Area":188224061.60365295,"Shape__Length":76827.096815654557}},{"type":"Feature","id":50,"geometry":{"type":"Polygon","coordinates":[[[-102.772041814769,50.4842321381895],[-102.750736641581,50.4842712071665],[-102.750734591504,50.5938429964985],[-102.748667201434,50.5940630679996],[-102.747287689127,50.5938349652544],[-102.745731533622,50.5934192465489],[-102.745174682642,50.5930822812043],[-102.743776074349,50.5933030834238],[-102.743103934845,50.5936462781535],[-102.74170828854,50.5941852314324],[-102.740955591868,50.5944637689102],[-102.740491274244,50.5944449310772],[-102.74027789086,50.5946081658565],[-102.739147388924,50.5949435898614],[-102.738009929705,50.5952428846054],[-102.736743848929,50.5957721091191],[-102.736247843706,50.596113110743],[-102.734971476097,50.5961390930158],[-102.734448349825,50.5961889480815],[-102.73336423418,50.5968414302769],[-102.73248324243,50.5976522198962],[-102.731897751782,50.5985774844627],[-102.731385104059,50.5990572130702],[-102.730711842474,50.5993753091965],[-102.729786775566,50.6001070232847],[-102.728991747897,50.6006911624884],[-102.728178299031,50.6010292985334],[-102.727652379067,50.6012901019666],[-102.726910176594,50.6015493786273],[-102.726406425006,50.6020008955887],[-102.725041451751,50.6031424604889],[-102.723928620795,50.6037970596469],[-102.722912289892,50.6042792004374],[-102.722125363807,50.604606058446],[-102.721496234964,50.6049298227254],[-102.720293642398,50.6050415074831],[-102.719322913725,50.6052359853955],[-102.718318259615,50.6054789063856],[-102.717389730793,50.6057434008727],[-102.716735976304,50.6060140597504],[-102.715637502534,50.6062184104621],[-102.714655954224,50.6068077275654],[-102.713992454203,50.6072532363087],[-102.713262870966,50.6074289478358],[-102.711006301957,50.6076772261446],[-102.710602349821,50.6079742939418],[-102.710486093745,50.6078183567914],[-102.710730857158,50.6074419912817],[-102.710552009426,50.6070343189028],[-102.710483227326,50.6065997865088],[-102.709988395584,50.6062715933891],[-102.709430904828,50.6060673839059],[-102.708688955102,50.6058774693926],[-102.707837317813,50.6056410674442],[-102.706934484474,50.6053628068992],[-102.706246968108,50.6049304025508],[-102.705566004874,50.6046074508689],[-102.70493798347,50.6043353759515],[-102.704081593004,50.6039985153212],[-102.703445563401,50.6039103268766],[-102.702285141936,50.6040918356411],[-102.701452033542,50.6044037677134],[-102.700916296686,50.6044635769991],[-102.701389880836,50.6040786906263],[-102.701561440812,50.6034697726592],[-102.701762345937,50.6030143641691],[-102.701499071392,50.6028423159465],[-102.701084904687,50.6027094431987],[-102.700813972414,50.602647950124],[-102.700401914976,50.6024507666763],[-102.699886328517,50.6023898861881],[-102.69948252733,50.602311185871],[-102.699114570498,50.6018173521002],[-102.698917264095,50.6012370012286],[-102.698742014103,50.60084737544],[-102.697964549303,50.6006967980424],[-102.697133218341,50.6003396263264],[-102.695610017549,50.5990738379481],[-102.693713583668,50.5983408941984],[-102.692936817375,50.5977412312524],[-102.692226131853,50.5977137369614],[-102.691924214628,50.597489682471],[-102.691020879521,50.5973579593733],[-102.688587514782,50.5962999352454],[-102.687697773072,50.5956356737094],[-102.687109527771,50.5952688095662],[-102.686592224147,50.5948964595827],[-102.686339809004,50.5947052210106],[-102.686208989517,50.5943213217565],[-102.686060033667,50.5936914240765],[-102.68575210141,50.5932845647821],[-102.685238688146,50.5928569350954],[-102.684705026012,50.5922476092427],[-102.683981806695,50.5916254436004],[-102.682842490145,50.5909346361401],[-102.681718292883,50.5903984192692],[-102.681095402409,50.5902266317196],[-102.68052023543,50.5900786430621],[-102.67988228151,50.5897522453235],[-102.678089259491,50.5887270531604],[-102.676401229061,50.5879502861348],[-102.675087647896,50.58740114738],[-102.674110649038,50.5868809917267],[-102.672892122313,50.586452770559],[-102.671499112595,50.5864686377219],[-102.670192054216,50.5866336181238],[-102.668144390646,50.5870664388585],[-102.667103323322,50.5874948985702],[-102.666257817998,50.587816643614],[-102.66548327442,50.5878305484446],[-102.664946177492,50.5871349506568],[-102.664164516217,50.5868086666325],[-102.662664108287,50.5871963212554],[-102.662150978756,50.5873360795146],[-102.661181174327,50.5874394426854],[-102.660398691731,50.5877001588239],[-102.660514732669,50.5881922865313],[-102.660932754235,50.5895630753278],[-102.66031328575,50.5903266168699],[-102.65947765728,50.5906629996292],[-102.657911627062,50.5907534092223],[-102.656232223565,50.5909127554867],[-102.655374109171,50.590802437171],[-102.654869409469,50.5905973530199],[-102.652623448706,50.5885185014785],[-102.652562015066,50.5873536674085],[-102.652523149187,50.5866167230966],[-102.65277143572,50.5862751038896],[-102.652823299432,50.5859661937593],[-102.652066737926,50.585086218255],[-102.650432987515,50.5842913351633],[-102.647455685494,50.5843268866398],[-102.64635413898,50.5842005163987],[-102.645574034227,50.5838265962684],[-102.645180368856,50.583499185147],[-102.644688135828,50.5821180313021],[-102.644002282385,50.5815609501824],[-102.642662269135,50.5808078863224],[-102.642321423327,50.5809044514303],[-102.641544725745,50.5815831295998],[-102.641419574622,50.5820196247316],[-102.641878293172,50.5820522311009],[-102.642167833508,50.5822132128983],[-102.642155447905,50.5823719763094],[-102.642142665271,50.5825358133817],[-102.6417455384,50.5825663386531],[-102.641414674093,50.5824909883397],[-102.641088696462,50.5822137005477],[-102.641012358849,50.5818246369575],[-102.639731031049,50.5817316799898],[-102.636226972616,50.5805533258555],[-102.635595207767,50.5796490312796],[-102.635457411152,50.5791644046412],[-102.634865022483,50.5770808722007],[-102.634052956345,50.5759980407267],[-102.632697224863,50.5754866051069],[-102.631784986793,50.5752989781195],[-102.630340676883,50.5747943171534],[-102.629249911595,50.5752072777751],[-102.629517974545,50.5756734064384],[-102.629812455514,50.5759227860692],[-102.630114161078,50.5763290738191],[-102.629998639822,50.5765496118344],[-102.62921368312,50.5764411299783],[-102.628311044081,50.5760666416692],[-102.628228015961,50.575701338717],[-102.628176737931,50.5754757275825],[-102.628368661173,50.5749456693965],[-102.62811396794,50.5745500869577],[-102.627485275714,50.5741975183078],[-102.627789061664,50.5739022296361],[-102.628398777088,50.5737981814055],[-102.629110468499,50.5737578772202],[-102.629351524705,50.5737250609183],[-102.629884871101,50.5734550888986],[-102.629478539564,50.5729709490824],[-102.629032452721,50.5726330061304],[-102.628600518432,50.5722510327923],[-102.628337033344,50.5719277034327],[-102.627794921572,50.5715810954446],[-102.627833866332,50.5713307510246],[-102.628279578704,50.5711774489538],[-102.629427930772,50.5708602786833],[-102.630219377942,50.5704055885389],[-102.630254696044,50.569908166474],[-102.629759255057,50.5695705858325],[-102.628585636514,50.5694499604195],[-102.627799826761,50.5698583965327],[-102.627299293118,50.5702540961156],[-102.627074306676,50.5705095541003],[-102.626798238011,50.5707231240969],[-102.626373881055,50.5706091041377],[-102.626356460214,50.5700607653081],[-102.626729901544,50.5696015333996],[-102.626940020122,50.5691914777644],[-102.626676088516,50.5689368929454],[-102.625936915446,50.5687554178591],[-102.62494662461,50.5687672646629],[-102.624176521329,50.5689545971856],[-102.623582350517,50.5693116519416],[-102.62361732897,50.5698769622455],[-102.622644381731,50.5704371251488],[-102.622345720268,50.5708356376591],[-102.62273859011,50.5713918265443],[-102.623664668173,50.5719529286799],[-102.624123705532,50.572174236411],[-102.623858685098,50.5728266916368],[-102.623421994521,50.5729517961521],[-102.622632872013,50.5728107655118],[-102.622259437549,50.5725095963552],[-102.622068119928,50.5722585908294],[-102.621589933192,50.572240289287],[-102.621161775146,50.5723153889392],[-102.620829991131,50.5724817797223],[-102.620576317631,50.5722813585701],[-102.62070504592,50.5720965017909],[-102.620855706279,50.5718568462512],[-102.620894694191,50.5716065043076],[-102.620681858647,50.5713937923983],[-102.620635107125,50.5709942845754],[-102.620680262757,50.5706243765377],[-102.620838852714,50.5702457708962],[-102.620930618548,50.5700463509794],[-102.621048513424,50.5699090559205],[-102.621457862209,50.5696394782527],[-102.621825335051,50.5695288501647],[-102.622034461983,50.5692654631371],[-102.621917471292,50.5690270833489],[-102.621342821727,50.5688787646173],[-102.620496023582,50.5688887249662],[-102.619571108014,50.5691703392428],[-102.61922870657,50.5694897424479],[-102.618849934957,50.5696928371348],[-102.618319655269,50.5697792887649],[-102.61799852789,50.5696023569361],[-102.617707468887,50.5694322817031],[-102.61769369844,50.5691310218189],[-102.61812686558,50.567769470402],[-102.618405194601,50.5674916277255],[-102.618818477247,50.5671667952667],[-102.618785928455,50.566766206193],[-102.618650066849,50.5661994770737],[-102.618516041465,50.565870794351],[-102.6185226163,50.5654488857964],[-102.618654030088,50.5651548227487],[-102.619246873548,50.5644864296005],[-102.619305686055,50.5641887703086],[-102.618959003243,50.5638763938446],[-102.618628334135,50.5638009736824],[-102.617943237666,50.5637527199461],[-102.617448211547,50.5638731114842],[-102.617272554882,50.5641614025552],[-102.617080483123,50.5645150772373],[-102.616956413415,50.5647719303148],[-102.616654210612,50.5649233442111],[-102.615960678957,50.5650589401275],[-102.615513815302,50.5651298259116],[-102.615263198718,50.565249798482],[-102.615547504073,50.565612772929],[-102.615935002569,50.5659128729197],[-102.616095127176,50.5663036845076],[-102.615590579661,50.5667545890998],[-102.615186869246,50.5669779018599],[-102.614800002996,50.566833484074],[-102.614296836394,50.5666063660583],[-102.613883326492,50.5664731482092],[-102.61332238427,50.5663970268311],[-102.612489274866,50.566479161647],[-102.61207648694,50.5667306387185],[-102.612036372173,50.5671276301663],[-102.611953721415,50.5675278787947],[-102.611536448317,50.567701540986],[-102.611078511835,50.5674819841525],[-102.607871253917,50.48431321574],[-102.693944123352,50.4840217895526],[-102.693473152589,50.396954993519],[-102.83109324435,50.3968780754928],[-102.831011618669,50.4842373545816],[-102.772041814769,50.4842321381895]]]},"properties":{"FID":50,"Id":0,"UNIQUE_ID":"PRQA73","Shape__Area":210139344.98311615,"Shape__Length":79745.576856288957}},{"type":"Feature","id":51,"geometry":{"type":"Polygon","coordinates":[[[-102.842577414273,50.5919136443752],[-102.842804001837,50.638182359053],[-102.842803286522,50.6383212633971],[-102.841653572169,50.6383006712155],[-102.841091626085,50.6383499296287],[-102.840385715051,50.6386113459433],[-102.838636438888,50.6391972550637],[-102.835882027881,50.6391785068339],[-102.835514995421,50.6390895719183],[-102.83433805042,50.63867438583],[-102.833695458654,50.6385507113968],[-102.832295753431,50.6385596470269],[-102.831909876595,50.6385883571881],[-102.831479521683,50.6388578923101],[-102.831165140748,50.6394552031454],[-102.831255717224,50.639960900788],[-102.83167436405,50.6407710492563],[-102.831798045464,50.6416077311219],[-102.831728687243,50.6419218823232],[-102.831261885689,50.642245733431],[-102.830317081147,50.6422055592102],[-102.829458165081,50.6417885202354],[-102.829023917216,50.6414077738415],[-102.828820950982,50.6405355286186],[-102.828526476833,50.6396925781125],[-102.828122010176,50.6389025282775],[-102.827764451607,50.6384728018392],[-102.827222899687,50.6382763437813],[-102.826692152051,50.6381681719543],[-102.826473690391,50.637994920246],[-102.82656791137,50.6375620748696],[-102.829108675244,50.6365397052797],[-102.829282450228,50.6360734534482],[-102.828823645475,50.6357138712703],[-102.826403602329,50.6356668304262],[-102.825566365826,50.6359206217963],[-102.82417241683,50.6359510982538],[-102.823339117265,50.6361452088157],[-102.823143234185,50.6364177975027],[-102.822950967669,50.6367890204709],[-102.823581241939,50.6384309921893],[-102.823527910221,50.6391968677637],[-102.823350617286,50.639725188988],[-102.823532074149,50.63993844025],[-102.823755709325,50.6401285915812],[-102.825238846403,50.6405560455804],[-102.826555693988,50.6408481767225],[-102.827355891755,50.6409633017087],[-102.828146140311,50.6412671548464],[-102.828275499327,50.64169223429],[-102.828031282669,50.6421961597598],[-102.82757097094,50.6425489141063],[-102.826292873162,50.642936300945],[-102.824291626956,50.6429650539155],[-102.821627714973,50.6430260630203],[-102.820574928232,50.6428120333062],[-102.820110268871,50.6425023233573],[-102.819812798406,50.6419321756827],[-102.819571298063,50.6411696827665],[-102.818883047891,50.6406698076611],[-102.818119381617,50.6405022879097],[-102.817029089254,50.6408154466308],[-102.816430797683,50.6411789793792],[-102.815670599667,50.6419904674232],[-102.81493626818,50.6423745662424],[-102.813917589213,50.64233584703],[-102.813652367795,50.6419313174321],[-102.813706078223,50.6410862914191],[-102.814636700394,50.6394700926328],[-102.814695504766,50.6388917497735],[-102.813926776686,50.638457522397],[-102.813164686276,50.6384580071164],[-102.812330899617,50.6388103256998],[-102.81109055625,50.640193616486],[-102.81102224281,50.6407232428782],[-102.811429817579,50.6424223246864],[-102.811415423966,50.642829020887],[-102.810747080174,50.6428320147743],[-102.81041244867,50.6426307631837],[-102.810269453152,50.642374904198],[-102.810309219592,50.64177827394],[-102.810290170215,50.6409587492347],[-102.809697427815,50.6398281440204],[-102.809325208201,50.6393528746087],[-102.808322527804,50.6390754491458],[-102.807313990311,50.6388479327705],[-102.806686813424,50.6385014674742],[-102.806720958859,50.6378756153611],[-102.806965414898,50.6373717491974],[-102.808475604952,50.6352947256705],[-102.808922373668,50.6350321611877],[-102.809643915142,50.635143693479],[-102.810156261112,50.6354595804432],[-102.811293315115,50.6363496050077],[-102.812295185628,50.6369435921342],[-102.813576071752,50.6369716205965],[-102.814075209921,50.636418058728],[-102.814415270469,50.6359264449885],[-102.814365500601,50.6351093422555],[-102.813957893833,50.6342115348759],[-102.81312874081,50.633465529425],[-102.811740564832,50.6327238425128],[-102.809751419118,50.6319303984248],[-102.807450796589,50.6316955002815],[-102.805604358232,50.6320381901595],[-102.804436569602,50.6327529481911],[-102.803585429463,50.6338978646834],[-102.802935719672,50.6356006857284],[-102.801878160129,50.6372860259258],[-102.801868494321,50.6380385391607],[-102.802807518617,50.6391914732649],[-102.803432367675,50.6396865186406],[-102.803647311674,50.6402334874683],[-102.803206328842,50.6404461139081],[-102.802601620083,50.6402956926412],[-102.801860906104,50.6401658217405],[-102.800650052661,50.6396969173693],[-102.798813783002,50.638970376532],[-102.79779063542,50.6385065172676],[-102.797026533089,50.6378542013197],[-102.79689562718,50.6374193434186],[-102.797273877682,50.6370435081337],[-102.797803662534,50.6365667739595],[-102.798019467926,50.636075076371],[-102.79777652584,50.6353028032102],[-102.797620861664,50.6348204333163],[-102.797855974147,50.6342678765788],[-102.798318992468,50.633687569096],[-102.799392461606,50.633207784082],[-102.800007394654,50.6323682779898],[-102.800216026825,50.6316793141986],[-102.800089097235,50.6311848089562],[-102.799925485328,50.6300997055803],[-102.798707187633,50.6296709662163],[-102.79795978691,50.6292646585325],[-102.796315291557,50.629284724425],[-102.794668995022,50.6299379356854],[-102.793447050208,50.6301325630955],[-102.792810009785,50.6299747439952],[-102.791889884388,50.6290774784941],[-102.791054396982,50.6280548900974],[-102.790286595948,50.6274622047252],[-102.79057714642,50.6269547980992],[-102.791445514449,50.6265406166904],[-102.792606089904,50.6263508149452],[-102.793302165207,50.6259303280523],[-102.794087258213,50.6251665685795],[-102.794489409709,50.6244328057143],[-102.794747141778,50.6239971939567],[-102.796693296213,50.6228061464586],[-102.797664376172,50.6218794179665],[-102.797896076459,50.6211491111624],[-102.797183685164,50.6206016048776],[-102.797144597174,50.6195166752093],[-102.797784690653,50.6192093408077],[-102.799450183609,50.6190589917752],[-102.800427377804,50.6186460811549],[-102.800563137854,50.6179826380468],[-102.79964095994,50.6178769134866],[-102.798676619459,50.6177942679315],[-102.797901708351,50.6177264364358],[-102.797140889062,50.6174102254692],[-102.796154593845,50.6169732114703],[-102.794862588141,50.6170447907147],[-102.794302620632,50.6174447339727],[-102.793867794341,50.6182502792821],[-102.793886953822,50.6189114584571],[-102.793366555562,50.6195160018822],[-102.792941059245,50.6197273686084],[-102.792353900027,50.6195854389795],[-102.792114015913,50.6191492555518],[-102.792389628285,50.61848476912],[-102.792782087123,50.617781458017],[-102.793604748477,50.6172125829329],[-102.794296882854,50.6167726161937],[-102.795524525726,50.6164489294839],[-102.796868552412,50.6162446824624],[-102.79701352645,50.616152218653],[-102.797186798958,50.6160417039671],[-102.79722440567,50.6155936741642],[-102.797143281527,50.6151747333901],[-102.796167808081,50.6129466748019],[-102.795613491025,50.6113680686101],[-102.794232425574,50.6098542649604],[-102.792966978262,50.6094193416442],[-102.791110820149,50.6094658584272],[-102.790815475391,50.6094522333008],[-102.791555530017,50.6091936515237],[-102.792195732523,50.6088072224114],[-102.793031646263,50.60822742674],[-102.794034513168,50.6074664023207],[-102.794759569029,50.6061535016916],[-102.794507891652,50.6051743038299],[-102.793806088712,50.6037160953696],[-102.793118565482,50.6032952450647],[-102.791511625079,50.6032629187343],[-102.790226870003,50.6029679635981],[-102.789332380652,50.6026819867981],[-102.789401858676,50.6031216006597],[-102.79004861158,50.6043764429053],[-102.790463625341,50.6050758084482],[-102.790745102261,50.6056471735034],[-102.790991242204,50.6058751474779],[-102.790975235993,50.6061137677965],[-102.790417482464,50.6058014113252],[-102.789827225325,50.6048388435104],[-102.788031656249,50.6019827650319],[-102.787528874745,50.6012309355078],[-102.787093746771,50.5996232683652],[-102.786962147668,50.5988621556631],[-102.786680290357,50.5984490703876],[-102.786329437805,50.5980809477734],[-102.785516354678,50.5974918808612],[-102.781952129473,50.5958522698063],[-102.779838407873,50.5952858392768],[-102.773877225254,50.5921720720384],[-102.771938870625,50.5918686971959],[-102.770907533795,50.5919987586905],[-102.769085416893,50.5923785029371],[-102.768274795881,50.592283611712],[-102.766436858501,50.5922590778058],[-102.765533102448,50.59200332168],[-102.764071149736,50.5916724776463],[-102.761907361219,50.5913271850255],[-102.759793686873,50.5914031723189],[-102.757410825134,50.5918561270417],[-102.756339231313,50.5925034122263],[-102.754962091549,50.5930162890234],[-102.753531802429,50.5934146199738],[-102.751836583529,50.5935665777625],[-102.750879484734,50.5937598606966],[-102.750734591504,50.5938429964985],[-102.750764447645,50.4842949589828],[-102.831011618669,50.4842373545816],[-102.830919277852,50.5715952398697],[-102.837032136985,50.5716243871574],[-102.837048005714,50.5919030429065],[-102.842577414273,50.5919136443752]]]},"properties":{"FID":51,"Id":0,"UNIQUE_ID":"PRQA74","Shape__Area":86462637.443778992,"Shape__Length":56565.436220127536}},{"type":"Feature","id":52,"geometry":{"type":"Polygon","coordinates":[[[-102.796795632109,50.6360496609139],[-102.727835203809,50.6358868726375],[-102.726809150932,50.6358782242844],[-102.726829749572,50.6282409894354],[-102.726917033783,50.6132137978695],[-102.727526816926,50.6133334670728],[-102.72803555363,50.6134333030249],[-102.729803481411,50.6134941962946],[-102.732496490563,50.6133569888495],[-102.733194870135,50.6131585109807],[-102.734959382679,50.6132015539953],[-102.737149031967,50.612508581086],[-102.737857873037,50.6114801726524],[-102.737983857581,50.6105319102259],[-102.738019982619,50.6102599888367],[-102.738384613066,50.6097990592402],[-102.739050973992,50.6097291911276],[-102.740893990901,50.6098937231392],[-102.742544982017,50.6097816963233],[-102.743606038991,50.6095549071292],[-102.744495195627,50.6091038414297],[-102.746277704521,50.6087128109799],[-102.749488614868,50.6087723248174],[-102.752028044296,50.6085744343971],[-102.75460098314,50.6078151253936],[-102.756571281322,50.6068684344565],[-102.758648065167,50.6063279434108],[-102.75924577455,50.6058668223753],[-102.75960972884,50.6055860331758],[-102.760287845575,50.6051365961381],[-102.761389742384,50.6051227048704],[-102.763218798864,50.6049944870055],[-102.765528737881,50.6041146922626],[-102.766704548055,50.6038967037485],[-102.768242663586,50.6027672216627],[-102.768634782491,50.6023040138706],[-102.768979776135,50.6033585064457],[-102.769755088883,50.6040008768569],[-102.771106088624,50.6045441888018],[-102.772359222064,50.6051672312167],[-102.772842387643,50.6066435176796],[-102.774808541885,50.6099325297323],[-102.776590791362,50.6119741985897],[-102.776140189586,50.6153620698491],[-102.776564823074,50.6167771385912],[-102.777216588415,50.6179357058257],[-102.77758559794,50.6191785657515],[-102.778050055661,50.6194171688573],[-102.778744122951,50.6200188152239],[-102.778553363807,50.6203117317925],[-102.778324571322,50.6206630423446],[-102.778835753902,50.6208136244349],[-102.779274123996,50.6215927163064],[-102.780998445279,50.6215498987516],[-102.78128456819,50.6214352280518],[-102.78162398925,50.6214086793787],[-102.782030608974,50.6206039355148],[-102.78275510976,50.6202242400309],[-102.783491445977,50.6196244218585],[-102.78443877706,50.619365715177],[-102.785361074205,50.6192589305452],[-102.786307031916,50.6187119013301],[-102.786664803491,50.6192491820926],[-102.786740885013,50.6199238764676],[-102.78609312187,50.6200437960838],[-102.785542116528,50.6199138737252],[-102.784709694587,50.6198290431422],[-102.783954746582,50.6199573359851],[-102.784735777312,50.6200577306701],[-102.785179883689,50.6201037319645],[-102.785851258373,50.6202934549627],[-102.786015861949,50.620488228467],[-102.785686872645,50.6207562412273],[-102.785146562342,50.6207754528823],[-102.784812112849,50.6206401147428],[-102.784579883871,50.6206582870606],[-102.784525720071,50.620847107959],[-102.784688407171,50.6209382060677],[-102.784411373261,50.6210060295657],[-102.784011199405,50.62118731569],[-102.783679132538,50.6217209006663],[-102.783831883682,50.6221357983163],[-102.783834630446,50.6221462421798],[-102.78390028281,50.6223957853946],[-102.784071763685,50.6225323431947],[-102.784379572657,50.6226236242696],[-102.784693973755,50.6227489974985],[-102.784769542848,50.622858449726],[-102.784961376304,50.6229126582705],[-102.7850177369,50.62273520026],[-102.784755016467,50.6225019549892],[-102.784943021724,50.6223488048259],[-102.785185704349,50.6221257781097],[-102.785387438251,50.6223024913383],[-102.785925288994,50.6223642281014],[-102.785792512882,50.6227091786464],[-102.786068427677,50.6230106089492],[-102.786300389619,50.6230847472381],[-102.786627194276,50.6228053653096],[-102.786939966775,50.6227347386495],[-102.786833339754,50.6225584998385],[-102.787313486006,50.6225093802719],[-102.787177963374,50.6230275981403],[-102.78702129591,50.6231552259446],[-102.787236475004,50.6236113844289],[-102.786836849398,50.6236080533821],[-102.786691450758,50.6237001896296],[-102.78637015967,50.6236330430367],[-102.78568880421,50.6237671221517],[-102.78602739622,50.6240175020463],[-102.786569666879,50.6241019652801],[-102.786839564084,50.6241846714204],[-102.786960784566,50.623967524594],[-102.787285916344,50.6242420283237],[-102.78692089509,50.6246051608295],[-102.785941335091,50.6244164820465],[-102.78542791513,50.6243874400582],[-102.785390553879,50.624194241375],[-102.785086843345,50.624218007114],[-102.784656731911,50.623963248021],[-102.784320347581,50.6237242277867],[-102.783822030079,50.6238670455452],[-102.784416746513,50.6243165858724],[-102.784744061508,50.6246024634819],[-102.784856708614,50.6249974304794],[-102.784468056905,50.6250509128683],[-102.784166821513,50.6249937254781],[-102.784103001654,50.6254140361764],[-102.783831379206,50.6258852148223],[-102.784087714394,50.6267419448027],[-102.783855636776,50.6274176912248],[-102.783881717982,50.6276463839737],[-102.784478973893,50.6280149791778],[-102.784917634149,50.6284075183298],[-102.784753774469,50.6286856834191],[-102.784505543281,50.6288089355718],[-102.784613519,50.6292734945596],[-102.785048366505,50.6294586711864],[-102.785420822385,50.6296025810536],[-102.785820507088,50.6296059178263],[-102.785743291104,50.6293004667256],[-102.785480522443,50.6290672183674],[-102.785197693154,50.628824001926],[-102.785113320279,50.6286690887981],[-102.785252148207,50.6285428596205],[-102.785783487505,50.6285705039411],[-102.785713367254,50.6288644100565],[-102.786099009094,50.6290765061334],[-102.786270806925,50.6291207461028],[-102.786684239155,50.629007635019],[-102.787031673701,50.629303475893],[-102.787245246709,50.6295636454517],[-102.787508585734,50.6296122559175],[-102.787462415622,50.6293735965972],[-102.787206512553,50.6290821299235],[-102.787285135961,50.6289259985489],[-102.78688821756,50.6287493998256],[-102.786607578854,50.6285175522317],[-102.786513283684,50.6286864465839],[-102.786281854778,50.628427675176],[-102.786207117016,50.6280412733549],[-102.786408612804,50.627863990493],[-102.786887465589,50.627526560294],[-102.787016690467,50.6268819263481],[-102.787453197976,50.6265131970811],[-102.787612631926,50.6262123000174],[-102.78834625328,50.6257857000272],[-102.788889104674,50.6256855207376],[-102.788798679164,50.6253118883343],[-102.788871244955,50.624937032929],[-102.789121914095,50.6247328208619],[-102.789694431154,50.6244111167936],[-102.790009955152,50.6241672141221],[-102.790494786704,50.6240484937744],[-102.791008206,50.6240775097129],[-102.79113847123,50.6238135011177],[-102.791361378463,50.6239344847791],[-102.7915205054,50.6237258993872],[-102.791581237086,50.6235711656016],[-102.791764822658,50.6233952736755],[-102.791948408045,50.6232193814051],[-102.792078933884,50.6228630579364],[-102.791702116074,50.6226964469812],[-102.792055275442,50.6225534201444],[-102.791776851213,50.6223329576747],[-102.791524010874,50.6225258097027],[-102.79087896227,50.6224724961542],[-102.790895442215,50.6221827895735],[-102.790598345817,50.6222406653979],[-102.790559874406,50.6224167273613],[-102.79027211757,50.622335431499],[-102.790292238618,50.622048265002],[-102.790127734317,50.6220507664903],[-102.789853808573,50.6218605759969],[-102.789432211439,50.6217436110341],[-102.78936350359,50.6215759421678],[-102.78925247171,50.6213769773847],[-102.788960051102,50.6213652627051],[-102.78880284475,50.6216775212458],[-102.789175242359,50.6218214133972],[-102.788951803035,50.6218850544946],[-102.788628048035,50.6218988644327],[-102.788471275894,50.6220759357068],[-102.787981625001,50.6223071043474],[-102.787798861318,50.6222060454678],[-102.787450086212,50.6223717855976],[-102.786840775227,50.6223156501156],[-102.786354038273,50.6223306726649],[-102.786362229334,50.6221079420226],[-102.786585201895,50.6219318747164],[-102.787020819823,50.6218400961488],[-102.786887259121,50.621712112267],[-102.786677283136,50.6217516198584],[-102.786378549487,50.6216134899942],[-102.786722926504,50.6214250246689],[-102.787055749984,50.6213643648812],[-102.787515540152,50.6213975925028],[-102.787576285243,50.6212428631382],[-102.787022779659,50.6211938971759],[-102.787046160264,50.6208459723079],[-102.787182755765,50.6207083787619],[-102.78764034048,50.6207302415462],[-102.78755185881,50.6204602926547],[-102.787359753254,50.6204984031581],[-102.787284741004,50.620204326687],[-102.7877310514,50.6202616807316],[-102.787780523954,50.6201424436879],[-102.787325422538,50.6200396314438],[-102.787439756758,50.6198807078039],[-102.78726168034,50.6197100637482],[-102.787135838411,50.6192469205956],[-102.787273266544,50.618832387449],[-102.787962239157,50.6183631401661],[-102.788697911542,50.6179479138349],[-102.790110410743,50.6173758509163],[-102.790710287515,50.6168212685936],[-102.791106259338,50.6165249181711],[-102.792219695082,50.6159070273347],[-102.793641400553,50.6151957518274],[-102.794542105356,50.614790619315],[-102.794881359244,50.6140141668955],[-102.794334975874,50.6130648547718],[-102.793504187658,50.6116763780224],[-102.792369587189,50.6104039979876],[-102.790875175488,50.6100826947087],[-102.789771483846,50.6097192334962],[-102.786600919008,50.6086985402655],[-102.785630533128,50.6085553243066],[-102.785987984678,50.6084350540592],[-102.788266960726,50.6090641404394],[-102.790782297152,50.6097900300862],[-102.791708756644,50.6097059176962],[-102.793219618056,50.609737514179],[-102.794609705309,50.6106437716086],[-102.795460944539,50.6126997414524],[-102.795979131545,50.6141588605547],[-102.796593520317,50.6155527644853],[-102.796604522185,50.6156095843242],[-102.796924994336,50.6159536336099],[-102.795095747117,50.6163392662627],[-102.793099979161,50.6171762949603],[-102.791824685894,50.6181760426412],[-102.791773343857,50.6189414737224],[-102.791884698593,50.6197979927834],[-102.792819381311,50.620036265604],[-102.793748799644,50.6197788696461],[-102.794033466309,50.6193758592681],[-102.794337568233,50.6184175691455],[-102.794430658979,50.6178680570349],[-102.794721905328,50.6174991398862],[-102.795289613096,50.6172469955191],[-102.796378674465,50.6173462307012],[-102.798108733097,50.6181335498831],[-102.798854038539,50.6182366342315],[-102.799697966921,50.6181935398344],[-102.800121507083,50.6184141369663],[-102.799616204791,50.6187075645223],[-102.798521936828,50.6188625764002],[-102.79711687771,50.6191919121403],[-102.796590965469,50.6196599887528],[-102.796838471269,50.6205635250231],[-102.797396788328,50.6212927255196],[-102.797030854617,50.6220251483888],[-102.795825541429,50.6227310550528],[-102.794181578307,50.6237943404564],[-102.793276683952,50.6255842095155],[-102.791803747021,50.6261264355864],[-102.790422572637,50.6265806953015],[-102.789790939898,50.6272531367791],[-102.790184021179,50.6279722542958],[-102.791067244335,50.6290683229011],[-102.791940322674,50.6298306141968],[-102.792506348202,50.6302246923973],[-102.793747231155,50.6304505402697],[-102.794283265593,50.6304085527123],[-102.79660347545,50.6295576274958],[-102.798213224477,50.6296276085389],[-102.798836556464,50.6303171287386],[-102.799554154814,50.6308377388849],[-102.799492373398,50.6322039686458],[-102.798469130966,50.6331956071338],[-102.797272978889,50.634512289309],[-102.797382033648,50.6354497995353],[-102.79751244829,50.6359356846596],[-102.796795632109,50.6360496609139]]]},"properties":{"FID":52,"Id":0,"UNIQUE_ID":"PRQA74A","Shape__Area":12967840.018737793,"Shape__Length":27141.189065491548}},{"type":"Feature","id":53,"geometry":{"type":"Polygon","coordinates":[[[-103.920475566485,50.8338677893528],[-103.920918620645,50.8348134848146],[-103.921194132111,50.8351638589551],[-103.921283876216,50.8356705492038],[-103.92185245332,50.8358770724878],[-103.922025118965,50.8363910567879],[-103.923564861979,50.8369761063488],[-103.92407772009,50.838258694048],[-103.925627169577,50.8391384408135],[-103.925879834257,50.8406952183068],[-103.926595587321,50.8410563136452],[-103.928153739581,50.8413221657308],[-103.928532955092,50.8423114750644],[-103.928990310129,50.8427988960237],[-103.929196429698,50.8438170725424],[-103.928409455659,50.844455948589],[-103.929204658515,50.8447058249896],[-103.929259580341,50.8450636171834],[-103.928099978502,50.8458145232577],[-103.928120013313,50.8460936227609],[-103.928545658996,50.8462494959333],[-103.928673094016,50.8467731296422],[-103.9285967653,50.847141105521],[-103.929243272739,50.8482780575148],[-103.854415962235,50.8480361818742],[-103.854206789666,50.8097760983571],[-103.854207062385,50.8097683904328],[-103.854216041034,50.8095158839875],[-103.854993057774,50.8095564442669],[-103.856581767478,50.8094075393553],[-103.858955165364,50.8090006732795],[-103.860597056024,50.8089803156761],[-103.861423039785,50.8087971245212],[-103.86275268263,50.8088201606368],[-103.86354621599,50.8089037051218],[-103.864691861398,50.809024307988],[-103.866923911139,50.809265131738],[-103.869520189934,50.809026435143],[-103.870432606535,50.8088982280135],[-103.871461513343,50.808681215086],[-103.873126374374,50.8085409543438],[-103.874703924911,50.8085653058247],[-103.87805387069,50.8084318747141],[-103.881711477921,50.8080669942473],[-103.882945547453,50.8076590225841],[-103.88447376605,50.8074052366332],[-103.886057351518,50.807177868146],[-103.88748140503,50.8069568462084],[-103.88867309698,50.8067486700693],[-103.890120982452,50.8061332921059],[-103.890375466979,50.8058921154905],[-103.890806179039,50.8054839202764],[-103.892410633158,50.8010032457218],[-103.892519349511,50.8000993659213],[-103.892798856544,50.7999646259569],[-103.893246650774,50.8003090315807],[-103.894254278099,50.8006662529174],[-103.895318369934,50.8007203641816],[-103.896134777577,50.8007181247448],[-103.896459405877,50.8005636616292],[-103.897395644344,50.8004879690302],[-103.897117198825,50.8002931879915],[-103.897439587435,50.8002957971717],[-103.89789854938,50.8004117189162],[-103.897695675844,50.7998885994166],[-103.897207981095,50.8000889929796],[-103.896934141123,50.8000820514252],[-103.897569253609,50.7987625314427],[-103.897983709043,50.7997923022936],[-103.898609638171,50.8008267363805],[-103.899281771878,50.8009550037451],[-103.899661088331,50.8010466520804],[-103.899865019126,50.8012402346359],[-103.900462803872,50.801312381123],[-103.901277343795,50.8013573310873],[-103.902004182392,50.8011747864271],[-103.902509669092,50.8013885065135],[-103.903053992193,50.8019438918225],[-103.903438622167,50.802003677184],[-103.903609586524,50.8022158868538],[-103.903968455291,50.8027721412465],[-103.900901243444,50.8026960013065],[-103.900777370057,50.8030705274073],[-103.90120249426,50.8034061460131],[-103.903374056791,50.8032122818363],[-103.903741328498,50.803502575435],[-103.903349901716,50.8038202241524],[-103.901814231613,50.8040078050869],[-103.901887294434,50.8041931145879],[-103.90263698698,50.8041968635153],[-103.903071372931,50.8044306863658],[-103.902941125121,50.8047048229592],[-103.901680669874,50.8054944385472],[-103.902446266888,50.8093858325664],[-103.90836704805,50.8161096035183],[-103.908662192484,50.8169555939717],[-103.910604363801,50.8182966729325],[-103.910690988588,50.8191726726171],[-103.910861144166,50.8192160631565],[-103.911013143404,50.8194291054677],[-103.910802816352,50.8196710273819],[-103.910652335529,50.8197367661783],[-103.910394342829,50.8196656771091],[-103.910109771914,50.8199944185665],[-103.910413081033,50.8201207303778],[-103.91046240501,50.8203917548171],[-103.910544737632,50.8204401846096],[-103.910777691558,50.8203740510962],[-103.911014794471,50.8204748979908],[-103.91115157853,50.8203476250136],[-103.911281857746,50.8203394734221],[-103.911226438508,50.8205849908683],[-103.911042468159,50.820772262472],[-103.911988074975,50.8212552675921],[-103.911813187226,50.8215344210809],[-103.911916143407,50.8217795602109],[-103.911765454259,50.8218849514517],[-103.91171552968,50.8220518199843],[-103.912227502825,50.8221133323007],[-103.91232006052,50.8222031214412],[-103.912121817961,50.8223556612465],[-103.912181353627,50.822384049985],[-103.912816957447,50.8223272644011],[-103.913066586179,50.8222099679969],[-103.913309831605,50.822194363043],[-103.913554296994,50.8222276767979],[-103.913623870019,50.8223011328087],[-103.912864777568,50.8229113408133],[-103.912386448423,50.8230634333887],[-103.91235005854,50.8232055369555],[-103.912626860609,50.823396267699],[-103.913042878849,50.8237708686264],[-103.913288229108,50.8238542841458],[-103.913389323077,50.8236633067785],[-103.913571384678,50.8236661917327],[-103.913838854847,50.8234076802849],[-103.914059786047,50.823517215573],[-103.91389522074,50.8236947132732],[-103.913903120975,50.8238998924553],[-103.91375177196,50.8242725174267],[-103.91399029835,50.8245289110953],[-103.913922360131,50.8245972263467],[-103.913528674429,50.8245605810916],[-103.9134306221,50.8247991671945],[-103.913233339983,50.8245582400714],[-103.91278777153,50.8245262274244],[-103.912510209,50.8246036922239],[-103.912425456471,50.8246836473107],[-103.912291564727,50.8248099580458],[-103.912336138553,50.8251459266369],[-103.912369591207,50.8252961547277],[-103.912287871893,50.825370487795],[-103.912310870633,50.8254737699679],[-103.912914379534,50.8254342186687],[-103.912864023417,50.8256493912416],[-103.912998298643,50.8257092161525],[-103.912761970158,50.8258021494251],[-103.913031286575,50.8260270681676],[-103.913244817891,50.8261372683797],[-103.913289869141,50.8263056137735],[-103.912920118497,50.8264104673743],[-103.91283507415,50.8265377671685],[-103.913294740984,50.8268366533109],[-103.913800771198,50.8268345351979],[-103.914124399591,50.8266709910596],[-103.91478564289,50.8267082317678],[-103.914911190681,50.8268645964829],[-103.914866441658,50.8269691449109],[-103.91467981203,50.8270815830243],[-103.914606549882,50.8272349482875],[-103.914581852508,50.8272866467662],[-103.914664966386,50.8273032747407],[-103.915309800049,50.8274322769482],[-103.915458541785,50.8276248736034],[-103.915820519526,50.8276547710298],[-103.916256346875,50.8277786186512],[-103.917125808878,50.8292379026961],[-103.917436779393,50.8293441771356],[-103.917709463225,50.8295161192639],[-103.917605505939,50.8295924454355],[-103.917373529675,50.8296371195436],[-103.916844361197,50.8295694979515],[-103.916606307461,50.8295738266845],[-103.916688205067,50.8296696066929],[-103.916755803579,50.8297486637432],[-103.917123230185,50.8298031343787],[-103.917181900921,50.8300325110613],[-103.917626127237,50.8301939107137],[-103.917641191357,50.8304990070914],[-103.917424654001,50.8305308649758],[-103.917373698505,50.8307575346929],[-103.917492125634,50.8308139850015],[-103.917638214432,50.8307806112281],[-103.917974143033,50.8307038684022],[-103.918026632001,50.8308715516342],[-103.917919081432,50.8311090622186],[-103.917853145797,50.8312126540248],[-103.917966075382,50.8313462057076],[-103.91803540264,50.831245089016],[-103.918405534813,50.831316502396],[-103.918356128546,50.8316201436681],[-103.918316196735,50.8318655544522],[-103.91859020644,50.8318938675663],[-103.918788274881,50.831914333116],[-103.919137043594,50.8317490877011],[-103.919192428783,50.8316244317824],[-103.919354645523,50.8315381075199],[-103.919429644954,50.83160322643],[-103.919355943611,50.8318492249503],[-103.919046244396,50.8320540732221],[-103.918875741432,50.8320693141594],[-103.919098207107,50.8324229092965],[-103.91950932293,50.8327069700805],[-103.91974820903,50.8324557805629],[-103.920279777303,50.8324322003074],[-103.920309862188,50.832668921951],[-103.920549439216,50.8329635269434],[-103.920777852956,50.8332966414236],[-103.920974352429,50.8336485634111],[-103.920475566485,50.8338677893528]]]},"properties":{"FID":53,"Id":0,"UNIQUE_ID":"PRQA78","Shape__Area":19815405.659301758,"Shape__Length":22007.789883676523}},{"type":"Feature","id":54,"geometry":{"type":"Polygon","coordinates":[[[-103.283968841571,50.9091453501401],[-103.283968243452,50.9083780024846],[-103.284048673084,50.9083791210044],[-103.28373619947,50.8874665440477],[-103.283830950998,50.8874673681962],[-103.284094258541,50.8734050163137],[-103.284469092679,50.8576795686745],[-103.285041092011,50.842238087644],[-103.308094948551,50.8424863259372],[-103.320513885904,50.8423503684467],[-103.330360307964,50.8424371710915],[-103.344465974329,50.842403880564],[-103.354568316709,50.8426197895092],[-103.377975392581,50.8427397852587],[-103.387021248583,50.8427401244751],[-103.40035504119,50.842842484372],[-103.48104049982,50.8424987051048],[-103.489250620769,50.8424656573762],[-103.489403180183,50.858104219646],[-103.489378493657,50.889025295637],[-103.489296184591,50.8917824937084],[-103.489494343307,50.9089981234208],[-103.489497893492,50.9092898906408],[-103.283968841571,50.9091453501401]]]},"properties":{"FID":54,"Id":0,"UNIQUE_ID":"PRQA81","Shape__Area":105638942.01425171,"Shape__Length":43431.630987116259}},{"type":"Feature","id":55,"geometry":{"type":"Polygon","coordinates":[[[-103.283997111216,50.9451318476462],[-103.283968841571,50.9091453501401],[-103.489497893492,50.9092898906408],[-103.489508251773,50.9101424366775],[-103.489460060902,50.9193420521605],[-103.489503588914,50.944962611787],[-103.283997111216,50.9451318476462]]]},"properties":{"FID":55,"Id":0,"UNIQUE_ID":"PRQA82","Shape__Area":56783540.166748047,"Shape__Length":36611.895262927748}},{"type":"Feature","id":56,"geometry":{"type":"Polygon","coordinates":[[[-103.269992716831,50.97779295717],[-103.269999264678,50.9772941668352],[-103.269882531071,50.9617573006324],[-103.269615198221,50.9459244686561],[-103.269568985038,50.9449905553335],[-103.283997111216,50.9451318476462],[-103.489503588914,50.944962611787],[-103.489505987545,50.946375944659],[-103.489540852299,50.9648302478401],[-103.48954869981,50.9778356093535],[-103.269992716831,50.97779295717]]]},"properties":{"FID":56,"Id":0,"UNIQUE_ID":"PRQA83","Shape__Area":55473131.11567688,"Shape__Length":37910.741909308956}},{"type":"Feature","id":57,"geometry":{"type":"Polygon","coordinates":[[[-104.128543299184,51.3429646988596],[-104.034782286297,51.3429010731864],[-104.034718860882,51.3283458936306],[-104.010924526252,51.3282885568833],[-104.010996255996,51.3571212249018],[-104.010997741272,51.3577179797094],[-103.916602144686,51.3576948783474],[-103.916703856564,51.2990981924417],[-103.987027707639,51.2990829089772],[-104.094978322895,51.2991107630409],[-104.128699637946,51.299095920725],[-104.142347351036,51.2991107970418],[-104.142248751405,51.313965626252],[-104.199223500552,51.3139062199335],[-104.19911764327,51.3429884729772],[-104.128543299184,51.3429646988596]]]},"properties":{"FID":57,"Id":0,"UNIQUE_ID":"PRQA85","Shape__Area":96007563.772827148,"Shape__Length":55229.589886532151}},{"type":"Feature","id":58,"geometry":{"type":"Polygon","coordinates":[[[-104.119571932217,51.2993845309067],[-104.119678104337,51.2845078227207],[-104.119992758768,51.212301860819],[-104.303778519684,51.2124956709759],[-104.303659661612,51.299943657004],[-104.119571932217,51.2993845309067]]]},"properties":{"FID":58,"Id":0,"UNIQUE_ID":"PRQA86","Shape__Area":122635138.29295349,"Shape__Length":44732.052226472639}},{"type":"Feature","id":59,"geometry":{"type":"Polygon","coordinates":[[[-102.849338658382,54.1125448986663],[-102.849444693878,54.1114707189882],[-102.849894090295,54.1103695972327],[-102.850715131035,54.1095801312973],[-102.850766791239,54.1095609823898],[-102.851741237142,54.1091998804694],[-102.851867638961,54.1088672662095],[-102.851885246926,54.1084947692508],[-102.852222014668,54.1081640120177],[-102.852626011753,54.1078757159654],[-102.852908701942,54.1075466373682],[-102.853951885265,54.1067261733429],[-102.854217556547,54.1063761591751],[-102.85426854934,54.1060160084176],[-102.854503376458,54.1056646232582],[-102.854580412494,54.1054460196697],[-102.854679428023,54.1053399985517],[-102.854772411974,54.1052321552591],[-102.854859142379,54.1051226551468],[-102.854939869609,54.1050114818131],[-102.855014093629,54.1048986708296],[-102.855082155568,54.1047846502879],[-102.855134239033,54.1046654593992],[-102.855179720419,54.1045453930665],[-102.855219104102,54.1044244135902],[-102.855251443944,54.104302891971],[-102.855277244707,54.10418079232],[-102.855296535936,54.1040582616358],[-102.855871296232,54.1032396671829],[-102.856229255831,54.1025479038828],[-102.856325239963,54.1024093698511],[-102.856340625994,54.1023874325103],[-102.856449599275,54.1024002973318],[-102.85670339942,54.1024304995711],[-102.856709911573,54.1024503880797],[-102.856449384996,54.1030602287737],[-102.85615777138,54.1036650972471],[-102.856074812694,54.1039698090998],[-102.855976942234,54.1042731958959],[-102.85586330769,54.1045748658665],[-102.855791701948,54.1047146373037],[-102.855727330914,54.1048558428199],[-102.855670318773,54.1049978685117],[-102.85561997088,54.1051410670431],[-102.855577489638,54.1052850487443],[-102.855445766752,54.1055497263255],[-102.855310642146,54.1060668539373],[-102.855413233614,54.1064346577036],[-102.855423478977,54.1067978842003],[-102.855400272793,54.1068520696159],[-102.855380223856,54.1069066277518],[-102.855363621262,54.1069616885097],[-102.855349889757,54.1070169909599],[-102.85533982355,54.1070726309206],[-102.855332823692,54.1071281982031],[-102.855329488781,54.1071841011846],[-102.855329185752,54.1072397830185],[-102.855332549243,54.1072958004393],[-102.855338944646,54.1073515967123],[-102.855286309777,54.1075009972979],[-102.855241065407,54.1076513649948],[-102.855203907166,54.1078023507887],[-102.855174080249,54.10795400791],[-102.855152339457,54.1081062822378],[-102.855031386028,54.1083016929629],[-102.85512571535,54.108660750875],[-102.85509111618,54.1090073400891],[-102.855119798529,54.1090775000485],[-102.855349816298,54.1094129339662],[-102.855665392755,54.1097790842052],[-102.855779142515,54.1098484692986],[-102.855886398404,54.1099940502202],[-102.855985374219,54.1101417440906],[-102.856075974088,54.1102911049584],[-102.856158260372,54.1104424284259],[-102.856231858293,54.110595142497],[-102.855783068836,54.110936347372],[-102.855860347023,54.1111660220435],[-102.855982639396,54.1112734005759],[-102.856109380961,54.1116290404206],[-102.856138190176,54.1118783910959],[-102.856154011176,54.1121282372917],[-102.856156780867,54.1123782816203],[-102.85637124451,54.1127177188872],[-102.856847533829,54.1131177022272],[-102.856877287337,54.1133289736275],[-102.856844826691,54.1136904956581],[-102.856488239815,54.1141972405554],[-102.856034588698,54.1144184303032],[-102.855624218088,54.1146901611133],[-102.854562966305,54.1150808538071],[-102.854013430383,54.1153744908933],[-102.85388256934,54.1154745379025],[-102.853873236679,54.1154814034295],[-102.853758166086,54.1154836086785],[-102.853257114802,54.1154926876685],[-102.852985738264,54.1154513823885],[-102.852930065189,54.1154430721734],[-102.852861333518,54.1154604531526],[-102.85206620149,54.1156635280511],[-102.851943909162,54.1157373053755],[-102.851817764211,54.1158086474196],[-102.851688019742,54.115877535719],[-102.851554454444,54.1159441392219],[-102.851417574145,54.1160084192017],[-102.851302457304,54.1160590464439],[-102.851277536595,54.1160699130221],[-102.851178049935,54.116068114381],[-102.851031636102,54.1160653610557],[-102.850455864605,54.1160549843367],[-102.849158413486,54.1160314281728],[-102.849338658382,54.1125448986663]],[[-102.851331749701,54.112219673553],[-102.850376118543,54.1122021457738],[-102.850357152607,54.112563432581],[-102.851741035815,54.1125883566757],[-102.851721862547,54.1129498102033],[-102.852952183575,54.1129720382299],[-102.852980499212,54.1124302653348],[-102.851904529075,54.1124106645844],[-102.851913877355,54.1122300308087],[-102.851331749701,54.112219673553]]]},"properties":{"FID":59,"Id":0,"UNIQUE_ID":"PRLW20A","Shape__Area":353130.7102355957,"Shape__Length":4032.7527736599104}},{"type":"Feature","id":60,"geometry":{"type":"Polygon","coordinates":[[[-102.137833276636,53.9928358016003],[-102.106944947439,53.9928367500936],[-102.10693154316,53.9819335270871],[-102.118613317605,53.9831466237383],[-102.129600782002,53.9823405752832],[-102.137825454451,53.9770887340305],[-102.137833276636,53.9928358016003]]]},"properties":{"FID":60,"Id":0,"UNIQUE_ID":"PRLW20D","Shape__Area":2395553.8566436768,"Shape__Length":7173.099028044644}},{"type":"Feature","id":61,"geometry":{"type":"Polygon","coordinates":[[[-102.006682994282,53.6290706787314],[-102.006683194848,53.6670197088993],[-102.001183434897,53.6686428028477],[-101.992256957286,53.6690523802154],[-101.978557460156,53.6629534269975],[-101.964162450885,53.6625330668275],[-101.958596973381,53.6641741927654],[-101.953029720053,53.6715201655627],[-101.952747904718,53.6721526181568],[-101.952187116772,53.672758856629],[-101.951222723747,53.6734061862467],[-101.948724070372,53.6742879169728],[-101.945782892577,53.6751370362199],[-101.945173026793,53.6753411385215],[-101.943608672836,53.6756797079478],[-101.939677865278,53.6770671200508],[-101.937776422704,53.6779970708621],[-101.937787464932,53.6777558563309],[-101.937886494909,53.6587364147301],[-101.964775209711,53.6421983423333],[-101.960695575237,53.6397458965969],[-101.987440955673,53.6397520956642],[-102.00054291577,53.6398013297049],[-102.000417449735,53.6290211581677],[-102.006682994282,53.6290706787314]]]},"properties":{"FID":61,"Id":0,"UNIQUE_ID":"PRLW27A","Shape__Area":12220319.879669189,"Shape__Length":18928.46277517952}},{"type":"Feature","id":62,"geometry":{"type":"Polygon","coordinates":[[[-102.905107938751,53.4106308808984],[-102.926070478501,53.4214688456205],[-102.877028772968,53.454905946078],[-102.883190058873,53.4583088609361],[-102.871059738891,53.4664929279788],[-102.85886192235,53.4600393238949],[-102.866391008148,53.4549889364257],[-102.851654304475,53.4472352497107],[-102.905107938751,53.4106308808984]]]},"properties":{"FID":62,"Id":0,"UNIQUE_ID":"PRLW29","Shape__Area":10694115.896469116,"Shape__Length":16855.541246942346}},{"type":"Feature","id":63,"geometry":{"type":"Polygon","coordinates":[[[-102.907589754926,53.4847690227004],[-102.907614102116,53.4993604598375],[-102.889265505708,53.4993734544308],[-102.889253260075,53.5066574370884],[-102.849506696347,53.5066779039905],[-102.849496908454,53.4847913765174],[-102.907589754926,53.4847690227004]]]},"properties":{"FID":63,"Id":0,"UNIQUE_ID":"PRLW29A","Shape__Area":8153010.6367797852,"Shape__Length":12392.976118113238}},{"type":"Feature","id":64,"geometry":{"type":"Polygon","coordinates":[[[-102.663004245145,50.5992387702523],[-102.656749175453,50.5992750596754],[-102.656740766942,50.5909187677274],[-102.659924524468,50.5906448806228],[-102.660967922782,50.5898296662655],[-102.660963074228,50.5890486609082],[-102.660932322587,50.5889309360732],[-102.660801878079,50.5884315452657],[-102.66051710714,50.5878860185473],[-102.661012572142,50.5877155168766],[-102.662314331095,50.5876251744184],[-102.66290858808,50.5874836160792],[-102.663034406811,50.5873249586167],[-102.663205241962,50.5872665648222],[-102.66330903501,50.5872310857912],[-102.663920842154,50.5871388194483],[-102.664425827269,50.5871165181839],[-102.664767977199,50.5876110629054],[-102.665162833045,50.5878106035961],[-102.665287181842,50.5880753325906],[-102.665202647863,50.5883173729311],[-102.663615232825,50.5896284350204],[-102.661413405863,50.5915789122824],[-102.661191872018,50.5920592363947],[-102.66081175814,50.5923136550871],[-102.660195816931,50.5932939787975],[-102.66013587763,50.5939459900443],[-102.660116101151,50.5955234592975],[-102.660218364705,50.5959182283254],[-102.660546300502,50.5963908646692],[-102.660842041886,50.5965152883445],[-102.661126599265,50.5966881968451],[-102.661609053651,50.5975082834045],[-102.661765144583,50.5980071483006],[-102.662966151411,50.598992683416],[-102.663004245145,50.5992387702523]]]},"properties":{"FID":64,"Id":0,"UNIQUE_ID":"PRQA72A","Shape__Area":370543.15440368652,"Shape__Length":3755.9099362668617}},{"type":"Feature","id":65,"geometry":{"type":"Polygon","coordinates":[[[-102.521013238205,51.0556070364306],[-102.474216631501,51.0556231939902],[-102.474204135829,51.0706774348528],[-102.404421145409,51.070486537973],[-102.404430075156,51.0188872267785],[-102.521002579055,51.0188405310945],[-102.521013238205,51.0556070364306]]]},"properties":{"FID":65,"Id":0,"UNIQUE_ID":"PRQA73A","Shape__Area":40957167.741966248,"Shape__Length":27650.916691942613}},{"type":"Feature","id":66,"geometry":{"type":"MultiPolygon","coordinates":[[[[-104.985774287008,50.7829364895007],[-105.008861402834,50.7829750481996],[-105.008933069918,50.775570649311],[-105.015425176751,50.7755813323762],[-105.015619323303,50.7755816451491],[-105.015518495241,50.7762485734504],[-105.015308707187,50.7764424201535],[-105.015198344107,50.7769287419214],[-105.015238023505,50.777563970336],[-105.015389926335,50.7778262357884],[-105.015424500362,50.7786496483445],[-105.01553877171,50.7789404109533],[-105.015576674605,50.7794228491163],[-105.016024422441,50.7799691671229],[-105.01644276985,50.7800256170173],[-105.016432833393,50.7801514676756],[-105.016212029039,50.7801802672458],[-105.016204174264,50.7802730521351],[-105.016490451609,50.7802573742073],[-105.016342840466,50.7804956499932],[-105.016510404085,50.780833617798],[-105.016677193444,50.7808712226222],[-105.0169493096,50.781133217837],[-105.017082654191,50.7816303194779],[-105.017849480094,50.7822340701274],[-105.0184972365,50.7824810672448],[-105.01866387912,50.7825531088001],[-105.019530344334,50.7828426749471],[-105.020227512416,50.782880130509],[-105.020660851123,50.7830168232449],[-105.02378009668,50.7830794523414],[-105.024628842253,50.78329809209],[-105.025576710227,50.7830653187042],[-105.025949870729,50.7830465595133],[-105.026404940917,50.7829278005151],[-105.02657151757,50.7828843286951],[-105.027113544227,50.7828922603315],[-105.027572921839,50.782898981023],[-105.028046550607,50.7830152665067],[-105.028598720899,50.7830479322981],[-105.028771957852,50.7829715920642],[-105.029883250835,50.7827207881528],[-105.030400290876,50.7826772529509],[-105.030527575002,50.7826396573493],[-105.031073216754,50.7824784922159],[-105.031282632644,50.7825659046995],[-105.031507131172,50.7827358429054],[-105.032192245299,50.7832544429677],[-105.032866940593,50.7832698531581],[-105.033399342103,50.7831919417471],[-105.033737166428,50.7830290159111],[-105.033789144245,50.7830039475365],[-105.034403451632,50.7828748122849],[-105.034940900492,50.7826776286173],[-105.035351017219,50.7826552135685],[-105.035472312059,50.7828796135197],[-105.035569119541,50.7830587113505],[-105.035866308052,50.783225118237],[-105.03608723996,50.7831959436786],[-105.036744656123,50.7827730383549],[-105.03692148889,50.7824889286576],[-105.036873513161,50.7820340557221],[-105.036831947325,50.7816399513433],[-105.036891885896,50.7814264585945],[-105.036974331826,50.7814223743153],[-105.037086915924,50.7817318714434],[-105.037218453489,50.7820934693683],[-105.037401027086,50.7823064878806],[-105.03761307062,50.7822999139508],[-105.038002008039,50.7819715988166],[-105.038167837068,50.7819394327463],[-105.038190315042,50.7819605659039],[-105.038320342395,50.7820828066899],[-105.038047750163,50.7823359586375],[-105.037655654605,50.7827000858572],[-105.037843844775,50.7828728584237],[-105.037934605419,50.7829561837471],[-105.037912211784,50.7831375998311],[-105.037386672871,50.7839451470093],[-105.037022337362,50.7842799227873],[-105.035917414807,50.7845980947459],[-105.035633993941,50.7846996364897],[-105.034773018531,50.7850080907907],[-105.032293665867,50.7864849590996],[-105.032072189998,50.7866176472354],[-105.031566609611,50.7868823568156],[-105.031359095811,50.7869910032389],[-105.029058441246,50.7878742862782],[-105.02831445591,50.7880569329761],[-105.025212929526,50.789370735405],[-105.024739266447,50.7894292198247],[-105.023848829647,50.7894004846753],[-105.023052879671,50.7894268244795],[-105.022004322999,50.7893601667656],[-105.021761043985,50.7892366279568],[-105.020893488932,50.7891974884321],[-105.020476198741,50.789206957864],[-105.0198928176,50.7892201942722],[-105.018953639647,50.7894035767696],[-105.018576994037,50.7894956387193],[-105.015801400509,50.7906010375004],[-105.014609044025,50.7906214456427],[-105.013094271825,50.7908465410207],[-105.012820638513,50.7910086515137],[-105.012443453511,50.7910116097028],[-105.011511494825,50.7912749372403],[-105.010656657306,50.7913205560933],[-105.00927892383,50.7914995059239],[-105.008815345979,50.7914626916549],[-105.007670693348,50.7914701426408],[-105.00734167324,50.7916485714707],[-105.007146906905,50.7915229842173],[-105.006053085088,50.7916966389633],[-105.005036837212,50.7920256499346],[-105.004261720165,50.7924238622559],[-105.003292395381,50.7926908621305],[-105.002918088575,50.792959954785],[-105.000652791108,50.793529428715],[-105.000405764691,50.7935434846137],[-104.999957472918,50.7937715506997],[-104.999781210657,50.7937850444372],[-104.999619966558,50.7937973871661],[-104.999329652304,50.793998158499],[-104.999178284572,50.7941028392665],[-104.99906803229,50.7941216299922],[-104.998832084573,50.7941618435938],[-104.998519727637,50.79427127664],[-104.998408178777,50.7943686109279],[-104.998400025113,50.7944368877953],[-104.998364257691,50.7947363768744],[-104.997781722867,50.794835267406],[-104.996549429942,50.7955319028474],[-104.99646661809,50.7956246259157],[-104.99647255814,50.7960702806613],[-104.996316788098,50.7962285751485],[-104.996078525735,50.796311717567],[-104.995956939206,50.7961651296047],[-104.996097702411,50.7960487153843],[-104.996210529138,50.7959055009803],[-104.996125119423,50.7957337476596],[-104.996019220845,50.7958197455239],[-104.995816229639,50.7958401319268],[-104.995762464096,50.7959478086899],[-104.995259199392,50.7962109776145],[-104.995092543562,50.7961388938039],[-104.994080767931,50.7958798318999],[-104.993658254646,50.7959733947764],[-104.993541222285,50.7959261140974],[-104.993370109145,50.7958569857181],[-104.993024296571,50.7958836319776],[-104.992230122921,50.7961383093562],[-104.991657149866,50.7962415846272],[-104.991354560264,50.7963306501461],[-104.990782934544,50.796498901841],[-104.990370004144,50.7965127769028],[-104.989926310991,50.7966737011715],[-104.989606545194,50.7966539965464],[-104.989233803623,50.7967405118932],[-104.988127009002,50.7968488914977],[-104.987658045459,50.7968619006382],[-104.986718367411,50.7968879605928],[-104.986486974304,50.7969728248433],[-104.986092024373,50.79711767214],[-104.985852247934,50.7972628424265],[-104.985809069179,50.797273530463],[-104.985787146586,50.7970702067693],[-104.985692660772,50.7970203365976],[-104.985774287008,50.7829364895007]]],[[[-105.055254590364,50.7756376757158],[-105.055013761361,50.7975428257879],[-105.054246119601,50.7968921519929],[-105.053887587383,50.7960970251032],[-105.05331534252,50.7957543522805],[-105.052782263645,50.7954385269266],[-105.052522810061,50.7954313330316],[-105.052064371531,50.7954186213536],[-105.052126044711,50.7950949853186],[-105.051610271094,50.7946577390531],[-105.050418063266,50.7942191647815],[-105.049549685805,50.7930848998331],[-105.047066040652,50.7915181591443],[-105.046371858011,50.7912699226694],[-105.045394612058,50.7905191772957],[-105.045178270421,50.7901532837017],[-105.045173365948,50.789844906967],[-105.045482356407,50.7894654142551],[-105.045802157678,50.789215169655],[-105.046080177575,50.7889976154506],[-105.046189707798,50.7886908297331],[-105.046122716139,50.7882898366109],[-105.045963998242,50.7876687163407],[-105.045523586449,50.786287127342],[-105.04558248737,50.7856963039318],[-105.04536042711,50.7845712035416],[-105.045278554961,50.7841563712919],[-105.045054458237,50.7838832744011],[-105.045153350983,50.7833278488143],[-105.044666533875,50.7826278374506],[-105.042966057854,50.7815114788935],[-105.040836851462,50.7812466638922],[-105.040843700542,50.7809436852971],[-105.041113880564,50.7808638464168],[-105.041211547312,50.78100513318],[-105.041500584635,50.7810416765112],[-105.041555209204,50.7806813040249],[-105.040562383714,50.7802360732134],[-105.03896122761,50.7800099349505],[-105.037621567145,50.7801648176363],[-105.037123864017,50.7804165353374],[-105.03624193619,50.7808625655518],[-105.03597249689,50.7797125006019],[-105.034211861527,50.7791747828023],[-105.03351367764,50.7788706333606],[-105.033238685486,50.7786420851835],[-105.032705918318,50.7785841013448],[-105.032094326553,50.7780268670442],[-105.031926689629,50.7778741271949],[-105.030268738441,50.7773381758193],[-105.029543041351,50.7770893501229],[-105.028733061786,50.7767110211938],[-105.0283089781,50.7767143440374],[-105.028154347517,50.7768416411178],[-105.027371854998,50.7769862242105],[-105.025771921611,50.7777077834643],[-105.024895057426,50.7781032231713],[-105.024247024393,50.7780922017801],[-105.024023626431,50.7782238840934],[-105.023748146662,50.7782179595226],[-105.023336767749,50.7782091102729],[-105.02300243972,50.7782019169356],[-105.022925675092,50.7780661339416],[-105.023236357209,50.7780600707116],[-105.023007817518,50.7778925335399],[-105.022546587554,50.7776235866685],[-105.022014792535,50.7774865980022],[-105.021722680907,50.7771480438491],[-105.02092788364,50.7765536517018],[-105.020682295879,50.7762882126908],[-105.020195779693,50.7759082596138],[-105.020039439138,50.7756548579276],[-105.020011109335,50.7755886251617],[-105.055254590364,50.7756376757158]]]]},"properties":{"FID":66,"Id":0,"UNIQUE_ID":"PRQA80A","Shape__Area":5808585.2091369629,"Shape__Length":21042.163222062729}},{"type":"Feature","id":67,"geometry":{"type":"Polygon","coordinates":[[[-106.07678131636,52.7719632809094],[-105.980577031481,52.7718316412027],[-105.980497952649,52.7132949062055],[-106.052405648384,52.7131992958293],[-106.077286862003,52.7133152608297],[-106.076860925011,52.7427570399073],[-106.07678131636,52.7719632809094]]]},"properties":{"FID":67,"Id":0,"UNIQUE_ID":"PRF95","Shape__Area":41414978.105712891,"Shape__Length":25740.3555688151}},{"type":"Feature","id":68,"geometry":{"type":"MultiPolygon","coordinates":[[[[-105.723127010083,53.0019687951879],[-105.723534356082,52.9996773939603],[-105.72282620408,52.9987475859493],[-105.722759903568,52.9972540393709],[-105.723134265316,52.9972938436811],[-105.72333597355,52.9935956194467],[-105.7225894312,52.9946268673397],[-105.723632018851,52.9902320132247],[-105.727654596702,52.9873932063415],[-105.733307792383,52.9832598458274],[-105.737760977685,52.9802980356483],[-105.73853861177,52.9796546751822],[-105.73936231519,52.9789909188105],[-105.740204897363,52.9786694884539],[-105.741224738734,52.9791592067449],[-105.747613267346,52.9774530817576],[-105.749003558449,52.9771084459419],[-105.747956155549,52.9770918549437],[-105.747274785568,52.9770810561519],[-105.748501959142,52.9764695600434],[-105.750643912395,52.9763428457966],[-105.752803658175,52.9763707470832],[-105.754638355289,52.9768076868468],[-105.759422463114,52.9772222841286],[-105.760356451192,52.9774076914259],[-105.763121507371,52.9774668792517],[-105.76506560064,52.9772820273154],[-105.76571325689,52.9773717228772],[-105.765973738925,52.9782173409939],[-105.765051426974,52.9796818500369],[-105.764766276259,52.9793714224895],[-105.763342898169,52.9823767273734],[-105.764046028217,52.9823525056171],[-105.763375931183,52.9843540413149],[-105.762045223712,52.9856650034657],[-105.760612566819,52.9864729322057],[-105.757894943829,52.9876088861037],[-105.75563813529,52.9889418153626],[-105.753865702686,52.9894167149372],[-105.752958967067,52.990338211101],[-105.750954999845,52.9923746262106],[-105.749842208826,52.9935053293469],[-105.748498602248,52.9948704646312],[-105.747571430479,52.9958124294489],[-105.747497525505,52.9955510517944],[-105.746454335465,52.9957317792921],[-105.744129484335,52.9968268752013],[-105.742521076611,52.9969948090367],[-105.741273241041,52.99804992935],[-105.740047837125,52.999594235367],[-105.738398005794,53.000497485457],[-105.736657280615,53.0005052962232],[-105.735684203472,53.0003608070478],[-105.737904773621,52.9993255627758],[-105.737331424485,52.9990177253663],[-105.730522625196,53.0017471275826],[-105.72706127554,53.0029829959928],[-105.723757280822,53.0042025756518],[-105.723963464926,53.002347497471],[-105.723127010083,53.0019687951879]]],[[[-105.616749167215,53.0287667520963],[-105.615875942259,53.027963627145],[-105.615928049926,53.0285215886683],[-105.614946214919,53.027979823118],[-105.614727533134,53.0265469685173],[-105.614967319232,53.0250832028286],[-105.61568197957,53.0234616862104],[-105.614613657167,53.022052569547],[-105.611534953236,53.020425164171],[-105.611112934851,53.0202020672725],[-105.608852876888,53.0197274884072],[-105.607010301507,53.0196329141542],[-105.604937399751,53.0199215188115],[-105.602880424429,53.0205862355455],[-105.601793928013,53.0210227193355],[-105.600230732246,53.0216506379795],[-105.599113183584,53.0222020436017],[-105.598184964733,53.0227811706184],[-105.596520252899,53.0232315791918],[-105.594661232054,53.0233574689539],[-105.593349077132,53.0234904755754],[-105.591834186217,53.0232685374253],[-105.590773308214,53.0229067052433],[-105.588360096095,53.0216024090742],[-105.586961177394,53.020492575554],[-105.586020947741,53.0194457832702],[-105.583282111962,53.0175110952933],[-105.582487435107,53.0172211202924],[-105.58153129668,53.0169474912006],[-105.580311391836,53.0166805360511],[-105.579064748826,53.0164963724634],[-105.577597589375,53.0164146133237],[-105.575612735374,53.01623763701],[-105.574921317468,53.0160447080765],[-105.573992137591,53.015748267239],[-105.573200275225,53.0154679619753],[-105.572570003857,53.0152313748858],[-105.571950785321,53.0151538559863],[-105.57169264285,53.015300114861],[-105.571889644277,53.015590552095],[-105.572274787799,53.0157217899766],[-105.572824222149,53.015906486775],[-105.572472847808,53.0162149417755],[-105.571686410733,53.0163519922558],[-105.571226674999,53.0166688215543],[-105.570427102178,53.0165995243033],[-105.569438973758,53.0164491730519],[-105.568794966011,53.0160437522614],[-105.568444134007,53.0154985497057],[-105.568057711791,53.0145865116413],[-105.568755037597,53.0121501571336],[-105.568734984947,53.0107087097831],[-105.568775720846,53.0101535025974],[-105.568798774237,53.0098393012249],[-105.569027440028,53.0095919101654],[-105.569189927256,53.0089155069342],[-105.569310495545,53.0078973439194],[-105.567264518817,53.0058873443063],[-105.565885757789,53.0052835410246],[-105.565445593198,53.0051493674617],[-105.56430745843,53.0048024187697],[-105.563079263349,53.0046254645703],[-105.562364423508,53.0045375565009],[-105.561754690604,53.004483869766],[-105.560630114176,53.0044886292506],[-105.559457452153,53.0045879386234],[-105.558498394574,53.0047297188233],[-105.557944106386,53.0049138786598],[-105.557048862407,53.0051324894988],[-105.556387728232,53.0052761789362],[-105.556007128208,53.005282599193],[-105.555602351219,53.0052402023613],[-105.555295650833,53.005130232412],[-105.555160981337,53.0048747382998],[-105.555406806181,53.0045359526212],[-105.555471847374,53.0042346540049],[-105.555922978255,53.0041762583599],[-105.556269111702,53.0041605060279],[-105.556053621188,53.0039964732111],[-105.555278754125,53.0040747634278],[-105.554266604477,53.0044461175535],[-105.553853336046,53.0044878660504],[-105.551808754942,53.0042010406524],[-105.550921721565,53.0041048214133],[-105.549974387279,53.0039826498496],[-105.549130510306,53.0039653504402],[-105.548364144147,53.0039594393087],[-105.546607994132,53.0043673858873],[-105.544347462884,53.0050248220976],[-105.543621341806,53.0056619135085],[-105.54346989217,53.0057668943888],[-105.54318573285,53.0057763489193],[-105.542284001184,53.006508033453],[-105.542482392902,53.006840397575],[-105.542299974955,53.0069869425529],[-105.542178050492,53.0073516270218],[-105.541758308506,53.0078680912742],[-105.541915444506,53.0082815043816],[-105.541598984268,53.0087491060461],[-105.541146235378,53.0089933982529],[-105.540930854451,53.0089062081291],[-105.540775964065,53.0090371591613],[-105.53915581581,53.0116224173532],[-105.537133628696,53.0136779646457],[-105.535186585897,53.0150149684882],[-105.533746392815,53.0160253420108],[-105.512602108204,53.015858215593],[-105.512594730201,52.9966846602249],[-105.52335401166,52.9966333617598],[-105.523353053817,52.9753316575249],[-105.580583862375,52.9752904563374],[-105.649025896177,52.9749947983643],[-105.745316590051,52.9745035618632],[-105.74552925125,52.9757052156259],[-105.746714677306,52.9757133928349],[-105.746011627744,52.9761194344381],[-105.743886480418,52.9764083255877],[-105.742462346306,52.9770056054868],[-105.739400422026,52.9782071192468],[-105.735750924585,52.9803017826664],[-105.728063321437,52.9849126271145],[-105.725775288744,52.9866759189591],[-105.723682104209,52.9884573406623],[-105.722382553266,52.99052211485],[-105.721584211751,52.9917964521127],[-105.720580392343,52.993398655944],[-105.720801072285,52.9961563323551],[-105.721666809477,52.9985976577501],[-105.722521809689,53.0009550497463],[-105.721683569189,53.0033716799912],[-105.719111546787,53.0043521803251],[-105.717849928341,53.0047077817571],[-105.715648400835,53.00532825544],[-105.712850504253,53.0049920233279],[-105.710654842543,53.0044650524423],[-105.708495487116,53.0037695475825],[-105.705279315575,53.0031441308068],[-105.699901874884,53.0033895332527],[-105.696559196226,53.0041139559975],[-105.694499825837,53.0048978901304],[-105.690482342676,53.0074482978734],[-105.688894363056,53.0086279310942],[-105.687454213894,53.0099645387589],[-105.683585628348,53.0117998682924],[-105.681375663295,53.0122449201772],[-105.679711100733,53.0124150969934],[-105.675619689235,53.0131964184369],[-105.675245204443,53.0134192024618],[-105.67365912714,53.0142384599652],[-105.672409014295,53.0149607809311],[-105.670392579683,53.0164654941993],[-105.669791138808,53.0174245374095],[-105.669260076351,53.0181615610107],[-105.669057224916,53.0189177178206],[-105.668901350831,53.0198412024358],[-105.667373069552,53.0204979617754],[-105.666819268624,53.0208361554076],[-105.666712898811,53.0205497072168],[-105.665780286566,53.0208326759309],[-105.663873887206,53.0216218561777],[-105.662433555856,53.0222226122112],[-105.661060327344,53.0227852046078],[-105.659328823216,53.0231809028439],[-105.658045646271,53.0231396602073],[-105.655566676009,53.022813507533],[-105.650888173705,53.0226019747042],[-105.64547345642,53.0223557109686],[-105.641658561451,53.0223618063918],[-105.639530966226,53.0227261916276],[-105.638430007245,53.0230573281218],[-105.63738014113,53.0235710094653],[-105.636691680483,53.0239853089728],[-105.635686686205,53.0241032392718],[-105.634310775002,53.0240085580435],[-105.633245533969,53.0237257860891],[-105.630797770974,53.0238809300856],[-105.630053898742,53.0240974130677],[-105.62728749341,53.0245978062499],[-105.623783675477,53.0260805585518],[-105.621450032618,53.0278510632686],[-105.620930033031,53.0284045823891],[-105.620376275031,53.0289302348867],[-105.618741325222,53.0294874996037],[-105.617806755965,53.0293008114122],[-105.616749167215,53.0287667520963]]]]},"properties":{"FID":68,"Id":0,"UNIQUE_ID":"PRF98","Shape__Area":65126356.772857666,"Shape__Length":53388.92987274826}},{"type":"Feature","id":69,"geometry":{"type":"Polygon","coordinates":[[[-104.928408192911,53.1682593575389],[-104.927958138164,53.168229119041],[-104.927952095916,53.1721611238022],[-104.926401049577,53.1717004083324],[-104.9245863536,53.1714708677224],[-104.918765479019,53.1715281546063],[-104.913070084173,53.1714815983221],[-104.909573319848,53.1708720219678],[-104.905387784296,53.1691585025271],[-104.903905190442,53.167717030661],[-104.864334780184,53.1676696574519],[-104.814796463467,53.1678151790427],[-104.815338935041,53.0790526665055],[-104.928144909958,53.0788091695896],[-104.928410690589,53.1035994705049],[-104.928485938649,53.111123438339],[-104.916204630065,53.111080862506],[-104.916242674825,53.1183697987025],[-104.928489646875,53.1183960434079],[-104.928413859682,53.1650805866771],[-104.928410268681,53.1670916186595],[-104.928408192911,53.1682593575389]]]},"properties":{"FID":69,"Id":0,"UNIQUE_ID":"PRF100","Shape__Area":72823018.011383057,"Shape__Length":36725.807183273108}},{"type":"Feature","id":70,"geometry":{"type":"Polygon","coordinates":[[[-106.714992551239,52.6981247507389],[-106.714825079201,52.7460616496695],[-106.711077535805,52.7499495508856],[-106.707216527268,52.7525903350569],[-106.704293900698,52.7542305569992],[-106.702495370103,52.7564684387414],[-106.701047095383,52.757736161277],[-106.699830824456,52.7583739616216],[-106.69801341752,52.7592704992805],[-106.697341929549,52.7599654620484],[-106.696360767816,52.7614260025976],[-106.69518704714,52.7623740999912],[-106.694248145797,52.7630050861436],[-106.692062728079,52.7648346856309],[-106.689394179815,52.76679643014],[-106.686822701026,52.7680779743442],[-106.684173186463,52.7690618688591],[-106.680818472461,52.7703911799609],[-106.67959628308,52.7710448313931],[-106.678913759111,52.7716376846844],[-106.677541692114,52.7724533058153],[-106.676220921772,52.7738274803791],[-106.675686762058,52.774992142016],[-106.675417084202,52.7765865712711],[-106.674106533974,52.7791376552688],[-106.670063665053,52.7816081866117],[-106.667802423156,52.782026344998],[-106.663899058909,52.7818984937385],[-106.661222476182,52.7819097170408],[-106.658091580149,52.7826773564588],[-106.654361964728,52.7848852031519],[-106.652346985595,52.7858761722541],[-106.649243664407,52.788193583459],[-106.644998221112,52.7909564996602],[-106.641270216576,52.7929229254895],[-106.639079602807,52.7949665855455],[-106.636015276955,52.7966289687494],[-106.635861594803,52.7972957095733],[-106.634301549858,52.7994191552847],[-106.631838007243,52.8008171992777],[-106.630488851415,52.8011849148489],[-106.629316222644,52.8020248765982],[-106.627356102005,52.8030514639958],[-106.625283226903,52.803087081047],[-106.624026348978,52.8032079657932],[-106.618741335338,52.8055073335451],[-106.61575134508,52.8081093079719],[-106.615687053238,52.8084440035961],[-106.615457605582,52.808646027184],[-106.614883525242,52.8096949438745],[-106.614723224195,52.8099878229814],[-106.614217296282,52.810510490667],[-106.613071780215,52.8111173089308],[-106.612601138776,52.8111447231923],[-106.612132205214,52.8111720358768],[-106.611085305868,52.8113521235697],[-106.609484756539,52.812034983449],[-106.607224432347,52.8128041842571],[-106.603615093774,52.8154245778031],[-106.601653099804,52.8167648918285],[-106.599968184102,52.8179230504914],[-106.598176922225,52.8194835281903],[-106.597675356357,52.8198166654652],[-106.596463251404,52.8208211696917],[-106.59547914128,52.8216868310113],[-106.595145650436,52.8218725602836],[-106.595150207152,52.8199733411237],[-106.595441458641,52.6982324714809],[-106.714992551239,52.6981247507389]]]},"properties":{"FID":70,"Id":0,"UNIQUE_ID":"PRF107","Shape__Area":76590500.272979736,"Shape__Length":38876.50218113474}},{"type":"Feature","id":71,"geometry":{"type":"Polygon","coordinates":[[[-108.162298201779,52.5226853619751],[-108.20060094984,52.5228311048592],[-108.200383754567,52.5520652823752],[-108.342278531266,52.5520095558742],[-108.342282738017,52.5075933938563],[-108.450220454092,52.5072773235953],[-108.450049489684,52.5805020580268],[-108.234650341792,52.5807446190861],[-108.234389504025,52.5586600358748],[-108.162091131383,52.5585314006797],[-108.162298201779,52.5226853619751]]]},"properties":{"FID":71,"Id":0,"UNIQUE_ID":"PRF110 & 111","Shape__Area":92609565.386199951,"Shape__Length":61091.147287871936}},{"type":"Feature","id":72,"geometry":{"type":"Polygon","coordinates":[[[-108.200606414831,52.5221864232861],[-108.200865973765,52.4649486605686],[-108.307137874304,52.4646609418742],[-108.343151641457,52.4649642454957],[-108.342552694191,52.4929926712034],[-108.342291277554,52.5051453807205],[-108.342244082436,52.5075933623049],[-108.342282738017,52.5075933938563],[-108.342278531266,52.5520095558742],[-108.200383754567,52.5520652823752],[-108.200606414831,52.5221864232861]]]},"properties":{"FID":72,"Id":0,"UNIQUE_ID":"PRF109","Shape__Area":91233340.896209717,"Shape__Length":38209.977815392063}},{"type":"Feature","id":73,"geometry":{"type":"Polygon","coordinates":[[[-108.595918081543,52.8255758382901],[-108.595686680616,52.9475013292783],[-108.592659165476,52.9470666653211],[-108.589944797744,52.94578792042],[-108.58634184956,52.9447741556269],[-108.583086291679,52.9438138472426],[-108.58074651479,52.9430059262427],[-108.579065330514,52.9424336537555],[-108.576468041219,52.9422784854808],[-108.574281225718,52.9418961725261],[-108.571056224853,52.94147636538],[-108.568842784065,52.9406764653392],[-108.567013748158,52.9401481523519],[-108.564806949656,52.9395949491949],[-108.56282587039,52.9395569581895],[-108.560785461646,52.9393533548345],[-108.558760834793,52.9388505042383],[-108.558214393796,52.9377829049457],[-108.557075461577,52.936891832644],[-108.554197068923,52.9355978477227],[-108.552479279694,52.9348791757686],[-108.551148106491,52.9339273934488],[-108.549988664371,52.9332675660341],[-108.548469557764,52.9326344519569],[-108.547171962925,52.932104224211],[-108.545561084008,52.9317771904648],[-108.54446464385,52.9314336345994],[-108.543461833011,52.9309764206218],[-108.541814200496,52.9305932920207],[-108.540023167554,52.9301375965572],[-108.537963120757,52.9293519104077],[-108.535924750573,52.9289081781236],[-108.534721880217,52.9285480185919],[-108.533739053028,52.9276121186017],[-108.53174402593,52.9266524319001],[-108.530535923389,52.9253998614085],[-108.529285207338,52.9242479268011],[-108.527961414959,52.923184755155],[-108.527226391718,52.9227419376014],[-108.528470653631,52.9228489193288],[-108.526569374896,52.9220037228806],[-108.52438125889,52.9209424107395],[-108.523758469081,52.9205404795659],[-108.52530291404,52.8189924176716],[-108.525713147158,52.8191086513533],[-108.525980854904,52.8191133424374],[-108.52625007102,52.8190898065297],[-108.526523097949,52.8190527102389],[-108.526730501061,52.8190245312124],[-108.526910835161,52.8189904755846],[-108.527409744319,52.8187221484976],[-108.528082386455,52.8179658678326],[-108.529206256063,52.8172373355689],[-108.529371572421,52.8169237278212],[-108.529747117671,52.8167942935446],[-108.530283084683,52.8165234258898],[-108.530838842088,52.8161222242778],[-108.53087595606,52.8153983723872],[-108.530294073661,52.8149489615844],[-108.529436921628,52.8144370302285],[-108.529355813865,52.8136380981515],[-108.52941195291,52.8130034640184],[-108.530816183473,52.8121638941897],[-108.532296654393,52.8109860756835],[-108.533120151439,52.8104914136891],[-108.534249435255,52.8103983249637],[-108.534777544479,52.8105956148679],[-108.535505334835,52.8108799010512],[-108.536019723195,52.8113089164154],[-108.53614251002,52.8116870120885],[-108.535897450427,52.8120290971314],[-108.53542793111,52.8120848662298],[-108.534535789454,52.8121959607438],[-108.534005487993,52.8123452199149],[-108.533554108267,52.8126894423483],[-108.53328588888,52.8132834157988],[-108.533614204342,52.8142041966961],[-108.534439793551,52.8150941048457],[-108.536619625296,52.8160861586962],[-108.5376799373,52.8165518338603],[-108.538267733855,52.8173816244096],[-108.538268393509,52.8178320632432],[-108.537924872501,52.8183731906487],[-108.537571111051,52.8194419170383],[-108.537558579356,52.8199472356352],[-108.53765187094,52.8201020440822],[-108.538045826314,52.820755759859],[-108.538257936749,52.8212827690889],[-108.539651294262,52.8217938152026],[-108.539910157227,52.8218438687603],[-108.540657514866,52.8218445560405],[-108.541300482608,52.8218735079077],[-108.541871109363,52.821919229014],[-108.542543639572,52.8219297022142],[-108.542984485507,52.821477431853],[-108.543662443106,52.8211925972003],[-108.544187988446,52.8207177598064],[-108.544285317573,52.8206298195311],[-108.54475702005,52.8202205041599],[-108.545088947495,52.8197492970284],[-108.545102985192,52.8190880466743],[-108.54476421263,52.8186334116218],[-108.544686729059,52.8179217759815],[-108.545219150837,52.8173530171447],[-108.546312474792,52.8169959180239],[-108.5474179604,52.8170025628361],[-108.548331344522,52.8175422952346],[-108.549222773194,52.8184324325452],[-108.549557060055,52.8190391367319],[-108.549072162753,52.819699720423],[-108.548738033157,52.8204118346407],[-108.548495973397,52.8211233487796],[-108.548340172652,52.8219342991235],[-108.54884350622,52.8226436209677],[-108.549177823645,52.8232503335873],[-108.549700528488,52.8237254277502],[-108.550668714326,52.8237589645049],[-108.551206123253,52.8234924945182],[-108.55215254844,52.8230120143056],[-108.553002547579,52.8228382334199],[-108.553871604997,52.8229649330363],[-108.554737304013,52.8232881156648],[-108.554917456341,52.8237100687243],[-108.555741756777,52.8239584710355],[-108.55685541408,52.8239461487059],[-108.557543169187,52.8236064609293],[-108.558076636358,52.8230820329364],[-108.557862452747,52.8221120347136],[-108.557853130666,52.8220036711892],[-108.557801812557,52.821407072166],[-108.55748108706,52.8198094310095],[-108.55734211982,52.8188028482681],[-108.556973217134,52.8183878297555],[-108.557318917891,52.8175850409194],[-108.558546559374,52.8171923649516],[-108.559443609109,52.8173153312795],[-108.560068481491,52.8177056822183],[-108.560600803484,52.8183309558108],[-108.561201514318,52.8189829065003],[-108.562671699699,52.8198861825973],[-108.563428476291,52.8203572514155],[-108.564259289985,52.8207473138439],[-108.565300896031,52.8211097172067],[-108.566612355816,52.8211158876052],[-108.567307679697,52.8209622721139],[-108.567928075509,52.8206402503932],[-108.568688264229,52.8203800844742],[-108.569280506087,52.8205964509623],[-108.569410688253,52.8210427765807],[-108.569618850873,52.8216660175081],[-108.570393763267,52.8231821279554],[-108.570647612158,52.8236787532627],[-108.571446247752,52.8245542462496],[-108.572321035106,52.8251078266464],[-108.57411115576,52.825505607612],[-108.575502434744,52.8258576903459],[-108.576717557519,52.8258407553509],[-108.578016015762,52.825563323426],[-108.579332627091,52.8248022336115],[-108.579800465419,52.8242595385762],[-108.57978933023,52.8240640130746],[-108.579747571065,52.8233307113662],[-108.579304092368,52.8226670720749],[-108.579440464579,52.8218559878588],[-108.580349069068,52.8215584132388],[-108.581684918847,52.8216324911838],[-108.583126743563,52.822084766863],[-108.585001648846,52.8236512021961],[-108.585203605066,52.824571807439],[-108.585117745078,52.82515888437],[-108.585686859188,52.8258541414938],[-108.586546370215,52.8262032321033],[-108.587367829836,52.8262093763151],[-108.588196946037,52.825895086664],[-108.588781123701,52.825265035114],[-108.5889744973,52.8249252997541],[-108.589075886591,52.8247471661318],[-108.589850324628,52.8242803323423],[-108.590866619093,52.8240155658744],[-108.592042820897,52.8237240641743],[-108.592867443991,52.8235814386812],[-108.594050784686,52.8237567035087],[-108.595153758221,52.8243646246414],[-108.595918081543,52.8255758382901]]]},"properties":{"FID":73,"Id":0,"UNIQUE_ID":"PRF115","Shape__Area":60128701.266082764,"Shape__Length":40646.857060259645}},{"type":"Feature","id":74,"geometry":{"type":"Polygon","coordinates":[[[-108.52530291404,52.8189924176716],[-108.523758469081,52.9205404795659],[-108.520585755106,52.9189942997196],[-108.517658700096,52.9173276937487],[-108.51503837568,52.915955682618],[-108.512448097538,52.9146202791481],[-108.510750582293,52.9134828009367],[-108.509491567135,52.9127748769431],[-108.503655136708,52.9088068556304],[-108.500204031606,52.9067067427245],[-108.498269889113,52.906909203828],[-108.495783663102,52.9063666291504],[-108.491699339704,52.9046706127549],[-108.487659685315,52.9044786580215],[-108.485037082784,52.9041268991482],[-108.483717122222,52.9037540965519],[-108.482296147279,52.9030973867523],[-108.480467604476,52.9027907271904],[-108.479024899519,52.9025328600007],[-108.476461422068,52.9023464947925],[-108.475188092834,52.9021754530357],[-108.472550412963,52.901939251493],[-108.469374099103,52.9010650896948],[-108.465907231339,52.900179112236],[-108.463186815375,52.8993198089353],[-108.462314739634,52.8992846136565],[-108.457359237187,52.8975067342173],[-108.454324942412,52.8966335754099],[-108.452222596643,52.8956551881116],[-108.450450959788,52.8942061611806],[-108.449370263576,52.8935227842259],[-108.448463284195,52.8931811681196],[-108.447252212519,52.8927206202554],[-108.445894491951,52.8922157387219],[-108.444755043114,52.8918092335124],[-108.443529766451,52.8913821792831],[-108.44223113706,52.8908220776063],[-108.440896607046,52.8897914450541],[-108.439968234081,52.8891674501647],[-108.43965451294,52.8887935117341],[-108.438357934994,52.887247979659],[-108.435638890955,52.8856950670005],[-108.43314923366,52.8845578326418],[-108.431196197841,52.8838954276963],[-108.429238078396,52.8833146707361],[-108.430181335838,52.8163327862809],[-108.522042614582,52.8167895438719],[-108.522886900195,52.8167996113289],[-108.52292592545,52.816988393359],[-108.523136940581,52.8173428677682],[-108.523177623004,52.8175724634233],[-108.523202121041,52.8177107130599],[-108.52354630388,52.8181219045349],[-108.523903172182,52.8184630070825],[-108.524472012358,52.8187649805209],[-108.52530291404,52.8189924176716]]]},"properties":{"FID":74,"Id":0,"UNIQUE_ID":"PRF112","Shape__Area":59185143.813751221,"Shape__Length":32736.605564006095}},{"type":"Feature","id":75,"geometry":{"type":"Polygon","coordinates":[[[-108.543531078388,52.9400880336177],[-108.543440098994,52.9475907465906],[-108.447172123051,52.9475442686887],[-108.447267801183,52.9010932984809],[-108.447196747933,52.9007907383677],[-108.447268365664,52.9008187398854],[-108.447450827602,52.9008900795221],[-108.447838982795,52.9010682480708],[-108.44848434705,52.9012611483098],[-108.449424065204,52.9014799934993],[-108.45104115331,52.9019018798437],[-108.451806610246,52.9020849078077],[-108.452468941133,52.9022632286936],[-108.453334649214,52.902375984759],[-108.454193523216,52.9021959472279],[-108.454988402918,52.9022004172016],[-108.456953442621,52.902855638806],[-108.459474548539,52.9033896609571],[-108.460575892036,52.9036185976312],[-108.46243174177,52.9043760306],[-108.464477728235,52.9050304194828],[-108.466850967721,52.905603092553],[-108.471028265758,52.9061117342626],[-108.473636622934,52.9067764689652],[-108.475689262394,52.9076568265638],[-108.477763081997,52.9081519787241],[-108.480327710198,52.9082486272777],[-108.484801771585,52.908933340542],[-108.488858532933,52.9102219641258],[-108.492310396022,52.9112545834872],[-108.49561420722,52.9124259135238],[-108.501126173592,52.9155622348804],[-108.502771459076,52.9165564871853],[-108.503293981491,52.9168861769552],[-108.504315885964,52.9171966975426],[-108.505350992952,52.9180409504589],[-108.50647768228,52.9188579679626],[-108.508020691337,52.91947385395],[-108.508389456999,52.919690162556],[-108.508858371046,52.9201871624516],[-108.509531880166,52.9206672868525],[-108.511413492475,52.9217634719845],[-108.514759856423,52.9237480228527],[-108.515439533466,52.9245439168217],[-108.516828458709,52.9248887438458],[-108.517378320219,52.9244345487823],[-108.517800843799,52.9249531920448],[-108.518356069185,52.9256218736194],[-108.521234969392,52.9267046831436],[-108.522571574146,52.9276778472337],[-108.522591724295,52.9281772570714],[-108.524603219634,52.9300425550821],[-108.525594650134,52.931156373365],[-108.527588366641,52.932306770187],[-108.530507951736,52.9331689696451],[-108.53369019603,52.934211991574],[-108.536297185713,52.9361907431798],[-108.539097863141,52.9382611902487],[-108.543531078388,52.9400880336177]]]},"properties":{"FID":75,"Id":0,"UNIQUE_ID":"PRF115A","Shape__Area":21882401.456848145,"Shape__Length":20414.596065269059}},{"type":"Feature","id":76,"geometry":{"type":"Polygon","coordinates":[[[-109.003613113184,52.8859273586342],[-109.124692911742,52.8858907921187],[-109.124599321461,52.9572212510293],[-109.124597990286,52.9582335551063],[-109.124597648862,52.9584933785938],[-109.017531617235,52.958444055429],[-109.003379955263,52.9586536660762],[-109.003613113184,52.8859273586342]]]},"properties":{"FID":76,"Id":0,"UNIQUE_ID":"PRF116","Shape__Area":64054517.284240723,"Shape__Length":32036.0390775426}},{"type":"Feature","id":77,"geometry":{"type":"Polygon","coordinates":[[[-108.642618715183,53.6205091993387],[-108.642408176864,53.6496417349349],[-108.618606033095,53.6497022343325],[-108.617441616684,53.649683336741],[-108.617618102461,53.6493640635986],[-108.617820336807,53.6486306987828],[-108.617657110265,53.6481090185975],[-108.617174395717,53.6475463752006],[-108.617019217326,53.6467440544307],[-108.617313396227,53.6462619731895],[-108.616634209085,53.6460701083364],[-108.615910209247,53.6456044255774],[-108.615106927593,53.6455272656548],[-108.615544768446,53.6446812462645],[-108.61557579459,53.6440851414678],[-108.616574384046,53.6435614121862],[-108.617322464947,53.6435634501679],[-108.618088924054,53.6434644257657],[-108.618550797416,53.6425330465265],[-108.618154286389,53.6414494227678],[-108.618588538313,53.6402913526874],[-108.618288594673,53.6396228841049],[-108.618372427852,53.6390199567494],[-108.61756465845,53.6384006628456],[-108.617178582799,53.6378749039204],[-108.617722030352,53.6377717898602],[-108.617942600545,53.6373156674824],[-108.617986239112,53.6369810897205],[-108.618030990123,53.6361200657299],[-108.617528886922,53.6354283911358],[-108.617247377871,53.6346588724045],[-108.616198458557,53.6337582639303],[-108.615853806273,53.6331942693622],[-108.616361564326,53.6323885593098],[-108.61609619193,53.6321925965148],[-108.615493083555,53.6316784485839],[-108.614858965231,53.6317603822415],[-108.614300648335,53.6322765754319],[-108.613973218621,53.6328945071922],[-108.613504471054,53.6335800338283],[-108.613092003121,53.6341925008881],[-108.612620902268,53.6351743636275],[-108.611843073933,53.6356202130446],[-108.611056120468,53.6353600324347],[-108.610228981796,53.6349899132453],[-108.609278875646,53.6349645974862],[-108.608181706344,53.6349911575092],[-108.608475764073,53.6352656653275],[-108.60819429248,53.6352526729296],[-108.607593524677,53.6348204131747],[-108.60763461895,53.6341092330552],[-108.607968563261,53.6334240497366],[-108.60941417048,53.6326795041757],[-108.610341458271,53.6314861264433],[-108.613573494483,53.6300581473853],[-108.614944613895,53.6292073449172],[-108.615910611387,53.6287983240681],[-108.61758009661,53.6279404966683],[-108.617805751445,53.6273955687956],[-108.617907137836,53.626414093987],[-108.618890665774,53.6259080379734],[-108.619691171185,53.6257729815429],[-108.620866540388,53.6254526192597],[-108.621286936047,53.6249561824696],[-108.622575991661,53.6234948324043],[-108.623948098778,53.6224542780498],[-108.625641294254,53.6214672393704],[-108.627809817596,53.6204969041079],[-108.628982034717,53.6205063718893],[-108.642618715183,53.6205091993387]]]},"properties":{"FID":77,"Id":0,"UNIQUE_ID":"PRF115C","Shape__Area":5227092.4526062012,"Shape__Length":11146.6862911569}},{"type":"Feature","id":78,"geometry":{"type":"Polygon","coordinates":[[[-110.069040093309,53.7176124490239],[-109.971527926304,53.7172371427474],[-109.972138854838,53.6357039784524],[-110.069689682051,53.6359745719029],[-110.069040093309,53.7176124490239]]]},"properties":{"FID":78,"Id":0,"UNIQUE_ID":"PRF120","Shape__Area":56726074.010131836,"Shape__Length":30570.269468986618}},{"type":"Feature","id":79,"geometry":{"type":"MultiPolygon","coordinates":[[[[-109.293011203101,54.0277933720177],[-109.289968574664,54.0277856565631],[-109.289964163532,54.028618258612],[-109.289904475823,54.0295723917908],[-109.285981873474,54.0295744438245],[-109.28271326628,54.0295845636762],[-109.277699417855,54.0296567418101],[-109.277723184263,54.0041105425695],[-109.277865759172,54.0041187394735],[-109.279413958074,54.0040946547448],[-109.280883904571,54.0041261837388],[-109.280890061199,54.0023184881784],[-109.283789144919,54.0023176429969],[-109.283897654126,53.9968581566778],[-109.286402863544,53.9968967228738],[-109.286963597259,53.9969053473896],[-109.28695968273,53.9967568950944],[-109.286942727927,53.9877757665089],[-109.290063392458,53.987781290614],[-109.290088352724,53.9895316212237],[-109.293217997075,53.9896083185614],[-109.29319085519,53.9914891484431],[-109.30578392884,53.9914571079746],[-109.305815529622,53.9896481041312],[-109.308665751802,53.9896626317009],[-109.308728887714,53.9860980013689],[-109.30567395301,53.986076267001],[-109.305769689321,53.9842212895842],[-109.351706892927,53.9843355586947],[-109.351747034465,54.0059324671951],[-109.326870038899,54.0059745096973],[-109.326970031725,54.0205478079013],[-109.31479487132,54.0205560816724],[-109.314702200171,54.035038225298],[-109.308499827667,54.0350631316002],[-109.30855311409,54.033949518986],[-109.30856211617,54.033208186253],[-109.306167629373,54.0332032669507],[-109.305433162979,54.0332038277065],[-109.30549131974,54.0326593966225],[-109.305501715223,54.0314156596348],[-109.302467149756,54.0314034866509],[-109.302441724918,54.0314030308016],[-109.302164037654,54.031421026886],[-109.30214229771,54.0296055009085],[-109.293114516771,54.0296003853872],[-109.293015133459,54.0284118101502],[-109.293011203101,54.0277933720177]]],[[[-109.320795985108,54.0447756249004],[-109.320796992886,54.0441171136877],[-109.31780596601,54.044065357365],[-109.317742651495,54.0405718386201],[-109.314759077709,54.0404926276181],[-109.314735892702,54.0387979423525],[-109.317723207927,54.0387900177387],[-109.317691654352,54.0352446166911],[-109.326935172677,54.0351792240915],[-109.32693922596,54.0442130917593],[-109.323875416209,54.0442153012615],[-109.323875751357,54.044943056918],[-109.323861807016,54.0459980352666],[-109.320724376995,54.0459938302068],[-109.320795985108,54.0447756249004]]]]},"properties":{"FID":79,"Id":0,"UNIQUE_ID":"PRF129","Shape__Area":17737764.142211914,"Shape__Length":26157.190656624141}},{"type":"Feature","id":80,"geometry":{"type":"MultiPolygon","coordinates":[[[[-109.079583167046,54.0350266297527],[-109.079559481792,54.0277486793633],[-109.104073555065,54.0278171881047],[-109.104062623508,54.0350462514724],[-109.079583167046,54.0350266297527]]],[[[-109.054784160119,54.0422935041756],[-109.054876362563,54.035221333948],[-109.079208021129,54.0352104838179],[-109.079199236131,54.0423551365467],[-109.054784160119,54.0422935041756]]]]},"properties":{"FID":80,"Id":0,"UNIQUE_ID":"PRF129A","Shape__Area":2475769.7301635742,"Shape__Length":9443.0673058088487}},{"type":"Feature","id":81,"geometry":{"type":"Polygon","coordinates":[[[-105.331333316821,55.0591420925038],[-105.331357498105,55.0811131113044],[-105.298996912913,55.0811923360853],[-105.298881263594,55.0811926025732],[-105.298755401541,55.0811226664116],[-105.298666050139,55.0810730172647],[-105.297966306537,55.0807969683539],[-105.297380069149,55.0807753287014],[-105.296392184968,55.0806411232399],[-105.295662278217,55.0806918330011],[-105.295327583946,55.0808144801899],[-105.294059298332,55.0813544076519],[-105.293623773038,55.0813392456336],[-105.293028953222,55.081503916895],[-105.292546393074,55.081269340489],[-105.292152496681,55.0814004661702],[-105.292140952326,55.0816665908379],[-105.292069618124,55.0817586736054],[-105.291894095267,55.0818634589198],[-105.291716327976,55.0819242792034],[-105.291639082376,55.0818873385686],[-105.291433366806,55.0817416848326],[-105.291186847153,55.0814526062086],[-105.291078805699,55.0811270025604],[-105.290967308533,55.0806809804473],[-105.291083159101,55.0802401743226],[-105.291039491745,55.080158861073],[-105.291092305353,55.0793882390518],[-105.291369254118,55.0791708857477],[-105.291368869645,55.0788086985291],[-105.291479992901,55.0787482285094],[-105.291806812157,55.0788324745703],[-105.292132618738,55.0788049079352],[-105.292351499138,55.0785458708711],[-105.29262016423,55.0784618112982],[-105.293487880672,55.0783363663527],[-105.293741441746,55.0778384836119],[-105.293662364426,55.0776868648828],[-105.292979871457,55.0771824239879],[-105.292729075779,55.0772029688687],[-105.292162890921,55.0773237295329],[-105.291814760617,55.0771825835808],[-105.292084350643,55.076795113262],[-105.291970492793,55.0766114139614],[-105.291805214391,55.0763913013237],[-105.291969397079,55.0760843801536],[-105.291940232576,55.0758014574361],[-105.291077749681,55.0748986406782],[-105.291280634961,55.0740963034806],[-105.291233875893,55.0731200407665],[-105.290950261498,55.0717801877303],[-105.290681004742,55.0709779017092],[-105.290736844786,55.0705427245534],[-105.290565994527,55.0702848558191],[-105.290634459396,55.0701105874686],[-105.291021941388,55.0696325697139],[-105.291496864938,55.0687223016272],[-105.291508220184,55.0682029469773],[-105.29162338087,55.0678982844317],[-105.291949954878,55.0674106356795],[-105.291890600094,55.0671658846005],[-105.291695281661,55.0668219676445],[-105.291644527301,55.0661022950285],[-105.290736642043,55.0657426720029],[-105.290470169316,55.0657590649739],[-105.290295684335,55.0658340375382],[-105.290189479282,55.066056010668],[-105.290024228995,55.0661244957587],[-105.289850422489,55.0660907124352],[-105.289620420682,55.0659856281033],[-105.288870591436,55.0653697144885],[-105.287773279823,55.0653723524133],[-105.287313272235,55.0653064709444],[-105.28705492585,55.0652099259012],[-105.286806949818,55.0647708153943],[-105.286773783786,55.0643292598649],[-105.286342660932,55.06375122562],[-105.286281024447,55.0629206848161],[-105.286139654474,55.062477484346],[-105.286040788627,55.0621657634279],[-105.286217183129,55.0616015790516],[-105.28677365404,55.0605724734779],[-105.286700591522,55.0601692006497],[-105.286787066324,55.0599071626712],[-105.286919518344,55.0591709822011],[-105.331333316821,55.0591420925038]]]},"properties":{"FID":81,"Id":0,"UNIQUE_ID":"PRA156","Shape__Area":6213706.9292602539,"Shape__Length":10805.867760705903}},{"type":"Feature","id":82,"geometry":{"type":"Polygon","coordinates":[[[-105.328015340008,55.0950264455049],[-105.30498002382,55.1009289216206],[-105.302295852645,55.0974578031343],[-105.302155807579,55.0972453290319],[-105.302356786155,55.0972585404981],[-105.302698982364,55.0970983037203],[-105.303492745592,55.097057847484],[-105.304085076471,55.0967949994482],[-105.304941412911,55.0967203952684],[-105.305492755002,55.096636674813],[-105.306072353482,55.0964560578575],[-105.306452381276,55.0958059604058],[-105.306933244512,55.0956364781824],[-105.307546620506,55.0955167719031],[-105.307822720027,55.0953438641896],[-105.30785727819,55.0951653289712],[-105.307740324653,55.0949085955249],[-105.307682617422,55.0947994348749],[-105.310373094414,55.0933406243564],[-105.310700950589,55.0931425391226],[-105.310810618865,55.0931449740025],[-105.312674423136,55.0930420535712],[-105.315058646033,55.0922143749751],[-105.315628999299,55.0916647199109],[-105.316920168611,55.0913566007073],[-105.316970131142,55.0912906691449],[-105.320358623951,55.092544607564],[-105.321453257365,55.0922415617675],[-105.321512276353,55.0922684177716],[-105.321810451776,55.0922875449583],[-105.321962482469,55.0922084751222],[-105.322075763181,55.0920476313076],[-105.322122588966,55.0920137825111],[-105.322295996137,55.0919916097364],[-105.322669918602,55.0920242373283],[-105.322997455588,55.0918959553398],[-105.323078575499,55.0918929729938],[-105.323608248888,55.0917281831542],[-105.324014671691,55.0913952021005],[-105.324432018877,55.0913200534028],[-105.325024800953,55.0915092425358],[-105.325038931083,55.0915628412698],[-105.325030037876,55.091767420471],[-105.325186841151,55.0920808258307],[-105.325356712604,55.0922042738838],[-105.32568079905,55.0923046579388],[-105.325914206112,55.0923843164606],[-105.328015340008,55.0950264455049]]]},"properties":{"FID":82,"Id":0,"UNIQUE_ID":"PRA156B","Shape__Area":824095.796081543,"Shape__Length":4294.2558198174866}},{"type":"Feature","id":83,"geometry":{"type":"Polygon","coordinates":[[[-105.285643154586,55.0249935238289],[-105.259627231068,55.0399484402821],[-105.242739125103,55.0302619816518],[-105.243053945705,55.030179618703],[-105.243427229167,55.0299622968829],[-105.243579740215,55.029712438855],[-105.243659022274,55.0295825476276],[-105.24370078597,55.029324811856],[-105.243237769701,55.0285406430019],[-105.243090523184,55.0281551029665],[-105.243106075926,55.0276167342],[-105.243765604324,55.0271907230629],[-105.243808068225,55.0270109609243],[-105.243634600781,55.0267934646345],[-105.243564768153,55.0264805416872],[-105.243932658768,55.0261846519618],[-105.244393031364,55.025912288743],[-105.244509626707,55.0259164069555],[-105.244826893252,55.0261321444787],[-105.246277354174,55.0261766774919],[-105.248123914816,55.0247529913792],[-105.248810431056,55.0243617536577],[-105.248886346334,55.0240765996564],[-105.248153313469,55.0231963592232],[-105.248208068435,55.0226351187923],[-105.249177256809,55.0217840295265],[-105.249934615732,55.0214924837655],[-105.250984215364,55.021026424656],[-105.251534082951,55.0210077752029],[-105.251884610975,55.0210895287521],[-105.251876490381,55.021262033788],[-105.252201201228,55.021403447553],[-105.252854577749,55.0214487287606],[-105.253613041947,55.0216641130125],[-105.25552115267,55.0209624025158],[-105.255988471131,55.0194956810659],[-105.255728586298,55.0193318640472],[-105.256076347239,55.0188004803629],[-105.255941936299,55.0185267969806],[-105.256055287248,55.0178210383796],[-105.256546535939,55.0172435277706],[-105.257691398724,55.016662166929],[-105.258682324261,55.016643138827],[-105.260106949307,55.0166980490061],[-105.26069900084,55.0165772627646],[-105.261528725402,55.0161398212732],[-105.262112456034,55.0148339236384],[-105.26240041209,55.0145943513453],[-105.262935029048,55.014421671654],[-105.263586684592,55.014360718922],[-105.265474258768,55.0145930689228],[-105.26619909534,55.0142880760703],[-105.266782948641,55.0145348072814],[-105.266991354292,55.0146228752799],[-105.267673933762,55.0147078021261],[-105.268072251733,55.0153232348398],[-105.269140907676,55.0157793741552],[-105.269702344142,55.0161030481635],[-105.270453011663,55.0162991212106],[-105.270717839156,55.0165723311923],[-105.270976936155,55.0165991012845],[-105.285643154586,55.0249935238289]]]},"properties":{"FID":83,"Id":0,"UNIQUE_ID":"PRA156A","Shape__Area":4017984.001159668,"Shape__Length":8457.4105644839728}},{"type":"Feature","id":84,"geometry":{"type":"Polygon","coordinates":[[[-104.562207290602,55.3923816966759],[-104.578929617904,55.3923866966962],[-104.578936251817,55.4144058336919],[-104.562053979717,55.4145060000426],[-104.562038667085,55.410554546468],[-104.561357497022,55.4109113439657],[-104.561222869614,55.4108865280609],[-104.560863848312,55.4106411278629],[-104.560510603479,55.4106437170113],[-104.560493404858,55.4108337077734],[-104.560532213451,55.4108946279717],[-104.560401137493,55.4110387351017],[-104.560335440523,55.4110465377542],[-104.560213298529,55.4110827668316],[-104.560197311642,55.4113904717549],[-104.56009312163,55.411465854819],[-104.559722800604,55.4114891918931],[-104.5595898352,55.4115413482777],[-104.559535198579,55.4114068159305],[-104.559684568425,55.4112889822662],[-104.559716158424,55.4111106045389],[-104.559567376634,55.411018457984],[-104.559394269831,55.4109905287993],[-104.559000720485,55.4112236522545],[-104.558905088662,55.4114868051631],[-104.558740096568,55.411616694757],[-104.558222614782,55.4118369268989],[-104.558129125431,55.4119242395002],[-104.557922991163,55.4119419955128],[-104.557238735573,55.4116346278885],[-104.556878368384,55.4115114330261],[-104.556507958016,55.4114212344512],[-104.556347363374,55.411312963916],[-104.556318301267,55.4110905442273],[-104.557029816203,55.4105665640588],[-104.557168911537,55.4105374457968],[-104.557630675035,55.4105747886254],[-104.557716345378,55.410528850637],[-104.557754956111,55.4104334130898],[-104.557994118822,55.4102992790122],[-104.558435620079,55.4101048711552],[-104.558630734938,55.4098759910002],[-104.558944401475,55.4097247255847],[-104.559437852201,55.4096265176518],[-104.559788508016,55.409656114068],[-104.560864630458,55.409444116337],[-104.562025000111,55.4093408476887],[-104.562207290602,55.3923816966759]]]},"properties":{"FID":84,"Id":0,"UNIQUE_ID":"PRA157","Shape__Area":2569911.8229370117,"Shape__Length":7831.3289623350975}},{"type":"Feature","id":85,"geometry":{"type":"Polygon","coordinates":[[[-104.369859097658,55.3976266704386],[-104.368107245863,55.4004219359096],[-104.36804474933,55.400424581032],[-104.367923056088,55.4004366087779],[-104.367772047664,55.4004721598344],[-104.367668506475,55.4004887945814],[-104.367482575129,55.4004790575162],[-104.367356289968,55.400461654637],[-104.367258250582,55.4003988936346],[-104.367195457597,55.4003471895259],[-104.367127153628,55.4003512008339],[-104.36702372006,55.4003564247251],[-104.366920624583,55.4003747749612],[-104.366786643659,55.4003869613479],[-104.366697949542,55.4003777857326],[-104.366641310837,55.400361518255],[-104.36667497609,55.4003192115515],[-104.366746229976,55.4002851330051],[-104.366867801835,55.4002371594703],[-104.366993216365,55.4001625514381],[-104.367098408075,55.4000694792399],[-104.367139480456,55.3999669109742],[-104.367147022141,55.3998066598707],[-104.367138903733,55.3997459553427],[-104.367081530683,55.3996973014321],[-104.366972209069,55.3996267229501],[-104.36688991426,55.3995415853078],[-104.366842583773,55.399460511329],[-104.366812792813,55.3993876040756],[-104.366771285153,55.3993525205115],[-104.366730441786,55.3992963323948],[-104.366730036572,55.3992533932242],[-104.367464041119,55.3983802041661],[-104.367909249787,55.3978830690923],[-104.367915934922,55.397837777501],[-104.367854965654,55.3975351187448],[-104.367865594446,55.3974451349133],[-104.367860279051,55.3973593711724],[-104.367836440627,55.3972848705497],[-104.367806350101,55.3972614690629],[-104.367753547567,55.3972344096559],[-104.367711297729,55.3971831650996],[-104.369859097658,55.3976266704386]]]},"properties":{"FID":85,"Id":0,"UNIQUE_ID":"PRA157A","Shape__Area":36402.989318847656,"Shape__Length":950.78358722370444}},{"type":"Feature","id":86,"geometry":{"type":"Polygon","coordinates":[[[-104.60562461416,55.2800126628737],[-104.608528328803,55.2813158573823],[-104.608463023631,55.2813840041378],[-104.608265911118,55.2813683066244],[-104.608158629636,55.2814390409748],[-104.608073030442,55.2815841299326],[-104.608040999058,55.281770095291],[-104.607788361239,55.2819635795908],[-104.60748991301,55.2820339803168],[-104.607062344486,55.2822532488882],[-104.606680408728,55.2823097226022],[-104.606415068643,55.28255301385],[-104.60610829864,55.2827035475578],[-104.605866442404,55.2828749127137],[-104.603270441881,55.2817101008046],[-104.60562461416,55.2800126628737]]]},"properties":{"FID":86,"Id":0,"UNIQUE_ID":"PRA157B","Shape__Area":52153.274719238281,"Shape__Length":927.67544131441628}},{"type":"Feature","id":87,"geometry":{"type":"Polygon","coordinates":[[[-104.907379343257,54.9846859572731],[-104.906449650115,54.9853036680809],[-104.90554217943,54.9856726227515],[-104.903888386788,54.9862696701045],[-104.903468781272,54.9867438129256],[-104.903168861002,54.9867421825732],[-104.902519288188,54.9869674431319],[-104.901671824351,54.9873652236409],[-104.901561811777,54.987547362177],[-104.901388647453,54.9879107678192],[-104.900973295717,54.9881343207549],[-104.900741417138,54.988528366475],[-104.89979410929,54.9893371229808],[-104.89899885856,54.9905569355672],[-104.898847177975,54.9908059731683],[-104.898412167963,54.9912240770165],[-104.897873780924,54.9915194759988],[-104.897543450718,54.9918822104709],[-104.894628361678,54.9936031412345],[-104.89472589472,54.9936470619415],[-104.894662558109,54.9936919028986],[-104.892882401514,54.9952185904344],[-104.892629030596,54.995241430732],[-104.892321401411,54.9952117578626],[-104.892105688604,54.9951163963708],[-104.892423743224,54.9942324228569],[-104.891903882745,54.9939004261569],[-104.891273948984,54.9937505572825],[-104.891192194958,54.9935971987025],[-104.891304797958,54.9931680096422],[-104.89148556784,54.9930254301214],[-104.891871006721,54.9925716468324],[-104.892300164487,54.9923148305363],[-104.892750772494,54.9915509351517],[-104.893536455412,54.9909175540957],[-104.893638152342,54.990265475613],[-104.893853864077,54.9900680779698],[-104.893809378269,54.9897219343556],[-104.893410497177,54.989430705726],[-104.892655124198,54.9892232800632],[-104.892286233296,54.9890785913387],[-104.891919657773,54.9887959278418],[-104.891733624897,54.988479767419],[-104.891718389864,54.988130988267],[-104.891294896526,54.987859196272],[-104.891489391668,54.9864123574618],[-104.891433825727,54.986245161288],[-104.891486379169,54.9861083996777],[-104.891849950289,54.9857943536767],[-104.8922218963,54.9856574952686],[-104.892557757256,54.9853516842077],[-104.892945720854,54.9854200260367],[-104.893378794885,54.9852145094023],[-104.893902045619,54.984754030826],[-104.894748497255,54.9841610774569],[-104.895582112186,54.9838505436583],[-104.895907604754,54.9838728456546],[-104.896316575249,54.9836522688763],[-104.896426602473,54.9834701381056],[-104.896411898691,54.9830868711401],[-104.896290034155,54.9830060209354],[-104.896328810915,54.9828188367448],[-104.896456217768,54.9826638395006],[-104.897411257549,54.9817740543598],[-104.897434941405,54.9817145161166],[-104.897673504802,54.9816011495883],[-104.897921799317,54.9811941545847],[-104.898548272303,54.9808563589108],[-104.907379343257,54.9846859572731]]]},"properties":{"FID":87,"Id":0,"UNIQUE_ID":"PRA157D","Shape__Area":687767.53381347656,"Shape__Length":4194.64567043095}},{"type":"Feature","id":88,"geometry":{"type":"Polygon","coordinates":[[[-104.872453487187,54.9785240149314],[-104.872016987745,54.9789135684314],[-104.870751072068,54.9800432786435],[-104.86986013606,54.9804735651162],[-104.869905524531,54.9805670583273],[-104.868214080445,54.98172367885],[-104.867295692187,54.9822367656451],[-104.866384536561,54.9825196018974],[-104.866102613161,54.9825105167968],[-104.865971677522,54.982396017143],[-104.866178314791,54.9819813910523],[-104.866570286738,54.9812573695129],[-104.867092658823,54.9810496765293],[-104.867261832411,54.9806441573804],[-104.8676566269,54.9804077565227],[-104.86771923529,54.9799773826927],[-104.86852920599,54.9795429194833],[-104.868462815322,54.9794455765796],[-104.869023191722,54.9791942742769],[-104.869142379884,54.9786784529917],[-104.869631830932,54.9784966644757],[-104.870567992309,54.9777925396366],[-104.870854927932,54.9774165959238],[-104.871241713846,54.9770775832233],[-104.871647638302,54.97750597619],[-104.871510798066,54.9779200742648],[-104.871837814214,54.9781317167603],[-104.872353486584,54.9781197491208],[-104.87260132,54.9782237200789],[-104.872453487187,54.9785240149314]]]},"properties":{"FID":88,"Id":0,"UNIQUE_ID":"PRA157E","Shape__Area":77857.253295898438,"Shape__Length":1543.7181984054923}},{"type":"Feature","id":89,"geometry":{"type":"Polygon","coordinates":[[[-105.463350868884,55.0321640038805],[-105.463368404627,55.0327832369964],[-105.46327017169,55.0328323410235],[-105.46296629468,55.0332371684457],[-105.462878792478,55.0333034623224],[-105.462844980103,55.0334358340503],[-105.462861155964,55.0336015226352],[-105.462980054074,55.0338832548226],[-105.462826218238,55.0354381850935],[-105.462537220671,55.0370878606593],[-105.462128013606,55.0377917607847],[-105.462102095947,55.0380917506593],[-105.461611532897,55.038997438377],[-105.461237276222,55.0391521189779],[-105.46046658919,55.0390574096668],[-105.460159232172,55.0388667967792],[-105.459744109587,55.0383811739442],[-105.459621697094,55.0381134318283],[-105.459478647424,55.0374000871486],[-105.458821550078,55.0370591192415],[-105.458291501727,55.0367836545625],[-105.457264010313,55.0358932939115],[-105.456562980368,55.0356651618],[-105.455305795204,55.0356012546254],[-105.454555386828,55.0357011983083],[-105.453684790316,55.0360712899419],[-105.452870751461,55.036730911967],[-105.451752322468,55.0376937415721],[-105.451269140923,55.0383761688454],[-105.449812252043,55.0393996578279],[-105.448885755828,55.0404036780007],[-105.448288271803,55.0412366696692],[-105.447968658115,55.0414404246044],[-105.445955180598,55.0417536481425],[-105.444962805508,55.0422801178259],[-105.44443881425,55.0423377381665],[-105.443848527896,55.0422748981561],[-105.443343941448,55.0420874859522],[-105.442506610861,55.0420740141346],[-105.440919024632,55.0423957752017],[-105.439638130049,55.0428125201785],[-105.438732858984,55.0431883552295],[-105.437869146849,55.0440051935884],[-105.437821315093,55.0445892293754],[-105.437278653202,55.0452384231978],[-105.436544350803,55.0455824575453],[-105.436143085204,55.0460190027447],[-105.43520929657,55.0474995734276],[-105.434811180775,55.0481815775478],[-105.434734387487,55.0489779136059],[-105.434069013448,55.0495300950827],[-105.433897278358,55.0499034233266],[-105.433222044863,55.0502495744094],[-105.430841774077,55.0502144503204],[-105.430157577543,55.0499198589479],[-105.429450546158,55.0497179784118],[-105.428849411187,55.0495551873605],[-105.428367165625,55.0495078624872],[-105.42783130498,55.0495872155471],[-105.427490496512,55.0497023672614],[-105.427218939086,55.0499014850371],[-105.426974780832,55.0502739128117],[-105.42697425369,55.0505223116347],[-105.427103591486,55.0508773776027],[-105.426952820222,55.051323719754],[-105.426529976422,55.0515139189992],[-105.42560411051,55.0517880975822],[-105.425026912447,55.0520369244035],[-105.424730991976,55.0526677832017],[-105.42450005192,55.0529923828217],[-105.424021461231,55.0529265794519],[-105.42374460146,55.0525286022528],[-105.422909838006,55.0522430861078],[-105.421901430271,55.0521525452607],[-105.420631945113,55.0518125596638],[-105.419871900521,55.0517863867076],[-105.419275922834,55.0519231375972],[-105.418744858956,55.0524262421256],[-105.415668988989,55.0554928019588],[-105.415177372305,55.0558489013723],[-105.414195046534,55.0561820633614],[-105.414063162735,55.0568324572534],[-105.414563367404,55.0573471194324],[-105.414365828615,55.0578458489733],[-105.413265216393,55.0590681019969],[-105.413381144858,55.0598149980046],[-105.414341208794,55.0605892200436],[-105.414949419624,55.0607525960729],[-105.416252643735,55.0606163691035],[-105.41673754757,55.0608482735332],[-105.417175981948,55.0611098470194],[-105.417374326886,55.061760511677],[-105.418263714211,55.0622887862804],[-105.417636138996,55.0627462144612],[-105.418315035916,55.063231298363],[-105.417838913316,55.0637943621323],[-105.417737074058,55.0645871909366],[-105.417304679822,55.0647671521301],[-105.415929634408,55.0664891579953],[-105.415536427867,55.0666906569871],[-105.414915169058,55.0667116697795],[-105.414060274039,55.0666474607803],[-105.412976396599,55.066781797406],[-105.411269599612,55.0675814849176],[-105.410704453644,55.0679887342316],[-105.410052415561,55.0695473794083],[-105.410116704512,55.0702297131879],[-105.409363660532,55.0707873925775],[-105.409457713736,55.0723763907196],[-105.409065879915,55.0726977309928],[-105.409050635748,55.0730654956027],[-105.408439455659,55.0739634120651],[-105.407029529609,55.0744190877232],[-105.406635478249,55.0748858923859],[-105.40670103205,55.0750754743219],[-105.406703960748,55.0753151997336],[-105.406467604167,55.0755649578817],[-105.406424677693,55.076257453851],[-105.406254582376,55.0764314609244],[-105.405975964367,55.0764578496646],[-105.405688910798,55.0763018765942],[-105.405345996861,55.0763343531967],[-105.405054908731,55.0770061380684],[-105.403766137062,55.0775008133765],[-105.403436729127,55.0778099013463],[-105.403708588341,55.0782957440897],[-105.404205299019,55.0788360870978],[-105.403906264771,55.0791359843764],[-105.40338237858,55.079381379377],[-105.403301317975,55.0796353725593],[-105.40303597989,55.0800141831712],[-105.403179345919,55.0804743003703],[-105.402329101341,55.0811926977512],[-105.401728917065,55.0812495134494],[-105.401113029689,55.0811751788824],[-105.401128679557,55.0806936934433],[-105.400810107133,55.0803133178657],[-105.401521145109,55.0795702171604],[-105.401493908016,55.0765664671667],[-105.401037025899,55.0758581408844],[-105.401027062186,55.0755938220141],[-105.400872917956,55.0751726265691],[-105.400544112645,55.0746416511809],[-105.400079159624,55.0730246276734],[-105.399507560205,55.0718787533819],[-105.399787560471,55.0713596232767],[-105.399803768153,55.0706886264748],[-105.399870366,55.0704991669651],[-105.400547578419,55.0702897927927],[-105.401187442625,55.0700271087113],[-105.401440994319,55.0693778475321],[-105.400794889061,55.0687000895354],[-105.400586990814,55.0683597800853],[-105.400700403233,55.0680269436882],[-105.401051387401,55.0676400345282],[-105.400970826389,55.0670918847218],[-105.401616683198,55.066582317043],[-105.402211041327,55.0659702545731],[-105.402162180046,55.0655706801344],[-105.402281933128,55.0648772503325],[-105.400819028126,55.0620853489509],[-105.400348887661,55.0617130422387],[-105.400141251048,55.0612969300421],[-105.399417451239,55.0603865595003],[-105.399410252298,55.0597872667435],[-105.399887474917,55.0589210598887],[-105.400990296251,55.0577050887767],[-105.403262376276,55.0550457658501],[-105.403787405701,55.0523182529834],[-105.404623325136,55.0517269878009],[-105.405037270768,55.0515260859404],[-105.406521563413,55.0512035339417],[-105.409915733544,55.0506675669399],[-105.41093221866,55.0501629510473],[-105.411617523568,55.0496573943468],[-105.412262211949,55.0484968434993],[-105.412681206931,55.0471636799948],[-105.41361351421,55.0455595195551],[-105.414751836146,55.0451120126009],[-105.415445103978,55.0450260317809],[-105.416187231607,55.0450364592627],[-105.4169248871,55.0450068871192],[-105.417499453609,55.0448998210021],[-105.417860986297,55.0445906578913],[-105.418486172981,55.0443171017939],[-105.418924080926,55.0440532319912],[-105.41970609952,55.0431018965398],[-105.42041220676,55.0423760273754],[-105.42438178444,55.039808361057],[-105.424929952731,55.0391944610086],[-105.424952378289,55.0388568439015],[-105.425729526011,55.0384515852104],[-105.427254240837,55.0377385928574],[-105.427819370033,55.0370280751432],[-105.430083888477,55.0364908029128],[-105.431464433431,55.036473283136],[-105.431904902623,55.0365135233476],[-105.433049513122,55.0363553773835],[-105.433841287978,55.0359063030455],[-105.433952742809,55.0354536058229],[-105.434481690945,55.0349233220019],[-105.434876871477,55.0343868072178],[-105.435417620995,55.0342027607651],[-105.43680905846,55.0340325518086],[-105.437114471667,55.0337950874926],[-105.437136646059,55.0333761380398],[-105.437413488308,55.0331540209576],[-105.437744989534,55.0332740711127],[-105.437922835894,55.0335476813036],[-105.437797533668,55.0337995980301],[-105.437542093898,55.0340196806712],[-105.437752188842,55.0342144353659],[-105.438375183621,55.0341646069476],[-105.43916181575,55.0338403604284],[-105.439757954798,55.0335815487687],[-105.441037006041,55.0334030262588],[-105.442068634253,55.0329385546678],[-105.443013037482,55.0323623704183],[-105.443917898937,55.0319541520498],[-105.444748384532,55.0312119482082],[-105.445474388681,55.0310986340191],[-105.446098148415,55.0313550526899],[-105.447026529815,55.0318287888027],[-105.447518577185,55.0319335264094],[-105.449763558206,55.0321303102084],[-105.463350868884,55.0321640038805]]]},"properties":{"FID":89,"Id":0,"UNIQUE_ID":"PRA158","Shape__Area":5322531.58404541,"Shape__Length":17605.085572856471}},{"type":"Feature","id":90,"geometry":{"type":"Polygon","coordinates":[[[-105.463260489949,55.0461485110737],[-105.447532021982,55.0461937872547],[-105.447483222998,55.0431667095885],[-105.449922717676,55.0425871150369],[-105.450992875133,55.0427126113761],[-105.454193204986,55.04271103681],[-105.455634751816,55.0425990004259],[-105.457190192844,55.0426908443229],[-105.458009370549,55.0424043655643],[-105.459003170071,55.0422654623016],[-105.460622014129,55.0415490515229],[-105.461027361908,55.0412009237072],[-105.462376611201,55.0406175515339],[-105.462562001885,55.040726205389],[-105.462656301082,55.0409382865372],[-105.462259505451,55.0416203700242],[-105.462532225197,55.041802812045],[-105.46239076862,55.0422647528003],[-105.463080282744,55.0430138327851],[-105.463395153719,55.043798624817],[-105.463260489949,55.0461485110737]]]},"properties":{"FID":90,"Id":0,"UNIQUE_ID":"PRA158A","Shape__Area":407065.815826416,"Shape__Length":2978.7182988011109}},{"type":"Feature","id":91,"geometry":{"type":"Polygon","coordinates":[[[-105.419893413751,55.0307440965281],[-105.410767754126,55.022332918688],[-105.426792124508,55.0165792665129],[-105.435751695647,55.024859522342],[-105.435493444382,55.0251025012753],[-105.43500799018,55.0253467277751],[-105.434145690486,55.0257237959893],[-105.433681047627,55.0258205245382],[-105.433312110113,55.0257650513134],[-105.432923531903,55.0257066237751],[-105.43259222502,55.0253137186054],[-105.43225535269,55.0248526291255],[-105.432045519972,55.0247836570569],[-105.431492796499,55.0249898002224],[-105.43091089608,55.0249481142735],[-105.430624356227,55.0250036466818],[-105.430241595079,55.0252380870037],[-105.429827250267,55.025289599057],[-105.4295974606,55.0254933280879],[-105.430069102572,55.026446855449],[-105.430111719072,55.0268146634492],[-105.429933024583,55.0270191468574],[-105.429587818892,55.0274141650347],[-105.429245803798,55.0283520681242],[-105.428978548314,55.0284502237019],[-105.428575899275,55.0283470215932],[-105.427309434627,55.0279927231009],[-105.426569022224,55.0280729067699],[-105.424876504783,55.0286217353945],[-105.422197442853,55.029361239872],[-105.42165407069,55.0299180799646],[-105.42098026135,55.0303409275553],[-105.420203163577,55.0305489686215],[-105.419893413751,55.0307440965281]]]},"properties":{"FID":91,"Id":0,"UNIQUE_ID":"PRA158B","Shape__Area":1243420.8349609375,"Shape__Length":4888.3334890409578}},{"type":"Feature","id":92,"geometry":{"type":"Polygon","coordinates":[[[-109.596929281444,54.0351392818602],[-109.596928817981,54.035142675721],[-109.597740869689,54.0351449034408],[-109.597847738886,54.0358727010714],[-109.597805643168,54.0361749012624],[-109.597538080087,54.0373034294011],[-109.597411893927,54.0376010518168],[-109.59738386855,54.037830998779],[-109.597386758879,54.0378367072499],[-109.597303823917,54.0382387886931],[-109.597251491965,54.0385089406486],[-109.5972173155,54.0387765962262],[-109.597170477164,54.0388704960964],[-109.597110689728,54.0389903534455],[-109.597249440805,54.0390800531099],[-109.597316726856,54.0391235528175],[-109.597669527967,54.0394657200087],[-109.598110975325,54.0395327399494],[-109.59843036701,54.0395977593475],[-109.599559085118,54.0411066989054],[-109.599894845989,54.0415826891397],[-109.600176867479,54.0415213656533],[-109.60037210712,54.0414173612766],[-109.600614146271,54.0412884257196],[-109.60140202471,54.0406203349399],[-109.602229675277,54.0396988287589],[-109.602998048858,54.0387011547863],[-109.603151935196,54.0385013373179],[-109.60364640892,54.0378660690644],[-109.603845666271,54.0374517271208],[-109.603816706082,54.0369448144477],[-109.603932400115,54.0367861474259],[-109.604369994859,54.0365381144275],[-109.604713037589,54.0363894901795],[-109.605119185711,54.0361908588595],[-109.605293661115,54.0358588113883],[-109.605294458544,54.0355393901936],[-109.604706492939,54.03531224878],[-109.604316107215,54.0349076573739],[-109.604230228756,54.0346752949862],[-109.603983866652,54.0336047596796],[-109.605101251382,54.0328349384606],[-109.605788606452,54.0321393049426],[-109.606278702143,54.0320718622239],[-109.606659727764,54.0320832885466],[-109.607084446659,54.0322690168029],[-109.607525357584,54.0325276485771],[-109.607743971684,54.0327567669245],[-109.608044552261,54.0330797905662],[-109.608101765418,54.0332559900803],[-109.608001970389,54.0333260742753],[-109.607410020685,54.0334263230088],[-109.60757873822,54.0335458550872],[-109.608044655447,54.0337709937681],[-109.60824567448,54.0339236461367],[-109.608556156542,54.0339823434617],[-109.609220021439,54.034014943187],[-109.609823469633,54.0341685533651],[-109.610138289104,54.0343506198269],[-109.610702551522,54.0346786705156],[-109.610900158385,54.0348484810261],[-109.610973849762,54.0349118066031],[-109.611532671763,54.0349851501854],[-109.612583248381,54.0345621978556],[-109.6129081223,54.0344314024201],[-109.613144296956,54.0341584602706],[-109.613043629448,54.0336801926301],[-109.611334567109,54.0325104812997],[-109.611028729136,54.0324473968414],[-109.610913345824,54.0321890456713],[-109.611224264517,54.032056084978],[-109.611302586391,54.0318837666831],[-109.611300654332,54.0318690379668],[-109.611283710124,54.0317398565433],[-109.610778064911,54.0317681407821],[-109.610070167643,54.0318655864827],[-109.609318172336,54.0318038056509],[-109.60849222923,54.0315718817475],[-109.607733882078,54.0316386895613],[-109.607045071814,54.0316395726165],[-109.60674254863,54.0316812062214],[-109.606400658672,54.0316719082154],[-109.606256312868,54.0314851604086],[-109.606305113246,54.031174162822],[-109.605764819021,54.0312597842643],[-109.605746515402,54.0310369092806],[-109.606238090929,54.0307964592302],[-109.606805957703,54.0306356644719],[-109.607188833109,54.0302295461057],[-109.607632075258,54.0297593824698],[-109.608074116055,54.0293942578832],[-109.608687986231,54.0290280193356],[-109.60951557047,54.0288464822802],[-109.610767604957,54.0288018487276],[-109.61146768053,54.0288294358118],[-109.612365744348,54.0287771669761],[-109.613137687503,54.0286483397016],[-109.613768283994,54.028565265648],[-109.614393115437,54.0283552560507],[-109.614945837419,54.02825284458],[-109.615643217574,54.0282093984739],[-109.615847775621,54.0280497438175],[-109.616155423842,54.0279247269537],[-109.61641347189,54.0280281838717],[-109.616892610125,54.0283829418949],[-109.617106123662,54.0285188290308],[-109.61734253405,54.0287605071096],[-109.617465527507,54.0291342639643],[-109.617071621137,54.029331271647],[-109.616473678312,54.02960897163],[-109.616831977611,54.0299165117052],[-109.617521004871,54.0299643687867],[-109.618465022433,54.0300597477609],[-109.619237842397,54.0301899719038],[-109.619686919069,54.0304850026182],[-109.620496573462,54.0305312532932],[-109.62165827999,54.0306604836481],[-109.622399319321,54.031208314044],[-109.622887437339,54.0313927680014],[-109.623289057734,54.0316004092095],[-109.623653868597,54.0318920150558],[-109.623863178368,54.0320172044643],[-109.624691407081,54.0320458425447],[-109.625439058861,54.0321607149382],[-109.62630037586,54.0321922954111],[-109.627094756975,54.0322481215855],[-109.62746071769,54.0321413328752],[-109.628200384794,54.0321558517578],[-109.628737065636,54.0322697253963],[-109.628891850635,54.0326428643942],[-109.628909405875,54.0329597815624],[-109.628972674714,54.0333755906556],[-109.629402445966,54.0337822110663],[-109.629613646007,54.0342490137439],[-109.630119553923,54.0348630425304],[-109.630619230948,54.0357822434894],[-109.631020557424,54.0360049390217],[-109.63139960168,54.0361555660369],[-109.631823187109,54.0362737539127],[-109.632877953602,54.0362297876578],[-109.63335736856,54.0361674519694],[-109.633483714579,54.0363566675052],[-109.633400359673,54.0366123644166],[-109.633426838832,54.0369355723567],[-109.633976568302,54.0373707370078],[-109.634168224716,54.0376599031799],[-109.634312350611,54.0378616965526],[-109.634844335071,54.0378672494353],[-109.635373272218,54.0384104760037],[-109.635748653257,54.038648011179],[-109.635995264845,54.0384336696932],[-109.636430716893,54.0385013673297],[-109.636608897739,54.0392056685886],[-109.63655500594,54.0397278183121],[-109.636055825738,54.0400934536703],[-109.635341681663,54.0406728194219],[-109.635519032728,54.0412307131136],[-109.636159681697,54.0418299319983],[-109.637520472332,54.0415208358284],[-109.638607943949,54.0410241957182],[-109.639418535047,54.0409754458765],[-109.640313225105,54.0405999197682],[-109.640938605958,54.0406239771402],[-109.641869732985,54.0408107212553],[-109.64307251741,54.0410072616711],[-109.64349803638,54.0409328046178],[-109.643120902254,54.0405908608993],[-109.643477809274,54.0404785911569],[-109.644009595843,54.0402003666954],[-109.644347845729,54.0395706292433],[-109.644820549476,54.0398836241032],[-109.645568452366,54.0398119550081],[-109.646164075944,54.0397612916033],[-109.646255729889,54.0403947594523],[-109.646906956899,54.0411558860919],[-109.64749628162,54.0413582304425],[-109.648570995424,54.0413675205393],[-109.649317698251,54.0410911258455],[-109.650032709648,54.0410712450241],[-109.650596325933,54.0415450290857],[-109.650453682199,54.0421950829464],[-109.650316985427,54.0428600763559],[-109.65020881446,54.043395059192],[-109.650879945968,54.0438697713658],[-109.651338262638,54.0450199874555],[-109.651852426378,54.0457054773969],[-109.652601341332,54.0461064175791],[-109.653571521544,54.0462561803641],[-109.654603131726,54.0462241011733],[-109.655104522709,54.0464070424411],[-109.655348953957,54.0467515319097],[-109.656129570121,54.0468959254484],[-109.656276431801,54.0468902761706],[-109.656920838898,54.0468654851552],[-109.657373342661,54.0467242134354],[-109.657031752264,54.0464719383578],[-109.656645355957,54.0462416084756],[-109.656767122754,54.045621919254],[-109.656804507739,54.0454316507823],[-109.657134105433,54.0443775242629],[-109.657689958511,54.0438910246181],[-109.65818947098,54.0435330131125],[-109.658398081625,54.0433834946438],[-109.659040679659,54.0427116496157],[-109.659226137927,54.0423708441828],[-109.659270435379,54.0419952744573],[-109.659330064645,54.0414897083025],[-109.659895197295,54.0406236769592],[-109.660608172272,54.0396584223063],[-109.66167238996,54.0388244691983],[-109.662097445133,54.0384913689969],[-109.662658583984,54.0370112379738],[-109.661695358234,54.0360726459115],[-109.660953583658,54.0346149184509],[-109.658642395921,54.0327120900061],[-109.657028764932,54.0317530166942],[-109.655622582737,54.0308440803398],[-109.654375581616,54.0304016834982],[-109.653296149087,54.0308501538179],[-109.653241613894,54.0315195588183],[-109.653175171502,54.031584864526],[-109.652626047598,54.0321245948767],[-109.65143786502,54.0323674293306],[-109.651381971036,54.0323650801855],[-109.650212740534,54.0323159317472],[-109.649290530577,54.0322856435457],[-109.64898568733,54.0325956202996],[-109.648726497893,54.0333562971986],[-109.648685654089,54.0335989948195],[-109.648615177411,54.0340177703133],[-109.647638652569,54.0343889274612],[-109.645939685486,54.0348282491231],[-109.646139832412,54.0336502497413],[-109.645719500964,54.0331873095487],[-109.645567659217,54.0330200712999],[-109.645477999948,54.0320554156453],[-109.644364285073,54.031342384405],[-109.644819004477,54.0306020251574],[-109.644338463048,54.0303317049434],[-109.644301617714,54.0303109779938],[-109.643625661314,54.0302939437672],[-109.643310479338,54.030510774919],[-109.642890625465,54.0308681127738],[-109.642565931945,54.0304559222901],[-109.643686313431,54.0296394833519],[-109.646192989282,54.0287420174418],[-109.647174590539,54.0289217068613],[-109.649168787372,54.0295604390743],[-109.650344304228,54.0298236468303],[-109.651079395667,54.0297068252475],[-109.651099516659,54.0297036270286],[-109.652517864993,54.0290980719449],[-109.652943884821,54.0284876901065],[-109.653331701548,54.0273782997405],[-109.653048900802,54.0268027593298],[-109.651787024561,54.0264569663397],[-109.65149707275,54.0256617946484],[-109.652446723915,54.0250894229739],[-109.652437612842,54.0247319341317],[-109.652421111567,54.0240844093689],[-109.653308723914,54.022953282414],[-109.655837910437,54.0226512373318],[-109.656908962721,54.0227869456693],[-109.657849775495,54.02333460929],[-109.659257854581,54.023644364815],[-109.661543189552,54.024006238712],[-109.663686721928,54.0244822248382],[-109.664293493109,54.0249972205831],[-109.6655077969,54.0252233760547],[-109.666095192819,54.0257568059996],[-109.667164825971,54.0259556659666],[-109.668835588502,54.0263866078102],[-109.671092539006,54.0271462375685],[-109.67231444974,54.027324001936],[-109.673024395557,54.0277616693991],[-109.67371494627,54.0282177769459],[-109.674299788365,54.0283417804546],[-109.677665420483,54.0295311139382],[-109.679582397762,54.0305110109303],[-109.680470209559,54.0306561202601],[-109.681283566664,54.0304805528833],[-109.68114314541,54.0307994295646],[-109.680554936701,54.0313378610177],[-109.680627481221,54.0325256266708],[-109.679931519624,54.0335990559942],[-109.680016242107,54.0342808024864],[-109.679908385533,54.0350837520824],[-109.67987830385,54.0355449719133],[-109.679767662995,54.0359385312003],[-109.680339923974,54.0363176960271],[-109.681913995493,54.0367354285857],[-109.682631672045,54.0370843839648],[-109.68311657987,54.0377435622105],[-109.683118524807,54.0382312516843],[-109.682797078604,54.0385367219355],[-109.682196861183,54.0386027317844],[-109.681215880016,54.0383952675953],[-109.679196243634,54.0379681071815],[-109.678574460787,54.038173251828],[-109.67839044886,54.0386299124288],[-109.67828538363,54.0388270508949],[-109.677966058696,54.0394262026005],[-109.67794063761,54.0397247584622],[-109.678256476448,54.0399364043486],[-109.678130015981,54.0402716286379],[-109.677828486784,54.0404097815733],[-109.677662449426,54.0404043734537],[-109.677447981446,54.040519137448],[-109.677319971583,54.0407297504231],[-109.677409568489,54.0409783582687],[-109.677824808419,54.0412216533174],[-109.677873961727,54.0417311791294],[-109.677806708669,54.0418766518086],[-109.677697518607,54.0420619670992],[-109.677389039014,54.0421102957972],[-109.67679316001,54.0419941043976],[-109.676717868298,54.0420952962075],[-109.677473850507,54.0422744593088],[-109.677582878471,54.0423785345394],[-109.677476381665,54.0425464552177],[-109.677269881031,54.0428019641966],[-109.677543308946,54.0429797639586],[-109.67765624475,54.0428279746898],[-109.677939468766,54.0427888115382],[-109.678169966922,54.042859069063],[-109.678114492695,54.0430823478423],[-109.677864955465,54.0434232438574],[-109.677946470837,54.0437240376343],[-109.677691037463,54.0440260310506],[-109.677396961972,54.044231235832],[-109.67689009927,54.0443864257556],[-109.676443390583,54.0445957083877],[-109.676132854048,54.0448339644282],[-109.67611864456,54.0448448658873],[-109.675850368967,54.0450181284482],[-109.675413335316,54.0452033725812],[-109.67503013621,54.0452336520354],[-109.674672630879,54.0454249201245],[-109.674292616546,54.0455114940558],[-109.673245727733,54.0454973360879],[-109.673154357212,54.0455099655352],[-109.673119890127,54.0456168589933],[-109.673376702477,54.0457288812745],[-109.673622232756,54.0458367893641],[-109.673719848608,54.0461296844673],[-109.673672322665,54.0462914803581],[-109.673650360991,54.0463662430076],[-109.673420074964,54.046755527361],[-109.673401895459,54.0474105343226],[-109.674142511751,54.0484881708588],[-109.674820566501,54.0489513434212],[-109.675237412724,54.0491107302941],[-109.675872037549,54.0493537449116],[-109.676221119623,54.0493656243236],[-109.677247584907,54.0491544346412],[-109.677722224219,54.0489633153166],[-109.678407657106,54.0487103668963],[-109.678799315578,54.0485228707204],[-109.680314413671,54.0474936980902],[-109.680656504628,54.0473378861584],[-109.681210994173,54.0468350263414],[-109.681709949252,54.0458927480544],[-109.6836700718,54.0452830440183],[-109.684047813711,54.0450608421832],[-109.684261713767,54.0445841556972],[-109.68426437198,54.0437954857931],[-109.684264113384,54.0437775279956],[-109.684258464737,54.043385811431],[-109.684200800514,54.0432970484714],[-109.683973075671,54.0432406337351],[-109.683892655815,54.0432207121422],[-109.68374054025,54.0430901082758],[-109.683695949332,54.0428282810433],[-109.684122145865,54.042115675909],[-109.684224182966,54.0417538198849],[-109.684202743375,54.0414887916062],[-109.684014204232,54.0414338219051],[-109.683801604685,54.0414854576098],[-109.68351613326,54.0417105839756],[-109.682920637895,54.0419380693143],[-109.682529126424,54.0419922259862],[-109.682218522297,54.0419096905719],[-109.682197309131,54.0417230683574],[-109.682339879172,54.0415739268557],[-109.682815307689,54.0412793869922],[-109.683829036624,54.0409979656405],[-109.684136781177,54.0407841361972],[-109.684383092297,54.0404091841693],[-109.684277342569,54.0402399775824],[-109.684266838329,54.0398921392704],[-109.684372340685,54.0396957492384],[-109.684620615942,54.0394571355548],[-109.684996899297,54.0393478812374],[-109.685458658401,54.0392962472821],[-109.686349531503,54.0396325755134],[-109.687478235795,54.0397215089654],[-109.68776777117,54.0398816233394],[-109.688369695229,54.0401374075676],[-109.689037044581,54.0402615752411],[-109.6905666184,54.0402418913024],[-109.690655403445,54.040264328087],[-109.691964359467,54.0407347658354],[-109.692506189066,54.0408313504923],[-109.692764448388,54.0407915153293],[-109.692984032558,54.040654897745],[-109.693477926168,54.0404925609613],[-109.693589365499,54.0403892973208],[-109.694042130636,54.0395769414961],[-109.694220122424,54.038820626999],[-109.694332826989,54.0383417124008],[-109.694208879884,54.0379707597424],[-109.69392784459,54.0377972292114],[-109.693147189668,54.0375457945779],[-109.693039878294,54.0372685461955],[-109.69292924811,54.0372001117222],[-109.692045222548,54.0370795320806],[-109.692037368746,54.0370784610023],[-109.691614970645,54.036820319642],[-109.691431022182,54.0365160795618],[-109.690990475466,54.0361119212001],[-109.690453046414,54.0352149364171],[-109.822449299202,54.0351988408719],[-109.822403930407,54.0638535721118],[-109.822436661327,54.0640392314935],[-109.826833425635,54.0640290452571],[-109.827165381176,54.1799814953309],[-109.752552598825,54.180005481493],[-109.751855401073,54.0639876888761],[-109.574943963475,54.0638469678118],[-109.574995193958,54.0352245130216],[-109.596523469517,54.0351403370027],[-109.596558819824,54.0351392770638],[-109.596566934908,54.0351401620572],[-109.596639376946,54.0351480604006],[-109.596929281444,54.0351392818602]]]},"properties":{"FID":92,"Id":0,"UNIQUE_ID":"PRF161","Shape__Area":111389381.00811768,"Shape__Length":80478.2502520512}},{"type":"Feature","id":93,"geometry":{"type":"Polygon","coordinates":[[[-108.415705768051,55.1766814204782],[-108.375592350509,55.1766230572903],[-108.376401429778,55.1759904451045],[-108.37700562685,55.174623499615],[-108.377025879657,55.1739205800679],[-108.375206563435,55.1721133624884],[-108.374615557156,55.1709912292123],[-108.374659924163,55.1706894711138],[-108.374349572488,55.1704041082744],[-108.373760722406,55.170045006949],[-108.373549195583,55.1696038920475],[-108.373428150325,55.1683429789496],[-108.373488343207,55.1672552397965],[-108.372757767007,55.1665447241608],[-108.371774948361,55.1654861880003],[-108.370343970497,55.164145654931],[-108.369247211335,55.1632413424409],[-108.368605246145,55.162702401169],[-108.368394294576,55.1616758722981],[-108.367832081922,55.1604958198167],[-108.366969393057,55.1588421137381],[-108.365442164044,55.1572090651032],[-108.364289919719,55.1565824927046],[-108.363025431904,55.1558600080595],[-108.361705018777,55.1542674683298],[-108.360293458782,55.1525326090774],[-108.359405571158,55.151895667961],[-108.35853688529,55.1507960290246],[-108.357754683614,55.149620072241],[-108.357648413661,55.1491288537736],[-108.359149566936,55.1489455968879],[-108.360087025035,55.1481734996334],[-108.360852163339,55.147247059814],[-108.36132976655,55.146268038925],[-108.361326034652,55.1454354810192],[-108.361494021148,55.1450642239153],[-108.361173450385,55.1445114947729],[-108.361406632968,55.1427731553617],[-108.360632313717,55.1416182088873],[-108.360312346567,55.1407585168421],[-108.360791739526,55.1401957860538],[-108.360450225235,55.1396894671206],[-108.359408432197,55.1390494571672],[-108.357698196069,55.1380526493503],[-108.356843541526,55.1378011514202],[-108.356335512981,55.137530966803],[-108.356220241709,55.1373475093954],[-108.356253167797,55.1369304703354],[-108.356366216439,55.1366024138729],[-108.356884781332,55.1363954379672],[-108.357082125082,55.1362097251533],[-108.35715093466,55.1360576644493],[-108.35711405568,55.135747913601],[-108.388813849496,55.1358225581766],[-108.388777854708,55.1437794240006],[-108.398241386741,55.1437953774991],[-108.398188193244,55.1532324483844],[-108.415835636608,55.1532731997082],[-108.415705768051,55.1766814204782]]]},"properties":{"FID":93,"Id":0,"UNIQUE_ID":"PRI165A","Shape__Area":11314718.110412598,"Shape__Length":15722.691715709339}},{"type":"Feature","id":94,"geometry":{"type":"Polygon","coordinates":[[[-108.107569094116,55.1771279035646],[-108.107575146349,55.1771189923298],[-108.107829394089,55.1771130331105],[-108.108917278426,55.1763359329625],[-108.109406175768,55.1755490520464],[-108.110175724549,55.1749033957761],[-108.111047784868,55.1745732373993],[-108.112152843896,55.1744628363158],[-108.112577850408,55.1746159176745],[-108.113080241578,55.1748762778578],[-108.113916407168,55.1750748328667],[-108.114251211464,55.1753989535732],[-108.114890063876,55.175475443632],[-108.115197770206,55.1753074965806],[-108.115020040184,55.1750301304655],[-108.114114454069,55.174606806693],[-108.113158444834,55.1740802550217],[-108.112986716316,55.1737147636887],[-108.114144820291,55.1734013245743],[-108.115623829857,55.1733043899967],[-108.116612259924,55.1733972850501],[-108.118230395509,55.1739246499328],[-108.119808618484,55.1742382565853],[-108.121754936701,55.1743402207298],[-108.124164596064,55.1743866468671],[-108.126143249814,55.174368115649],[-108.128461581363,55.1741995796455],[-108.12970861448,55.1739554337375],[-108.129706894467,55.1738463751375],[-108.129083047104,55.1736370555105],[-108.129320333139,55.1733463835332],[-108.129644366244,55.1729797552012],[-108.130620313652,55.1728992011566],[-108.131183958013,55.1727005215699],[-108.131277028669,55.1730244441277],[-108.131150501594,55.1737861081237],[-108.131330385008,55.1739883204279],[-108.131289659035,55.1744780473486],[-108.130389656531,55.1751127250219],[-108.129314075765,55.1754234477366],[-108.128442613102,55.1754905874],[-108.127518498053,55.1753915372036],[-108.12681161896,55.1752850985282],[-108.126270443664,55.1752753505803],[-108.126353571319,55.1753912619126],[-108.126941588812,55.175595860758],[-108.127704562934,55.1757888159148],[-108.12850382922,55.175902827118],[-108.12929943449,55.1757841733849],[-108.130066151859,55.1755197934141],[-108.130782768836,55.1752520870518],[-108.131249666586,55.1750143072218],[-108.131745033142,55.1746985209957],[-108.131878380151,55.1745286907965],[-108.131942876169,55.1740594235453],[-108.131955857675,55.1736942322816],[-108.131765268802,55.173507289537],[-108.131631099367,55.1732296687829],[-108.131814205543,55.1732403525679],[-108.132418194564,55.173466316646],[-108.133051715787,55.173483608694],[-108.133445716681,55.1735808960848],[-108.133473345796,55.1737454157019],[-108.133001205419,55.1739465396809],[-108.132939570629,55.1742010143994],[-108.133186952638,55.1743205419254],[-108.133330050993,55.1746670241023],[-108.133389897898,55.1751866571701],[-108.133012329402,55.1755349515201],[-108.132303365823,55.1758903334544],[-108.131638841039,55.1761891017295],[-108.131013322944,55.1764831897579],[-108.130598255145,55.1764396979861],[-108.130330926004,55.1764437658347],[-108.130170151139,55.1765609359834],[-108.130018280623,55.176746968426],[-108.129304163069,55.176977070542],[-108.128692923713,55.1770876149827],[-108.127433026781,55.1771173725663],[-108.12726478063,55.1770582786926],[-108.127049669699,55.1766038728823],[-108.126829336518,55.1765137245224],[-108.126575408677,55.1761758567343],[-108.126463791297,55.1761379488196],[-108.125190325511,55.1763977436317],[-108.124596516088,55.1768231850181],[-108.12450505668,55.177174460292],[-108.124351161384,55.1775332147744],[-108.124665151458,55.1778126112089],[-108.125015627459,55.1781249327676],[-108.125264466661,55.1783375424496],[-108.125263945387,55.17880379771],[-108.125016575405,55.1790851755298],[-108.124262271813,55.179450585975],[-108.123457314299,55.1808803122445],[-108.123927060887,55.1811177503223],[-108.12385446136,55.18147609131],[-108.123621038524,55.1817511313883],[-108.123299759618,55.1818082582131],[-108.123014607806,55.1814741173618],[-108.122672462901,55.1812959837218],[-108.122703323934,55.1810685161317],[-108.122114871343,55.1810410898881],[-108.121939712035,55.181141318899],[-108.121863463161,55.1814674596665],[-108.12249692928,55.1817738739246],[-108.122577879833,55.1819506568876],[-108.122884993083,55.1823893932925],[-108.122789689488,55.1827970711999],[-108.121876097731,55.1830836313307],[-108.121840151931,55.1831858361156],[-108.122055428019,55.1833511960339],[-108.122003140658,55.1836092020597],[-108.121735757898,55.1836132492999],[-108.121368724713,55.1835453134227],[-108.121319547286,55.1832994581243],[-108.120544310321,55.1828281950439],[-108.120163842534,55.1829017221032],[-108.120055404145,55.1837352006794],[-108.120245444351,55.1839839559838],[-108.12077355954,55.1842161016723],[-108.120965234876,55.1844407924754],[-108.121460243369,55.1847962459521],[-108.121650523731,55.18518818774],[-108.121657234059,55.1857483098419],[-108.121502589258,55.1859100422764],[-108.121262669877,55.1859954583303],[-108.12058196591,55.1859307619953],[-108.119511209492,55.1851131479762],[-108.118194258179,55.1847486751186],[-108.117225089812,55.1841516106555],[-108.116297805155,55.1834122846264],[-108.115895865426,55.1833112159061],[-108.11436302959,55.1825697712835],[-108.11378743948,55.1824357757749],[-108.113006449825,55.1823532092809],[-108.112566258056,55.1824327377989],[-108.111166243276,55.1829105472372],[-108.11053666148,55.1833707488117],[-108.109831630947,55.1836102406726],[-108.109450824875,55.1835812104517],[-108.109080549544,55.1836523575178],[-108.109099525002,55.1838469993686],[-108.109459849833,55.1839769383218],[-108.112327289798,55.18434693139],[-108.113166828089,55.184589579943],[-108.113758546844,55.1849245361027],[-108.114277850772,55.185432252393],[-108.114526505511,55.1857843939285],[-108.114700324862,55.1862170963451],[-108.114645664986,55.1864384556714],[-108.114288465881,55.1866452988393],[-108.114052280523,55.1865840544634],[-108.113983219346,55.186323796932],[-108.113544973334,55.1863374530767],[-108.112532505958,55.1865063390521],[-108.112077676819,55.1864175480746],[-108.111538825131,55.1863984797069],[-108.111414698152,55.186529689073],[-108.111445997887,55.1867437436171],[-108.111497963222,55.187000079481],[-108.111353715192,55.1871903840964],[-108.111013022018,55.1872997652689],[-108.110719337116,55.1875377812448],[-108.110150581961,55.1875938864335],[-108.109857755303,55.1876915704435],[-108.109554057062,55.1882589702354],[-108.109523695037,55.1889607522813],[-108.09257664154,55.1889816573605],[-108.088683079182,55.1877588404013],[-108.088688881162,55.185268380151],[-108.094992156449,55.1852672817694],[-108.102554758601,55.1779583598447],[-108.102560420041,55.177952096271],[-108.10256123746,55.1779520958409],[-108.106919657619,55.1779531433172],[-108.107564632308,55.1771281332166],[-108.107569094116,55.1771279035646]]]},"properties":{"FID":94,"Id":0,"UNIQUE_ID":"PRI165B","Shape__Area":2222421.453125,"Shape__Length":11431.754541527109}},{"type":"Feature","id":95,"geometry":{"type":"Polygon","coordinates":[[[-102.436478688274,54.5712102403446],[-102.436409828789,54.5713584867098],[-102.436392365848,54.5713724006711],[-102.436339765874,54.5715093220557],[-102.436338168175,54.571513478757],[-102.436612406116,54.5720589947947],[-102.436765303432,54.5725031650613],[-102.436506719605,54.572784773247],[-102.436180124944,54.5727923937304],[-102.435883566219,54.5727613025831],[-102.435389997707,54.5728169755009],[-102.434978382118,54.5730283647198],[-102.435026622967,54.5732670395432],[-102.43561150491,54.5738503841862],[-102.436326536934,54.575077425883],[-102.437659018128,54.5761743468157],[-102.438730325161,54.5765411789243],[-102.440380156771,54.5771471431345],[-102.441232574119,54.5773675834401],[-102.441887953868,54.5777994480384],[-102.44331152285,54.5788461117744],[-102.444198357766,54.5795481306537],[-102.444656797689,54.5799421073115],[-102.444404078024,54.5802526705409],[-102.444375463245,54.5806725806638],[-102.444459664502,54.5809014724654],[-102.444891059076,54.58097466452],[-102.445225032713,54.5811278354374],[-102.44722013421,54.5822527565315],[-102.44627581418,54.5836342086154],[-102.445915269035,54.5842079046591],[-102.446031015973,54.5848194612048],[-102.446063336085,54.5851786075506],[-102.445579975101,54.585385260074],[-102.445572442541,54.5857471277478],[-102.445355829339,54.5859543314601],[-102.445415818729,54.5861708015127],[-102.445741632724,54.5863831951758],[-102.445928661217,54.5867880905062],[-102.446594841112,54.5872447322129],[-102.447662357406,54.5879273743607],[-102.448076343856,54.5880961965023],[-102.448230120907,54.5883766544948],[-102.448163541433,54.5885266846179],[-102.450086334179,54.5894418420309],[-102.450844497377,54.5896340673155],[-102.451981536633,54.5901007435762],[-102.452664697519,54.5902417683196],[-102.453247513186,54.5902864018251],[-102.453702333115,54.5903773275459],[-102.454150134174,54.5905532051801],[-102.454701574229,54.5908017780961],[-102.455467354843,54.5913501266801],[-102.455932580963,54.5918110849081],[-102.456526294108,54.5922679482061],[-102.457283629194,54.592535282202],[-102.458275416549,54.5927631087792],[-102.4597173177,54.5928193392833],[-102.46050179977,54.5928219813824],[-102.461236171185,54.5930157726959],[-102.461844974694,54.5934668888282],[-102.463019038305,54.5944331075022],[-102.463792958539,54.5949010749481],[-102.464026048145,54.5949742892518],[-102.464748194819,54.5949483192451],[-102.465200697514,54.5949079529872],[-102.46541645481,54.5950152040945],[-102.465434421335,54.5953424968419],[-102.466079375479,54.5956925658211],[-102.467017457769,54.5960929582695],[-102.467791380908,54.5964013347825],[-102.468325538784,54.5964445360869],[-102.468842901692,54.5966437619683],[-102.469546581746,54.5970836581475],[-102.470127334229,54.597395868081],[-102.470735777176,54.5977249514788],[-102.471607213158,54.5978764418464],[-102.472129713046,54.5979814376203],[-102.472090508161,54.6024789283858],[-102.383816291975,54.6024695794507],[-102.38378660823,54.5477069355737],[-102.384098804482,54.5475558860761],[-102.38433020154,54.5473593942129],[-102.384598405984,54.5471038267227],[-102.38479195184,54.5468557818165],[-102.385067669847,54.5465111463422],[-102.385071631874,54.545993062503],[-102.385541430118,54.5461518519177],[-102.385845017111,54.5462308921357],[-102.387391748754,54.5463793683046],[-102.387981470534,54.5463344482565],[-102.388361320143,54.546403389854],[-102.389303438186,54.5469335553068],[-102.39211547411,54.5481990421614],[-102.392402373082,54.5483739083885],[-102.392903141656,54.5488761962923],[-102.393429135721,54.5495145297097],[-102.393758475959,54.549974331454],[-102.393989243641,54.5503436558513],[-102.394167919495,54.5507031603919],[-102.39419360306,54.5510720901216],[-102.394506372219,54.5514637609674],[-102.395049677196,54.551797553581],[-102.396018775391,54.5521212036187],[-102.397143027423,54.5523733126328],[-102.401961867357,54.5531999522449],[-102.404305269139,54.5538764899173],[-102.405898583853,54.5545233322944],[-102.407150014593,54.55528871483],[-102.409856111833,54.5572015375874],[-102.410946986063,54.5576698820186],[-102.412350209432,54.5583735767249],[-102.413657747646,54.5589151384841],[-102.415095604799,54.5594771466712],[-102.41609680187,54.5596876082041],[-102.416779813156,54.5596337823802],[-102.417560923713,54.5595659409664],[-102.418492827873,54.5594951583947],[-102.419284818328,54.5595438727291],[-102.419693842331,54.5597579688846],[-102.420102092638,54.5600307719004],[-102.420879627638,54.5608209815084],[-102.422253534642,54.5620031479985],[-102.423626756622,54.5632440093794],[-102.425125673927,54.5649822078881],[-102.426238638008,54.565932847516],[-102.426837792019,54.5667132034809],[-102.427128927015,54.5671552817366],[-102.427803781247,54.5674978842157],[-102.428912216621,54.5676129573934],[-102.43003609031,54.5676169849786],[-102.430757908873,54.567817057676],[-102.4322425354,54.5682950507987],[-102.433547039137,54.5688806321562],[-102.434887416652,54.569581070481],[-102.435738031957,54.5701682713011],[-102.436599618216,54.5708720357612],[-102.436478688274,54.5712102403446]]]},"properties":{"FID":95,"Id":0,"UNIQUE_ID":"PRF184","Shape__Area":19868765.118225098,"Shape__Length":21227.566387715648}},{"type":"Feature","id":96,"geometry":{"type":"Polygon","coordinates":[[[-102.636131992074,54.8601863561102],[-102.636130445862,54.8601904032078],[-102.636025996944,54.860361767912],[-102.635914441424,54.860543114845],[-102.635405928692,54.8608134047704],[-102.635015100803,54.8618842166236],[-102.634928938441,54.8619373425262],[-102.634829816721,54.8625053241536],[-102.634614227298,54.8634532086847],[-102.634482954767,54.8636431596946],[-102.634187988489,54.8638225811565],[-102.633951459052,54.8640088951169],[-102.633871844564,54.8641733351057],[-102.633979970191,54.8644178647187],[-102.634179330479,54.8645081051138],[-102.634467902503,54.8645815966199],[-102.634587527457,54.8646611862812],[-102.634611258801,54.8648909839149],[-102.633935757414,54.8668071040443],[-102.633538493398,54.8672625675129],[-102.633407452602,54.8673173399604],[-102.633236547474,54.8673887732153],[-102.632547936195,54.8675558951715],[-102.632258779907,54.8677723848755],[-102.632303965992,54.8681339513102],[-102.632860444844,54.8687487035709],[-102.632860363115,54.8687489166966],[-102.633415745224,54.8693678206238],[-102.633294847977,54.8696239242494],[-102.63314232988,54.8699581231836],[-102.633115811842,54.8703094475426],[-102.633351145012,54.8704054565408],[-102.633393845945,54.8705072133439],[-102.63348242419,54.8705893058459],[-102.633579033333,54.8709732524408],[-102.633596787626,54.8713850403708],[-102.633839903969,54.871649953424],[-102.633948350124,54.8717636118877],[-102.63392127268,54.8720732045061],[-102.633738486145,54.8723553827886],[-102.633455434761,54.8726215873665],[-102.633415298185,54.8727126317244],[-102.633270881837,54.8727538575901],[-102.633236494806,54.8728821563808],[-102.632668921962,54.8737394358744],[-102.632482120056,54.8742513495844],[-102.632434222424,54.8745541524227],[-102.631458637301,54.8752121003796],[-102.631325354766,54.8754237600131],[-102.630821787812,54.8757607182707],[-102.630289491091,54.8758963484396],[-102.630109526969,54.8759454208326],[-102.626316428567,54.8858640544118],[-102.626270546692,54.8861803295621],[-102.626176145213,54.8865660122451],[-102.626059420423,54.8868906587598],[-102.625523762446,54.8880633277713],[-102.62514615513,54.888415738281],[-102.625109057505,54.8886495373509],[-102.624540472882,54.8889450140318],[-102.624213992995,54.88895942341],[-102.623786115392,54.8889684853505],[-102.623254216635,54.8888567677241],[-102.622923485971,54.8888508241028],[-102.622282242964,54.8890728812587],[-102.621815759881,54.8896172512046],[-102.621586704708,54.8900295289023],[-102.621171895755,54.8901697995197],[-102.621036042914,54.8901709701362],[-102.620758604537,54.8909004057416],[-102.620720434668,54.891266403918],[-102.620240964707,54.8923319195213],[-102.620083340801,54.8931892984287],[-102.619994426107,54.8937239783436],[-102.619950491573,54.8939252179267],[-102.620491284271,54.894147823416],[-102.620531826851,54.8943762344943],[-102.620669271836,54.8946226952119],[-102.620436114952,54.8948783556643],[-102.620315100961,54.8955680387515],[-102.620172962011,54.8963624136036],[-102.619648747204,54.8969396842034],[-102.619182188763,54.897587273247],[-102.619071077921,54.8983588512739],[-102.618749706324,54.8999419190837],[-102.618606992453,54.9008024010673],[-102.618167119018,54.9013036205088],[-102.617923721801,54.9025055393012],[-102.617785776362,54.9028743339242],[-102.617728171636,54.903902337974],[-102.61759669641,54.9042335226129],[-102.617360702678,54.9046132450277],[-102.61707021783,54.9050751984647],[-102.617069483965,54.9052775736374],[-102.616595595588,54.9057192088565],[-102.616501613268,54.9064359279793],[-102.616130418202,54.9066144378246],[-102.616079228374,54.9070556699286],[-102.616089327225,54.9074472332447],[-102.615720404947,54.9076710041976],[-102.615671810942,54.9082276715979],[-102.615650732378,54.9089847587619],[-102.615519166392,54.9092127209021],[-102.615177151197,54.9095997880012],[-102.614754499462,54.9098066330257],[-102.614492731706,54.9102005233575],[-102.614170941023,54.9103756010011],[-102.569468277527,54.9108292298359],[-102.569205060314,54.8757225306415],[-102.569205510413,54.8755071373208],[-102.569208473153,54.875508804443],[-102.569231684834,54.8602064701704],[-102.636131992074,54.8601863561102]]]},"properties":{"FID":96,"Id":0,"UNIQUE_ID":"PRF184A","Shape__Area":19525728.684234619,"Shape__Length":18623.885516808783}},{"type":"Feature","id":97,"geometry":{"type":"Polygon","coordinates":[[[-103.040818110383,55.005960197197],[-103.074761528545,55.0059377836342],[-103.074703405925,55.0062327008022],[-103.074711860188,55.0065744067492],[-103.074892305617,55.0067291018943],[-103.074976757063,55.0070587736607],[-103.075033415744,55.008275365866],[-103.075555476606,55.0096645099617],[-103.075581102063,55.0107412887896],[-103.075361299849,55.0122817490781],[-103.075475158252,55.0136039664995],[-103.075114879115,55.0140566929136],[-103.074925671134,55.0144193612028],[-103.074833165604,55.0150655968483],[-103.075364963928,55.016447596328],[-103.075529682763,55.0170878868384],[-103.075420005087,55.0176062034522],[-103.075351509572,55.0180569082203],[-103.075209810406,55.0188359400909],[-103.0752869907,55.0193857672473],[-103.075287668727,55.0204514821715],[-103.075307654789,55.0211992825967],[-103.075165709454,55.0219266626125],[-103.074940916992,55.0223823736726],[-103.074943963194,55.0227503257465],[-103.075075507319,55.0236966443931],[-103.074868347842,55.024383595183],[-103.073647130048,55.025060926256],[-103.073232321664,55.0257243417371],[-103.073232270884,55.0263315145087],[-103.072970000299,55.0267705913363],[-103.073293856809,55.0274186137349],[-103.073157263327,55.0281197679686],[-103.072700949127,55.0291027304804],[-103.072361983885,55.0306687612136],[-103.072198873349,55.0314248275723],[-103.072107838068,55.0316630010875],[-103.071754017847,55.0319493705485],[-103.071382292773,55.0319931472976],[-103.071110616125,55.0320337259305],[-103.070675444559,55.0321482934514],[-103.070381906714,55.0322524805115],[-103.069853905295,55.0324027836363],[-103.069621862262,55.032394980665],[-103.069310725119,55.0323226943126],[-103.06885177093,55.0322653705892],[-103.068438163869,55.0322501969181],[-103.067890283634,55.0323109989806],[-103.067285415828,55.0325041248118],[-103.066552339056,55.0331572341967],[-103.066540973697,55.0333978337205],[-103.066573147581,55.0336724512112],[-103.066879818079,55.0341460637863],[-103.066816494932,55.034865873498],[-103.066966693358,55.035607252963],[-103.067301146475,55.0359465469852],[-103.06747313236,55.0370129162239],[-103.067244291692,55.0379598190978],[-103.066861938663,55.0386368540878],[-103.066668498776,55.0389652012318],[-103.066440735987,55.0391389710207],[-103.066208172489,55.039226276997],[-103.065801710619,55.0392436356634],[-103.06547350654,55.0391271100367],[-103.064985836947,55.0385840577515],[-103.064707785028,55.0385961454879],[-103.064022095608,55.0385553942888],[-103.063774246836,55.038379241256],[-103.063922591374,55.0355449005401],[-103.063727251659,55.0347944253528],[-103.063297435601,55.0340900535575],[-103.063356872018,55.0339038098684],[-103.063453246516,55.033656988827],[-103.063474421877,55.0334280736378],[-103.063193075326,55.0334900083978],[-103.062677523819,55.0336641663441],[-103.062569549391,55.0338911664697],[-103.0624104678,55.0341797823996],[-103.062635017483,55.0345105942489],[-103.062566477289,55.0348504576163],[-103.062313862319,55.0350095004763],[-103.061882161065,55.0353346035927],[-103.061651612794,55.0356904577876],[-103.061646730383,55.0362199557308],[-103.061434851532,55.0365951123478],[-103.061247064192,55.0370139791031],[-103.061016884661,55.0378906780401],[-103.060838246602,55.0383832859244],[-103.060494660875,55.0390409175169],[-103.059991344026,55.0396275563362],[-103.059097641601,55.0402716885692],[-103.058543930545,55.0408909433373],[-103.058735815784,55.0414639267683],[-103.058888365817,55.0417297416178],[-103.059198297525,55.0419261692032],[-103.059520102111,55.0422085409646],[-103.060343774868,55.0432603202522],[-103.06084229638,55.0434305462589],[-103.061290502809,55.0442824257162],[-103.061038065597,55.044929260927],[-103.060719315006,55.0451799509374],[-103.060279167533,55.0452080172528],[-103.060148307353,55.0452671982755],[-103.060018484116,55.0453635083339],[-103.059737718292,55.0455907469288],[-103.059687183058,55.0460119760795],[-103.05932391955,55.0459972079091],[-103.05919522075,55.0459363432367],[-103.05904432178,55.0456456000587],[-103.058933268999,55.0455669089062],[-103.058704214582,55.045443106877],[-103.058420692521,55.0454307721394],[-103.058061447319,55.0455314567426],[-103.057813385302,55.0457438958477],[-103.057820140101,55.0460989231449],[-103.058113801658,55.0466438024529],[-103.05810642747,55.0472272345947],[-103.057924729337,55.047641519255],[-103.057698309338,55.0479515905488],[-103.057769866088,55.0483390869586],[-103.05760577017,55.048508179224],[-103.057536557663,55.049137473948],[-103.057733285792,55.0500243024167],[-103.05803663719,55.0505478109775],[-103.058574461407,55.0509921619477],[-103.058955870055,55.0513156627792],[-103.059267960615,55.0515863555346],[-103.059167808938,55.0520112178712],[-103.058970846303,55.052162045882],[-103.058789453274,55.0522207850744],[-103.05835336849,55.0523973666391],[-103.058133336814,55.0525416104627],[-103.057958428978,55.0528892581828],[-103.057961613718,55.053455389517],[-103.058218235608,55.05402779491],[-103.058868095395,55.0545549092641],[-103.060036278442,55.0548539485601],[-103.060781778903,55.0553575258411],[-103.061419272678,55.0556664285271],[-103.061762750306,55.0560133730438],[-103.062565955192,55.0571659130658],[-103.062717965303,55.057915471886],[-103.062828088891,55.0581844021721],[-103.062984351679,55.0584664945028],[-103.063175633423,55.058646805444],[-103.063164100328,55.058854357111],[-103.062805285218,55.0595089951659],[-103.062792631292,55.0602954100904],[-103.062692429923,55.0604929101684],[-103.06248000775,55.0607689008933],[-103.062450819793,55.0609942799916],[-103.062508764908,55.0612877008185],[-103.062823816193,55.0616036576139],[-103.063158329432,55.0619099208857],[-103.063857178636,55.0622350080263],[-103.064232491155,55.0623357104264],[-103.064768115727,55.0624122800403],[-103.065234190062,55.0625972910249],[-103.065065687734,55.0627791218317],[-103.064769178512,55.0628710969567],[-103.064450156169,55.0630887443994],[-103.064599520755,55.0638261073077],[-103.06477376882,55.0645781868629],[-103.064663005232,55.064793000833],[-103.064331315855,55.064953695842],[-103.063963140323,55.0650798507886],[-103.063501767833,55.0651756127122],[-103.062770267949,55.0653200713788],[-103.062435994088,55.0655016194194],[-103.062309156758,55.0659036445169],[-103.062408248738,55.0662850132942],[-103.062255136359,55.0667633764397],[-103.062120374801,55.066967539763],[-103.062175202617,55.0671495701189],[-103.062384041731,55.0672789943223],[-103.06247014241,55.0677315960028],[-103.062497862587,55.0682132723248],[-103.062948699528,55.0698215926785],[-103.063240961689,55.0699697218133],[-103.063368291222,55.0698942613784],[-103.063512789775,55.0698960956866],[-103.063626011918,55.0700490508596],[-103.063974929023,55.0703873447301],[-103.064404406787,55.0706990747884],[-103.06482539757,55.0706806828752],[-103.065087226593,55.0707566175806],[-103.065345100438,55.0709444668221],[-103.065258159595,55.0711368688809],[-103.065049710292,55.0711066409142],[-103.064766750965,55.0710653251909],[-103.064673542399,55.0710349347234],[-103.064356524563,55.0709051555281],[-103.064267211017,55.0709571657357],[-103.064170948462,55.0710427577398],[-103.064097277341,55.0712300538998],[-103.063958475866,55.0713187570798],[-103.063823008114,55.0713576048906],[-103.063627071219,55.0713512647284],[-103.063570771584,55.0714546049848],[-103.063563474827,55.0716163745439],[-103.063089918522,55.0714873497967],[-103.063202085328,55.07191316347],[-103.0629397333,55.0723158996497],[-103.063072435147,55.0729925496059],[-103.062712495651,55.073351954778],[-103.062173169401,55.0737749427509],[-103.061791867027,55.0731669369984],[-103.061118329694,55.0730647813379],[-103.061090858551,55.0727034267289],[-103.060860756159,55.0725385689059],[-103.060515570449,55.0728060466945],[-103.060604787269,55.0734455012796],[-103.06025056075,55.0741476554389],[-103.059823545706,55.0745220465705],[-103.059555070491,55.0745012979646],[-103.059080416261,55.0743442167702],[-103.058861339182,55.0742290151746],[-103.058467942721,55.0743587012515],[-103.05856673557,55.07416979926],[-103.058353618668,55.073922947622],[-103.05795074942,55.073851456906],[-103.057236874846,55.0734090512813],[-103.056761594845,55.0730905152591],[-103.056072703269,55.0734739307442],[-103.055006097267,55.0735821374855],[-103.054653645957,55.0742134830089],[-103.054855719901,55.0744106803636],[-103.055382933355,55.0747254315134],[-103.055895753175,55.0757679545152],[-103.05633780121,55.0769670523941],[-103.056117221624,55.0775584921365],[-103.055052379817,55.0775959078923],[-103.05429001449,55.0774900998581],[-103.054059594396,55.0772445026318],[-103.054203420804,55.076941289679],[-103.054145801516,55.0766023248062],[-103.053214117934,55.0763675724379],[-103.052608533388,55.076492544924],[-103.052511289124,55.0776401921394],[-103.05232526839,55.0782290968118],[-103.052775399887,55.0787513615261],[-103.052413413534,55.0791815306369],[-103.051983426478,55.0793845143063],[-103.051370553214,55.079318235876],[-103.050640273301,55.0791192183978],[-103.050609741132,55.07906088682],[-103.050530744305,55.0787840408668],[-103.05039130991,55.0785519809343],[-103.050383145318,55.0781185637724],[-103.050165343746,55.0777711055488],[-103.049673993025,55.0777766938159],[-103.049157447567,55.0779859854341],[-103.049185728516,55.0785895183858],[-103.048942950004,55.0796367570265],[-103.04862729946,55.0814027117541],[-103.048752173564,55.0818134813115],[-103.049115365432,55.0825879847908],[-103.04915577188,55.0837348759491],[-103.048685458568,55.0843053623432],[-103.048371884308,55.0849225455981],[-103.047635787106,55.0854550906682],[-103.047471912621,55.0859559484201],[-103.047199332958,55.0863385689222],[-103.046675402869,55.0864556482627],[-103.046630192498,55.0861277563479],[-103.046209163103,55.0857168846101],[-103.045451114358,55.0856460162666],[-103.044543380978,55.0862642082291],[-103.044754354929,55.0865957809991],[-103.045489744965,55.0869364151451],[-103.045471446597,55.0874739629032],[-103.044920435941,55.0875930079626],[-103.044922306549,55.0880975426799],[-103.045276405149,55.0887025562504],[-103.04605954836,55.0891343353816],[-103.046559428558,55.0889086182029],[-103.047124218789,55.0888516440357],[-103.047615669242,55.0890838985148],[-103.048262117469,55.089147130349],[-103.048713789051,55.0887041234006],[-103.04945566195,55.0889496392701],[-103.049962353594,55.0896223654012],[-103.050144835782,55.0904449221705],[-103.0505438444,55.0903842594201],[-103.050986614064,55.0911405073765],[-103.050765653445,55.0926233657084],[-103.050491110602,55.0925014598565],[-103.049510988119,55.0927937815422],[-103.048584972149,55.0930821469267],[-103.048360066489,55.0935559223567],[-103.047979189684,55.0939464498361],[-103.047102865534,55.0939630624341],[-103.04658132155,55.093843393127],[-103.046318526285,55.0941464436667],[-103.046147240082,55.0944901327265],[-103.046472466007,55.09459258234],[-103.046469970906,55.0948293328655],[-103.04598283424,55.0948648623858],[-103.045726439252,55.0950728175497],[-103.045051726147,55.0956267025421],[-103.044318958192,55.0960428744152],[-103.04359351726,55.0966162185347],[-103.042894198939,55.09693531369],[-103.042146701329,55.0970371178335],[-103.041121930201,55.0962601689592],[-103.041071694172,55.0964057709422],[-103.039911804757,55.0966322438626],[-103.039633225607,55.0953750859051],[-103.038805006243,55.0956089193091],[-103.038125294958,55.0947752680518],[-103.037617521492,55.0947176376004],[-103.037560741342,55.0939647675391],[-103.037243655285,55.0932781765951],[-103.037576950573,55.0927965362804],[-103.037514624385,55.0923910339839],[-103.037100942031,55.0921372980415],[-103.036793389251,55.0922385591076],[-103.036207906077,55.0922023580588],[-103.035814856345,55.0920417396237],[-103.035621988016,55.0920400185488],[-103.035304122645,55.0920947142384],[-103.035059700831,55.091860184743],[-103.034779207228,55.0919594689675],[-103.034407217748,55.0920181041884],[-103.034135739804,55.0917855437231],[-103.035248227989,55.0906005596479],[-103.036149352463,55.0899513967823],[-103.036720172011,55.0896732477017],[-103.037454666124,55.0897616688702],[-103.038314918443,55.0890523799845],[-103.037846262778,55.0885503247355],[-103.038718765805,55.0865311660883],[-103.038756006636,55.0855822083386],[-103.039231815662,55.0852478853279],[-103.038403703849,55.0844881676807],[-103.037926565758,55.0844440887587],[-103.037904613513,55.0839725700893],[-103.038884591811,55.0836803559792],[-103.039377118707,55.0832975017373],[-103.039944371545,55.0830038206778],[-103.040503834771,55.0824268324538],[-103.041257459462,55.0822299502737],[-103.0427192757,55.0805147455087],[-103.043532445159,55.0799665486132],[-103.043925398593,55.0801271343418],[-103.044504282721,55.0802583859031],[-103.046091132351,55.0794802484595],[-103.046418248705,55.07921982061],[-103.046832921919,55.0788583770803],[-103.046770518271,55.0784528928318],[-103.047560922806,55.0781744239127],[-103.04807393062,55.0778846528229],[-103.048342518648,55.0773603872476],[-103.049075347757,55.077070336663],[-103.049712765982,55.076597997235],[-103.049963627083,55.0758700015382],[-103.049614950149,55.0757850611884],[-103.04914039018,55.0755042901411],[-103.049212244145,55.0748366779871],[-103.048972806305,55.0741287073077],[-103.049170121547,55.0726634098519],[-103.050206271205,55.0721304156607],[-103.050991093865,55.0721992744334],[-103.05135892445,55.0719989386737],[-103.051619557415,55.0711913749432],[-103.051596943873,55.0705937452562],[-103.051021141843,55.0703519242157],[-103.050621866964,55.0702864567632],[-103.050142428575,55.070479169355],[-103.049424533024,55.070216175825],[-103.049012051553,55.0693473736529],[-103.048385638734,55.0691250082069],[-103.048061205926,55.0682813212155],[-103.047865696749,55.0666554786852],[-103.046792558384,55.0654091139189],[-103.046577302067,55.0648097874525],[-103.046240608844,55.0642824076589],[-103.045612738343,55.0645490170277],[-103.045803903165,55.0650397099727],[-103.046249569061,55.0666788254099],[-103.045888821678,55.0687710616067],[-103.045649653711,55.0699239798843],[-103.045169259644,55.0698644136124],[-103.044680588531,55.0693954217298],[-103.044257730615,55.0693474246959],[-103.043672143622,55.0691851362243],[-103.042613977943,55.0692465639297],[-103.042238335985,55.0691635736882],[-103.041581484936,55.0689276227711],[-103.040965436083,55.0687517736614],[-103.041185937757,55.0680102643066],[-103.040946700567,55.0673022883027],[-103.042199391313,55.0658862228306],[-103.042757417162,55.0659243629035],[-103.043229034918,55.065448390251],[-103.04390460915,55.0652729364592],[-103.044569572329,55.064057423506],[-103.044118341689,55.0636330192442],[-103.043616942727,55.0633542055397],[-103.042846532965,55.063473499291],[-103.042485158673,55.0635787151557],[-103.042187258253,55.063474289485],[-103.041933827248,55.0625781189703],[-103.041422603343,55.0623788655228],[-103.041065840145,55.0618844831781],[-103.041670342913,55.0607680297796],[-103.040815243503,55.0598842194481],[-103.041289138234,55.0581780477787],[-103.041810398289,55.0574303760641],[-103.04222876306,55.057210611814],[-103.042450776802,55.057840974432],[-103.042934689898,55.0589095522608],[-103.042659521548,55.060396230552],[-103.043628118897,55.0617921585315],[-103.044268592783,55.0622027506266],[-103.044907682692,55.062234959733],[-103.0456643037,55.0620535755503],[-103.045906712745,55.0617835607028],[-103.045544425848,55.0616365338282],[-103.045513010107,55.0613707366052],[-103.045772139098,55.0610521910955],[-103.046131454312,55.0613098238796],[-103.046709574213,55.0613149327265],[-103.046931336547,55.0609518016826],[-103.046638904743,55.0605000486979],[-103.046397114666,55.0600288285341],[-103.045985291786,55.0592861612465],[-103.0457544544,55.0581202656986],[-103.046131543224,55.0577142603611],[-103.047792084038,55.0570253050271],[-103.047854085392,55.0564372892211],[-103.048550667407,55.0556136956367],[-103.049372065615,55.0547336703443],[-103.04880987804,55.0538083506058],[-103.048245973266,55.0528503567734],[-103.047645231769,55.0524400579572],[-103.047024015082,55.0523340315482],[-103.046594260273,55.0507909629743],[-103.046755729028,55.0500121358622],[-103.04718539752,55.0498091853735],[-103.047706873573,55.0498619361665],[-103.048559539585,55.0499813282926],[-103.05104334674,55.0501632204624],[-103.052120604538,55.0501854359694],[-103.053178677838,55.0502796923337],[-103.053931345211,55.0502650554364],[-103.054709158189,55.0500467195092],[-103.054612572551,55.0496904412069],[-103.054570689567,55.0489466406342],[-103.05477033851,55.048023703065],[-103.055579256937,55.0480251243431],[-103.055281381743,55.0476331001636],[-103.055445071501,55.0458347276372],[-103.055928677794,55.0450827915587],[-103.056553090263,55.0438562950308],[-103.056295530673,55.0411097544321],[-103.056081975428,55.0407014830089],[-103.056214307484,55.0402679196716],[-103.055622812859,55.0399781179739],[-103.055170643545,55.0399203484913],[-103.054762831191,55.0401419233798],[-103.054283922401,55.0398842551917],[-103.053701866271,55.0392405183133],[-103.053403468601,55.0392421474024],[-103.053075185929,55.038791799803],[-103.053535463729,55.0376177059542],[-103.053245866401,55.0371039791559],[-103.053218184135,55.0366619365406],[-103.052899061041,55.0368871139258],[-103.05276260414,55.0368264422481],[-103.052663538079,55.0352693655273],[-103.052446600477,55.035083377167],[-103.052120570201,55.0351980406898],[-103.051778818526,55.0351624681036],[-103.051388028325,55.0347469697228],[-103.050899146116,55.0346817793028],[-103.050746052529,55.0342287230463],[-103.049535026107,55.0341557507293],[-103.049127244125,55.0343773028323],[-103.048743349442,55.0346273843808],[-103.04846760129,55.0348897463876],[-103.048492412035,55.0351604250355],[-103.048437668813,55.0355479311832],[-103.04802234848,55.0354975374928],[-103.047927761781,55.0350704808257],[-103.047643882191,55.0348994676888],[-103.047638874037,55.0347181733047],[-103.047603375822,55.0344785525704],[-103.047291515613,55.0343398608667],[-103.047123605798,55.0345337874913],[-103.047038055724,55.0347822511806],[-103.046819859192,55.034828467357],[-103.046548879527,55.0346363259655],[-103.046509981256,55.0340639110371],[-103.046675776155,55.0333049763946],[-103.047011286556,55.0328364091594],[-103.047309702755,55.0322797217928],[-103.047454392833,55.0316636199815],[-103.046920969306,55.0312383521757],[-103.046505700055,55.0311879532983],[-103.046116218442,55.0310953002478],[-103.045523245659,55.026274240585],[-103.045156205665,55.0258065458495],[-103.044605904591,55.0254632502686],[-103.043873774755,55.0244570731965],[-103.044281478085,55.0242355464154],[-103.044755825802,55.0239183206967],[-103.045108860403,55.023529220882],[-103.045463486329,55.0229886236029],[-103.045194799695,55.0228064151],[-103.044652739822,55.022341420346],[-103.044268167494,55.0217942765911],[-103.044183044974,55.0215683819863],[-103.043774779131,55.0216284807961],[-103.043698155829,55.0213615975185],[-103.043207268931,55.0212864442007],[-103.042864635518,55.0215637664368],[-103.042560814063,55.0212226502172],[-103.042416667958,55.0208093223137],[-103.042226235144,55.0207424953755],[-103.042118421862,55.0208109208155],[-103.041664896168,55.0209045927942],[-103.040716848105,55.0205096020728],[-103.040818110383,55.005960197197]]]},"properties":{"FID":97,"Id":0,"UNIQUE_ID":"PRF184C","Shape__Area":10509676.991638184,"Shape__Length":34143.33707430635}},{"type":"Feature","id":98,"geometry":{"type":"Polygon","coordinates":[[[-102.793267674093,55.1804464489685],[-102.794081004324,55.1802649716823],[-102.79427916246,55.1797454923175],[-102.794826636594,55.1797689869482],[-102.794788671385,55.1803126523379],[-102.795245767085,55.1805642328578],[-102.795990830348,55.1808575941961],[-102.796964563669,55.1806293130082],[-102.797887278236,55.1802361141857],[-102.797786141429,55.1796224341492],[-102.797884907108,55.1791454284003],[-102.798928465686,55.1785219798218],[-102.799244257981,55.1781893041588],[-102.799556495912,55.1777681904235],[-102.800916968977,55.1776810970662],[-102.802289976155,55.1785154542661],[-102.802930080054,55.1788250431699],[-102.803688965766,55.1789666080565],[-102.805534512037,55.1800513938974],[-102.805846147451,55.1804905797748],[-102.807095760414,55.1811828355216],[-102.807260207692,55.1817299690028],[-102.808131292542,55.1820320991299],[-102.808909103076,55.1822609896632],[-102.810135894887,55.1822719220119],[-102.810717140593,55.182523551536],[-102.811017745495,55.1828393433028],[-102.811583738477,55.1830920469053],[-102.811596546705,55.1832951298558],[-102.813385242551,55.1836831859366],[-102.813588236648,55.1834027732585],[-102.814284492349,55.1834688797737],[-102.81442699446,55.1836982768516],[-102.814751593019,55.1843405246081],[-102.814873951931,55.1849793244934],[-102.81554669618,55.1852954233657],[-102.816605284474,55.1854600828441],[-102.817950915553,55.1853028928149],[-102.819149517001,55.1851826883252],[-102.820090448952,55.185089556781],[-102.819994545311,55.1852914605196],[-102.819872054095,55.1854420283196],[-102.820363696829,55.1857088213332],[-102.821434495448,55.1863603830868],[-102.822361900819,55.1863480147932],[-102.822736921158,55.1867206100671],[-102.823543069138,55.1871514041584],[-102.823710182472,55.187494356168],[-102.823379770022,55.1876152892512],[-102.823388870589,55.187800901167],[-102.823911275177,55.1879945530847],[-102.82434757156,55.1882918580445],[-102.824034477708,55.1883494815757],[-102.823754142712,55.1882717484158],[-102.823711776155,55.1884343923851],[-102.824429803203,55.1890310666853],[-102.824305262411,55.1892438715538],[-102.824732302316,55.1894265296416],[-102.825446179271,55.1893582898666],[-102.825591154794,55.1893835112738],[-102.825998993389,55.1896207393956],[-102.826233208588,55.1898436418715],[-102.82568728764,55.1899000040732],[-102.825051964668,55.1898296474472],[-102.824746742307,55.1897802830656],[-102.824376667238,55.1897177673085],[-102.823937294734,55.1899084941233],[-102.824126912204,55.1904272450832],[-102.824236908297,55.1907210244075],[-102.824031901118,55.1910636922266],[-102.824230630219,55.1917680580132],[-102.824526262948,55.1918447114466],[-102.824900136137,55.1919246988747],[-102.825443873113,55.192001539053],[-102.825930471648,55.1920292019332],[-102.826348108316,55.1921681750172],[-102.827095550209,55.1924700718027],[-102.827545307062,55.1927575495457],[-102.828136125139,55.1931237400264],[-102.828274814699,55.1934066204792],[-102.828930828664,55.1936440216374],[-102.829413202026,55.1938670996111],[-102.829651401415,55.1940365017026],[-102.8295130224,55.194472034261],[-102.829111720927,55.194695565503],[-102.828417112476,55.1946382856527],[-102.827898205832,55.1945330910535],[-102.827432510995,55.1945305634328],[-102.827567422633,55.1947959737741],[-102.827879607563,55.1951641445437],[-102.828057336515,55.1959143504322],[-102.829502503694,55.1966458269752],[-102.829736785777,55.1968687265286],[-102.829936903166,55.1970053470154],[-102.830238569921,55.1969662584652],[-102.830437108103,55.1969522066964],[-102.830524499546,55.1971411526988],[-102.830417128184,55.1973616238358],[-102.830275742493,55.1974248477174],[-102.82994179396,55.1973863949717],[-102.829872833625,55.1974977107215],[-102.830106968921,55.1977915784444],[-102.830237978244,55.1981104832347],[-102.829900087452,55.1981255261513],[-102.82978971133,55.1979736846985],[-102.829617932216,55.1979681018686],[-102.829472606346,55.1980848215453],[-102.829552280032,55.1983097935845],[-102.829403017598,55.1984800099231],[-102.829147628548,55.1983029498542],[-102.828922472451,55.1982656651096],[-102.828728019914,55.1981552499285],[-102.828164496599,55.1983459060692],[-102.827993967028,55.1986329301326],[-102.828170462973,55.19909053274],[-102.828132974122,55.1996342324692],[-102.828685490009,55.2001095805898],[-102.829940302539,55.2006771451464],[-102.831216404574,55.2011278864185],[-102.833885816549,55.201710590797],[-102.834256705054,55.2015497831423],[-102.834658131605,55.201751551514],[-102.83516145658,55.2015601250452],[-102.835447685432,55.2015677585381],[-102.836398629095,55.2019980005165],[-102.836874464766,55.2020363793631],[-102.837125800468,55.2019767246026],[-102.837285303713,55.2017933640541],[-102.837568284575,55.2016733376349],[-102.837955698775,55.201885388612],[-102.838375054967,55.2018882337213],[-102.838947494389,55.2016593407967],[-102.838932697229,55.2012906850772],[-102.839229205613,55.2011580689456],[-102.839245896771,55.2010662044656],[-102.838764170105,55.2007190047176],[-102.839332188063,55.2006950371077],[-102.839977480381,55.2008213785895],[-102.840612858388,55.2011646624068],[-102.841026327266,55.2013655555426],[-102.841424951984,55.201479143233],[-102.841652079615,55.2015142006806],[-102.841966338013,55.2015198309708],[-102.842161537486,55.2015013459016],[-102.842425370102,55.2014431177724],[-102.842707663884,55.2014138073296],[-102.842887737333,55.2014568487688],[-102.843046167126,55.201568854398],[-102.84297693737,55.2016621191808],[-102.8426955657,55.2017332175192],[-102.842821861006,55.2019033058042],[-102.842797239171,55.2019585313328],[-102.842429195711,55.2020799509501],[-102.842191898976,55.2021293226685],[-102.842163801052,55.2021685174101],[-102.842373395004,55.2022164422385],[-102.842793713935,55.202242456112],[-102.843303609892,55.2022690933453],[-102.843524721446,55.2023138745809],[-102.843617738412,55.2023491345817],[-102.843939817965,55.2021844652405],[-102.844168112292,55.2021310775382],[-102.844451699404,55.2022202580157],[-102.844831317076,55.2023398320502],[-102.845057294258,55.2024633237587],[-102.845117091,55.2026078973758],[-102.8451352576,55.2028042529835],[-102.845138534526,55.2029319075383],[-102.845251475814,55.2030215587291],[-102.845578587485,55.2031239283411],[-102.845773664662,55.2031798523851],[-102.845884720382,55.2032045311304],[-102.846200695331,55.2036680982116],[-102.846098744223,55.2038729709801],[-102.845947050054,55.2039046546556],[-102.845627873289,55.203838927378],[-102.84507073073,55.2041946590909],[-102.843966005015,55.2040311539828],[-102.843690177317,55.2040716329799],[-102.843433174197,55.2042177372705],[-102.843552980282,55.2044363894943],[-102.844045849369,55.2047466027638],[-102.844399168647,55.2048232851396],[-102.844791219047,55.2051079440183],[-102.844952910455,55.2052091085704],[-102.84490719994,55.2054085410282],[-102.844742764042,55.2055291937966],[-102.844316367602,55.2056429835626],[-102.843739857674,55.2057383478768],[-102.843111951663,55.205713823248],[-102.842687473677,55.2056312800861],[-102.842128105961,55.2053366731569],[-102.842043918359,55.2047722350134],[-102.841769832378,55.204562770455],[-102.840971130728,55.2043069194877],[-102.838606391832,55.2043291345171],[-102.838432754167,55.2043487007944],[-102.837650007813,55.2043423827467],[-102.837003844419,55.2044680762535],[-102.836786892097,55.2046396658467],[-102.835850021701,55.205266527542],[-102.835403740751,55.2054399645089],[-102.834899373435,55.2056268135772],[-102.834738392258,55.2057846974927],[-102.834805435519,55.2060380463021],[-102.8350873141,55.2062320059888],[-102.835289293649,55.2063386150584],[-102.835551800682,55.2064618653236],[-102.835724837137,55.2065286697134],[-102.836085093329,55.2065775655403],[-102.83633738013,55.2065597004518],[-102.836643782771,55.2065101007273],[-102.836860833107,55.2065923877776],[-102.83691995798,55.2068090943777],[-102.836819619783,55.206927810081],[-102.836710889289,55.2069889894068],[-102.836446586201,55.2070077060837],[-102.836268287658,55.2070668367656],[-102.836059019108,55.207095606221],[-102.836420900493,55.2081424809663],[-102.836974065919,55.2084084925358],[-102.837092201364,55.2087779728264],[-102.837472068621,55.2088891308455],[-102.837890859257,55.2090919933458],[-102.838225435139,55.2091700247041],[-102.838628185181,55.2091814640444],[-102.83870560013,55.2091868801222],[-102.839052033059,55.2092023059975],[-102.839626611926,55.2093323634752],[-102.840379673882,55.2093771107447],[-102.840609429433,55.2094698287765],[-102.840761716548,55.2095862007768],[-102.840644927046,55.2097216354737],[-102.840495300064,55.2098521310469],[-102.840057708259,55.2100611580113],[-102.8395032032,55.2104637554409],[-102.839060512401,55.2104733139557],[-102.838813245243,55.2105344257825],[-102.838842040167,55.2106086832886],[-102.839170374314,55.2106871553028],[-102.838521719824,55.2108311949334],[-102.838411462413,55.2108208382425],[-102.838414015533,55.2107152952396],[-102.838301488772,55.2106651345992],[-102.838040441358,55.2105746275933],[-102.837565025347,55.2105211002744],[-102.836495837334,55.2105423156751],[-102.835320983169,55.2106036997558],[-102.834242314241,55.2106691618507],[-102.832671006143,55.2106895505454],[-102.830112499716,55.2107870322442],[-102.82806900441,55.2107099696563],[-102.826568540855,55.2105290746162],[-102.826231789117,55.2103821336863],[-102.826158336851,55.2100131203407],[-102.826416880494,55.2094753077867],[-102.827021349471,55.2084806933472],[-102.827849818584,55.2076700505394],[-102.82790143581,55.2073212582512],[-102.827060991716,55.2054915161097],[-102.826743893872,55.2053177593579],[-102.825732478834,55.2051059136602],[-102.824992346568,55.2045915007407],[-102.824726405177,55.2044320612048],[-102.824762521856,55.2041400010435],[-102.824963623393,55.2038305977205],[-102.825086194693,55.2036629855999],[-102.825510090525,55.2036954515073],[-102.82759715627,55.2030653212573],[-102.828402206098,55.2031162248283],[-102.828820150996,55.2030753022924],[-102.829044292623,55.2028267017888],[-102.829164422958,55.2026479035233],[-102.828786293489,55.2023681203859],[-102.827463271447,55.201757821187],[-102.825707652665,55.201212167181],[-102.824749506185,55.2008201275947],[-102.824132982687,55.2006309876553],[-102.822478947531,55.2003987165892],[-102.821158891299,55.2001687007986],[-102.819645414293,55.1997488957907],[-102.819127773797,55.199763679601],[-102.818443170842,55.1999464763197],[-102.817874817879,55.2002264100747],[-102.817367472974,55.2004947643689],[-102.81724322717,55.2007723789876],[-102.817388481482,55.2011508416412],[-102.817500138221,55.2015207795745],[-102.81757665038,55.2018750353109],[-102.817492408362,55.2021025974273],[-102.817437348996,55.2022300078091],[-102.817288442229,55.2023640473635],[-102.817066920478,55.2024559894617],[-102.816756406452,55.2024888241144],[-102.816474383325,55.2023888591155],[-102.816243188562,55.2022889360532],[-102.816050928646,55.202251655867],[-102.815867243756,55.2022246684372],[-102.815696544327,55.2023166497576],[-102.81542489074,55.2024411925742],[-102.815214482642,55.2024669522844],[-102.81448407692,55.2024967396418],[-102.814191948541,55.2026735857873],[-102.813658584368,55.2027039840678],[-102.811634941232,55.2032755461998],[-102.810644399584,55.2037777849377],[-102.808355456258,55.2043861709716],[-102.807868177162,55.2044241862508],[-102.80726347351,55.2045068126921],[-102.806654549376,55.2044226204177],[-102.806336292731,55.2044196418082],[-102.805882445858,55.2045243151412],[-102.805569840026,55.2044591760766],[-102.805322475864,55.2045492821946],[-102.805285286309,55.2047008536049],[-102.805095341327,55.2046742885493],[-102.804966925094,55.204461740559],[-102.804657575933,55.2043527751258],[-102.804465318575,55.204315474625],[-102.804305537747,55.2041342003326],[-102.804559494817,55.2039273802913],[-102.804997384145,55.2036603584594],[-102.805055055179,55.2034564829619],[-102.805003705987,55.2033656497682],[-102.804702098987,55.2035576684662],[-102.804299169356,55.2036333134962],[-102.80403166242,55.2036594451952],[-102.803931033185,55.2035757198935],[-102.803963427305,55.2034608162646],[-102.804219443559,55.2033519396082],[-102.80443714528,55.2032421307862],[-102.804571023971,55.2031854614468],[-102.804496193774,55.2031035499873],[-102.804318433229,55.2031923777998],[-102.804024961568,55.2032748335402],[-102.803648002321,55.2032941521318],[-102.803424295673,55.2033171936386],[-102.802950396338,55.2033288145507],[-102.802359329784,55.203297835235],[-102.801894858622,55.2032942546347],[-102.801645783577,55.2031701343226],[-102.801561790794,55.2030162108866],[-102.801443256295,55.2029083166029],[-102.80100990108,55.2029606658738],[-102.800567725766,55.2028247259818],[-102.799242606025,55.2032487189558],[-102.798383144753,55.2035345260481],[-102.797638467219,55.2036160653307],[-102.797150416363,55.2036504551094],[-102.796816660035,55.2036049483868],[-102.796340623478,55.2035476673657],[-102.796001473744,55.203477108819],[-102.795546117418,55.2033093832499],[-102.795160547475,55.2030822494099],[-102.794876414004,55.2026772271446],[-102.795015570739,55.2024385579995],[-102.795199881721,55.2022620985648],[-102.795222962814,55.2021333246671],[-102.795024064316,55.2019765950922],[-102.794662400267,55.201860393073],[-102.794150482914,55.2017838356874],[-102.793921755852,55.2016655333473],[-102.793973999626,55.2014656836984],[-102.793805715423,55.2012741007428],[-102.793201075377,55.2008553250557],[-102.793128239732,55.2011365454712],[-102.793129711237,55.2014088998705],[-102.793112879907,55.2015372324739],[-102.792852500888,55.201537406427],[-102.792389594076,55.201540944038],[-102.791763053335,55.2016104933863],[-102.791172213525,55.2015213166812],[-102.790698428801,55.2015038167687],[-102.79029423862,55.2014850470693],[-102.789911609783,55.2013303471135],[-102.789601274468,55.2013049686344],[-102.789226156854,55.2014803175156],[-102.789234146226,55.2016650249824],[-102.78913442087,55.2017919257001],[-102.788896370902,55.2018958674865],[-102.788638972755,55.20193941517],[-102.788303223567,55.2017959399156],[-102.788187236502,55.2016406302232],[-102.788287060205,55.2014846619435],[-102.78828205847,55.2013433371285],[-102.78809195672,55.2011387534221],[-102.787818491849,55.2010780798069],[-102.787597196072,55.2010827563931],[-102.787471865222,55.2011497011858],[-102.787365684417,55.2013351774951],[-102.787146109007,55.2015250010535],[-102.786985544344,55.2016053219264],[-102.786662596783,55.2016098844104],[-102.786129521569,55.2015529448745],[-102.785818241282,55.2013459855667],[-102.785584354633,55.2011444793416],[-102.785074576155,55.2011367529976],[-102.784729313713,55.2010375312155],[-102.784427848766,55.2009352282966],[-102.784605077227,55.2007847171538],[-102.784772669601,55.2007075373211],[-102.784727932845,55.2005290495375],[-102.784464213468,55.2003659677703],[-102.783960501949,55.2004159340614],[-102.783801977102,55.200358063855],[-102.78341694078,55.2004578030498],[-102.782790240571,55.2003493112621],[-102.782492894618,55.2004138169956],[-102.782250060261,55.2003182824935],[-102.782039179355,55.2002531951965],[-102.781868451555,55.2001089968858],[-102.780907568589,55.1990634255362],[-102.780596731203,55.1984062658904],[-102.780888021535,55.1978453396577],[-102.782031420595,55.1975293481405],[-102.782358285757,55.197021344991],[-102.783402480608,55.1969201778389],[-102.784129023176,55.1972570764341],[-102.784698089591,55.1974249024823],[-102.785090537742,55.1977853024801],[-102.785447004823,55.1982036642351],[-102.785978974249,55.1987621101942],[-102.786368511585,55.199108855594],[-102.787273241188,55.1988096049345],[-102.787866956704,55.198753959845],[-102.789379324753,55.1986890739359],[-102.790498445074,55.1984855628256],[-102.789790540451,55.1978979479804],[-102.7894960773,55.1976553824987],[-102.788414068116,55.1974682568419],[-102.787979363207,55.1972494173764],[-102.787986349651,55.1969440574805],[-102.787969844044,55.1965294902198],[-102.787818217892,55.1963877292977],[-102.788686886064,55.1961464314062],[-102.789369404115,55.1962785317682],[-102.789918648769,55.1961290002334],[-102.790414648764,55.195844637496],[-102.790786172181,55.1953195996941],[-102.791299419959,55.1952280258373],[-102.792032596471,55.1953703994644],[-102.792738619213,55.1956116852645],[-102.793344382208,55.1954997274694],[-102.79394097331,55.1954577013516],[-102.794852615972,55.1957537777811],[-102.7954341636,55.1957543769068],[-102.795982681227,55.1958265898582],[-102.796788511476,55.195631226334],[-102.797676659459,55.1958180742979],[-102.797960765183,55.195562466784],[-102.798506344319,55.1956210163878],[-102.798926051029,55.1958824468257],[-102.798656654719,55.1962063112071],[-102.798813865241,55.1964862454355],[-102.799102161798,55.1968123721699],[-102.798838641689,55.1971635385331],[-102.79901972301,55.19744179179],[-102.798983081885,55.197721533139],[-102.798558718056,55.1980008890305],[-102.79720006806,55.1979065122847],[-102.796652897249,55.1981196810699],[-102.796097500082,55.1982136944496],[-102.795473744595,55.1981927883349],[-102.794821594737,55.1983235440081],[-102.794438828576,55.1984901957815],[-102.794366160749,55.1987198126207],[-102.794702468152,55.1989854739856],[-102.795003733271,55.1991288820705],[-102.795469552813,55.1991858639827],[-102.79641663493,55.199169022794],[-102.798619977256,55.1991534363152],[-102.799359920927,55.1991062691848],[-102.800427402807,55.1990409957962],[-102.801817130423,55.19856884292],[-102.802051810234,55.1983627168532],[-102.802890943972,55.1981688404399],[-102.803397009561,55.1980483384141],[-102.803702758584,55.1977673503311],[-102.80384220736,55.1974432133844],[-102.803543623303,55.19711006043],[-102.803125595134,55.1968701426165],[-102.802470319498,55.1966220112822],[-102.802104674153,55.1964632083614],[-102.802077372594,55.1962556004278],[-102.802405005261,55.1961975734184],[-102.803116166323,55.1960576177653],[-102.803339529145,55.1960418639293],[-102.803651385782,55.1958702011949],[-102.803728561819,55.195176290161],[-102.803350204752,55.1945943345493],[-102.803011405092,55.1944386315519],[-102.802700381158,55.1943308574035],[-102.802304631055,55.1941941359987],[-102.801780967736,55.1941113330187],[-102.801305197553,55.1941698282031],[-102.801216578961,55.1943656529533],[-102.800814003163,55.1943591179825],[-102.800548176593,55.1942182181875],[-102.799997445461,55.1942121494565],[-102.799462716719,55.1942398706367],[-102.79894915977,55.1943658741017],[-102.798415853073,55.1942787468659],[-102.79804247011,55.1942052894968],[-102.797547148849,55.1943349893375],[-102.797186221553,55.1944003375005],[-102.796556055797,55.1943898719552],[-102.795928134169,55.1943493108492],[-102.795458825212,55.1943973469151],[-102.794472466602,55.1943121915175],[-102.794116145028,55.1942774293027],[-102.792967757838,55.1941687536762],[-102.792591213713,55.1940805351744],[-102.792471974577,55.1937696536493],[-102.791740721952,55.1938161683653],[-102.79107262747,55.1935888385292],[-102.790201018981,55.1935504422361],[-102.789714926349,55.1934799067572],[-102.789405007246,55.1933770096572],[-102.789197248932,55.1935462884422],[-102.789267294247,55.1941150605934],[-102.789311569807,55.1943613798069],[-102.789536120015,55.1946349170307],[-102.789853321085,55.1948121336932],[-102.790034128755,55.1950039410574],[-102.790003737712,55.1954301249559],[-102.789947174835,55.1956536133452],[-102.790038903011,55.195836727958],[-102.789945064975,55.1959680534861],[-102.789833118792,55.1960557557277],[-102.789612922298,55.1960862254408],[-102.789305888535,55.1960779092989],[-102.788974138894,55.1960763217156],[-102.788709929319,55.1961048987025],[-102.788284210179,55.195950284169],[-102.788028068424,55.1958136641599],[-102.787804044634,55.1957047146091],[-102.787857316131,55.195506404012],[-102.788171754235,55.1952248555648],[-102.787865264125,55.1950568581194],[-102.787640188429,55.1949429943883],[-102.787260997902,55.1950046058469],[-102.78685960892,55.1949630155767],[-102.786568599414,55.194664219046],[-102.786384912163,55.194377824612],[-102.786498324209,55.194175282973],[-102.786893114042,55.1939429590816],[-102.787307982502,55.1938040059176],[-102.787582092233,55.1936999033507],[-102.787642494569,55.1936158320167],[-102.787653869374,55.1934254608642],[-102.787808899097,55.1932948181185],[-102.788022870613,55.1931949476026],[-102.788247679539,55.1930643812513],[-102.788424249866,55.1929122664146],[-102.788141433531,55.1927326283924],[-102.788111701429,55.1926349474643],[-102.793266936897,55.1926011621627],[-102.793267674093,55.1804464489685]]]},"properties":{"FID":98,"Id":0,"UNIQUE_ID":"PRF184E","Shape__Area":5585356.8699035645,"Shape__Length":22720.723930771142}},{"type":"Feature","id":99,"geometry":{"type":"Polygon","coordinates":[[[-103.164250441289,55.2395408592027],[-103.164239448908,55.2139627973867],[-103.165189611187,55.2138926757349],[-103.166377507529,55.2132526754676],[-103.167318191841,55.2135831917167],[-103.16760046228,55.2140956308745],[-103.168382671028,55.2146092523492],[-103.168661711922,55.2146648323264],[-103.170238640879,55.2145674353897],[-103.170932018055,55.2146876397621],[-103.17135183094,55.2155136969741],[-103.171088761205,55.2159711810234],[-103.170423891392,55.2158298240206],[-103.169887072657,55.2164027489759],[-103.169023543404,55.2165617395338],[-103.169438015714,55.2172167869434],[-103.171104083238,55.2181031916238],[-103.172135709897,55.2179508172025],[-103.173020249802,55.2172950549838],[-103.173879543245,55.2171172996802],[-103.173402034599,55.2179525092064],[-103.175535452682,55.2188424274075],[-103.17639947032,55.2198642168718],[-103.177538152017,55.2203324094368],[-103.17845674452,55.2226262696538],[-103.17990827831,55.2227094442292],[-103.182437833707,55.2222557718238],[-103.183590841875,55.218075500182],[-103.183487955299,55.2174736249145],[-103.18284272516,55.2166833066522],[-103.18280114718,55.2160578517604],[-103.183330424975,55.2155996855627],[-103.185268539215,55.2150372912398],[-103.185793532662,55.2145603812281],[-103.185165260631,55.2138450127844],[-103.184472640504,55.2132867737101],[-103.184028626747,55.213091066859],[-103.184112691208,55.2122849058647],[-103.184395615403,55.2117687730809],[-103.185088986201,55.2118888893613],[-103.185645541485,55.2112572750007],[-103.186138871556,55.2109350759805],[-103.187249226473,55.2103957921625],[-103.188541472868,55.2100715862378],[-103.188842148848,55.210811181641],[-103.189260713086,55.2108944746165],[-103.190391053362,55.2102965371578],[-103.190781810943,55.2099628620387],[-103.191228180387,55.210463108673],[-103.191428274786,55.2109054064178],[-103.191400232528,55.2115169697794],[-103.191767198544,55.2118135859113],[-103.193007852268,55.2117026613311],[-103.193778988942,55.211283661445],[-103.194478484628,55.21113661457],[-103.194955291216,55.211329851924],[-103.195813035156,55.2120281722287],[-103.196377806345,55.212462495243],[-103.196555547681,55.2126588399801],[-103.197167674492,55.2128610915848],[-103.197742801883,55.2130470350613],[-103.198623723406,55.2125246289274],[-103.199436067142,55.2121406258755],[-103.199971156085,55.2124438065034],[-103.199736980188,55.2128801953984],[-103.200697977339,55.2131518043517],[-103.20088604921,55.2130997679014],[-103.201631056258,55.2130064429652],[-103.202028434523,55.2129960283904],[-103.202715186043,55.212792732975],[-103.202996057817,55.2125623893613],[-103.203121622422,55.2123816562299],[-103.203170148,55.2123018695341],[-103.204201475626,55.2121491998043],[-103.205038706937,55.2123156681971],[-103.20510971414,55.2124818252537],[-103.204949621043,55.2129508278871],[-103.204543198965,55.2133619118402],[-103.204170762244,55.2139228511508],[-103.203674532475,55.2143786853486],[-103.203363908226,55.2144779079411],[-103.20281846978,55.2144231157954],[-103.202489622,55.2142951230453],[-103.202377365557,55.2140939288317],[-103.20243496389,55.2136134836969],[-103.201966583598,55.2134577402917],[-103.20155645672,55.2134119593745],[-103.201196081915,55.2134386760027],[-103.200480796365,55.2136631222957],[-103.20007431602,55.2140741914917],[-103.199985738873,55.2142712260383],[-103.199679352398,55.2143891698762],[-103.199031387145,55.2143229124386],[-103.198523558441,55.2148748137967],[-103.198535679203,55.2153691349764],[-103.198265045111,55.2163796302534],[-103.197638225358,55.2174355642867],[-103.199020416477,55.2180950249403],[-103.200537345487,55.2181730725401],[-103.202107643008,55.2177519173408],[-103.202353341777,55.2172194289555],[-103.203153002011,55.2167791982728],[-103.205011514154,55.2170413735005],[-103.205582497468,55.2172085467157],[-103.206259564496,55.2168154775509],[-103.206559212759,55.2163742105587],[-103.206676270931,55.2161560072741],[-103.207582139027,55.2161840444036],[-103.207978301788,55.2160213216557],[-103.209123266221,55.216222079418],[-103.209419390957,55.2163524852412],[-103.210452065891,55.2163520421396],[-103.21080946985,55.2164588492134],[-103.210340065589,55.2171793930389],[-103.209571990505,55.2174649583419],[-103.20934765961,55.2180911223482],[-103.208782027807,55.218857655232],[-103.209016708486,55.2193278585676],[-103.209835353866,55.2193646403377],[-103.210429578536,55.2195399738998],[-103.211031973967,55.2197512691646],[-103.211169195371,55.2201677523848],[-103.210332783917,55.2205223920061],[-103.209841668487,55.2210830234488],[-103.209357586222,55.2218625580271],[-103.2094960931,55.2227543777494],[-103.209518671843,55.2229477507401],[-103.208953219629,55.2230872249866],[-103.208949064195,55.2235385822665],[-103.208415779738,55.2234440478244],[-103.208244955361,55.2237249102877],[-103.208642001369,55.2241586963565],[-103.208663458957,55.2245350106206],[-103.20922701632,55.2244810126777],[-103.209503505536,55.2242898335744],[-103.210098613472,55.2245626352826],[-103.209963186489,55.2249993526185],[-103.210358655148,55.22523820472],[-103.210547921475,55.2256020702125],[-103.209786302875,55.2258170545732],[-103.209187827334,55.2260930739555],[-103.208858169523,55.2265198184264],[-103.208366150346,55.2269829850591],[-103.207132898858,55.228878659898],[-103.206764292397,55.2290400914272],[-103.206401461348,55.2289450904332],[-103.206051445096,55.2288125670756],[-103.205730230338,55.2289948618346],[-103.20562693654,55.2291975700103],[-103.203932948229,55.2296279212538],[-103.203657890762,55.2293557378765],[-103.203519575632,55.2291221791971],[-103.203138857016,55.2287603039208],[-103.202594630556,55.2286177852036],[-103.202264454939,55.2286666376438],[-103.20150816273,55.2289055445197],[-103.200965124271,55.2292383574063],[-103.200894438933,55.229584928908],[-103.200940673127,55.2297887406259],[-103.200227872977,55.2308777480956],[-103.19979084547,55.2310198420515],[-103.199737238548,55.2315358140725],[-103.199790463185,55.2319585381481],[-103.199491720463,55.232334195252],[-103.198918691414,55.2331934097102],[-103.198671183462,55.2347355610299],[-103.198440765321,55.2357888263867],[-103.198633840501,55.2366400588949],[-103.199008344967,55.2395136960199],[-103.164250441289,55.2395408592027]]]},"properties":{"FID":99,"Id":0,"UNIQUE_ID":"PRF184D","Shape__Area":6636273.5219421387,"Shape__Length":15967.981926011202}},{"type":"Feature","id":100,"geometry":{"type":"Polygon","coordinates":[[[-102.935492371767,55.1662327776932],[-102.935868506648,55.1830643382409],[-102.885535147195,55.1831822293713],[-102.885280484215,55.1646958266664],[-102.885916576921,55.1647617862351],[-102.886615027021,55.1648636747209],[-102.887025538666,55.1649442514694],[-102.887509241582,55.1648992738516],[-102.887930051697,55.1646913669177],[-102.888356514043,55.1644255063857],[-102.888916807453,55.1641867144554],[-102.88909122096,55.1640643995563],[-102.889373431782,55.1642692220803],[-102.889833401151,55.1644090387012],[-102.890456541619,55.1644168760732],[-102.890967252098,55.1643281007465],[-102.891500425855,55.1643005006973],[-102.891756818813,55.1644286843895],[-102.892012070863,55.1645935722656],[-102.892518152032,55.1647771717477],[-102.892611566601,55.164660634884],[-102.892922094224,55.164491972685],[-102.893327077719,55.1643793452452],[-102.893499252724,55.1642048642569],[-102.89321136857,55.164058005559],[-102.893379032392,55.16390477542],[-102.893620947291,55.1637148511434],[-102.893861664885,55.1636871965293],[-102.894187878041,55.1636325087461],[-102.894347571619,55.1636943480821],[-102.894419506849,55.1638147730844],[-102.894259724237,55.1639622112633],[-102.894101061357,55.1641148010955],[-102.894148246481,55.1642474568434],[-102.894276437525,55.1643324739833],[-102.894492373396,55.1644007604806],[-102.895326976605,55.1644143943024],[-102.895778085442,55.16426184021],[-102.895530694907,55.1640911675196],[-102.895620713172,55.1640010287153],[-102.895942386839,55.1640512954929],[-102.896318052896,55.1640977043233],[-102.896711747967,55.1640591150462],[-102.896549802861,55.1639869756687],[-102.896105547575,55.1638774544452],[-102.895946988931,55.1637789128966],[-102.896205748592,55.1636244020886],[-102.896565705035,55.1635568326622],[-102.896845811348,55.1634583433979],[-102.896664748562,55.1633823393091],[-102.896242927494,55.1634595596725],[-102.8960067846,55.1632985488805],[-102.896145177134,55.1631787943626],[-102.896430910146,55.163064209346],[-102.896627782087,55.1629612048377],[-102.896839250834,55.1629251690982],[-102.896605339127,55.1628163176266],[-102.896465888404,55.1627634992865],[-102.89656046929,55.1624846888631],[-102.89687319078,55.1623681742613],[-102.897212877784,55.1623334406361],[-102.897675139552,55.1623579615135],[-102.898147604615,55.1621358569831],[-102.898409700704,55.1620386499859],[-102.898723522983,55.1619691381814],[-102.899039541745,55.1620773481857],[-102.899262223532,55.1621346797142],[-102.899460193533,55.1620786764775],[-102.899817860319,55.1620845040283],[-102.900004572762,55.1620606950255],[-102.900294724853,55.1621759834873],[-102.90049716706,55.1622242946125],[-102.900848124254,55.1620736440338],[-102.901232802979,55.1619938278245],[-102.901614120121,55.1618566990989],[-102.902219223055,55.1618657570205],[-102.902963854733,55.1615509241294],[-102.903529612548,55.1614215277046],[-102.90454861076,55.1614009745705],[-102.905179620371,55.1610680921318],[-102.905169529477,55.160812452854],[-102.905618271207,55.1609425433376],[-102.905849949453,55.1610410722373],[-102.905917420897,55.161140883708],[-102.905845434221,55.1611878878739],[-102.905907286528,55.1612619414285],[-102.906037747404,55.1613153922877],[-102.906452777026,55.1612072248362],[-102.906935302692,55.1609058809377],[-102.907389693717,55.1607268795654],[-102.908390671216,55.1607912891496],[-102.909594100549,55.1605691425417],[-102.909589602058,55.160715958059],[-102.909416397927,55.1608434548167],[-102.909301676737,55.1609876941599],[-102.909301675329,55.1610714046407],[-102.909233065578,55.1612175760978],[-102.909251059867,55.161299998821],[-102.909362405976,55.1613914362976],[-102.909267925204,55.1617121122238],[-102.909393894794,55.1617868082359],[-102.909490621759,55.1618112774932],[-102.909715567907,55.1618370348831],[-102.909880902509,55.1616734775531],[-102.911274422361,55.1612755199131],[-102.912164052833,55.1609973276253],[-102.912472224709,55.1610275852391],[-102.912615076726,55.1612214035297],[-102.912540864947,55.1614673852896],[-102.912369920639,55.1616470451758],[-102.912048269203,55.1619735239329],[-102.911835704192,55.1621300029294],[-102.910800946366,55.1622877801124],[-102.909661578403,55.1624687284945],[-102.909260040072,55.1626387250198],[-102.909027212205,55.1628280389926],[-102.908544683104,55.1630038269911],[-102.908280359536,55.1630907548664],[-102.908472692822,55.1631345439321],[-102.908856240525,55.163133260332],[-102.909012579623,55.1633051901898],[-102.909017077945,55.1634095072429],[-102.908750503225,55.1634861331924],[-102.908402930095,55.1638615405191],[-102.908273575775,55.1639388111442],[-102.90819709214,55.1638814997994],[-102.908035122913,55.1638512327001],[-102.907828154659,55.1639916061554],[-102.907400719471,55.1641686794996],[-102.906981160947,55.1642562439443],[-102.906753945906,55.1643038896937],[-102.906605458435,55.1644610043681],[-102.906330992401,55.1645852755628],[-102.906142016561,55.1646406478211],[-102.906027308866,55.1644081840145],[-102.906066688502,55.1642954976801],[-102.906239937677,55.1640005830195],[-102.906923857794,55.163449397959],[-102.907029597696,55.1633058039885],[-102.906759650033,55.1633251149392],[-102.906833904452,55.1630791350939],[-102.906822671692,55.1629020548452],[-102.906687706756,55.1628279993111],[-102.906362639813,55.1629297306951],[-102.906057826876,55.1629567660674],[-102.905808105894,55.1631525115133],[-102.905757471975,55.1633392496078],[-102.905388531023,55.1634493478404],[-102.905117462787,55.1634216477387],[-102.904895870923,55.1634950466969],[-102.904728279909,55.1634808731664],[-102.904746293235,55.1633540197993],[-102.905041011826,55.1631550580483],[-102.904922920763,55.1630745617164],[-102.904652979744,55.1630520121036],[-102.904308772844,55.163233583768],[-102.903780107741,55.1633655624685],[-102.903607993019,55.1634982026672],[-102.903153450969,55.1642213112079],[-102.902944228485,55.1642676614283],[-102.902711412151,55.1641639742257],[-102.902746308031,55.1640306824873],[-102.902440399182,55.1638432790077],[-102.90239542467,55.1637627846441],[-102.902027636731,55.1636687460629],[-102.90185671199,55.1634716913688],[-102.901736388996,55.1633390328631],[-102.901546319436,55.1632636790235],[-102.901281957234,55.1634343003207],[-102.900765666948,55.1634973655577],[-102.900080629405,55.1636666616424],[-102.899205541213,55.1636768847609],[-102.898770205126,55.1638178640241],[-102.898640817364,55.1639369780314],[-102.899351607509,55.1642210203756],[-102.899711540556,55.164237151748],[-102.899857697581,55.1644882983093],[-102.899622550352,55.1647091456181],[-102.899306447437,55.1648102135508],[-102.899030780484,55.1650967376083],[-102.898331024655,55.1654501872283],[-102.898296124607,55.1655416223387],[-102.898757357205,55.1653935635227],[-102.898861961013,55.1654122485101],[-102.898940605553,55.1657310028844],[-102.898667189705,55.1659859732913],[-102.898397164781,55.1661726869263],[-102.89826212469,55.1663497559205],[-102.897938113818,55.1664984708198],[-102.897637755721,55.1665460893547],[-102.897298060416,55.1664971129703],[-102.897030402407,55.1663174242946],[-102.89654449088,55.1662265729562],[-102.896182246466,55.1663256959248],[-102.896078700752,55.1664795831025],[-102.895634337569,55.1665793379357],[-102.895485774665,55.1667782944576],[-102.895252865569,55.1669257255392],[-102.894371994865,55.1671194319083],[-102.894118672476,55.1676345451611],[-102.893949908788,55.167698915104],[-102.893736126911,55.1678083539626],[-102.893458280358,55.1677915704201],[-102.893277241346,55.1676318483195],[-102.893172690177,55.1674875905149],[-102.892816036536,55.1676124607369],[-102.892128660161,55.1677295499431],[-102.891274753036,55.1679213045361],[-102.891262237856,55.1681994837549],[-102.891294742197,55.1684325941287],[-102.891560142462,55.1686019929781],[-102.891743505781,55.1686045989781],[-102.891975318967,55.1684520227841],[-102.892501875888,55.1682679401389],[-102.892787602825,55.1682789308217],[-102.893041783336,55.1683968100491],[-102.893010197487,55.1685874103446],[-102.892575921171,55.1686916627254],[-102.892236171814,55.1687263816527],[-102.892510558892,55.1689369927086],[-102.892495747642,55.1693304371844],[-102.892869180969,55.1694502665957],[-102.893734268161,55.1694774401616],[-102.894383409744,55.1693944637621],[-102.89463325074,55.1691568844105],[-102.895701897407,55.1693212286726],[-102.89624869439,55.1691461458022],[-102.897463734753,55.1688919310434],[-102.897589760051,55.1687992178235],[-102.897702319763,55.1686028285785],[-102.897748509463,55.1683954858959],[-102.897947707908,55.168135356661],[-102.897926405755,55.1679119080556],[-102.8981514355,55.1677702656604],[-102.898680147803,55.1677638799325],[-102.899106494675,55.1677491113756],[-102.899427177647,55.1674593699514],[-102.899505959999,55.1673177111737],[-102.899687105682,55.1671844331565],[-102.899958176497,55.1672958582951],[-102.900004229552,55.1675489292868],[-102.899866934929,55.1677575522352],[-102.899896146537,55.1678914938494],[-102.899989501431,55.167942373404],[-102.900660033807,55.1676223933473],[-102.90127201429,55.1674949423576],[-102.901710718501,55.1675368314721],[-102.901958179708,55.1676237799946],[-102.902082985886,55.1679026130381],[-102.902122286149,55.1682503419388],[-102.90234720597,55.1685691062304],[-102.902603658965,55.1687391230145],[-102.903046876986,55.1688016117975],[-102.903420366495,55.1687539828078],[-102.903826490633,55.1686464675733],[-102.904154993056,55.1685183405495],[-102.904813075958,55.1685602277575],[-102.905040277059,55.1688474340583],[-102.905465485685,55.1690367692489],[-102.906366582671,55.1689357021317],[-102.907202431355,55.1687869745947],[-102.907901022828,55.1688050182285],[-102.908480368141,55.1688629811038],[-102.909024841279,55.1689705231461],[-102.909410698944,55.1690632519607],[-102.909644689066,55.1691720780153],[-102.90979205984,55.1693027978468],[-102.909711061886,55.1693923053806],[-102.909523192335,55.1694946915501],[-102.909163202104,55.1695204478172],[-102.908768336326,55.1695539300583],[-102.908818957805,55.1696601800607],[-102.908208090173,55.1698346809631],[-102.907399192946,55.170400046251],[-102.907405930942,55.1705983797583],[-102.907195552755,55.1706395879029],[-102.906886175799,55.1706460194769],[-102.906472176108,55.1706337731519],[-102.906192040436,55.1707322873822],[-102.906133504722,55.1710922489702],[-102.905525932983,55.1716170396889],[-102.905602430251,55.1716743537666],[-102.905736296475,55.1717851166779],[-102.906106419126,55.1719313044858],[-102.906196408118,55.1720922929667],[-102.906355038696,55.172107108243],[-102.90673644108,55.1719699598067],[-102.906713948656,55.1718669279421],[-102.906891716808,55.1717181826653],[-102.907073981828,55.1715900420431],[-102.907489121711,55.1715655814669],[-102.907630869233,55.1716705475296],[-102.907446347579,55.1719139536391],[-102.907160563954,55.1722378507731],[-102.90664523776,55.1728502275518],[-102.906648558588,55.1734935283574],[-102.907390102481,55.1738904483577],[-102.907494503698,55.1740470583808],[-102.907670197865,55.1740746740154],[-102.908236173463,55.1740944651221],[-102.908532131987,55.173815459915],[-102.908676863611,55.1738352434955],[-102.909118261372,55.173954351197],[-102.909526541204,55.1738414304242],[-102.909926177599,55.1736889444618],[-102.910037065669,55.173660919497],[-102.910350293463,55.1737021303677],[-102.910542554,55.1738591492468],[-102.91092203246,55.1739358013698],[-102.911189895138,55.1739032401811],[-102.911688905545,55.1739646393602],[-102.911910689642,55.1740157380252],[-102.912308888081,55.1740173780688],[-102.912805003136,55.1738780678688],[-102.913265840279,55.1738182956086],[-102.914127714385,55.1734518860029],[-102.914575559826,55.1732256115782],[-102.914805235616,55.1730718780729],[-102.915692297047,55.1728208510653],[-102.916330253489,55.1727952627352],[-102.916825642164,55.1727865781392],[-102.917199372272,55.1729171973061],[-102.917525557566,55.17293736839],[-102.917922333353,55.1730663350296],[-102.917853252052,55.1732588024585],[-102.918056328978,55.1733581095648],[-102.918363031289,55.1731821092615],[-102.918550193619,55.1729677893658],[-102.918606295416,55.1727159767414],[-102.918559455179,55.1725552525663],[-102.918815040439,55.1724398371401],[-102.9191059203,55.1723788189495],[-102.919495500409,55.1725283860349],[-102.919725915757,55.1725386691218],[-102.919723693238,55.1723144736268],[-102.92050986404,55.1719500835914],[-102.920874102945,55.1716360097133],[-102.920922329298,55.1715890226501],[-102.921923881549,55.1715942747729],[-102.922209701415,55.1715101703226],[-102.9225652843,55.1712101046957],[-102.922622049466,55.1708812241372],[-102.922638551063,55.1707159608337],[-102.9231344945,55.1703355138943],[-102.924579997672,55.1697229176888],[-102.924903228933,55.169622728733],[-102.925107702755,55.1696214645469],[-102.925374811786,55.1696123603633],[-102.925628202873,55.1695138270699],[-102.925608596579,55.1691301459531],[-102.926127329964,55.1688273430514],[-102.926166336554,55.1684752214641],[-102.926382376241,55.1683332882059],[-102.927783759716,55.16775702495],[-102.928043128992,55.1676762734175],[-102.929361783626,55.1667223066836],[-102.930272855675,55.1661983236279],[-102.930806076085,55.1656414364036],[-102.930971343672,55.165404552857],[-102.931039002369,55.1652861137402],[-102.931167951085,55.1651911367657],[-102.931410685276,55.1650687078753],[-102.931587094805,55.1649853264346],[-102.931673209946,55.1649169972852],[-102.931546859887,55.1647331847853],[-102.931605338025,55.1646754110487],[-102.931639432746,55.1646772505102],[-102.93191037534,55.164734959708],[-102.931893186852,55.1645025947257],[-102.932006474366,55.1644215996436],[-102.932072343534,55.1643975847896],[-102.932179225973,55.1643899144131],[-102.932283337857,55.1643695845098],[-102.932443236592,55.1644159726246],[-102.932674872023,55.164242902158],[-102.932884939101,55.1642106801855],[-102.933083048387,55.1642093205183],[-102.933296383976,55.1642432998574],[-102.933429594446,55.1643387501023],[-102.933690810356,55.1650186531789],[-102.933582707571,55.1652771564368],[-102.933323488613,55.1655465058701],[-102.933917994516,55.1658995404594],[-102.93441519371,55.1659161726741],[-102.934552511585,55.1660423534157],[-102.935492371767,55.1662327776932]]]},"properties":{"FID":100,"Id":0,"UNIQUE_ID":"PRF184B","Shape__Area":5150024.3157043457,"Shape__Length":17765.013814079794}},{"type":"Feature","id":101,"geometry":{"type":"Polygon","coordinates":[[[-107.618333684867,55.2853399358435],[-107.618332529591,55.2853553163266],[-107.555385161799,55.2853613914831],[-107.555429662828,55.1980806906707],[-107.542771429683,55.1980641009337],[-107.542627923636,55.1693569909856],[-107.593462840073,55.169732481717],[-107.594254630453,55.1703023777056],[-107.596213245125,55.1720979624656],[-107.597106081045,55.1743223845568],[-107.595872580585,55.1782130742366],[-107.597202836532,55.1829728879822],[-107.602858291142,55.1891106230031],[-107.606623136518,55.1937202280179],[-107.606432110222,55.1981973937028],[-107.606432398421,55.1984042209683],[-107.605628289029,55.2002342112228],[-107.606649396986,55.2043782741693],[-107.609808940928,55.2057529928805],[-107.611633467506,55.2072396769327],[-107.612638561516,55.2094824915991],[-107.613628813411,55.2110650425836],[-107.615024508578,55.2138008693665],[-107.614124974712,55.216800450204],[-107.614058742231,55.218876799218],[-107.611572244572,55.2216862890609],[-107.611914170411,55.2235734348903],[-107.611790151524,55.2240113590691],[-107.613573335475,55.2251305569187],[-107.619081457317,55.2270928462602],[-107.620918922135,55.228242975138],[-107.623708259457,55.2293832235539],[-107.626859025658,55.230540251347],[-107.6314085126,55.2320305777306],[-107.635095518021,55.2331928779789],[-107.636963651862,55.2341921716779],[-107.638088800758,55.2352037213126],[-107.639675481165,55.2369187711129],[-107.641062937517,55.240279823098],[-107.642015478051,55.2411037816845],[-107.643563837964,55.2420727300851],[-107.64404555828,55.2434390248022],[-107.643873234397,55.2451917975586],[-107.644337385138,55.2477500090928],[-107.643443234156,55.2493536365327],[-107.643285090269,55.2496992513344],[-107.643110304179,55.2501217615828],[-107.642814236558,55.250833156484],[-107.642833732933,55.2515957197735],[-107.642215556172,55.2516418518001],[-107.641813130829,55.2522130180107],[-107.64220897966,55.2527648252752],[-107.642563897472,55.2537837274983],[-107.642557880358,55.2547841737541],[-107.642318396353,55.2556065311187],[-107.64212846001,55.2563956948647],[-107.641517093257,55.2575782528638],[-107.640512571153,55.2588792903017],[-107.639938375815,55.2595779897946],[-107.639726646797,55.2606841099589],[-107.638788026736,55.2624439950602],[-107.638251028215,55.2639272778953],[-107.637859905124,55.2648157974604],[-107.637499112941,55.2657515977854],[-107.636939484189,55.2665696628232],[-107.635178526898,55.2682482978239],[-107.634623632966,55.2688666302756],[-107.634105894488,55.2696486182284],[-107.634392530024,55.2720526032284],[-107.634751063014,55.273030696537],[-107.635676211451,55.2744904271267],[-107.636933079102,55.2760370122112],[-107.637137279337,55.2767711927334],[-107.637559431967,55.2779099230916],[-107.637130286333,55.2783419781938],[-107.636582585487,55.2792914556182],[-107.635762542871,55.2808267957997],[-107.635099948043,55.281605909328],[-107.634632847436,55.2827648167168],[-107.634249630405,55.2837930161176],[-107.634412215558,55.2853599508511],[-107.633843911896,55.2853783719109],[-107.629685155784,55.2853249009137],[-107.624796411742,55.2853550762429],[-107.620205003223,55.2853938745845],[-107.618333684867,55.2853399358435]]]},"properties":{"FID":101,"Id":0,"UNIQUE_ID":"PRI192","Shape__Area":54890161.60736084,"Shape__Length":35774.559829997124}},{"type":"Feature","id":102,"geometry":{"type":"Polygon","coordinates":[[[-107.736692223952,55.9266366696396],[-107.73674496901,55.9253019877306],[-107.735624416278,55.9245814608293],[-107.733345332924,55.9247002996131],[-107.731839510638,55.9251608710148],[-107.730171121476,55.9251410461158],[-107.72946703086,55.9248015191491],[-107.728018438409,55.9240104700945],[-107.726874506191,55.9234878453938],[-107.724886543877,55.9233877551464],[-107.723609581584,55.9234165471497],[-107.722244756539,55.9234320084109],[-107.721278810526,55.9234020537016],[-107.719895133958,55.9227900760716],[-107.719151833746,55.9225715482762],[-107.718447365867,55.9221154309319],[-107.718940045992,55.9216396624512],[-107.718290061881,55.9208742307706],[-107.716928861043,55.9181378798476],[-107.715794928345,55.9179871132855],[-107.715181833499,55.9165180000782],[-107.714588061863,55.9157928099754],[-107.713146699537,55.9146744185095],[-107.71340359653,55.9143004769532],[-107.718657087784,55.9149746506807],[-107.718947369689,55.9142058052935],[-107.713929417521,55.9135350600458],[-107.713963359113,55.9134856514097],[-107.713935831051,55.9133445048978],[-107.716975724019,55.9131793503797],[-107.716921400736,55.9123025760775],[-107.713757919942,55.9124322567078],[-107.713697847375,55.912124218093],[-107.713596188981,55.9105695570063],[-107.714004853077,55.9098640948669],[-107.713998158043,55.9090912942803],[-107.713598730971,55.9067110200766],[-107.713460978753,55.9058576400238],[-107.713675528624,55.9056040229732],[-107.713554318386,55.904796513037],[-107.713083574999,55.9040096821844],[-107.712943093872,55.9032296519335],[-107.712436280713,55.9024502977254],[-107.713029622596,55.9015636870255],[-107.712838361699,55.9013767224365],[-107.727150836909,55.9012586871791],[-107.730217748977,55.9035083419443],[-107.73171912851,55.9038281647677],[-107.733099340066,55.9044807762589],[-107.732542281205,55.9044962186933],[-107.731914158123,55.9044914097753],[-107.731361149665,55.9045498932523],[-107.730588255011,55.9047182615651],[-107.729716398432,55.905061150068],[-107.729066817094,55.9053599687919],[-107.728691502328,55.9056527692527],[-107.728394327105,55.9061990862393],[-107.72850023135,55.9065590945211],[-107.728492803453,55.9065851750489],[-107.729194668122,55.908184016475],[-107.729863642923,55.9089436200952],[-107.73078938071,55.9096111802142],[-107.731505920192,55.9092963586964],[-107.733018586023,55.90891862769],[-107.733808956221,55.9090250837476],[-107.734353019496,55.9093770574163],[-107.733936934472,55.9103950239524],[-107.73688485685,55.912693882828],[-107.737307285966,55.9125990914435],[-107.73863931555,55.9124938697021],[-107.739672141103,55.9131689177292],[-107.739588498535,55.9139712623291],[-107.740612684492,55.9145073886265],[-107.7416824452,55.9145952683784],[-107.742030837248,55.9139756141746],[-107.742931888649,55.9138128290996],[-107.743118323328,55.9142237769937],[-107.742944716505,55.9148710479141],[-107.744661222205,55.915025051345],[-107.746187707979,55.9154572114784],[-107.746567777412,55.9163932328698],[-107.746476182232,55.9171731939664],[-107.746702366203,55.9176837208408],[-107.746978411989,55.9185616599622],[-107.747540481851,55.9191971055699],[-107.747606545698,55.9196093064802],[-107.748070791889,55.9198594927657],[-107.748812322828,55.9197282617602],[-107.749740211433,55.9201120982812],[-107.749848084456,55.9208693178031],[-107.751037703587,55.9209434600277],[-107.75170559589,55.920947851762],[-107.751806760509,55.9214620059555],[-107.752025585225,55.9220666555381],[-107.75241334013,55.9229085421855],[-107.751378915193,55.9234929567848],[-107.750887278337,55.9240853914236],[-107.749587901782,55.9243968630109],[-107.748813233576,55.9243219975808],[-107.747975630355,55.9244175393857],[-107.747059499411,55.9247552210808],[-107.745849802412,55.9254295178332],[-107.745445924453,55.9260352291825],[-107.744251740365,55.926637776654],[-107.742727244118,55.9266716774353],[-107.741604064788,55.9271261829916],[-107.73989119973,55.9277877990104],[-107.738268490645,55.9284943583833],[-107.736975828224,55.9277483191377],[-107.736692223952,55.9266366696396]]]},"properties":{"FID":102,"Id":0,"UNIQUE_ID":"PRI192D","Shape__Area":3836459.2934570313,"Shape__Length":11034.27281461524}},{"type":"Feature","id":103,"geometry":{"type":"Polygon","coordinates":[[[-106.77022117475,55.8568866745696],[-106.770261163531,55.8386995692886],[-106.771121186005,55.8382021529108],[-106.771702915202,55.8381674005546],[-106.773026158075,55.8383419508766],[-106.773936325865,55.8386329764662],[-106.774542713217,55.8386486767919],[-106.775241584596,55.8387651782459],[-106.776119749518,55.8390661947267],[-106.776384725667,55.8391421880869],[-106.777125105402,55.8393361134276],[-106.777464079114,55.8394927458886],[-106.777793573295,55.8396326895282],[-106.778230541975,55.8397767805961],[-106.778587564584,55.8399049763263],[-106.778843777999,55.8399664105891],[-106.779116859099,55.8399486801362],[-106.779384512173,55.8398320238437],[-106.779397130843,55.8396692866084],[-106.779315318781,55.8395297704767],[-106.779430392894,55.8394977404688],[-106.779619188225,55.8396989429309],[-106.779877202915,55.8401316428967],[-106.78010392982,55.8404703540135],[-106.780037328732,55.8412017186379],[-106.779862254553,55.8417635651265],[-106.779244325097,55.8430499152915],[-106.778817136159,55.8441689899432],[-106.77865101225,55.8446520610544],[-106.778290490997,55.8451556208784],[-106.778019337314,55.8454063655143],[-106.777916131209,55.8456931837632],[-106.778190662679,55.8458227406527],[-106.778582303375,55.8458960876396],[-106.778947657136,55.846018901849],[-106.779315560793,55.8462702194912],[-106.779569303041,55.8463750791606],[-106.780001823432,55.8463747729379],[-106.780289485741,55.8462793576669],[-106.780874515398,55.8461327838185],[-106.781303989825,55.8461610964107],[-106.781860409742,55.8462609311723],[-106.782227303661,55.846358101662],[-106.782321576533,55.8465505229523],[-106.782513490608,55.8468019907114],[-106.782896301733,55.8471055028449],[-106.783506907342,55.8475265094692],[-106.783908121414,55.8477643999037],[-106.784156829493,55.8481938447005],[-106.784441240166,55.8485869774448],[-106.784543275286,55.8487799961178],[-106.784839255159,55.8490417186032],[-106.784809482747,55.8490731603841],[-106.784892226336,55.8493290641678],[-106.784955539232,55.8494964486256],[-106.784944722002,55.8497735379363],[-106.783477688189,55.8497796246595],[-106.78349418538,55.8501387406629],[-106.784863725068,55.8501344445913],[-106.784824213035,55.8503027649598],[-106.784652999496,55.8506194091315],[-106.784642948635,55.8508157566005],[-106.784763466324,55.8514568393225],[-106.785017831704,55.8518729559592],[-106.784986071785,55.8519965909774],[-106.78382062905,55.8528326867129],[-106.783674348591,55.8528693349244],[-106.783603397885,55.8529659672689],[-106.783440696581,55.8530892532771],[-106.783333587117,55.8532208305323],[-106.783142018941,55.853378292371],[-106.782880238082,55.8537101392887],[-106.782886457335,55.8537590136299],[-106.782832069884,55.8538072001477],[-106.782650783493,55.8541843369262],[-106.782741232852,55.85464462591],[-106.782575783713,55.8547823514524],[-106.781416624551,55.8553884993884],[-106.780725213904,55.8557373152228],[-106.780264039096,55.856271302944],[-106.780021976608,55.8565416273288],[-106.779814070263,55.8568918447263],[-106.77022117475,55.8568866745696]]]},"properties":{"FID":103,"Id":0,"UNIQUE_ID":"PRI192A","Shape__Area":1371935.9904174805,"Shape__Length":5738.52937707343}},{"type":"Feature","id":104,"geometry":{"type":"Polygon","coordinates":[[[-107.034468400509,55.8568200296807],[-107.034469378621,55.8563865675928],[-107.034891364596,55.8560507950972],[-107.034875497123,55.8559080519852],[-107.034913418981,55.8555017668034],[-107.035125954385,55.8553273405911],[-107.035515627974,55.8551111732843],[-107.036006118285,55.8549988560558],[-107.037290324319,55.8548661713653],[-107.037586772385,55.8547903295615],[-107.038060195965,55.8546501008796],[-107.03877975452,55.8546263851035],[-107.039357251553,55.8549026325732],[-107.039388220858,55.855377975342],[-107.039541555695,55.8554733342736],[-107.039958620405,55.855441137757],[-107.040166864125,55.8553946215348],[-107.040442848691,55.8553252260845],[-107.040579932375,55.8552693828397],[-107.041691261043,55.8550504772163],[-107.042098895123,55.8549314826663],[-107.042947233173,55.8549236011942],[-107.043277297961,55.8550055700776],[-107.043456061979,55.8550868536131],[-107.043516025114,55.8551667801957],[-107.043294577051,55.8558987666835],[-107.04321286374,55.8560506134347],[-107.043423359213,55.856321085183],[-107.043918586102,55.8565552002009],[-107.043933577407,55.8567617713408],[-107.044655011297,55.8570168196407],[-107.045369413518,55.8572216385136],[-107.046198402228,55.8574523382846],[-107.046562679452,55.8574498863846],[-107.046994527088,55.8572319595315],[-107.047456783667,55.8572288543682],[-107.047825199979,55.8573789072298],[-107.04784429154,55.8577082536978],[-107.047708795238,55.8578574079921],[-107.047801013344,55.8581944481075],[-107.047962261197,55.8583498454149],[-107.048305370497,55.8585068763141],[-107.049271628707,55.8586377824248],[-107.051139124426,55.8586275779395],[-107.051590021454,55.8585024661884],[-107.05222670192,55.8581689493529],[-107.052587621378,55.8578538432463],[-107.053109893319,55.8573768690758],[-107.053552903623,55.8569480992547],[-107.053920483806,55.8565713689433],[-107.054211402285,55.8561618348899],[-107.054506461464,55.8555946468807],[-107.054937136331,55.8549009382699],[-107.05556134071,55.8541693497154],[-107.056048290609,55.8537145786326],[-107.056407549928,55.8535129369481],[-107.057297427434,55.8532356162977],[-107.058103436773,55.852815795986],[-107.059077770199,55.8535094167124],[-107.059828327742,55.8531706325223],[-107.058602531574,55.8522860525397],[-107.058719440538,55.8521785423303],[-107.058983420846,55.8520962288269],[-107.059274155509,55.852077591718],[-107.059953271229,55.8522379691343],[-107.060433859076,55.8522370740926],[-107.060862568975,55.8524457245187],[-107.0610405798,55.8528641432104],[-107.061078162365,55.8532325726081],[-107.061595348852,55.8536771709746],[-107.061663636268,55.8539652625445],[-107.061152350661,55.8543581350149],[-107.060427732231,55.8549175440295],[-107.060157964769,55.8554025234152],[-107.059536675102,55.8562209098779],[-107.058787852133,55.8570614971784],[-107.057942891287,55.8583683105453],[-107.0576709572,55.8586636160582],[-107.057371291619,55.8594239337639],[-107.056919499655,55.8599967169368],[-107.056602114962,55.8605649095332],[-107.056565531937,55.8612401854922],[-107.05648364604,55.8617900503315],[-107.056257673465,55.8620282936394],[-107.055983198275,55.8624049010951],[-107.055860814379,55.86241527262],[-107.034472125736,55.8624224959694],[-107.034468400509,55.8568200296807]]]},"properties":{"FID":104,"Id":0,"UNIQUE_ID":"PRI192B","Shape__Area":1036229.5964355469,"Shape__Length":5902.6365349366606}},{"type":"Feature","id":105,"geometry":{"type":"Polygon","coordinates":[[[-107.379522158011,55.9609342807916],[-107.379497983448,55.9609855855285],[-107.379729580588,55.9614830839761],[-107.37962763772,55.9622702882832],[-107.379250611422,55.963724990433],[-107.37818420552,55.9646269904433],[-107.377565504028,55.9656428413131],[-107.376839429398,55.9662703373174],[-107.375558316948,55.9669346688562],[-107.375078506657,55.9670612057353],[-107.373216309291,55.9668177723383],[-107.371842237348,55.9664713744157],[-107.370270870182,55.9658118905183],[-107.369285990688,55.9649977631145],[-107.368576418844,55.9640552123383],[-107.367978379868,55.963222854935],[-107.367879250678,55.9623598903227],[-107.367883220386,55.9620772291023],[-107.367877994818,55.9620660016311],[-107.367910971811,55.9611231076573],[-107.369036942881,55.9584514567129],[-107.368747335003,55.9574397039194],[-107.36907238826,55.9569387865059],[-107.369338548817,55.9565079355335],[-107.369889546049,55.9562429863034],[-107.37011185679,55.9560779163003],[-107.370456707837,55.9555145876945],[-107.381415584646,55.9557315015379],[-107.381441381706,55.9563278275833],[-107.380816390198,55.9575322566243],[-107.379695991176,55.9597715843027],[-107.379522158011,55.9609342807916]]]},"properties":{"FID":105,"Id":0,"UNIQUE_ID":"PRI192C","Shape__Area":785564.11071777344,"Shape__Length":3541.5130513615354}},{"type":"Feature","id":106,"geometry":{"type":"Polygon","coordinates":[[[-108.944366424032,55.9289450195211],[-108.942802563635,55.9295722251514],[-108.941858782642,55.9290774155634],[-108.940696082392,55.9296378844752],[-108.941575203987,55.9298934441746],[-108.941134372367,55.930008812328],[-108.941064724851,55.9300217706967],[-108.939022471799,55.9295003979533],[-108.938338374682,55.9305289805207],[-108.937559603804,55.9306738485059],[-108.93476102254,55.9310493387815],[-108.934455697337,55.9310578222084],[-108.934397785187,55.9301100691298],[-108.932827334866,55.9301382271733],[-108.932845610102,55.9311025416577],[-108.930670415732,55.93116292164],[-108.927353831358,55.9311540100724],[-108.922390159717,55.9298484263811],[-108.917213041912,55.9284398665296],[-108.914758394413,55.9275230968569],[-108.907145921632,55.9287665406174],[-108.89511267483,55.9278267245017],[-108.887273397499,55.9265679233187],[-108.888659305454,55.9336713459701],[-108.884146442873,55.9354000215608],[-108.875157013682,55.9355893945321],[-108.868527935156,55.9377837624882],[-108.860449354371,55.9396196891717],[-108.857593951997,55.9418823255843],[-108.849883776199,55.943329139261],[-108.844519038198,55.9440929518486],[-108.828478304807,55.9507294407867],[-108.824784186102,55.9510894114196],[-108.823289005413,55.95083444384],[-108.823214917638,55.8815380553371],[-108.979783454973,55.8817551981801],[-108.979859125088,55.8966216510519],[-109.136656751545,55.8961606580479],[-109.13697567278,55.984325248331],[-109.100874591862,55.9844240658847],[-109.100956189969,55.9918345111957],[-109.099868863439,55.9917111402885],[-109.099781026038,55.9901578575319],[-109.098903347578,55.9902887852002],[-109.09954606795,55.9915312987031],[-109.09833549297,55.9917243237391],[-109.096541304588,55.9896645578387],[-109.098241968038,55.9890887454156],[-109.098062123068,55.988730399635],[-109.096111130545,55.9892174918563],[-109.091956283495,55.9844876318424],[-109.090469854149,55.9817673210583],[-109.089735622479,55.9802957378002],[-109.090690678133,55.9783100274544],[-109.089411859723,55.9769072329062],[-109.087664680339,55.9741597573158],[-109.086222983415,55.9703910706768],[-109.088860621039,55.9674308621378],[-109.088356785372,55.964305865419],[-109.085515394406,55.9612354855592],[-109.080986794243,55.9572551611384],[-109.078024997946,55.9548617441931],[-109.073628811052,55.9529902496034],[-109.069164061521,55.9517489215878],[-109.065248926158,55.9507188630376],[-109.062583926846,55.9501325986042],[-109.06036124889,55.9494905096378],[-109.053904918211,55.9483594593906],[-109.050132871745,55.9469700902048],[-109.046140253069,55.9460038178572],[-109.044368003425,55.945174821233],[-109.043551473233,55.9442767617015],[-109.043798963298,55.9438092967237],[-109.042688353107,55.943204923111],[-109.040801649723,55.9427752777002],[-109.035699479774,55.9424809807424],[-109.030698327262,55.9419812811119],[-109.028158301964,55.9407739672355],[-109.028491880028,55.9399492826118],[-109.030155612537,55.9396500997491],[-109.029915275337,55.9387051610669],[-109.028332852179,55.9372618918249],[-109.02640234105,55.9366066249756],[-109.022667419626,55.9322905602204],[-109.021065418276,55.9298232846568],[-109.020148701968,55.9275264370985],[-109.01752140957,55.9250085365407],[-109.016172654052,55.9236898503277],[-109.012974094974,55.9216286907094],[-109.009307642919,55.9207425241592],[-109.00314590799,55.9196248643241],[-108.996400627615,55.9193817773906],[-108.988028721153,55.9200809674723],[-108.973962899929,55.9219722708985],[-108.957651401158,55.9252691414795],[-108.957091937675,55.9248706777508],[-108.972409850675,55.9217868594441],[-108.99602543376,55.9188666341197],[-109.004356954102,55.9192128887867],[-109.01349871625,55.9205699664058],[-109.014893203873,55.9189296986165],[-109.01290885606,55.9151648365086],[-109.000313491347,55.9112901944793],[-108.986258964937,55.9093278214182],[-108.973347731414,55.9083203885891],[-108.957006572393,55.9079857148621],[-108.935934030806,55.9091570587719],[-108.929485871518,55.9104521114793],[-108.935978094452,55.9216153757788],[-108.941802671019,55.9228831821077],[-108.941801044843,55.924636978108],[-108.945330217782,55.9241735483406],[-108.946882924382,55.9265159250128],[-108.944366424032,55.9289450195211]]]},"properties":{"FID":106,"Id":0,"UNIQUE_ID":"PRI193","Shape__Area":105815104.01184082,"Shape__Length":77329.046989201655}},{"type":"Feature","id":107,"geometry":{"type":"Polygon","coordinates":[[[-108.202970079547,56.1509808592223],[-108.195998995077,56.1509992397969],[-108.196011983374,56.132833295688],[-108.195810683393,56.1315818947046],[-108.196204659691,56.131304058472],[-108.197478001516,56.1299799615628],[-108.198513271014,56.1296502039843],[-108.199026212859,56.1297677297371],[-108.19935415126,56.1299841829248],[-108.199595488854,56.1301302884151],[-108.19967090013,56.1304099912045],[-108.199922243948,56.1307260480188],[-108.200094268526,56.1312460507209],[-108.20021423564,56.1321379213878],[-108.20031237811,56.1325894371865],[-108.200801820057,56.133632485701],[-108.20075704195,56.1341511417863],[-108.200495726685,56.1346214383643],[-108.20015899901,56.1351308008627],[-108.200083908768,56.1353778700255],[-108.20003546685,56.1356318726418],[-108.200224463054,56.1359418463323],[-108.200818997597,56.1364188902715],[-108.20177518486,56.1371218500583],[-108.202721443489,56.1380373742162],[-108.203360554708,56.1384252840054],[-108.204277687416,56.1386261402108],[-108.204887416151,56.1388564328955],[-108.205421124734,56.1393414281522],[-108.206089018003,56.1396958254806],[-108.207847543362,56.1400112701888],[-108.208285541486,56.140219519423],[-108.208528259554,56.1403930131714],[-108.207517856453,56.1407359079334],[-108.208179169597,56.1413467237623],[-108.20931240089,56.1409770041043],[-108.210279868507,56.1417139828544],[-108.210641401828,56.1419653802655],[-108.210663350877,56.1419950818604],[-108.209668295177,56.1420540373292],[-108.209717150098,56.1423034474913],[-108.210458788783,56.1422646125184],[-108.210486176608,56.1423959443971],[-108.210845102682,56.1423717313587],[-108.210858112281,56.1425103842516],[-108.210877122201,56.1426595916278],[-108.210918215014,56.1426966166163],[-108.211279947413,56.1430577863754],[-108.211540097354,56.143871341747],[-108.211475820867,56.1453679907666],[-108.211390278299,56.1457136242842],[-108.210721006788,56.145781874237],[-108.209904121387,56.1460562411494],[-108.209240974292,56.1466025742533],[-108.20883809523,56.1467137201552],[-108.208408281897,56.1469287023291],[-108.208149019771,56.147133690438],[-108.208037089484,56.147697185546],[-108.207869131703,56.1483511602942],[-108.208155537729,56.1487436481924],[-108.208180156078,56.1490159186069],[-108.207940009134,56.1493830852603],[-108.207521994799,56.1496772099989],[-108.20677643387,56.1498521332609],[-108.205871207889,56.1500659584837],[-108.205056297376,56.1504872745524],[-108.20437615842,56.1507081780435],[-108.203460270844,56.1507822970047],[-108.202970079547,56.1509808592223]]]},"properties":{"FID":107,"Id":0,"UNIQUE_ID":"PRI193A","Shape__Area":1310528.8480224609,"Shape__Length":6059.5274956070953}},{"type":"Feature","id":108,"geometry":{"type":"Polygon","coordinates":[[[-108.69268658203,56.4632712897551],[-108.692688272504,56.4779672625221],[-108.690988618712,56.4771863314655],[-108.690021168688,56.476959573196],[-108.685227642431,56.4757307061954],[-108.684483397618,56.4755217582057],[-108.684123022209,56.4752589101072],[-108.684176150061,56.4743331936184],[-108.683901237047,56.4739105341144],[-108.684081439918,56.4734776761102],[-108.684430473254,56.4728226034504],[-108.684150699286,56.472490220515],[-108.683769117915,56.471968356522],[-108.683670981597,56.4716513761361],[-108.683578576964,56.4711094871341],[-108.683403549695,56.4707345420424],[-108.683031434529,56.4707496511608],[-108.682571055772,56.4709174355806],[-108.681993491641,56.4710620203744],[-108.681586392589,56.4709543007349],[-108.681295512671,56.4703542037414],[-108.681567033668,56.4692974631713],[-108.681340053901,56.4689960661424],[-108.680606165383,56.4685392312634],[-108.68017982857,56.4683142578917],[-108.679754562903,56.4683656811869],[-108.679055547211,56.468270833916],[-108.678706676789,56.4677973321786],[-108.678628078013,56.4672053557641],[-108.678098140374,56.4668915618193],[-108.67796596999,56.4663813991564],[-108.678591768185,56.465755672296],[-108.680126979609,56.465091714512],[-108.680299758481,56.4648507948993],[-108.68046444182,56.464304732507],[-108.681030428413,56.4635714241775],[-108.681813908615,56.4633236014156],[-108.682940260416,56.4632878069725],[-108.683563524019,56.4634659212258],[-108.684013499228,56.4639711218373],[-108.684562562225,56.4641582091217],[-108.685387728097,56.4642526790215],[-108.685981810767,56.4641900481104],[-108.686512781045,56.4640333582598],[-108.687557512906,56.4632957648535],[-108.687555999286,56.4632707816665],[-108.69268658203,56.4632712897551]]]},"properties":{"FID":108,"Id":0,"UNIQUE_ID":"PRI193B","Shape__Area":937039.82391357422,"Shape__Length":4619.34832495201}},{"type":"Feature","id":109,"geometry":{"type":"Polygon","coordinates":[[[-105.166033539214,55.2831697995895],[-105.166271562726,55.2831334281695],[-105.166512548464,55.2831040974709],[-105.166755861939,55.2830818862849],[-105.167000854872,55.2830668533336],[-105.16724687996,55.2830590377667],[-105.167493281881,55.2830584618454],[-105.167739410273,55.283065125108],[-105.167984611762,55.2830790106713],[-105.168228235783,55.2831000828388],[-105.168469635398,55.2831282842407],[-105.168708173582,55.2831635408235],[-105.168943214021,55.2832057580565],[-105.169174137159,55.2832548259504],[-105.169400328645,55.2833106126959],[-105.169621191141,55.2833729719288],[-105.169836136189,55.2834417369816],[-105.170044593674,55.2835167255804],[-105.170246013399,55.2835977396991],[-105.170439859825,55.2836845641868],[-105.170625619174,55.2837769688978],[-105.17080279943,55.2838747086908],[-105.170970929005,55.2839775244787],[-105.171129563597,55.2840851444535],[-105.17127828383,55.2841972815181],[-105.171416690711,55.2843136402007],[-105.171544421781,55.2844339105274],[-105.171661136549,55.2845577740024],[-105.171766524413,55.2846849028784],[-105.171860307581,55.2848149589597],[-105.171942236003,55.284947598708],[-105.172012092698,55.2850824690404],[-105.172069692369,55.2852192139521],[-105.172114883296,55.2853574697019],[-105.172147543612,55.2854968688677],[-105.172167587075,55.2856370435267],[-105.172174960466,55.285777621783],[-105.1721696441,55.2859182295766],[-105.172151651525,55.2860584953515],[-105.172121031667,55.2861980461466],[-105.172077865358,55.2863365125553],[-105.172022264827,55.2864735269171],[-105.17195437922,55.2866087255934],[-105.171874388777,55.2867417513607],[-105.171782504067,55.2868722506969],[-105.171678970177,55.2869998771087],[-105.171564058797,55.2871242918604],[-105.171438078745,55.2872451667183],[-105.171301361504,55.2873621787857],[-105.171154268789,55.2874750200161],[-105.170997191832,55.2875833889269],[-105.170830547597,55.2876870002288],[-105.170654778324,55.2877855774445],[-105.170470348561,55.2878788596782],[-105.170277747823,55.2879665995158],[-105.170077486095,55.2880485643677],[-105.169870097251,55.2881245370815],[-105.169656127456,55.2881943151555],[-105.169436147786,55.2882577151449],[-105.169210739762,55.2883145674974],[-105.168980501637,55.2883647215436],[-105.168746044967,55.2884080448845],[-105.168507989347,55.2884444220202],[-105.168266969768,55.2884737573855],[-105.168023621076,55.2884959721396],[-105.167778591924,55.2885110075226],[-105.167532529999,55.288518824359],[-105.167286091013,55.2885194003741],[-105.167039925721,55.2885127360287],[-105.166794687888,55.2884988482173],[-105.166551028466,55.2884777726605],[-105.166309594766,55.2884495667638],[-105.166071024174,55.2884143046285],[-105.16583595335,55.288372080844],[-105.165605002171,55.2883230054692],[-105.165378785284,55.2882672103926],[-105.165157900299,55.2882048420667],[-105.164942935908,55.2881360672556],[-105.164734462437,55.2880610683364],[-105.164533030247,55.2879800434447],[-105.164339175012,55.2878932078455],[-105.164153410602,55.2878007918023],[-105.163976229088,55.2877030405767],[-105.16380810207,55.2876002133769],[-105.163649473824,55.2874925821318],[-105.163500763658,55.2873804340579],[-105.163362370459,55.2872640647439],[-105.163234656541,55.2871437842763],[-105.163117962212,55.2870199112583],[-105.163012597858,55.2868927735386],[-105.162918841022,55.2867627094065],[-105.162836941475,55.2866300624855],[-105.162767115891,55.2864951859348],[-105.162709549239,55.286358435825],[-105.162664392886,55.2862201759523],[-105.162631768336,55.2860807737826],[-105.16261176145,55.2859405972705],[-105.162604425059,55.2858000183316],[-105.162609778457,55.2856594110333],[-105.162627807702,55.285519146926],[-105.16265846348,55.2853795989534],[-105.162701664579,55.2852411364919],[-105.1627572984,55.2851041271605],[-105.162825215445,55.2849689345443],[-105.16290523514,55.2848359158024],[-105.162997146606,55.2847054243827],[-105.163100704473,55.2845778066945],[-105.163215636796,55.284453401381],[-105.163341634536,55.2843325365758],[-105.163478366022,55.2842155350691],[-105.163625469388,55.2841027047955],[-105.16378255329,55.2839943471215],[-105.163949200688,55.283890747217],[-105.164124969311,55.2837921814388],[-105.164309394616,55.2836989105613],[-105.164501987136,55.2836111818782],[-105.164702236974,55.2835292278611],[-105.164909610381,55.2834532655472],[-105.165123561355,55.2833834973282],[-105.165343519022,55.2833201065443],[-105.165568902091,55.2832632626503],[-105.165799112577,55.283213116226],[-105.166033539214,55.2831697995895]]]},"properties":{"FID":109,"Id":0,"UNIQUE_ID":"PRA156C","Shape__Area":279026.70346069336,"Shape__Length":1872.7328142344327}},{"type":"Feature","id":110,"geometry":{"type":"Polygon","coordinates":[[[-104.792567626391,55.2753850571041],[-104.792661199177,55.275331607438],[-104.792763012415,55.2752833141356],[-104.792872195747,55.2752405899127],[-104.79298781698,55.2752037991919],[-104.793108892693,55.275173255309],[-104.79323438799,55.2751492196085],[-104.793363232959,55.2751318962776],[-104.793494327916,55.275121433736],[-104.793626553768,55.2751179209364],[-104.793758784943,55.2751213871465],[-104.793889890121,55.2751318046648],[-104.794018753456,55.2751490832321],[-104.794144274457,55.275173075604],[-104.794265382506,55.2752035771906],[-104.79438104528,55.2752403271646],[-104.794490273394,55.2752830136115],[-104.794592137598,55.2753312710772],[-104.794685767577,55.2753846880916],[-104.794770365617,55.2754428096643],[-104.794845208687,55.2755051389538],[-104.794909658335,55.2755711438071],[-104.794963165589,55.2756402628146],[-104.795005272539,55.2757119051689],[-104.795035621393,55.2757854600611],[-104.79505395205,55.2758602996768],[-104.795060108576,55.2759357851118],[-104.795054039597,55.276011273755],[-104.795035793541,55.2760861197099],[-104.795005528434,55.2761596859077],[-104.794963502141,55.276231344045],[-104.794910072994,55.2763004828732],[-104.79484569786,55.2763665130068],[-104.794770923116,55.2764288695782],[-104.794686388947,55.2764870220564],[-104.794592816164,55.2765404735621],[-104.794491001835,55.276588768673],[-104.794381816354,55.2766314946116],[-104.794266191987,55.276668286897],[-104.794145112262,55.2766988321402],[-104.794019612212,55.2767228689501],[-104.793890761911,55.276740193102],[-104.793759661224,55.2767506561481],[-104.793627429439,55.2767541691185],[-104.793495192331,55.2767507027399],[-104.79336408142,55.2767402847192],[-104.793235212749,55.2767230053329],[-104.793109686991,55.2766990118534],[-104.792988574925,55.276668508908],[-104.792872909011,55.2766317573705],[-104.792763678742,55.2765890692088],[-104.792661813439,55.276540809935],[-104.792568183456,55.276487391081],[-104.792483586508,55.2764292676999],[-104.792408745587,55.2763669366946],[-104.792344299072,55.2763009302767],[-104.79229079583,55.276231809909],[-104.792248693633,55.2761601664452],[-104.792218350111,55.276086610732],[-104.792200025185,55.2760117706118],[-104.792193874592,55.275936285006],[-104.792199949505,55.2758607965314],[-104.792218201292,55.2757859510788],[-104.792248471734,55.2757123857],[-104.792290502785,55.2756407286704],[-104.792343935949,55.2755715912009],[-104.792408314223,55.2755055626307],[-104.792483091123,55.2754432077743],[-104.792567626391,55.2753850571041]]]},"properties":{"FID":110,"Id":0,"UNIQUE_ID":"PRA157C","Shape__Area":25014.932159423828,"Shape__Length":560.866068866083}},{"type":"Feature","id":111,"geometry":{"type":"Polygon","coordinates":[[[-109.129436340428,54.0288844630958],[-109.130051348,54.0285396586295],[-109.130674796865,54.0282001538257],[-109.131306555208,54.027866019439],[-109.131946490061,54.0275373273177],[-109.132594465589,54.0272141459484],[-109.133250345634,54.0268965429285],[-109.133913989512,54.0265845864606],[-109.13458525856,54.0262783416736],[-109.135264009245,54.0259778734111],[-109.135950100739,54.0256832452254],[-109.136643387003,54.0253945194928],[-109.137343719478,54.0251117561205],[-109.138050952985,54.0248350155065],[-109.138764938655,54.024564356672],[-109.139485521722,54.0242998356815],[-109.140212553834,54.0240415086878],[-109.140945879573,54.0237894299793],[-109.141685343535,54.0235436538479],[-109.14243079199,54.0233042306219],[-109.14318206517,54.0230712114391],[-109.143939004149,54.0228446454572],[-109.144701451185,54.0226245807457],[-109.145469244499,54.0224110631076],[-109.146242222323,54.0222041383502],[-109.147020220362,54.0220038498135],[-109.147803073994,54.0218102399508],[-109.148590620949,54.0216233490349],[-109.149382690719,54.0214432165687],[-109.15017911886,54.0212698812537],[-109.150979738056,54.0211033784338],[-109.151784376808,54.0209437449533],[-109.152592866451,54.020791012602],[-109.153405037505,54.0206452151583],[-109.154220717273,54.0205063821525],[-109.155039733409,54.020374544011],[-109.155861913722,54.0202497274004],[-109.156687084856,54.0201319600847],[-109.157515071752,54.0200212653792],[-109.158345701214,54.0199176672939],[-109.159178795999,54.0198211875746],[-109.160014181556,54.0197318466789],[-109.160851682996,54.0196496641788],[-109.161691120696,54.0195746556014],[-109.162532319096,54.0195068387483],[-109.16337510058,54.019446226082],[-109.164219288227,54.0193928318525],[-109.165064703745,54.0193466667522],[-109.165911166992,54.0193077407902],[-109.166758499827,54.0192760609055],[-109.167606526309,54.0192516356232],[-109.168455064246,54.0192344696251],[-109.169303935303,54.0192245652123],[-109.170152961829,54.0192219264733],[-109.171001964118,54.0192265521576],[-109.171850762808,54.0192384419118],[-109.172699177848,54.0192575936064],[-109.17354703153,54.019284002933],[-109.174394145798,54.0193176646981],[-109.175240340056,54.0193585712435],[-109.176085436727,54.0194067145134],[-109.176929257207,54.0194620837853],[-109.177771624056,54.0195246672499],[-109.178612359488,54.019594452213],[-109.179451285026,54.0196714242045],[-109.180288224186,54.0197555656839],[-109.181123001163,54.0198468608978],[-109.181955439603,54.019945288552],[-109.182785364174,54.0200508300302],[-109.183612598649,54.0201634602838],[-109.184436968508,54.020283158724],[-109.185258301363,54.020409897926],[-109.186076421791,54.0205436508738],[-109.186891159583,54.0206843917328],[-109.187702340611,54.0208320886395],[-109.188509794446,54.0209867111137],[-109.189313351133,54.0211482258051],[-109.190112839541,54.0213166004616],[-109.190908094714,54.0214917982623],[-109.191698943783,54.0216737825108],[-109.192485222598,54.0218625144116],[-109.193266767,54.0220579551742],[-109.194043406905,54.0222600630554],[-109.194814982806,54.0224687949016],[-109.195581329961,54.0226841063882],[-109.196342288494,54.0229059534788],[-109.197097694119,54.0231342889826],[-109.197847389755,54.0233690638105],[-109.198591217139,54.0236102299705],[-109.199329019304,54.0238577346156],[-109.20006063844,54.0241115268861],[-109.200785922088,54.0243715533353],[-109.201504716746,54.0246377578472],[-109.20221686958,54.0249100860904],[-109.202922232078,54.0251884784737],[-109.203620653716,54.0254728784853],[-109.204311985262,54.0257632247577],[-109.204996083865,54.0260594560076],[-109.205672804455,54.0263615093746],[-109.206342002293,54.0266693228913],[-109.207003536956,54.0269828293294],[-109.207657269379,54.0273019650253],[-109.208303058073,54.0276266600819],[-109.20894077082,54.0279568480458],[-109.209570270293,54.028292457525],[-109.210191424377,54.0286334183033],[-109.21080410211,54.0289796590725],[-109.211408171479,54.0293311058529],[-109.212003507198,54.0296876856377],[-109.212589982584,54.0300493218577],[-109.213167472799,54.0304159386325],[-109.213735857181,54.0307874585839],[-109.214295013194,54.0311638036457],[-109.214844823994,54.0315448940512],[-109.215385174235,54.0319306498309],[-109.21591594752,54.032320988343],[-109.216437032666,54.0327158281194],[-109.216948318952,54.0331150848163],[-109.217449697843,54.0335186756685],[-109.217941062783,54.0339265148326],[-109.218422311395,54.034338514966],[-109.218893340459,54.0347545907085],[-109.219354049082,54.0351746545126],[-109.219804341372,54.0355986153467],[-109.220244121287,54.036026385943],[-109.220673295933,54.0364578748615],[-109.221091772402,54.0368929906603],[-109.221499464511,54.0373316428665],[-109.221896284687,54.0377737374425],[-109.222282148714,54.0382191808336],[-109.222656974219,54.0386678801709],[-109.223020682668,54.039119740194],[-109.223373195513,54.0395746656394],[-109.22371443839,54.0400325597428],[-109.224044338434,54.0404933255338],[-109.224362826485,54.0409568674156],[-109.224669834676,54.0414230849294],[-109.224965296505,54.0418918811758],[-109.225249151167,54.0423631575511],[-109.225521335304,54.0428368129783],[-109.225781794144,54.0433127480361],[-109.226030469535,54.0437908628141],[-109.226267310538,54.044271055494],[-109.226492264693,54.0447532244565],[-109.226705285927,54.0452372681586],[-109.226906326303,54.0457230843649],[-109.227095345442,54.046210569823],[-109.227272301789,54.0466996223695],[-109.227437157634,54.0471901374475],[-109.227589877464,54.0476820120746],[-109.227730427271,54.0481751430612],[-109.227858779922,54.0486694244188],[-109.227974904427,54.0491647525438],[-109.228078778872,54.049661022612],[-109.228170378312,54.0501581302001],[-109.228249683853,54.0506559700695],[-109.228316677767,54.0511544358836],[-109.228371347552,54.0516534224747],[-109.228413678023,54.0521528259662],[-109.228443660526,54.0526525387915],[-109.228461290469,54.0531524556463],[-109.228466560229,54.0536524716264],[-109.228459471266,54.0541524806073],[-109.228440023529,54.0546523766622],[-109.228408219991,54.0551520534545],[-109.228364067347,54.0556514060187],[-109.228307573803,54.0561503291819],[-109.228238751768,54.0566487162682],[-109.22815761434,54.0571464623779],[-109.228064179164,54.057643461999],[-109.227958465745,54.058139610303],[-109.227840495106,54.058634802254],[-109.227710291305,54.0591289324062],[-109.227567883633,54.0596218964829],[-109.22741329836,54.0601135906082],[-109.227246571189,54.0606039105767],[-109.227067733289,54.0610927527865],[-109.226876826778,54.0615800131035],[-109.22667388621,54.0620655884028],[-109.22645895778,54.0625493768092],[-109.226232087003,54.0630312746615],[-109.225993317405,54.0635111813723],[-109.225742702778,54.063988994041],[-109.225480294583,54.0644646119501],[-109.225206149178,54.064937934661],[-109.224920321072,54.0654088610434],[-109.224622872566,54.0658772936066],[-109.22431386576,54.0663431302003],[-109.223993366351,54.0668062738126],[-109.223661440044,54.0672666274284],[-109.223318157582,54.0677240905467],[-109.22296359213,54.0681785688989],[-109.222597818864,54.068629965136],[-109.222220912488,54.0690781847812],[-109.22183295309,54.0695231307628],[-109.22143402401,54.0699647102583],[-109.22102420674,54.0704028297543],[-109.22060359105,54.0708373965038],[-109.220172263348,54.0712683172723],[-109.219730314466,54.0716955019809],[-109.219277839794,54.0721188599416],[-109.218814931707,54.0725383008694],[-109.218341691547,54.0729537370283],[-109.217858215438,54.0733650795069],[-109.217364607783,54.0737722401615],[-109.216860972861,54.0741751346128],[-109.216347417656,54.0745736771849],[-109.21582404765,54.0749677824032],[-109.215290977294,54.0753573673435],[-109.214748314996,54.0757423498909],[-109.214196179784,54.0761226465125],[-109.21363468485,54.076498179142],[-109.213063951804,54.0768688667162],[-109.212484100274,54.0772346312496],[-109.211895251767,54.0775953954452],[-109.211297532347,54.077951081399],[-109.210691066447,54.0783016151759],[-109.210075984573,54.0786469220317],[-109.209452416079,54.0789869283163],[-109.208820492882,54.0793215628506],[-109.208180348088,54.0796507533637],[-109.207532117711,54.0799744309468],[-109.206875938125,54.0802925275835],[-109.206211950267,54.0806049746519],[-109.205540293092,54.0809117066093],[-109.204861110462,54.0812126581986],[-109.204174543566,54.0815077654604],[-109.203480738848,54.0817969656122],[-109.20277984531,54.0820801983444],[-109.202072008599,54.0823574028635],[-109.201357378094,54.0826285197558],[-109.200636109113,54.0828934925672],[-109.199908350583,54.0831522647649],[-109.19917425854,54.0834047816826],[-109.198433989035,54.0836509886573],[-109.197687696477,54.0838908349977],[-109.196935541352,54.0841242692066],[-109.196177683334,54.0843512417751],[-109.195414280936,54.0845717042907],[-109.19464549675,54.0847856106134],[-109.193871493379,54.0849929146071],[-109.193092435989,54.0851935726105],[-109.192308490098,54.0853875418575],[-109.191519818897,54.0855747817726],[-109.190726593851,54.0857552525559],[-109.189928980378,54.0859289152205],[-109.189127146793,54.0860957341461],[-109.18832126563,54.0862556722198],[-109.187511506601,54.0864086973946],[-109.186698040259,54.0865547756445],[-109.1858810404,54.0866938772016],[-109.185060680484,54.0868259714118],[-109.184237133843,54.0869510313925],[-109.183410574984,54.0870690291732],[-109.182581180144,54.0871799412438],[-109.181749123708,54.0872837434108],[-109.180914584129,54.087380413755],[-109.18007773718,54.0874699316579],[-109.179238758981,54.0875522773978],[-109.178397830412,54.0876274353095],[-109.177555128291,54.0876953874647],[-109.176710831506,54.0877561212868],[-109.17586511826,54.0878096224232],[-109.175018168135,54.0878558800911],[-109.174170162575,54.0878948842028],[-109.173321281025,54.0879266277534],[-109.172471700732,54.0879511021639],[-109.171621605208,54.0879683027108],[-109.170771174105,54.0879782270641],[-109.16992058639,54.087980871118],[-109.169070023093,54.0879762361188],[-109.168219664896,54.0879643224279],[-109.167369693172,54.0879451321946],[-109.166520286943,54.0879186697603],[-109.165671625578,54.0878849403632],[-109.164823890986,54.0878439517188],[-109.163977262043,54.0877957119524],[-109.163131918653,54.0877402318682],[-109.162288039541,54.0876775233691],[-109.161445803775,54.0876075992553],[-109.160605391102,54.0875304741143],[-109.159766979264,54.0874461656169],[-109.15893074531,54.0873546896568],[-109.158096866827,54.0872560676819],[-109.157265520366,54.0871503184724],[-109.156436883358,54.0870374672531],[-109.15561113151,54.0869175347995],[-109.154788438376,54.0867905487344],[-109.153968980535,54.0866565362832],[-109.153152929323,54.086515523499],[-109.152340459982,54.0863675424761],[-109.151531744031,54.0862126239353],[-109.15072695249,54.0860508014771],[-109.149926257541,54.085882107614],[-109.149129825151,54.0857065794362],[-109.148337829196,54.0855242539214],[-109.147550434789,54.0853351701527],[-109.146767807033,54.0851393672175],[-109.145990116936,54.0849368871676],[-109.145217524884,54.0847277734697],[-109.144450196484,54.0845120707724],[-109.143688292439,54.0842898234418],[-109.142931977842,54.0840610790094],[-109.142181410536,54.083825886909],[-109.141436749524,54.0835842954856],[-109.140698152477,54.0833363579461],[-109.139965777881,54.0830821255173],[-109.139239778831,54.0828216520174],[-109.138520309434,54.0825549939409],[-109.137807523098,54.0822822060031],[-109.137101568867,54.0820033481835],[-109.136402597769,54.0817184773882],[-109.135710759502,54.0814276553843],[-109.135026197342,54.0811309438557],[-109.134349056749,54.0808284060694],[-109.133679482824,54.0805201044034],[-109.133017616305,54.0802061064989],[-109.132363596539,54.0798864764344],[-109.131717565257,54.0795612845279],[-109.131079654883,54.0792305976499],[-109.130450002908,54.0788944876165],[-109.129828741579,54.0785530250666],[-109.129216001948,54.0782062817326],[-109.128611916082,54.0778543320213],[-109.12801660928,54.0774972493631],[-109.127430208199,54.0771351107533],[-109.126852837616,54.076767992498],[-109.12628461809,54.0763959723983],[-109.125725672021,54.0760191289456],[-109.125176116072,54.075637542327],[-109.124636065375,54.0752512929308],[-109.124105636072,54.0748604638184],[-109.123584939056,54.074465136872],[-109.123074084717,54.0740653968477],[-109.122573181229,54.0736613269198],[-109.122082334746,54.0732530133375],[-109.1216016472,54.0728405438435],[-109.121131221341,54.0724240041957],[-109.120671157555,54.0720034823353],[-109.12022155118,54.0715790696802],[-109.119782497684,54.0711508538805],[-109.119354089344,54.0707189267529],[-109.11893641842,54.0702833801117],[-109.118529570414,54.0698443047917],[-109.118133632184,54.0694017951899],[-109.117748687198,54.0689559452119],[-109.117374817055,54.068506848071],[-109.117012099479,54.0680545993634],[-109.116660612181,54.0675992946823],[-109.116320428655,54.0671410311129],[-109.115991620869,54.0666799059382],[-109.115674257064,54.0662160150581],[-109.115368404149,54.0657494592271],[-109.115074127653,54.0652803356318],[-109.114791487378,54.0648087431507],[-109.114520545652,54.0643347831315],[-109.114261356197,54.0638585552498],[-109.114013976093,54.0633801596665],[-109.11377845518,54.0628996984352],[-109.113554844803,54.0624172734047],[-109.113343189897,54.0619329863326],[-109.113143537244,54.0614469396626],[-109.112955926047,54.0609592368395],[-109.112780396672,54.0604699802117],[-109.112616985618,54.0599792745087],[-109.112465727179,54.0594872228744],[-109.112326654129,54.0589939286493],[-109.112199792345,54.058499497957],[-109.112085171559,54.0580040345308],[-109.111982812412,54.0575076433062],[-109.111892738569,54.0570104288116],[-109.111814967632,54.056512496375],[-109.111749516029,54.0560139524119],[-109.111696394956,54.0555149021538],[-109.111655618294,54.0550154495345],[-109.111627193375,54.0545157021612],[-109.111611123477,54.0540157653653],[-109.111607414902,54.0535157440713],[-109.11161606487,54.0530157444049],[-109.111637072112,54.0525158722861],[-109.111670432331,54.0520162340322],[-109.11171613752,54.0515169345755],[-109.111774178158,54.0510180790444],[-109.111844540526,54.0505197740569],[-109.111927210222,54.0500221244441],[-109.112022168306,54.0495252356353],[-109.112129393986,54.049029212365],[-109.112248864956,54.0485341595644],[-109.11238055589,54.0480401825619],[-109.112524436238,54.0475473855021],[-109.112680478487,54.0470558721234],[-109.112848645699,54.0465657464746],[-109.113028905487,54.046077111997],[-109.11322121453,54.0455900726438],[-109.113425537085,54.0451047313587],[-109.113641825791,54.0446211898152],[-109.113870033981,54.0441395514649],[-109.114110116998,54.0436599166798],[-109.114362019937,54.0431823881266],[-109.114625690247,54.0427070662838],[-109.114901070505,54.0422340513382],[-109.115188105152,54.0417634441626],[-109.115486730875,54.0412953419756],[-109.115796884566,54.0408298466482],[-109.116118499567,54.0403670549031],[-109.116451509228,54.0399070634594],[-109.116795841883,54.0394499725105],[-109.117151423485,54.0389958760095],[-109.117518177998,54.0385448709818],[-109.117896029886,54.0380970515755],[-109.118284898257,54.0376525145229],[-109.118684699008,54.0372113522992],[-109.119095349906,54.0367736580671],[-109.119516760481,54.0363395242106],[-109.119948843644,54.0359090436003],[-109.120391507929,54.0354823059425],[-109.120844657342,54.0350594015454],[-109.121308198932,54.0346404203128],[-109.121782030828,54.0342254495885],[-109.122266056399,54.0338145778935],[-109.122760170777,54.0334078929713],[-109.123264269258,54.0330054787984],[-109.123778244469,54.0326074206441],[-109.124301990563,54.0322138035755],[-109.124835392778,54.0318247101007],[-109.125378342423,54.0314402219222],[-109.125930720224,54.0310604221509],[-109.126492412788,54.0306853884359],[-109.127063298338,54.0303152014156],[-109.127643257115,54.0299499386532],[-109.128232167524,54.0295896770218],[-109.128829903443,54.0292344939989],[-109.129436340428,54.0288844630958]]]},"properties":{"FID":111,"Id":0,"UNIQUE_ID":"PRF129B","Shape__Area":44494311.470581055,"Shape__Length":23646.180768517857}},{"type":"Feature","id":112,"geometry":{"type":"Polygon","coordinates":[[[-102.686457229638,53.4785105021078],[-102.607574065798,53.5075380643753],[-102.597127270704,53.4975507783876],[-102.62820557166,53.4862029765117],[-102.624229133966,53.4822931289722],[-102.650071066039,53.4728392177511],[-102.654313502539,53.4765068189508],[-102.675900602606,53.4686102210721],[-102.686457229638,53.4785105021078]]]},"properties":{"FID":112,"Id":0,"UNIQUE_ID":"PRLW28","Shape__Area":8783779.45022583,"Shape__Length":15647.702794884943}},{"type":"Feature","id":113,"geometry":{"type":"MultiPolygon","coordinates":[[[[-108.193037249036,52.973046107019],[-108.192927226464,52.9584507773397],[-108.229149242653,52.9585029832016],[-108.229085222813,52.9729726804787],[-108.193037249036,52.973046107019]]],[[[-108.193037249036,52.973046107019],[-108.193001326171,52.9876198300807],[-108.180861319294,52.9876164732025],[-108.180904909425,52.9729660807714],[-108.193037249036,52.973046107019]]]]},"properties":{"FID":113,"Id":0,"UNIQUE_ID":"PRF112A","Shape__Area":5111378.8312683105,"Shape__Length":12797.925406440054}},{"type":"Feature","id":114,"geometry":{"type":"Polygon","coordinates":[[[-108.32124214003,53.0782669522744],[-108.324223166149,53.0790585017913],[-108.32477803054,53.0798171006638],[-108.325782716223,53.0810366359019],[-108.326524508961,53.0823244019282],[-108.329115280012,53.0829951575529],[-108.331216484812,53.083417442351],[-108.332852629874,53.083173305901],[-108.333116550971,53.0891200608564],[-108.344927726837,53.0892314272668],[-108.34498659412,53.0963401259664],[-108.357529366427,53.0962584077884],[-108.357677705362,53.0892030394488],[-108.359109411929,53.0902362810226],[-108.359562501097,53.0909968274116],[-108.36091936725,53.0918183984973],[-108.361282557691,53.0923249612023],[-108.362475859482,53.093410918818],[-108.363771359641,53.0949926865566],[-108.36502947366,53.0964686210986],[-108.369206390933,53.097743794176],[-108.369326638876,53.1034008621161],[-108.344499609142,53.1035062132239],[-108.344685755661,53.1183505747217],[-108.369158414478,53.1182839238782],[-108.369088213889,53.1325046190509],[-108.344715767647,53.1324643174761],[-108.345118948563,53.1834608112536],[-108.320413959886,53.1834207195983],[-108.320516061104,53.1906353006821],[-108.296498195467,53.1908889874401],[-108.29663052213,53.1763348759361],[-108.321033306835,53.1763514322099],[-108.321008612819,53.161518604198],[-108.296001524093,53.1615921946916],[-108.296033132084,53.1763118855634],[-108.271985131794,53.1762421727761],[-108.272232588174,53.1329272020058],[-108.321092841398,53.132930918405],[-108.32124214003,53.0782669522744]]]},"properties":{"FID":114,"Id":0,"UNIQUE_ID":"PRF159","Shape__Area":36026700.017730713,"Shape__Length":48050.039814383468}},{"type":"Feature","id":115,"geometry":{"type":"MultiPolygon","coordinates":[[[[-108.352532675029,54.3254044339445],[-108.352400897199,54.3109626873932],[-108.402109630188,54.3108648405392],[-108.402179278627,54.3253806346757],[-108.352532675029,54.3254044339445]]],[[[-108.378105336325,54.428882901311],[-108.376808994853,54.4288886891943],[-108.374326787752,54.4289590668497],[-108.373421721707,54.4289161257538],[-108.369609807375,54.4285607244197],[-108.367768851782,54.4287793327832],[-108.36643914538,54.4291313651827],[-108.365211732288,54.4293254767501],[-108.363945770147,54.4293169627997],[-108.364080008289,54.4296839681855],[-108.359552897435,54.4311178173077],[-108.352724649075,54.4310744333523],[-108.352052496964,54.4305979583858],[-108.351534597108,54.4301541704166],[-108.351591030431,54.4292864735229],[-108.345177285951,54.429305236897],[-108.344973760415,54.4290401594897],[-108.344344444644,54.4288773027001],[-108.34380977211,54.4290963174312],[-108.3433795557,54.4291961782624],[-108.342671982797,54.4291911016793],[-108.341538064067,54.4289535738866],[-108.339920753252,54.427953121501],[-108.33881626317,54.4278563463193],[-108.338814102322,54.4274840271618],[-108.338760218586,54.427486605342],[-108.337943793956,54.4274950094086],[-108.337207006545,54.426723720317],[-108.336789983937,54.4265166516049],[-108.336267097938,54.4263625356677],[-108.33560776839,54.4263647061053],[-108.334984812209,54.426435358208],[-108.332605853822,54.4265080729041],[-108.332595357834,54.4256720579757],[-108.328290024086,54.4256543577664],[-108.328195619964,54.4255872380898],[-108.327891500555,54.4255841772728],[-108.327111681571,54.4256699990807],[-108.326353106486,54.4257885156654],[-108.326144552928,54.4258692101104],[-108.325883907405,54.4260614174445],[-108.325741375694,54.4263706038481],[-108.325107968145,54.4267842838144],[-108.325122291407,54.4269484086213],[-108.32538054767,54.427188468477],[-108.325268579385,54.4274744249365],[-108.323312307023,54.4274780264917],[-108.323252482452,54.4129861304793],[-108.328228328012,54.4129662634569],[-108.328081330739,54.3982283625708],[-108.35318124269,54.3982159383788],[-108.353147629212,54.3875111266365],[-108.377867414861,54.3876774200768],[-108.37840316457,54.4129375868652],[-108.423744383331,54.4130334448123],[-108.423869125684,54.4172513704493],[-108.422502286977,54.4177782304037],[-108.420565682712,54.4173079750345],[-108.416442319148,54.4167942648564],[-108.410840562163,54.4176123172016],[-108.404839312408,54.4197459217129],[-108.400935039153,54.4220664849056],[-108.398477724953,54.4220099140067],[-108.398565513788,54.4231709113578],[-108.397378236049,54.4237648979635],[-108.39722844935,54.4242295326712],[-108.396050610996,54.4250919724804],[-108.39567604407,54.4255742507054],[-108.395419241433,54.4261351897227],[-108.392997093254,54.4271941571545],[-108.392153715084,54.4274651905862],[-108.389210020452,54.4274897161067],[-108.389210446433,54.4282674862796],[-108.388946703122,54.4283729402624],[-108.387913824311,54.4285638317056],[-108.386956092494,54.4289112878267],[-108.385530765656,54.4290991798764],[-108.38457349237,54.4290109772838],[-108.383101434127,54.4286342611062],[-108.38153309443,54.4285287847365],[-108.378105336325,54.428882901311]]],[[[-108.406757009135,54.4245554167503],[-108.407207211324,54.4243017013971],[-108.408157927426,54.423981236675],[-108.408411321966,54.4238504361396],[-108.411282542285,54.423857131599],[-108.411290568766,54.4232587229297],[-108.411953770419,54.4231427604136],[-108.412150531267,54.4229655318118],[-108.412079985857,54.4224632212304],[-108.4124113231,54.4220634201898],[-108.414395289804,54.4220414514173],[-108.414432427649,54.4202512240709],[-108.417496848693,54.4202270496116],[-108.417545883266,54.4199885980374],[-108.418322502798,54.4198717010209],[-108.418791387882,54.4197107817829],[-108.419132143024,54.4194025899068],[-108.419468819517,54.419238733574],[-108.420765144284,54.4188564778767],[-108.421622331114,54.4184992619994],[-108.422297023296,54.4184448867347],[-108.422948156812,54.4183390710356],[-108.423658705519,54.4181338642157],[-108.423669162277,54.4345922683815],[-108.420678827157,54.4346111642561],[-108.420647723618,54.4337194334456],[-108.420611605883,54.4323475541947],[-108.419085515226,54.432309913114],[-108.416849764341,54.4325682834278],[-108.415293332932,54.4323995394849],[-108.413575437695,54.4318879090408],[-108.411315744752,54.4312571721495],[-108.409844582439,54.4307873119752],[-108.40815714517,54.4304066483993],[-108.408229411278,54.4292463742166],[-108.406871112064,54.4292291337083],[-108.405127248533,54.4278701792284],[-108.40507673108,54.4270052717948],[-108.405240053438,54.4260929494241],[-108.40574787378,54.4258735952345],[-108.405835696738,54.4254378431918],[-108.406456711436,54.4249973689714],[-108.406757009135,54.4245554167503]]],[[[-108.449317210197,54.4382692450619],[-108.445842204883,54.4382658259368],[-108.445824687085,54.4389916539462],[-108.445464633182,54.439096441337],[-108.443764534973,54.4393356377689],[-108.442171830323,54.4397738173328],[-108.441164871567,54.4398187713189],[-108.441085777094,54.440090199501],[-108.439518596293,54.4400063761737],[-108.439566420635,54.4418429424866],[-108.436587649984,54.4418416032878],[-108.436544902093,54.437237878259],[-108.441508204512,54.4367945938655],[-108.442430386753,54.4356409492566],[-108.441275998897,54.434747005219],[-108.474181587686,54.4346788874145],[-108.47413437377,54.4418525416025],[-108.455821909271,54.4418409750476],[-108.455998470675,54.4416718433938],[-108.455991678744,54.4413318519155],[-108.455940068092,54.4412173887422],[-108.455510923453,54.4410621099896],[-108.453989618501,54.4409974001937],[-108.453469180929,54.4408832816471],[-108.452348831079,54.4404392571935],[-108.451898222572,54.4400508331141],[-108.450497658149,54.4391491542325],[-108.449692642357,54.4388605787183],[-108.4492358601,54.438790622375],[-108.449317210197,54.4382692450619]]],[[[-108.404069590186,54.4606736512612],[-108.404715785102,54.4598151931013],[-108.406069675432,54.4588477760741],[-108.405948297648,54.458468755811],[-108.401664025252,54.4539391316356],[-108.398751779406,54.4516117852422],[-108.395072523049,54.4493151453738],[-108.393540004262,54.4490036619667],[-108.387930134817,54.448764164333],[-108.386086637604,54.4485476156312],[-108.385194609002,54.4483612888952],[-108.384580097325,54.4480172189791],[-108.385533681665,54.4477541219645],[-108.385982277165,54.4473184673614],[-108.386373172714,54.4472138785632],[-108.386289302395,54.4470782907023],[-108.386046800699,54.4468827988787],[-108.386299016884,54.4467319223014],[-108.38595383065,54.4465359395755],[-108.385353365952,54.4464513863203],[-108.382981113151,54.4467533078503],[-108.380826564496,54.4471210076893],[-108.380283897077,54.4474739507054],[-108.379518706132,54.4478413024805],[-108.378195127542,54.4480524437922],[-108.378113612362,54.4479231975354],[-108.377842262878,54.4478042933728],[-108.377819254457,54.4475549316018],[-108.377485731967,54.4473906616823],[-108.377026631789,54.4474743267863],[-108.376391520512,54.4476993579601],[-108.374741340888,54.4483559670001],[-108.373653785575,54.4488695623437],[-108.373128566228,54.4489282429829],[-108.371349514008,54.4470612380539],[-108.368567833848,54.4470147911409],[-108.367443476724,54.4471625664408],[-108.364793467007,54.4479069183294],[-108.363058904159,54.4478530109593],[-108.361636301622,54.4475890804746],[-108.357998928408,54.4468143661854],[-108.352364909757,54.4462489186495],[-108.351093714252,54.4455460354321],[-108.348916227615,54.445235647408],[-108.347244053093,54.4450906393361],[-108.343625123265,54.4458508683045],[-108.341930965286,54.4462788447473],[-108.340265000272,54.4465892255042],[-108.33841423909,54.4463936447634],[-108.337459164896,54.4462632317789],[-108.337036846848,54.4459837820848],[-108.337132435723,54.445660837486],[-108.337236359918,54.4454094471181],[-108.337150863516,54.4450778530868],[-108.336760681849,54.4450852887301],[-108.336392841652,54.4449022572634],[-108.335196977315,54.4448431720414],[-108.333710661801,54.4447682424151],[-108.332410850605,54.4449605143481],[-108.331157014091,54.4452300239322],[-108.329820589935,54.4454682783401],[-108.329000668515,54.445269198877],[-108.328010532937,54.4450912110425],[-108.326364349124,54.444545603603],[-108.323911784572,54.4440141081035],[-108.320633357502,54.4438380221865],[-108.31864324862,54.443502284322],[-108.317450046237,54.442612161821],[-108.314909892077,54.4421287849277],[-108.313936553997,54.4421324245734],[-108.311428837554,54.4427163193848],[-108.310958829632,54.4425197516727],[-108.309756321766,54.4426523962556],[-108.307983155264,54.4431342401672],[-108.306590408628,54.443512680309],[-108.303051155099,54.4444742584853],[-108.301580494174,54.4444740402394],[-108.30080989279,54.4443425452321],[-108.299376784563,54.4446817891885],[-108.298116209114,54.4458147617164],[-108.298093249376,54.4421725187171],[-108.32315464547,54.4420573925204],[-108.323202317582,54.4334950817778],[-108.324890632866,54.4333617785299],[-108.325847827117,54.4337241142052],[-108.327040226949,54.4337788223506],[-108.327580317021,54.4337118682226],[-108.32690508578,54.4332892782191],[-108.326428758334,54.4328167149691],[-108.32637767695,54.4319623465154],[-108.32658372685,54.4314558232127],[-108.326507809757,54.4310095708327],[-108.326896016842,54.4300501156385],[-108.327337203757,54.4292359790363],[-108.328116689444,54.4294684249696],[-108.328466492097,54.4306654757332],[-108.329523475867,54.431420438663],[-108.330658311819,54.4319125923909],[-108.331788800971,54.431797713821],[-108.332466705532,54.432346520231],[-108.334579205076,54.4333755892757],[-108.336403602968,54.4333771172752],[-108.337025983173,54.4348441649833],[-108.337939239057,54.4362751350893],[-108.339407547481,54.4363714382622],[-108.342040217889,54.4371586703194],[-108.342515992849,54.4379857004652],[-108.341588782687,54.4386577250292],[-108.342522420329,54.4390735119],[-108.343879321161,54.4386266312307],[-108.344530662439,54.4379128739089],[-108.344466835653,54.4372625647408],[-108.345504726826,54.4374881671169],[-108.348229550971,54.4382891559432],[-108.353242332224,54.4389325374249],[-108.355417089626,54.4389409002787],[-108.357134166588,54.4393605316729],[-108.359048073829,54.4392493247942],[-108.363110773076,54.4387191104402],[-108.364752126134,54.438337854061],[-108.367036049739,54.4368639368587],[-108.368045276382,54.4365358971679],[-108.368866713489,54.4367628892486],[-108.371332145788,54.436734771225],[-108.373236497898,54.4369536297799],[-108.378221054638,54.4366879048494],[-108.379799625382,54.4364914436256],[-108.379817146031,54.4320330503671],[-108.381283453767,54.431293492647],[-108.383045239514,54.4314792587216],[-108.385284892679,54.4314282535631],[-108.386818837769,54.4311106191935],[-108.401374732564,54.430891895681],[-108.404363919215,54.432291629083],[-108.405469610951,54.4336476986448],[-108.404356420121,54.4348753508318],[-108.404207398682,54.4360080821074],[-108.406885472284,54.4376238761584],[-108.407751610519,54.4379716444728],[-108.41045712241,54.4385964044913],[-108.412786082978,54.4387869651548],[-108.414702486132,54.4395100942011],[-108.416621049817,54.4407488846481],[-108.419101294988,54.4410328232233],[-108.4196249347,54.4422731866426],[-108.420111604658,54.4430433585811],[-108.422170074966,54.4436568766556],[-108.424006065255,54.4442190086453],[-108.425656634439,54.4451999592644],[-108.427038355845,54.4458187842423],[-108.426848251437,54.4465943359936],[-108.426616403618,54.4478103601894],[-108.42273514349,54.4488884957693],[-108.419210449374,54.4513068610882],[-108.417814211192,54.452865986842],[-108.418704463751,54.4536254072847],[-108.416821195927,54.4549683060568],[-108.414399652774,54.4566948480382],[-108.412775828876,54.4580052879588],[-108.412678103989,54.4588484085213],[-108.409936325465,54.4587598924252],[-108.408998616376,54.4592605864097],[-108.408130389351,54.4593688272599],[-108.40666131924,54.459780149691],[-108.406122634784,54.459816178289],[-108.404611756279,54.4609380000992],[-108.404088716275,54.4612106302605],[-108.404069590186,54.4606736512612]]],[[[-108.414439994861,54.5290440831739],[-108.272756384042,54.5290088336977],[-108.272901708592,54.5002628416568],[-108.335453634323,54.5003803801295],[-108.337616005784,54.5003838024255],[-108.336850786221,54.5017767208333],[-108.33756475752,54.503437380047],[-108.340938463024,54.5036019431047],[-108.34318800902,54.5037116123884],[-108.343028489574,54.5022312440101],[-108.346398267432,54.502324692807],[-108.347699406984,54.5012361417822],[-108.346888418224,54.500471213697],[-108.347137994927,54.4997689765978],[-108.349236666976,54.4997542815155],[-108.350234735163,54.4997472784114],[-108.352793841053,54.497121086079],[-108.354977496202,54.4958374023187],[-108.357532750193,54.4943809485623],[-108.359016180117,54.492373752643],[-108.361598896359,54.4902807258258],[-108.363259973847,54.4884033208719],[-108.363367319463,54.4864402553655],[-108.363158398975,54.4852760986716],[-108.363029319818,54.4843299228567],[-108.361443751732,54.4839190672478],[-108.360850412239,54.4834863076133],[-108.359269737829,54.4836825171911],[-108.357939289473,54.483493158062],[-108.356430198726,54.4835285175535],[-108.354128029509,54.4835356575842],[-108.35319173203,54.4838290647051],[-108.35329335883,54.4835126138968],[-108.352970855342,54.4828689821816],[-108.352102749309,54.4832298801428],[-108.350884119367,54.483583609516],[-108.349947794977,54.4838769888673],[-108.348085468178,54.4837788035076],[-108.348022376678,54.4855083743961],[-108.345066017839,54.4857483486441],[-108.344973513748,54.4872789973229],[-108.343559006433,54.4874543504461],[-108.341990422508,54.4874462245528],[-108.340443055537,54.4872582121198],[-108.339081658293,54.4875788382113],[-108.335516925255,54.4874634906584],[-108.335665678443,54.4885844163904],[-108.334901724986,54.4887550097204],[-108.333752694731,54.4884669173487],[-108.332342547335,54.4880592439212],[-108.33117067275,54.4862801662705],[-108.332995070628,54.4849655067212],[-108.333234113083,54.4832395565844],[-108.335137949124,54.4821428701979],[-108.337562060884,54.4808044348048],[-108.338170729795,54.4784250075368],[-108.339559026382,54.4766325440354],[-108.341427737063,54.4750843180636],[-108.34375644356,54.4736055986513],[-108.347613239742,54.473072575153],[-108.35204533029,54.4721824138489],[-108.355875205934,54.470539222535],[-108.358989573145,54.4694214458923],[-108.362657532584,54.4695841204602],[-108.36649691038,54.4711497435646],[-108.367763993,54.4714946883848],[-108.368590038289,54.4719268300164],[-108.371538093765,54.4729865790989],[-108.373905031081,54.4738268006651],[-108.376717350005,54.4742875014169],[-108.380308423741,54.4742600642538],[-108.384258399456,54.4733011101783],[-108.387497681709,54.4709047365934],[-108.389864596903,54.4699725254247],[-108.392345743211,54.4680563073841],[-108.393277673349,54.4661979125568],[-108.393548347484,54.4658880047105],[-108.394086827336,54.4657341444379],[-108.394297397284,54.4655316001148],[-108.395450220768,54.465616238712],[-108.395417215031,54.465817419872],[-108.395036245199,54.4661863958968],[-108.395078628265,54.4663989341688],[-108.395467438153,54.466827640183],[-108.39547305395,54.4673766672827],[-108.397684153536,54.4673656048352],[-108.398848395585,54.4676189010429],[-108.399563364349,54.4675533252942],[-108.400626434648,54.4672779396018],[-108.401378024553,54.4665935005861],[-108.401514659985,54.465972390544],[-108.401311011334,54.4655729086669],[-108.402848188444,54.4656004607214],[-108.403011530459,54.46576598319],[-108.404363461114,54.4658165959649],[-108.40509413099,54.4661304877023],[-108.405093904305,54.4691709174898],[-108.407352989781,54.4691290579783],[-108.407380978416,54.4701142159115],[-108.407295102136,54.4707894188133],[-108.407631013214,54.4717037926477],[-108.407940215546,54.472848401517],[-108.408403631525,54.4735037796021],[-108.408979202025,54.4741613879129],[-108.41020484998,54.4747703910894],[-108.410316686279,54.4754533822275],[-108.410875332128,54.4758375705484],[-108.412367364042,54.4759595402472],[-108.413631213233,54.4763692649905],[-108.414336158748,54.4770755709431],[-108.415436571523,54.4775704906523],[-108.416033179105,54.478436174525],[-108.415648924529,54.4793593229875],[-108.414658360108,54.4799204357655],[-108.414336884921,54.4805602118134],[-108.413943043264,54.4815331693806],[-108.414030224887,54.4823002937498],[-108.413634645442,54.4827385982556],[-108.413946156081,54.4835101794106],[-108.414056136529,54.4843392990261],[-108.413420809751,54.4852613156366],[-108.413254902228,54.4866272799097],[-108.413465575881,54.4876545658956],[-108.413434801021,54.4886309029658],[-108.413907640304,54.4903711121056],[-108.413713473879,54.4909788155976],[-108.413811273834,54.4940462549017],[-108.415170212704,54.4964540943363],[-108.415162276798,54.4974924473865],[-108.41476077575,54.4981422063658],[-108.415157737724,54.4998270924704],[-108.414874202229,54.5002676458911],[-108.41523864665,54.5026211645516],[-108.417027929845,54.5049106263179],[-108.41702550808,54.5068722499341],[-108.417690896415,54.5086047877203],[-108.419505325542,54.5110370507173],[-108.422075486805,54.5124187619813],[-108.426183223264,54.5132845610124],[-108.428358012617,54.5144236878551],[-108.427912800589,54.515257290702],[-108.427674968534,54.5158218819208],[-108.429893834046,54.5183658231176],[-108.431406885863,54.5202034673954],[-108.432832345583,54.5208200256818],[-108.433344456837,54.5219071224299],[-108.432301718286,54.5230098070605],[-108.429650733874,54.524588573699],[-108.427269783625,54.5251609598069],[-108.426797771995,54.524409265772],[-108.42555688948,54.5236885624944],[-108.42361954197,54.5224386547009],[-108.423789002202,54.52146113123],[-108.423465592048,54.5202046190538],[-108.42139150842,54.5188096555051],[-108.416904791416,54.5185921724822],[-108.417630101832,54.5210138943144],[-108.414657000625,54.5246692118137],[-108.412546049801,54.5270576565718],[-108.414439994861,54.5290440831739]]]]},"properties":{"FID":115,"Id":0,"UNIQUE_ID":"PRF130","Shape__Area":76138912.821105957,"Shape__Length":106975.49759999929}},{"type":"Feature","id":116,"geometry":{"type":"Polygon","coordinates":[[[-101.980122371419,53.8636477121136],[-101.957938850979,53.8729677106109],[-101.953212298129,53.8758403429336],[-101.944391339217,53.8771999293723],[-101.912681766095,53.8743563584307],[-101.935756456618,53.8116266727165],[-101.988757997618,53.8120910269327],[-101.969582532782,53.861684612038],[-101.982485364896,53.8571575487019],[-101.980122371419,53.8636477121136]]]},"properties":{"FID":116,"Id":0,"UNIQUE_ID":"PRLW27","Shape__Area":24172501.054443359,"Shape__Length":22604.246042132236}},{"type":"Feature","id":117,"geometry":{"type":"Polygon","coordinates":[[[-103.587292636267,50.3968557144682],[-103.381108407424,50.396806415146],[-103.381123695797,50.2804620559594],[-103.58706648267,50.2803397377575],[-103.587292636267,50.3968557144682]]]},"properties":{"FID":117,"Id":0,"UNIQUE_ID":"PRQAA","Shape__Area":188107084.42192841,"Shape__Length":54967.384883886029}},{"type":"Feature","id":118,"geometry":{"type":"Polygon","coordinates":[[[-102.654529638293,53.4973133134578],[-102.605738035427,53.4977205122222],[-102.605438535464,53.4723427630608],[-102.653761965773,53.4720316750096],[-102.654529638293,53.4973133134578]]]},"properties":{"FID":118,"Id":0,"UNIQUE_ID":"PRLW28A","Shape__Area":8818385.10533142,"Shape__Length":11905.065003140895}},{"type":"Feature","id":119,"geometry":{"type":"Polygon","coordinates":[[[-104.236923514369,52.500210390055],[-104.227718614526,52.5002095126163],[-104.226520089161,52.5002093384528],[-104.213277382444,52.5002064978768],[-104.213239321615,52.4712487668474],[-104.236793472091,52.4711643890712],[-104.236923514369,52.500210390055]]]},"properties":{"FID":119,"Id":0,"UNIQUE_ID":"PRF91A","Shape__Area":5050014.4414520264,"Shape__Length":9544.5075734786369}},{"type":"Feature","id":120,"geometry":{"type":"Polygon","coordinates":[[[-102.193613029907,53.9214030799304],[-102.285844016539,53.9213632083756],[-102.286403562265,53.9569346551859],[-102.28208258814,53.9575089437644],[-102.279224088515,53.9581400716264],[-102.27654164507,53.9584858671728],[-102.275190212674,53.9589236396282],[-102.272658129925,53.9612800524657],[-102.263748397537,53.9607207317757],[-102.260977870103,53.9599427119635],[-102.262111894342,53.9573560524444],[-102.258446345411,53.9570246653619],[-102.261148622619,53.9524012942766],[-102.258691650888,53.9498644407607],[-102.262160913179,53.9475060573704],[-102.266296872052,53.9485776974235],[-102.268362195091,53.9457348869033],[-102.266249394015,53.9429387733466],[-102.257947342212,53.9429151322932],[-102.252480327655,53.9406309311512],[-102.247636109814,53.9428848800805],[-102.243122902628,53.9440103945985],[-102.242975649139,53.9453251182367],[-102.239798141718,53.9451836024487],[-102.232998465284,53.9479690920979],[-102.225261629773,53.946953684826],[-102.22096211546,53.9489826166807],[-102.217254285166,53.9502599056632],[-102.212170951079,53.9499688807297],[-102.209621028502,53.9520379230201],[-102.207795071362,53.951606988163],[-102.207266814431,53.9502586486167],[-102.204040637604,53.9510061372726],[-102.199473590059,53.9508605547281],[-102.197026146451,53.9513915280596],[-102.193048019953,53.9512279410026],[-102.193128813674,53.9467719333226],[-102.193613029907,53.9214030799304]]]},"properties":{"FID":120,"Id":0,"UNIQUE_ID":"PRLW20","Shape__Area":18994237.249389648,"Shape__Length":23207.5923951812}},{"type":"Feature","id":121,"geometry":{"type":"MultiPolygon","coordinates":[[[[-108.716997795815,52.0705749908151],[-108.716979960452,52.0561835886137],[-108.740523193001,52.0561342879436],[-108.740499813429,52.0706210053743],[-108.716997795815,52.0705749908151]]],[[[-108.764598286044,52.0705919680055],[-108.764608881243,52.0561364120549],[-108.788139162285,52.0561278178923],[-108.7881332358,52.0705726170528],[-108.764598286044,52.0705919680055]]],[[[-108.716997401426,52.099671915974],[-108.71699841577,52.0852479356909],[-108.74046523178,52.0852450590884],[-108.740458973951,52.0996675020468],[-108.716997401426,52.099671915974]]],[[[-108.740755414902,52.1141754807996],[-108.740672700153,52.0997244046902],[-108.764095612432,52.0996713685167],[-108.764044396602,52.1068503094211],[-108.752773676783,52.1069294404261],[-108.752589838141,52.1141954446155],[-108.740755414902,52.1141754807996]]]]},"properties":{"FID":121,"Id":0,"UNIQUE_ID":"PRLFG7A","Shape__Area":9505159.0794372559,"Shape__Length":25434.833339217719}},{"type":"Feature","id":122,"geometry":{"type":"Polygon","coordinates":[[[-108.211837928906,53.8169782542215],[-108.174884004807,53.8169335216191],[-108.174865867053,53.7950865347577],[-108.199653481005,53.7951274265259],[-108.199618695355,53.8025163215827],[-108.211825350324,53.8025336825264],[-108.211837928906,53.8169782542215]]]},"properties":{"FID":122,"Id":0,"UNIQUE_ID":"PRF115D","Shape__Area":5092108.7019042969,"Shape__Length":9578.9871221980684}},{"type":"Feature","id":123,"geometry":{"type":"Polygon","coordinates":[[[-101.876274867452,54.2612233119908],[-101.87582756835,54.2695464216626],[-101.884661876422,54.2697055252967],[-101.884068840439,54.3176700690642],[-101.879800728241,54.3191319904451],[-101.877397176965,54.3175579513399],[-101.859347290424,54.3183969684837],[-101.84832477869,54.3148718531945],[-101.81857198552,54.3110184395874],[-101.821804974714,54.3097450208998],[-101.823204004591,54.2981293728721],[-101.814470887164,54.2729551254953],[-101.824410331423,54.2663986259011],[-101.840001689483,54.2622896065334],[-101.85146376072,54.2605733716702],[-101.856620197444,54.2641508024948],[-101.876274867452,54.2612233119908]]]},"properties":{"FID":123,"Id":0,"UNIQUE_ID":"PRF184F","Shape__Area":23291328.369995117,"Shape__Length":20139.177618571739}},{"type":"Feature","id":124,"geometry":{"type":"Polygon","coordinates":[[[-109.257660797598,49.7420852816557],[-109.280623750505,49.742387193153],[-109.280208173033,49.7640799199426],[-109.291108097018,49.7641579986737],[-109.291100915027,49.7713672903274],[-109.257646109506,49.7711891055316],[-109.257660797598,49.7420852816557]]]},"properties":{"FID":124,"Id":0,"UNIQUE_ID":"PRQA160A","Shape__Area":5877776.1484069824,"Shape__Length":11270.245538431896}},{"type":"Feature","id":125,"geometry":{"type":"Polygon","coordinates":[[[-108.200763633984,53.5697432041173],[-108.217445392603,53.5697101919642],[-108.217555203304,53.598529565951],[-108.173556822665,53.5986496518363],[-108.174290566923,53.5983780551239],[-108.174956012315,53.5976588538314],[-108.175491574098,53.5968037381905],[-108.175939875395,53.5963240844794],[-108.177364369043,53.5953283278736],[-108.178283809831,53.5945418217146],[-108.17957177212,53.5931219657244],[-108.179904744879,53.5921476370053],[-108.17984967891,53.5917531399928],[-108.180073761339,53.5912735554738],[-108.179476612503,53.5912144494084],[-108.179493747272,53.5909447174448],[-108.180020223641,53.5906447276426],[-108.180653535156,53.5906073227973],[-108.181155076375,53.5905947596655],[-108.181962811499,53.5901759537101],[-108.182812416839,53.5895177585651],[-108.183439661254,53.5886281481821],[-108.183835877867,53.5879597707014],[-108.184240571479,53.587315416739],[-108.184925158061,53.586309910229],[-108.185652217875,53.5852656333001],[-108.186138342944,53.5844940072065],[-108.186387082775,53.5840447658771],[-108.187128726976,53.5837177976457],[-108.187983675426,53.5833933637131],[-108.188803241594,53.582889381892],[-108.189241107341,53.582140500183],[-108.192045454853,53.5791240752255],[-108.193032571684,53.5779336173363],[-108.194724055754,53.5764612891732],[-108.19487137625,53.5760896138963],[-108.194895445998,53.5754711381854],[-108.19545246731,53.5746306959736],[-108.196275002055,53.574083444995],[-108.197949912468,53.5726159031334],[-108.198576625018,53.5717724839739],[-108.200159417186,53.5703581801579],[-108.200763633984,53.5697432041173]]]},"properties":{"FID":125,"Id":0,"UNIQUE_ID":"PRF112D","Shape__Area":6241029.0299072266,"Shape__Length":10907.287570994265}},{"type":"Feature","id":126,"geometry":{"type":"Polygon","coordinates":[[[-108.3403604708,53.5268135626281],[-108.340170590665,53.5405023212157],[-108.315956543702,53.5405289556165],[-108.315961687881,53.5352093899198],[-108.317068841717,53.5355034901928],[-108.318478366109,53.5356109629386],[-108.319013406026,53.5360537731848],[-108.321058020652,53.5360195442608],[-108.322649933736,53.5353890973194],[-108.324196342864,53.5351115620638],[-108.325740659768,53.5347321545827],[-108.32800101638,53.5337274617913],[-108.328973128572,53.533186043921],[-108.329970072547,53.5326749269267],[-108.330702085959,53.5318544061877],[-108.33130345777,53.5311006249332],[-108.331808255436,53.5308617270062],[-108.332272326745,53.5302751650793],[-108.333229077703,53.5298657532371],[-108.333886715602,53.5298028482388],[-108.33477720391,53.5300162000656],[-108.335802217966,53.5294873514905],[-108.33635602475,53.5293034576094],[-108.3403604708,53.5268135626281]]]},"properties":{"FID":126,"Id":0,"UNIQUE_ID":"PRF112C","Shape__Area":1364318.8846435547,"Shape__Length":5723.986404075793}},{"type":"Feature","id":127,"geometry":{"type":"Polygon","coordinates":[[[-108.070542366492,53.5480515056251],[-108.070548655734,53.5334086557776],[-108.082596051802,53.5333229028767],[-108.082769863764,53.5480319978803],[-108.070542366492,53.5480515056251]]]},"properties":{"FID":127,"Id":0,"UNIQUE_ID":"PRF112E","Shape__Area":1274896.3058776855,"Shape__Length":4802.4448545013875}},{"type":"Feature","id":128,"geometry":{"type":"Polygon","coordinates":[[[-108.107103865852,53.5698772057104],[-108.119229347277,53.5698692594136],[-108.119213866585,53.5770893734943],[-108.131656897817,53.5771813908176],[-108.132156624223,53.6063631040421],[-108.107181013051,53.6062393861718],[-108.107103865852,53.5698772057104]]]},"properties":{"FID":128,"Id":0,"UNIQUE_ID":"PRF112F","Shape__Area":5788697.9326477051,"Shape__Length":11205.869922061749}}]}