{"type": "FeatureCollection", "features": [{"type": "Feature", "geometry": {"type": "Point", "coordinates": [-103.43133, 49.65418]}, "properties": {"twp": "008-11-W2", "prov": "SK", "total": 61, "first": 1901, "cum": [0, 0, 0, 0, 0, 0, 0, 0, 0, 0, 0, 0, 0, 0, 0, 0, 0, 0, 0, 0, 37, 37, 37, 37, 40, 53, 61, 61, 61, 61, 61, 61, 61, 61, 61, 61, 61, 61, 61, 61, 61, 61, 61, 61, 61, 61, 61, 61, 61, 61, 61, 61, 61, 61, 61, 61, 61, 61, 61, 61, 61, 61, 61, 61], "psum": [0, 0, 0, 0, 0, 0, 0, 0, 0, 0, 0, 0, 0, 0, 0, 0, 0, 0, 0, 0, 111.0, 111.0, 111.0, 111.0, 120.0, 247.0, 335.0, 335.0, 335.0, 335.0, 335.0, 335.0, 335.0, 335.0, 335.0, 335.0, 335.0, 335.0, 335.0, 335.0, 335.0, 335.0, 335.0, 335.0, 335.0, 335.0, 335.0, 335.0, 335.0, 335.0, 335.0, 335.0, 335.0, 335.0, 335.0, 335.0, 335.0, 335.0, 335.0, 335.0, 335.0, 335.0, 335.0, 335.0], "pcnt": [0, 0, 0, 0, 0, 0, 0, 0, 0, 0, 0, 0, 0, 0, 0, 0, 0, 0, 0, 0, 37, 37, 37, 37, 40, 53, 61, 61, 61, 61, 61, 61, 61, 61, 61, 61, 61, 61, 61, 61, 61, 61, 61, 61, 61, 61, 61, 61, 61, 61, 61, 61, 61, 61, 61, 61, 61, 61, 61, 61, 61, 61, 61, 61]}}, {"type": "Feature", "geometry": {"type": "Point", "coordinates": [-103.43246, 49.74405]}, "properties": {"twp": "009-11-W2", "prov": "SK", "total": 54, "first": 1901, "cum": [0, 0, 0, 0, 0, 0, 0, 0, 0, 0, 0, 0, 0, 0, 0, 0, 0, 0, 0, 0, 46, 54, 54, 54, 54, 54, 54, 54, 54, 54, 54, 54, 54, 54, 54, 54, 54, 54, 54, 54, 54, 54, 54, 54, 54, 54, 54, 54, 54, 54, 54, 54, 54, 54, 54, 54, 54, 54, 54, 54, 54, 54, 54, 54], "psum": [0, 0, 0, 0, 0, 0, 0, 0, 0, 0, 0, 0, 0, 0, 0, 0, 0, 0, 0, 0, 138.0, 174.0, 174.0, 174.0, 174.0, 174.0, 174.0, 174.0, 174.0, 174.0, 174.0, 174.0, 174.0, 174.0, 174.0, 174.0, 174.0, 174.0, 174.0, 174.0, 174.0, 174.0, 174.0, 174.0, 174.0, 174.0, 174.0, 174.0, 174.0, 174.0, 174.0, 174.0, 174.0, 174.0, 174.0, 174.0, 174.0, 174.0, 174.0, 174.0, 174.0, 174.0, 174.0, 174.0], "pcnt": [0, 0, 0, 0, 0, 0, 0, 0, 0, 0, 0, 0, 0, 0, 0, 0, 0, 0, 0, 0, 46, 54, 54, 54, 54, 54, 54, 54, 54, 54, 54, 54, 54, 54, 54, 54, 54, 54, 54, 54, 54, 54, 54, 54, 54, 54, 54, 54, 54, 54, 54, 54, 54, 54, 54, 54, 54, 54, 54, 54, 54, 54, 54, 54]}}, {"type": "Feature", "geometry": {"type": "Point", "coordinates": [-103.31903, 50.25889]}, "properties": {"twp": "015-10-W2", "prov": "SK", "total": 39, "first": 1883, "cum": [0, 0, 2, 2, 2, 2, 2, 2, 2, 2, 2, 2, 2, 2, 2, 2, 4, 13, 13, 13, 13, 15, 18, 28, 34, 34, 34, 35, 37, 37, 39, 39, 39, 39, 39, 39, 39, 39, 39, 39, 39, 39, 39, 39, 39, 39, 39, 39, 39, 39, 39, 39, 39, 39, 39, 39, 39, 39, 39, 39, 39, 39, 39, 39], "psum": [0, 0, 6.0, 6.0, 6.0, 6.0, 6.0, 6.0, 6.0, 6.0, 6.0, 6.0, 6.0, 6.0, 6.0, 6.0, 12.0, 39.0, 39.0, 39.0, 39.0, 45.0, 64.0, 140.0, 188.0, 188.0, 188.0, 198.0, 228.0, 228.0, 255.0, 255.0, 255.0, 255.0, 255.0, 255.0, 255.0, 255.0, 255.0, 255.0, 255.0, 255.0, 255.0, 255.0, 255.0, 255.0, 255.0, 255.0, 255.0, 255.0, 255.0, 255.0, 255.0, 255.0, 255.0, 255.0, 255.0, 255.0, 255.0, 255.0, 255.0, 255.0, 255.0, 255.0], "pcnt": [0, 0, 2, 2, 2, 2, 2, 2, 2, 2, 2, 2, 2, 2, 2, 2, 4, 13, 13, 13, 13, 15, 18, 28, 34, 34, 34, 35, 37, 37, 39, 39, 39, 39, 39, 39, 39, 39, 39, 39, 39, 39, 39, 39, 39, 39, 39, 39, 39, 39, 39, 39, 39, 39, 39, 39, 39, 39, 39, 39, 39, 39, 39, 39]}}, {"type": "Feature", "geometry": {"type": "Point", "coordinates": [-107.30618, 50.4568]}, "properties": {"twp": "017-10-W3", "prov": "SK", "total": 87, "first": 1888, "cum": [0, 0, 0, 0, 0, 0, 0, 10, 10, 10, 10, 10, 10, 10, 10, 10, 10, 10, 10, 10, 10, 10, 51, 60, 78, 78, 78, 78, 83, 87, 87, 87, 87, 87, 87, 87, 87, 87, 87, 87, 87, 87, 87, 87, 87, 87, 87, 87, 87, 87, 87, 87, 87, 87, 87, 87, 87, 87, 87, 87, 87, 87, 87, 87], "psum": [0, 0, 0, 0, 0, 0, 0, 30.0, 30.0, 30.0, 30.0, 30.0, 30.0, 30.0, 30.0, 30.0, 30.0, 30.0, 30.0, 30.0, 30.0, 30.0, 173.2, 207.7, 279.7, 279.7, 279.7, 279.7, 319.7, 359.7, 359.7, 359.7, 359.7, 359.7, 359.7, 359.7, 359.7, 359.7, 359.7, 359.7, 359.7, 359.7, 359.7, 359.7, 359.7, 359.7, 359.7, 359.7, 359.7, 359.7, 359.7, 359.7, 359.7, 359.7, 359.7, 359.7, 359.7, 359.7, 359.7, 359.7, 359.7, 359.7, 359.7, 359.7], "pcnt": [0, 0, 0, 0, 0, 0, 0, 10, 10, 10, 10, 10, 10, 10, 10, 10, 10, 10, 10, 10, 10, 10, 51, 60, 78, 78, 78, 78, 83, 87, 87, 87, 87, 87, 87, 87, 87, 87, 87, 87, 87, 87, 87, 87, 87, 87, 87, 87, 87, 87, 87, 87, 87, 87, 87, 87, 87, 87, 87, 87, 87, 87, 87, 87]}}, {"type": "Feature", "geometry": {"type": "Point", "coordinates": [-107.42121, 50.45404]}, "properties": {"twp": "017-11-W3", "prov": "SK", "total": 46, "first": 1888, "cum": [0, 0, 0, 0, 0, 0, 0, 21, 22, 22, 22, 22, 22, 22, 22, 22, 22, 22, 22, 22, 22, 22, 36, 40, 46, 46, 46, 46, 46, 46, 46, 46, 46, 46, 46, 46, 46, 46, 46, 46, 46, 46, 46, 46, 46, 46, 46, 46, 46, 46, 46, 46, 46, 46, 46, 46, 46, 46, 46, 46, 46, 46, 46, 46], "psum": [0, 0, 0, 0, 0, 0, 0, 63.0, 66.0, 66.0, 66.0, 66.0, 66.0, 66.0, 66.0, 66.0, 66.0, 66.0, 66.0, 66.0, 66.0, 66.0, 108.0, 122.0, 146.0, 146.0, 146.0, 146.0, 146.0, 146.0, 146.0, 146.0, 146.0, 146.0, 146.0, 146.0, 146.0, 146.0, 146.0, 146.0, 146.0, 146.0, 146.0, 146.0, 146.0, 146.0, 146.0, 146.0, 146.0, 146.0, 146.0, 146.0, 146.0, 146.0, 146.0, 146.0, 146.0, 146.0, 146.0, 146.0, 146.0, 146.0, 146.0, 146.0], "pcnt": [0, 0, 0, 0, 0, 0, 0, 21, 22, 22, 22, 22, 22, 22, 22, 22, 22, 22, 22, 22, 22, 22, 36, 40, 46, 46, 46, 46, 46, 46, 46, 46, 46, 46, 46, 46, 46, 46, 46, 46, 46, 46, 46, 46, 46, 46, 46, 46, 46, 46, 46, 46, 46, 46, 46, 46, 46, 46, 46, 46, 46, 46, 46, 46]}}, {"type": "Feature", "geometry": {"type": "Point", "coordinates": [-103.84868, 50.5351]}, "properties": {"twp": "018-14-W2", "prov": "SK", "total": 13, "first": 1890, "cum": [0, 0, 0, 0, 0, 0, 0, 0, 0, 8, 8, 8, 8, 8, 8, 8, 8, 8, 8, 8, 8, 8, 9, 13, 13, 13, 13, 13, 13, 13, 13, 13, 13, 13, 13, 13, 13, 13, 13, 13, 13, 13, 13, 13, 13, 13, 13, 13, 13, 13, 13, 13, 13, 13, 13, 13, 13, 13, 13, 13, 13, 13, 13, 13], "psum": [0, 0, 0, 0, 0, 0, 0, 0, 0, 40.0, 40.0, 40.0, 40.0, 40.0, 40.0, 40.0, 40.0, 40.0, 40.0, 40.0, 40.0, 40.0, 46.0, 70.0, 70.0, 70.0, 70.0, 70.0, 70.0, 70.0, 70.0, 70.0, 70.0, 70.0, 70.0, 70.0, 70.0, 70.0, 70.0, 70.0, 70.0, 70.0, 70.0, 70.0, 70.0, 70.0, 70.0, 70.0, 70.0, 70.0, 70.0, 70.0, 70.0, 70.0, 70.0, 70.0, 70.0, 70.0, 70.0, 70.0, 70.0, 70.0, 70.0, 70.0], "pcnt": [0, 0, 0, 0, 0, 0, 0, 0, 0, 8, 8, 8, 8, 8, 8, 8, 8, 8, 8, 8, 8, 8, 9, 13, 13, 13, 13, 13, 13, 13, 13, 13, 13, 13, 13, 13, 13, 13, 13, 13, 13, 13, 13, 13, 13, 13, 13, 13, 13, 13, 13, 13, 13, 13, 13, 13, 13, 13, 13, 13, 13, 13, 13, 13]}}, {"type": "Feature", "geometry": {"type": "Point", "coordinates": [-103.9798, 49.65809]}, "properties": {"twp": "008-15-W2", "prov": "SK", "total": 46, "first": 1899, "cum": [0, 0, 0, 0, 0, 0, 0, 0, 0, 0, 0, 0, 0, 0, 0, 0, 0, 0, 8, 12, 45, 45, 45, 45, 45, 46, 46, 46, 46, 46, 46, 46, 46, 46, 46, 46, 46, 46, 46, 46, 46, 46, 46, 46, 46, 46, 46, 46, 46, 46, 46, 46, 46, 46, 46, 46, 46, 46, 46, 46, 46, 46, 46, 46], "psum": [0, 0, 0, 0, 0, 0, 0, 0, 0, 0, 0, 0, 0, 0, 0, 0, 0, 0, 24.0, 36.0, 161.0, 161.0, 161.0, 161.0, 161.0, 167.0, 167.0, 167.0, 167.0, 167.0, 167.0, 167.0, 167.0, 167.0, 167.0, 167.0, 167.0, 167.0, 167.0, 167.0, 167.0, 167.0, 167.0, 167.0, 167.0, 167.0, 167.0, 167.0, 167.0, 167.0, 167.0, 167.0, 167.0, 167.0, 167.0, 167.0, 167.0, 167.0, 167.0, 167.0, 167.0, 167.0, 167.0, 167.0], "pcnt": [0, 0, 0, 0, 0, 0, 0, 0, 0, 0, 0, 0, 0, 0, 0, 0, 0, 0, 8, 12, 45, 45, 45, 45, 45, 46, 46, 46, 46, 46, 46, 46, 46, 46, 46, 46, 46, 46, 46, 46, 46, 46, 46, 46, 46, 46, 46, 46, 46, 46, 46, 46, 46, 46, 46, 46, 46, 46, 46, 46, 46, 46, 46, 46]}}, {"type": "Feature", "geometry": {"type": "Point", "coordinates": [-104.01281, 50.53316]}, "properties": {"twp": "018-15-W2", "prov": "SK", "total": 37, "first": 1882, "cum": [0, 3, 3, 3, 3, 3, 3, 3, 7, 7, 7, 8, 8, 8, 8, 8, 9, 9, 9, 9, 12, 14, 23, 24, 29, 34, 36, 36, 37, 37, 37, 37, 37, 37, 37, 37, 37, 37, 37, 37, 37, 37, 37, 37, 37, 37, 37, 37, 37, 37, 37, 37, 37, 37, 37, 37, 37, 37, 37, 37, 37, 37, 37, 37], "psum": [0, 7.5, 7.5, 7.5, 7.5, 7.5, 7.5, 7.5, 19.0, 19.0, 19.0, 22.5, 22.5, 22.5, 22.5, 22.5, 37.5, 37.5, 37.5, 37.5, 48.0, 56.0, 111.0, 119.0, 149.0, 183.0, 208.0, 208.0, 218.0, 218.0, 218.0, 218.0, 218.0, 218.0, 218.0, 218.0, 218.0, 218.0, 218.0, 218.0, 218.0, 218.0, 218.0, 218.0, 218.0, 218.0, 218.0, 218.0, 218.0, 218.0, 218.0, 218.0, 218.0, 218.0, 218.0, 218.0, 218.0, 218.0, 218.0, 218.0, 218.0, 218.0, 218.0, 218.0], "pcnt": [0, 3, 3, 3, 3, 3, 3, 3, 7, 7, 7, 8, 8, 8, 8, 8, 9, 9, 9, 9, 12, 14, 23, 24, 29, 34, 36, 36, 37, 37, 37, 37, 37, 37, 37, 37, 37, 37, 37, 37, 37, 37, 37, 37, 37, 37, 37, 37, 37, 37, 37, 37, 37, 37, 37, 37, 37, 37, 37, 37, 37, 37, 37, 37]}}, {"type": "Feature", "geometry": {"type": "Point", "coordinates": [-104.16169, 50.34835]}, "properties": {"twp": "016-16-W2", "prov": "SK", "total": 62, "first": 1892, "cum": [0, 0, 0, 0, 0, 0, 0, 0, 0, 0, 0, 4, 4, 4, 4, 5, 11, 17, 24, 26, 43, 52, 57, 57, 57, 58, 58, 58, 58, 62, 62, 62, 62, 62, 62, 62, 62, 62, 62, 62, 62, 62, 62, 62, 62, 62, 62, 62, 62, 62, 62, 62, 62, 62, 62, 62, 62, 62, 62, 62, 62, 62, 62, 62], "psum": [0, 0, 0, 0, 0, 0, 0, 0, 0, 0, 0, 12.0, 12.0, 12.0, 12.0, 15.0, 31.5, 49.0, 69.5, 75.5, 127.5, 156.0, 782.0, 782.0, 782.0, 792.0, 792.0, 792.0, 792.0, 832.0, 832.0, 832.0, 832.0, 832.0, 832.0, 832.0, 832.0, 832.0, 832.0, 832.0, 832.0, 832.0, 832.0, 832.0, 832.0, 832.0, 832.0, 832.0, 832.0, 832.0, 832.0, 832.0, 832.0, 832.0, 832.0, 832.0, 832.0, 832.0, 832.0, 832.0, 832.0, 832.0, 832.0, 832.0], "pcnt": [0, 0, 0, 0, 0, 0, 0, 0, 0, 0, 0, 4, 4, 4, 4, 5, 11, 17, 24, 26, 43, 52, 57, 57, 57, 58, 58, 58, 58, 62, 62, 62, 62, 62, 62, 62, 62, 62, 62, 62, 62, 62, 62, 62, 62, 62, 62, 62, 62, 62, 62, 62, 62, 62, 62, 62, 62, 62, 62, 62, 62, 62, 62, 62]}}, {"type": "Feature", "geometry": {"type": "Point", "coordinates": [-104.14363, 50.81275]}, "properties": {"twp": "021-16-W2", "prov": "SK", "total": 37, "first": 1889, "cum": [0, 0, 0, 0, 0, 0, 0, 0, 2, 6, 6, 6, 6, 6, 6, 6, 10, 10, 10, 10, 10, 28, 28, 28, 28, 28, 28, 28, 36, 37, 37, 37, 37, 37, 37, 37, 37, 37, 37, 37, 37, 37, 37, 37, 37, 37, 37, 37, 37, 37, 37, 37, 37, 37, 37, 37, 37, 37, 37, 37, 37, 37, 37, 37], "psum": [0, 0, 0, 0, 0, 0, 0, 0, 7.0, 19.0, 19.0, 19.0, 19.0, 19.0, 19.0, 19.0, 31.0, 31.0, 31.0, 31.0, 31.0, 85.0, 85.0, 85.0, 85.0, 85.0, 85.0, 85.0, 165.0, 175.0, 175.0, 175.0, 175.0, 175.0, 175.0, 175.0, 175.0, 175.0, 175.0, 175.0, 175.0, 175.0, 175.0, 175.0, 175.0, 175.0, 175.0, 175.0, 175.0, 175.0, 175.0, 175.0, 175.0, 175.0, 175.0, 175.0, 175.0, 175.0, 175.0, 175.0, 175.0, 175.0, 175.0, 175.0], "pcnt": [0, 0, 0, 0, 0, 0, 0, 0, 2, 6, 6, 6, 6, 6, 6, 6, 10, 10, 10, 10, 10, 28, 28, 28, 28, 28, 28, 28, 36, 37, 37, 37, 37, 37, 37, 37, 37, 37, 37, 37, 37, 37, 37, 37, 37, 37, 37, 37, 37, 37, 37, 37, 37, 37, 37, 37, 37, 37, 37, 37, 37, 37, 37, 37]}}, {"type": "Feature", "geometry": {"type": "Point", "coordinates": [-108.42577, 53.04131]}, "properties": {"twp": "047-17-W3", "prov": "SK", "total": 27, "first": 1902, "cum": [0, 0, 0, 0, 0, 0, 0, 0, 0, 0, 0, 0, 0, 0, 0, 0, 0, 0, 0, 0, 0, 21, 21, 21, 21, 23, 24, 24, 24, 24, 26, 27, 27, 27, 27, 27, 27, 27, 27, 27, 27, 27, 27, 27, 27, 27, 27, 27, 27, 27, 27, 27, 27, 27, 27, 27, 27, 27, 27, 27, 27, 27, 27, 27], "psum": [0, 0, 0, 0, 0, 0, 0, 0, 0, 0, 0, 0, 0, 0, 0, 0, 0, 0, 0, 0, 0, 58.0, 58.0, 58.0, 58.0, 74.0, 84.0, 84.0, 84.0, 84.0, 128.0, 143.0, 143.0, 143.0, 143.0, 143.0, 143.0, 143.0, 143.0, 143.0, 143.0, 143.0, 143.0, 143.0, 143.0, 143.0, 143.0, 143.0, 143.0, 143.0, 143.0, 143.0, 143.0, 143.0, 143.0, 143.0, 143.0, 143.0, 143.0, 143.0, 143.0, 143.0, 143.0, 143.0], "pcnt": [0, 0, 0, 0, 0, 0, 0, 0, 0, 0, 0, 0, 0, 0, 0, 0, 0, 0, 0, 0, 0, 15, 15, 15, 15, 17, 18, 18, 18, 18, 20, 21, 21, 21, 21, 21, 21, 21, 21, 21, 21, 21, 21, 21, 21, 21, 21, 21, 21, 21, 21, 21, 21, 21, 21, 21, 21, 21, 21, 21, 21, 21, 21, 21]}}, {"type": "Feature", "geometry": {"type": "Point", "coordinates": [-108.54621, 52.61402]}, "properties": {"twp": "042-18-W3", "prov": "SK", "total": 36, "first": 1902, "cum": [0, 0, 0, 0, 0, 0, 0, 0, 0, 0, 0, 0, 0, 0, 0, 0, 0, 0, 0, 0, 0, 1, 1, 1, 1, 21, 23, 23, 26, 28, 35, 36, 36, 36, 36, 36, 36, 36, 36, 36, 36, 36, 36, 36, 36, 36, 36, 36, 36, 36, 36, 36, 36, 36, 36, 36, 36, 36, 36, 36, 36, 36, 36, 36], "psum": [0, 0, 0, 0, 0, 0, 0, 0, 0, 0, 0, 0, 0, 0, 0, 0, 0, 0, 0, 0, 0, 3.5, 3.5, 3.5, 3.5, 146.5, 166.5, 166.5, 196.5, 218.5, 316.5, 328.5, 328.5, 328.5, 328.5, 328.5, 328.5, 328.5, 328.5, 328.5, 328.5, 328.5, 328.5, 328.5, 328.5, 328.5, 328.5, 328.5, 328.5, 328.5, 328.5, 328.5, 328.5, 328.5, 328.5, 328.5, 328.5, 328.5, 328.5, 328.5, 328.5, 328.5, 328.5, 328.5], "pcnt": [0, 0, 0, 0, 0, 0, 0, 0, 0, 0, 0, 0, 0, 0, 0, 0, 0, 0, 0, 0, 0, 1, 1, 1, 1, 21, 23, 23, 26, 28, 35, 36, 36, 36, 36, 36, 36, 36, 36, 36, 36, 36, 36, 36, 36, 36, 36, 36, 36, 36, 36, 36, 36, 36, 36, 36, 36, 36, 36, 36, 36, 36, 36, 36]}}, {"type": "Feature", "geometry": {"type": "Point", "coordinates": [-108.53481, 52.98031]}, "properties": {"twp": "046-18-W3", "prov": "SK", "total": 24, "first": 1902, "cum": [0, 0, 0, 0, 0, 0, 0, 0, 0, 0, 0, 0, 0, 0, 0, 0, 0, 0, 0, 0, 0, 8, 10, 10, 15, 15, 15, 17, 17, 23, 23, 24, 24, 24, 24, 24, 24, 24, 24, 24, 24, 24, 24, 24, 24, 24, 24, 24, 24, 24, 24, 24, 24, 24, 24, 24, 24, 24, 24, 24, 24, 24, 24, 24], "psum": [0, 0, 0, 0, 0, 0, 0, 0, 0, 0, 0, 0, 0, 0, 0, 0, 0, 0, 0, 0, 0, 32.0, 44.0, 44.0, 74.0, 74.0, 74.0, 86.0, 86.0, 161.0, 161.0, 176.0, 176.0, 176.0, 176.0, 176.0, 176.0, 176.0, 176.0, 176.0, 176.0, 176.0, 176.0, 176.0, 176.0, 176.0, 176.0, 176.0, 176.0, 176.0, 176.0, 176.0, 176.0, 176.0, 176.0, 176.0, 176.0, 176.0, 176.0, 176.0, 176.0, 176.0, 176.0, 176.0], "pcnt": [0, 0, 0, 0, 0, 0, 0, 0, 0, 0, 0, 0, 0, 0, 0, 0, 0, 0, 0, 0, 0, 8, 10, 10, 15, 15, 15, 17, 17, 23, 23, 24, 24, 24, 24, 24, 24, 24, 24, 24, 24, 24, 24, 24, 24, 24, 24, 24, 24, 24, 24, 24, 24, 24, 24, 24, 24, 24, 24, 24, 24, 24, 24, 24]}}, {"type": "Feature", "geometry": {"type": "Point", "coordinates": [-108.51729, 50.06946]}, "properties": {"twp": "013-19-W3", "prov": "SK", "total": 28, "first": 1888, "cum": [0, 0, 0, 0, 0, 0, 0, 21, 22, 22, 22, 22, 22, 22, 22, 22, 22, 22, 22, 22, 22, 22, 26, 26, 26, 28, 28, 28, 28, 28, 28, 28, 28, 28, 28, 28, 28, 28, 28, 28, 28, 28, 28, 28, 28, 28, 28, 28, 28, 28, 28, 28, 28, 28, 28, 28, 28, 28, 28, 28, 28, 28, 28, 28], "psum": [0, 0, 0, 0, 0, 0, 0, 63.0, 66.0, 66.0, 66.0, 66.0, 66.0, 66.0, 66.0, 66.0, 66.0, 66.0, 66.0, 66.0, 66.0, 66.0, 80.0, 80.0, 80.0, 92.0, 92.0, 92.0, 92.0, 92.0, 92.0, 92.0, 92.0, 92.0, 92.0, 92.0, 92.0, 92.0, 92.0, 92.0, 92.0, 92.0, 92.0, 92.0, 92.0, 92.0, 92.0, 92.0, 92.0, 92.0, 92.0, 92.0, 92.0, 92.0, 92.0, 92.0, 92.0, 92.0, 92.0, 92.0, 92.0, 92.0, 92.0, 92.0], "pcnt": [0, 0, 0, 0, 0, 0, 0, 21, 22, 22, 22, 22, 22, 22, 22, 22, 22, 22, 22, 22, 22, 22, 26, 26, 26, 28, 28, 28, 28, 28, 28, 28, 28, 28, 28, 28, 28, 28, 28, 28, 28, 28, 28, 28, 28, 28, 28, 28, 28, 28, 28, 28, 28, 28, 28, 28, 28, 28, 28, 28, 28, 28, 28, 28]}}, {"type": "Feature", "geometry": {"type": "Point", "coordinates": [-108.8671, 53.06399]}, "properties": {"twp": "047-20-W3", "prov": "SK", "total": 30, "first": 1902, "cum": [0, 0, 0, 0, 0, 0, 0, 0, 0, 0, 0, 0, 0, 0, 0, 0, 0, 0, 0, 0, 0, 13, 14, 14, 14, 14, 14, 14, 18, 28, 30, 30, 30, 30, 30, 30, 30, 30, 30, 30, 30, 30, 30, 30, 30, 30, 30, 30, 30, 30, 30, 30, 30, 30, 30, 30, 30, 30, 30, 30, 30, 30, 30, 30], "psum": [0, 0, 0, 0, 0, 0, 0, 0, 0, 0, 0, 0, 0, 0, 0, 0, 0, 0, 0, 0, 0, 41.5, 47.5, 47.5, 47.5, 47.5, 47.5, 47.5, 87.5, 217.4, 247.4, 247.4, 247.4, 247.4, 247.4, 247.4, 247.4, 247.4, 247.4, 247.4, 247.4, 247.4, 247.4, 247.4, 247.4, 247.4, 247.4, 247.4, 247.4, 247.4, 247.4, 247.4, 247.4, 247.4, 247.4, 247.4, 247.4, 247.4, 247.4, 247.4, 247.4, 247.4, 247.4, 247.4], "pcnt": [0, 0, 0, 0, 0, 0, 0, 0, 0, 0, 0, 0, 0, 0, 0, 0, 0, 0, 0, 0, 0, 13, 14, 14, 14, 14, 14, 14, 18, 28, 30, 30, 30, 30, 30, 30, 30, 30, 30, 30, 30, 30, 30, 30, 30, 30, 30, 30, 30, 30, 30, 30, 30, 30, 30, 30, 30, 30, 30, 30, 30, 30, 30, 30]}}, {"type": "Feature", "geometry": {"type": "Point", "coordinates": [-104.82162, 50.62054]}, "properties": {"twp": "019-21-W2", "prov": "SK", "total": 31, "first": 1884, "cum": [0, 0, 0, 16, 20, 20, 20, 20, 20, 20, 22, 24, 24, 24, 24, 24, 24, 24, 24, 26, 27, 27, 29, 29, 29, 29, 29, 29, 30, 30, 31, 31, 31, 31, 31, 31, 31, 31, 31, 31, 31, 31, 31, 31, 31, 31, 31, 31, 31, 31, 31, 31, 31, 31, 31, 31, 31, 31, 31, 31, 31, 31, 31, 31], "psum": [0, 0, 0, 0, 8.0, 8.0, 8.0, 8.0, 8.0, 8.0, 11.0, 17.0, 17.0, 17.0, 17.0, 17.0, 17.0, 17.0, 17.0, 23.0, 26.0, 26.0, 36.0, 36.0, 36.0, 36.0, 36.0, 36.0, 46.0, 46.0, 58.0, 58.0, 58.0, 58.0, 58.0, 58.0, 58.0, 58.0, 58.0, 58.0, 58.0, 58.0, 58.0, 58.0, 58.0, 58.0, 58.0, 58.0, 58.0, 58.0, 58.0, 58.0, 58.0, 58.0, 58.0, 58.0, 58.0, 58.0, 58.0, 58.0, 58.0, 58.0, 58.0, 58.0], "pcnt": [0, 0, 0, 0, 4, 4, 4, 4, 4, 4, 6, 8, 8, 8, 8, 8, 8, 8, 8, 10, 11, 11, 13, 13, 13, 13, 13, 13, 14, 14, 15, 15, 15, 15, 15, 15, 15, 15, 15, 15, 15, 15, 15, 15, 15, 15, 15, 15, 15, 15, 15, 15, 15, 15, 15, 15, 15, 15, 15, 15, 15, 15, 15, 15]}}, {"type": "Feature", "geometry": {"type": "Point", "coordinates": [-104.82088, 50.69633]}, "properties": {"twp": "020-21-W2", "prov": "SK", "total": 22, "first": 1884, "cum": [0, 0, 0, 12, 12, 12, 12, 12, 12, 14, 14, 17, 17, 17, 17, 17, 17, 17, 18, 18, 18, 22, 22, 22, 22, 22, 22, 22, 22, 22, 22, 22, 22, 22, 22, 22, 22, 22, 22, 22, 22, 22, 22, 22, 22, 22, 22, 22, 22, 22, 22, 22, 22, 22, 22, 22, 22, 22, 22, 22, 22, 22, 22, 22], "psum": [0, 0, 0, 0, 0, 0, 0, 0, 0, 7.0, 7.0, 13.0, 13.0, 13.0, 13.0, 13.0, 13.0, 13.0, 16.0, 16.0, 16.0, 32.0, 32.0, 32.0, 32.0, 32.0, 32.0, 32.0, 32.0, 32.0, 32.0, 32.0, 32.0, 32.0, 32.0, 32.0, 32.0, 32.0, 32.0, 32.0, 32.0, 32.0, 32.0, 32.0, 32.0, 32.0, 32.0, 32.0, 32.0, 32.0, 32.0, 32.0, 32.0, 32.0, 32.0, 32.0, 32.0, 32.0, 32.0, 32.0, 32.0, 32.0, 32.0, 32.0], "pcnt": [0, 0, 0, 0, 0, 0, 0, 0, 0, 2, 2, 4, 4, 4, 4, 4, 4, 4, 5, 5, 5, 9, 9, 9, 9, 9, 9, 9, 9, 9, 9, 9, 9, 9, 9, 9, 9, 9, 9, 9, 9, 9, 9, 9, 9, 9, 9, 9, 9, 9, 9, 9, 9, 9, 9, 9, 9, 9, 9, 9, 9, 9, 9, 9]}}, {"type": "Feature", "geometry": {"type": "Point", "coordinates": [-108.91538, 49.9151]}, "properties": {"twp": "011-22-W3", "prov": "SK", "total": 41, "first": 1903, "cum": [0, 0, 0, 0, 0, 0, 0, 0, 0, 0, 0, 0, 0, 0, 0, 0, 0, 0, 0, 0, 0, 0, 4, 4, 4, 6, 6, 6, 7, 39, 41, 41, 41, 41, 41, 41, 41, 41, 41, 41, 41, 41, 41, 41, 41, 41, 41, 41, 41, 41, 41, 41, 41, 41, 41, 41, 41, 41, 41, 41, 41, 41, 41, 41], "psum": [0, 0, 0, 0, 0, 0, 0, 0, 0, 0, 0, 0, 0, 0, 0, 0, 0, 0, 0, 0, 0, 0, 14.0, 14.0, 14.0, 24.0, 24.0, 24.0, 32.0, 296.0, 316.0, 316.0, 316.0, 316.0, 316.0, 316.0, 316.0, 316.0, 316.0, 316.0, 316.0, 316.0, 316.0, 316.0, 316.0, 316.0, 316.0, 316.0, 316.0, 316.0, 316.0, 316.0, 316.0, 316.0, 316.0, 316.0, 316.0, 316.0, 316.0, 316.0, 316.0, 316.0, 316.0, 316.0], "pcnt": [0, 0, 0, 0, 0, 0, 0, 0, 0, 0, 0, 0, 0, 0, 0, 0, 0, 0, 0, 0, 0, 0, 4, 4, 4, 6, 6, 6, 7, 39, 41, 41, 41, 41, 41, 41, 41, 41, 41, 41, 41, 41, 41, 41, 41, 41, 41, 41, 41, 41, 41, 41, 41, 41, 41, 41, 41, 41, 41, 41, 41, 41, 41, 41]}}, {"type": "Feature", "geometry": {"type": "Point", "coordinates": [-108.98485, 50.00079]}, "properties": {"twp": "012-22-W3", "prov": "SK", "total": 10, "first": 1888, "cum": [0, 0, 0, 0, 0, 0, 0, 3, 3, 3, 3, 3, 3, 3, 3, 3, 5, 5, 5, 5, 5, 5, 6, 6, 6, 6, 6, 6, 6, 10, 10, 10, 10, 10, 10, 10, 10, 10, 10, 10, 10, 10, 10, 10, 10, 10, 10, 10, 10, 10, 10, 10, 10, 10, 10, 10, 10, 10, 10, 10, 10, 10, 10, 10], "psum": [0, 0, 0, 0, 0, 0, 0, 9.0, 9.0, 9.0, 9.0, 9.0, 9.0, 9.0, 9.0, 9.0, 14.0, 14.0, 14.0, 14.0, 14.0, 14.0, 17.2, 17.2, 17.2, 17.2, 17.2, 17.2, 17.2, 57.2, 57.2, 57.2, 57.2, 57.2, 57.2, 57.2, 57.2, 57.2, 57.2, 57.2, 57.2, 57.2, 57.2, 57.2, 57.2, 57.2, 57.2, 57.2, 57.2, 57.2, 57.2, 57.2, 57.2, 57.2, 57.2, 57.2, 57.2, 57.2, 57.2, 57.2, 57.2, 57.2, 57.2, 57.2], "pcnt": [0, 0, 0, 0, 0, 0, 0, 3, 3, 3, 3, 3, 3, 3, 3, 3, 5, 5, 5, 5, 5, 5, 6, 6, 6, 6, 6, 6, 6, 10, 10, 10, 10, 10, 10, 10, 10, 10, 10, 10, 10, 10, 10, 10, 10, 10, 10, 10, 10, 10, 10, 10, 10, 10, 10, 10, 10, 10, 10, 10, 10, 10, 10, 10]}}, {"type": "Feature", "geometry": {"type": "Point", "coordinates": [-104.95512, 50.18319]}, "properties": {"twp": "014-22-W2", "prov": "SK", "total": 23, "first": 1900, "cum": [0, 0, 0, 0, 0, 0, 0, 0, 0, 0, 0, 0, 0, 0, 0, 0, 0, 0, 0, 2, 18, 18, 18, 18, 22, 22, 22, 22, 23, 23, 23, 23, 23, 23, 23, 23, 23, 23, 23, 23, 23, 23, 23, 23, 23, 23, 23, 23, 23, 23, 23, 23, 23, 23, 23, 23, 23, 23, 23, 23, 23, 23, 23, 23], "psum": [0, 0, 0, 0, 0, 0, 0, 0, 0, 0, 0, 0, 0, 0, 0, 0, 0, 0, 0, 7.0, 45.0, 45.0, 45.0, 45.0, 145.0, 145.0, 145.0, 145.0, 180.0, 180.0, 180.0, 180.0, 180.0, 180.0, 180.0, 180.0, 180.0, 180.0, 180.0, 180.0, 180.0, 180.0, 180.0, 180.0, 180.0, 180.0, 180.0, 180.0, 180.0, 180.0, 180.0, 180.0, 180.0, 180.0, 180.0, 180.0, 180.0, 180.0, 180.0, 180.0, 180.0, 180.0, 180.0, 180.0], "pcnt": [0, 0, 0, 0, 0, 0, 0, 0, 0, 0, 0, 0, 0, 0, 0, 0, 0, 0, 0, 2, 18, 18, 18, 18, 22, 22, 22, 22, 23, 23, 23, 23, 23, 23, 23, 23, 23, 23, 23, 23, 23, 23, 23, 23, 23, 23, 23, 23, 23, 23, 23, 23, 23, 23, 23, 23, 23, 23, 23, 23, 23, 23, 23, 23]}}, {"type": "Feature", "geometry": {"type": "Point", "coordinates": [-109.08999, 52.46056]}, "properties": {"twp": "040-22-W3", "prov": "SK", "total": 37, "first": 1903, "cum": [0, 0, 0, 0, 0, 0, 0, 0, 0, 0, 0, 0, 0, 0, 0, 0, 0, 0, 0, 0, 0, 0, 16, 16, 29, 29, 29, 29, 29, 35, 37, 37, 37, 37, 37, 37, 37, 37, 37, 37, 37, 37, 37, 37, 37, 37, 37, 37, 37, 37, 37, 37, 37, 37, 37, 37, 37, 37, 37, 37, 37, 37, 37, 37], "psum": [0, 0, 0, 0, 0, 0, 0, 0, 0, 0, 0, 0, 0, 0, 0, 0, 0, 0, 0, 0, 0, 0, 64.0, 64.0, 142.0, 142.0, 142.0, 142.0, 142.0, 242.3, 276.3, 276.3, 276.3, 276.3, 276.3, 276.3, 276.3, 276.3, 276.3, 276.3, 276.3, 276.3, 276.3, 276.3, 276.3, 276.3, 276.3, 276.3, 276.3, 276.3, 276.3, 276.3, 276.3, 276.3, 276.3, 276.3, 276.3, 276.3, 276.3, 276.3, 276.3, 276.3, 276.3, 276.3], "pcnt": [0, 0, 0, 0, 0, 0, 0, 0, 0, 0, 0, 0, 0, 0, 0, 0, 0, 0, 0, 0, 0, 0, 16, 16, 29, 29, 29, 29, 29, 35, 37, 37, 37, 37, 37, 37, 37, 37, 37, 37, 37, 37, 37, 37, 37, 37, 37, 37, 37, 37, 37, 37, 37, 37, 37, 37, 37, 37, 37, 37, 37, 37, 37, 37]}}, {"type": "Feature", "geometry": {"type": "Point", "coordinates": [-109.11007, 49.93479]}, "properties": {"twp": "011-23-W3", "prov": "SK", "total": 21, "first": 1899, "cum": [0, 0, 0, 0, 0, 0, 0, 0, 0, 0, 0, 0, 0, 0, 0, 0, 0, 0, 4, 4, 4, 4, 4, 4, 4, 7, 11, 11, 11, 19, 21, 21, 21, 21, 21, 21, 21, 21, 21, 21, 21, 21, 21, 21, 21, 21, 21, 21, 21, 21, 21, 21, 21, 21, 21, 21, 21, 21, 21, 21, 21, 21, 21, 21], "psum": [0, 0, 0, 0, 0, 0, 0, 0, 0, 0, 0, 0, 0, 0, 0, 0, 0, 0, 12.0, 12.0, 12.0, 12.0, 12.0, 12.0, 12.0, 27.0, 59.0, 59.0, 59.0, 123.0, 143.0, 143.0, 143.0, 143.0, 143.0, 143.0, 143.0, 143.0, 143.0, 143.0, 143.0, 143.0, 143.0, 143.0, 143.0, 143.0, 143.0, 143.0, 143.0, 143.0, 143.0, 143.0, 143.0, 143.0, 143.0, 143.0, 143.0, 143.0, 143.0, 143.0, 143.0, 143.0, 143.0, 143.0], "pcnt": [0, 0, 0, 0, 0, 0, 0, 0, 0, 0, 0, 0, 0, 0, 0, 0, 0, 0, 4, 4, 4, 4, 4, 4, 4, 7, 11, 11, 11, 19, 21, 21, 21, 21, 21, 21, 21, 21, 21, 21, 21, 21, 21, 21, 21, 21, 21, 21, 21, 21, 21, 21, 21, 21, 21, 21, 21, 21, 21, 21, 21, 21, 21, 21]}}, {"type": "Feature", "geometry": {"type": "Point", "coordinates": [-109.06668, 49.99768]}, "properties": {"twp": "012-23-W3", "prov": "SK", "total": 36, "first": 1888, "cum": [0, 0, 0, 0, 0, 0, 0, 27, 28, 29, 33, 33, 33, 33, 33, 33, 33, 33, 33, 33, 33, 36, 36, 36, 36, 36, 36, 36, 36, 36, 36, 36, 36, 36, 36, 36, 36, 36, 36, 36, 36, 36, 36, 36, 36, 36, 36, 36, 36, 36, 36, 36, 36, 36, 36, 36, 36, 36, 36, 36, 36, 36, 36, 36], "psum": [0, 0, 0, 0, 0, 0, 0, 80.5, 83.5, 86.0, 96.0, 96.0, 96.0, 96.0, 96.0, 96.0, 96.0, 96.0, 96.0, 96.0, 96.0, 105.0, 105.0, 105.0, 105.0, 105.0, 105.0, 105.0, 105.0, 105.0, 105.0, 105.0, 105.0, 105.0, 105.0, 105.0, 105.0, 105.0, 105.0, 105.0, 105.0, 105.0, 105.0, 105.0, 105.0, 105.0, 105.0, 105.0, 105.0, 105.0, 105.0, 105.0, 105.0, 105.0, 105.0, 105.0, 105.0, 105.0, 105.0, 105.0, 105.0, 105.0, 105.0, 105.0], "pcnt": [0, 0, 0, 0, 0, 0, 0, 27, 28, 29, 33, 33, 33, 33, 33, 33, 33, 33, 33, 33, 33, 36, 36, 36, 36, 36, 36, 36, 36, 36, 36, 36, 36, 36, 36, 36, 36, 36, 36, 36, 36, 36, 36, 36, 36, 36, 36, 36, 36, 36, 36, 36, 36, 36, 36, 36, 36, 36, 36, 36, 36, 36, 36, 36]}}, {"type": "Feature", "geometry": {"type": "Point", "coordinates": [-109.31938, 53.06731]}, "properties": {"twp": "047-23-W3", "prov": "SK", "total": 71, "first": 1902, "cum": [0, 0, 0, 0, 0, 0, 0, 0, 0, 0, 0, 0, 0, 0, 0, 0, 0, 0, 0, 0, 0, 56, 64, 64, 64, 64, 64, 67, 68, 70, 70, 71, 71, 71, 71, 71, 71, 71, 71, 71, 71, 71, 71, 71, 71, 71, 71, 71, 71, 71, 71, 71, 71, 71, 71, 71, 71, 71, 71, 71, 71, 71, 71, 71], "psum": [0, 0, 0, 0, 0, 0, 0, 0, 0, 0, 0, 0, 0, 0, 0, 0, 0, 0, 0, 0, 0, 196.0, 228.0, 228.0, 228.0, 228.0, 228.0, 273.0, 293.0, 316.5, 316.5, 338.5, 338.5, 338.5, 338.5, 338.5, 338.5, 338.5, 338.5, 338.5, 338.5, 338.5, 338.5, 338.5, 338.5, 338.5, 338.5, 338.5, 338.5, 338.5, 338.5, 338.5, 338.5, 338.5, 338.5, 338.5, 338.5, 338.5, 338.5, 338.5, 338.5, 338.5, 338.5, 338.5], "pcnt": [0, 0, 0, 0, 0, 0, 0, 0, 0, 0, 0, 0, 0, 0, 0, 0, 0, 0, 0, 0, 0, 56, 64, 64, 64, 64, 64, 67, 68, 70, 70, 71, 71, 71, 71, 71, 71, 71, 71, 71, 71, 71, 71, 71, 71, 71, 71, 71, 71, 71, 71, 71, 71, 71, 71, 71, 71, 71, 71, 71, 71, 71, 71, 71]}}, {"type": "Feature", "geometry": {"type": "Point", "coordinates": [-109.45917, 53.20737]}, "properties": {"twp": "049-24-W3", "prov": "SK", "total": 16, "first": 1903, "cum": [0, 0, 0, 0, 0, 0, 0, 0, 0, 0, 0, 0, 0, 0, 0, 0, 0, 0, 0, 0, 0, 0, 8, 8, 12, 14, 15, 15, 16, 16, 16, 16, 16, 16, 16, 16, 16, 16, 16, 16, 16, 16, 16, 16, 16, 16, 16, 16, 16, 16, 16, 16, 16, 16, 16, 16, 16, 16, 16, 16, 16, 16, 16, 16], "psum": [0, 0, 0, 0, 0, 0, 0, 0, 0, 0, 0, 0, 0, 0, 0, 0, 0, 0, 0, 0, 0, 0, 38.3, 38.3, 62.3, 82.3, 92.3, 92.3, 104.3, 104.3, 104.3, 104.3, 104.3, 104.3, 104.3, 104.3, 104.3, 104.3, 104.3, 104.3, 104.3, 104.3, 104.3, 104.3, 104.3, 104.3, 104.3, 104.3, 104.3, 104.3, 104.3, 104.3, 104.3, 104.3, 104.3, 104.3, 104.3, 104.3, 104.3, 104.3, 104.3, 104.3, 104.3, 104.3], "pcnt": [0, 0, 0, 0, 0, 0, 0, 0, 0, 0, 0, 0, 0, 0, 0, 0, 0, 0, 0, 0, 0, 0, 8, 8, 12, 14, 15, 15, 16, 16, 16, 16, 16, 16, 16, 16, 16, 16, 16, 16, 16, 16, 16, 16, 16, 16, 16, 16, 16, 16, 16, 16, 16, 16, 16, 16, 16, 16, 16, 16, 16, 16, 16, 16]}}, {"type": "Feature", "geometry": {"type": "Point", "coordinates": [-109.37113, 49.90751]}, "properties": {"twp": "011-25-W3", "prov": "SK", "total": 35, "first": 1889, "cum": [0, 0, 0, 0, 0, 0, 0, 0, 1, 1, 2, 5, 5, 5, 5, 5, 5, 5, 5, 5, 6, 10, 20, 21, 23, 34, 34, 34, 35, 35, 35, 35, 35, 35, 35, 35, 35, 35, 35, 35, 35, 35, 35, 35, 35, 35, 35, 35, 35, 35, 35, 35, 35, 35, 35, 35, 35, 35, 35, 35, 35, 35, 35, 35], "psum": [0, 0, 0, 0, 0, 0, 0, 0, 3.0, 3.0, 6.0, 15.0, 15.0, 15.0, 15.0, 15.0, 15.0, 15.0, 15.0, 15.0, 18.0, 30.9, 65.9, 69.1, 77.1, 123.1, 123.1, 123.1, 131.1, 131.1, 131.1, 131.1, 131.1, 131.1, 131.1, 131.1, 131.1, 131.1, 131.1, 131.1, 131.1, 131.1, 131.1, 131.1, 131.1, 131.1, 131.1, 131.1, 131.1, 131.1, 131.1, 131.1, 131.1, 131.1, 131.1, 131.1, 131.1, 131.1, 131.1, 131.1, 131.1, 131.1, 131.1, 131.1], "pcnt": [0, 0, 0, 0, 0, 0, 0, 0, 1, 1, 2, 5, 5, 5, 5, 5, 5, 5, 5, 5, 6, 10, 20, 21, 23, 34, 34, 34, 35, 35, 35, 35, 35, 35, 35, 35, 35, 35, 35, 35, 35, 35, 35, 35, 35, 35, 35, 35, 35, 35, 35, 35, 35, 35, 35, 35, 35, 35, 35, 35, 35, 35, 35, 35]}}, {"type": "Feature", "geometry": {"type": "Point", "coordinates": [-105.42098, 50.5992]}, "properties": {"twp": "019-25-W2", "prov": "SK", "total": 50, "first": 1882, "cum": [0, 8, 8, 8, 8, 8, 8, 8, 9, 9, 9, 11, 11, 11, 11, 11, 11, 13, 13, 14, 15, 17, 20, 26, 32, 43, 43, 43, 43, 44, 46, 50, 50, 50, 50, 50, 50, 50, 50, 50, 50, 50, 50, 50, 50, 50, 50, 50, 50, 50, 50, 50, 50, 50, 50, 50, 50, 50, 50, 50, 50, 50, 50, 50], "psum": [0, 20.0, 20.0, 20.0, 20.0, 20.0, 20.0, 20.0, 23.0, 23.0, 23.0, 29.0, 29.0, 29.0, 29.0, 29.0, 29.0, 33.0, 33.0, 36.0, 39.0, 49.0, 64.0, 94.0, 122.3, 188.3, 188.3, 188.3, 188.3, 200.3, 226.3, 282.3, 282.3, 282.3, 282.3, 282.3, 282.3, 282.3, 282.3, 282.3, 282.3, 282.3, 282.3, 282.3, 282.3, 282.3, 282.3, 282.3, 282.3, 282.3, 282.3, 282.3, 282.3, 282.3, 282.3, 282.3, 282.3, 282.3, 282.3, 282.3, 282.3, 282.3, 282.3, 282.3], "pcnt": [0, 8, 8, 8, 8, 8, 8, 8, 9, 9, 9, 11, 11, 11, 11, 11, 11, 13, 13, 14, 15, 17, 20, 26, 32, 43, 43, 43, 43, 44, 46, 50, 50, 50, 50, 50, 50, 50, 50, 50, 50, 50, 50, 50, 50, 50, 50, 50, 50, 50, 50, 50, 50, 50, 50, 50, 50, 50, 50, 50, 50, 50, 50, 50]}}, {"type": "Feature", "geometry": {"type": "Point", "coordinates": [-109.51575, 50.09446]}, "properties": {"twp": "013-26-W3", "prov": "SK", "total": 23, "first": 1898, "cum": [0, 0, 0, 0, 0, 0, 0, 0, 0, 0, 0, 0, 0, 0, 0, 0, 0, 4, 6, 6, 6, 9, 19, 23, 23, 23, 23, 23, 23, 23, 23, 23, 23, 23, 23, 23, 23, 23, 23, 23, 23, 23, 23, 23, 23, 23, 23, 23, 23, 23, 23, 23, 23, 23, 23, 23, 23, 23, 23, 23, 23, 23, 23, 23], "psum": [0, 0, 0, 0, 0, 0, 0, 0, 0, 0, 0, 0, 0, 0, 0, 0, 0, 10.0, 16.0, 16.0, 16.0, 25.0, 59.7, 72.5, 72.5, 72.5, 72.5, 72.5, 72.5, 72.5, 72.5, 72.5, 72.5, 72.5, 72.5, 72.5, 72.5, 72.5, 72.5, 72.5, 72.5, 72.5, 72.5, 72.5, 72.5, 72.5, 72.5, 72.5, 72.5, 72.5, 72.5, 72.5, 72.5, 72.5, 72.5, 72.5, 72.5, 72.5, 72.5, 72.5, 72.5, 72.5, 72.5, 72.5], "pcnt": [0, 0, 0, 0, 0, 0, 0, 0, 0, 0, 0, 0, 0, 0, 0, 0, 0, 4, 6, 6, 6, 9, 19, 23, 23, 23, 23, 23, 23, 23, 23, 23, 23, 23, 23, 23, 23, 23, 23, 23, 23, 23, 23, 23, 23, 23, 23, 23, 23, 23, 23, 23, 23, 23, 23, 23, 23, 23, 23, 23, 23, 23, 23, 23]}}, {"type": "Feature", "geometry": {"type": "Point", "coordinates": [-105.56083, 50.60458]}, "properties": {"twp": "019-26-W2", "prov": "SK", "total": 84, "first": 1882, "cum": [0, 28, 30, 30, 30, 30, 30, 30, 30, 30, 30, 31, 31, 31, 31, 31, 32, 34, 41, 43, 53, 77, 82, 82, 83, 84, 84, 84, 84, 84, 84, 84, 84, 84, 84, 84, 84, 84, 84, 84, 84, 84, 84, 84, 84, 84, 84, 84, 84, 84, 84, 84, 84, 84, 84, 84, 84, 84, 84, 84, 84, 84, 84, 84], "psum": [0, 70.0, 80.0, 80.0, 80.0, 80.0, 80.0, 80.0, 80.0, 80.0, 80.0, 83.0, 83.0, 83.0, 83.0, 83.0, 86.0, 92.0, 113.0, 119.0, 149.0, 245.0, 268.0, 268.0, 273.0, 279.0, 279.0, 279.0, 279.0, 279.0, 279.0, 279.0, 279.0, 279.0, 279.0, 279.0, 279.0, 279.0, 279.0, 279.0, 279.0, 279.0, 279.0, 279.0, 279.0, 279.0, 279.0, 279.0, 279.0, 279.0, 279.0, 279.0, 279.0, 279.0, 279.0, 279.0, 279.0, 279.0, 279.0, 279.0, 279.0, 279.0, 279.0, 279.0], "pcnt": [0, 28, 30, 30, 30, 30, 30, 30, 30, 30, 30, 31, 31, 31, 31, 31, 32, 34, 41, 43, 53, 77, 82, 82, 83, 84, 84, 84, 84, 84, 84, 84, 84, 84, 84, 84, 84, 84, 84, 84, 84, 84, 84, 84, 84, 84, 84, 84, 84, 84, 84, 84, 84, 84, 84, 84, 84, 84, 84, 84, 84, 84, 84, 84]}}, {"type": "Feature", "geometry": {"type": "Point", "coordinates": [-109.74009, 53.22274]}, "properties": {"twp": "049-26-W3", "prov": "SK", "total": 59, "first": 1902, "cum": [0, 0, 0, 0, 0, 0, 0, 0, 0, 0, 0, 0, 0, 0, 0, 0, 0, 0, 0, 0, 0, 52, 52, 52, 53, 59, 59, 59, 59, 59, 59, 59, 59, 59, 59, 59, 59, 59, 59, 59, 59, 59, 59, 59, 59, 59, 59, 59, 59, 59, 59, 59, 59, 59, 59, 59, 59, 59, 59, 59, 59, 59, 59, 59], "psum": [0, 0, 0, 0, 0, 0, 0, 0, 0, 0, 0, 0, 0, 0, 0, 0, 0, 0, 0, 0, 0, 181.5, 181.5, 181.5, 187.0, 208.0, 208.0, 208.0, 208.0, 208.0, 208.0, 208.0, 208.0, 208.0, 208.0, 208.0, 208.0, 208.0, 208.0, 208.0, 208.0, 208.0, 208.0, 208.0, 208.0, 208.0, 208.0, 208.0, 208.0, 208.0, 208.0, 208.0, 208.0, 208.0, 208.0, 208.0, 208.0, 208.0, 208.0, 208.0, 208.0, 208.0, 208.0, 208.0], "pcnt": [0, 0, 0, 0, 0, 0, 0, 0, 0, 0, 0, 0, 0, 0, 0, 0, 0, 0, 0, 0, 0, 52, 52, 52, 53, 59, 59, 59, 59, 59, 59, 59, 59, 59, 59, 59, 59, 59, 59, 59, 59, 59, 59, 59, 59, 59, 59, 59, 59, 59, 59, 59, 59, 59, 59, 59, 59, 59, 59, 59, 59, 59, 59, 59]}}, {"type": "Feature", "geometry": {"type": "Point", "coordinates": [-109.65678, 49.96789]}, "properties": {"twp": "012-27-W3", "prov": "SK", "total": 2, "first": 1888, "cum": [0, 0, 0, 0, 0, 0, 0, 1, 2, 2, 2, 2, 2, 2, 2, 2, 2, 2, 2, 2, 2, 2, 2, 2, 2, 2, 2, 2, 2, 2, 2, 2, 2, 2, 2, 2, 2, 2, 2, 2, 2, 2, 2, 2, 2, 2, 2, 2, 2, 2, 2, 2, 2, 2, 2, 2, 2, 2, 2, 2, 2, 2, 2, 2], "psum": [0, 0, 0, 0, 0, 0, 0, 3.0, 6.0, 6.0, 6.0, 6.0, 6.0, 6.0, 6.0, 6.0, 6.0, 6.0, 6.0, 6.0, 6.0, 6.0, 6.0, 6.0, 6.0, 6.0, 6.0, 6.0, 6.0, 6.0, 6.0, 6.0, 6.0, 6.0, 6.0, 6.0, 6.0, 6.0, 6.0, 6.0, 6.0, 6.0, 6.0, 6.0, 6.0, 6.0, 6.0, 6.0, 6.0, 6.0, 6.0, 6.0, 6.0, 6.0, 6.0, 6.0, 6.0, 6.0, 6.0, 6.0, 6.0, 6.0, 6.0, 6.0], "pcnt": [0, 0, 0, 0, 0, 0, 0, 1, 2, 2, 2, 2, 2, 2, 2, 2, 2, 2, 2, 2, 2, 2, 2, 2, 2, 2, 2, 2, 2, 2, 2, 2, 2, 2, 2, 2, 2, 2, 2, 2, 2, 2, 2, 2, 2, 2, 2, 2, 2, 2, 2, 2, 2, 2, 2, 2, 2, 2, 2, 2, 2, 2, 2, 2]}}, {"type": "Feature", "geometry": {"type": "Point", "coordinates": [-105.64826, 50.34875]}, "properties": {"twp": "016-27-W2", "prov": "SK", "total": 137, "first": 1882, "cum": [0, 4, 4, 4, 4, 4, 4, 4, 4, 4, 4, 7, 7, 7, 7, 7, 7, 7, 14, 37, 44, 85, 99, 102, 132, 135, 135, 135, 135, 137, 137, 137, 137, 137, 137, 137, 137, 137, 137, 137, 137, 137, 137, 137, 137, 137, 137, 137, 137, 137, 137, 137, 137, 137, 137, 137, 137, 137, 137, 137, 137, 137, 137, 137], "psum": [0, 10.0, 10.0, 10.0, 10.0, 10.0, 10.0, 10.0, 10.0, 10.0, 10.0, 19.5, 19.5, 19.5, 19.5, 19.5, 19.5, 19.5, 40.5, 109.2, 134.2, 362.2, 456.2, 471.2, 652.2, 670.2, 670.2, 670.2, 670.2, 720.2, 720.2, 720.2, 720.2, 720.2, 720.2, 720.2, 720.2, 720.2, 720.2, 720.2, 720.2, 720.2, 720.2, 720.2, 720.2, 720.2, 720.2, 720.2, 720.2, 720.2, 720.2, 720.2, 720.2, 720.2, 720.2, 720.2, 720.2, 720.2, 720.2, 720.2, 720.2, 720.2, 720.2, 720.2], "pcnt": [0, 4, 4, 4, 4, 4, 4, 4, 4, 4, 4, 7, 7, 7, 7, 7, 7, 7, 14, 37, 44, 85, 99, 102, 132, 135, 135, 135, 135, 137, 137, 137, 137, 137, 137, 137, 137, 137, 137, 137, 137, 137, 137, 137, 137, 137, 137, 137, 137, 137, 137, 137, 137, 137, 137, 137, 137, 137, 137, 137, 137, 137, 137, 137]}}, {"type": "Feature", "geometry": {"type": "Point", "coordinates": [-109.99128, 53.31275]}, "properties": {"twp": "050-28-W3", "prov": "SK", "total": 11, "first": 1903, "cum": [0, 0, 0, 0, 0, 0, 0, 0, 0, 0, 0, 0, 0, 0, 0, 0, 0, 0, 0, 0, 0, 0, 10, 11, 11, 11, 11, 11, 11, 11, 11, 11, 11, 11, 11, 11, 11, 11, 11, 11, 11, 11, 11, 11, 11, 11, 11, 11, 11, 11, 11, 11, 11, 11, 11, 11, 11, 11, 11, 11, 11, 11, 11, 11], "psum": [0, 0, 0, 0, 0, 0, 0, 0, 0, 0, 0, 0, 0, 0, 0, 0, 0, 0, 0, 0, 0, 0, 49.6, 55.6, 55.6, 55.6, 55.6, 55.6, 55.6, 55.6, 55.6, 55.6, 55.6, 55.6, 55.6, 55.6, 55.6, 55.6, 55.6, 55.6, 55.6, 55.6, 55.6, 55.6, 55.6, 55.6, 55.6, 55.6, 55.6, 55.6, 55.6, 55.6, 55.6, 55.6, 55.6, 55.6, 55.6, 55.6, 55.6, 55.6, 55.6, 55.6, 55.6, 55.6], "pcnt": [0, 0, 0, 0, 0, 0, 0, 0, 0, 0, 0, 0, 0, 0, 0, 0, 0, 0, 0, 0, 0, 0, 10, 11, 11, 11, 11, 11, 11, 11, 11, 11, 11, 11, 11, 11, 11, 11, 11, 11, 11, 11, 11, 11, 11, 11, 11, 11, 11, 11, 11, 11, 11, 11, 11, 11, 11, 11, 11, 11, 11, 11, 11, 11]}}, {"type": "Feature", "geometry": {"type": "Point", "coordinates": [-105.94112, 50.61944]}, "properties": {"twp": "019-29-W2", "prov": "SK", "total": 97, "first": 1901, "cum": [0, 0, 0, 0, 0, 0, 0, 0, 0, 0, 0, 0, 0, 0, 0, 0, 0, 0, 0, 0, 3, 95, 95, 95, 96, 97, 97, 97, 97, 97, 97, 97, 97, 97, 97, 97, 97, 97, 97, 97, 97, 97, 97, 97, 97, 97, 97, 97, 97, 97, 97, 97, 97, 97, 97, 97, 97, 97, 97, 97, 97, 97, 97, 97], "psum": [0, 0, 0, 0, 0, 0, 0, 0, 0, 0, 0, 0, 0, 0, 0, 0, 0, 0, 0, 0, 9.0, 396.8, 396.8, 396.8, 405.8, 414.8, 414.8, 414.8, 414.8, 414.8, 414.8, 414.8, 414.8, 414.8, 414.8, 414.8, 414.8, 414.8, 414.8, 414.8, 414.8, 414.8, 414.8, 414.8, 414.8, 414.8, 414.8, 414.8, 414.8, 414.8, 414.8, 414.8, 414.8, 414.8, 414.8, 414.8, 414.8, 414.8, 414.8, 414.8, 414.8, 414.8, 414.8, 414.8], "pcnt": [0, 0, 0, 0, 0, 0, 0, 0, 0, 0, 0, 0, 0, 0, 0, 0, 0, 0, 0, 0, 3, 95, 95, 95, 96, 97, 97, 97, 97, 97, 97, 97, 97, 97, 97, 97, 97, 97, 97, 97, 97, 97, 97, 97, 97, 97, 97, 97, 97, 97, 97, 97, 97, 97, 97, 97, 97, 97, 97, 97, 97, 97, 97, 97]}}, {"type": "Feature", "geometry": {"type": "Point", "coordinates": [-105.93968, 50.70058]}, "properties": {"twp": "020-29-W2", "prov": "SK", "total": 155, "first": 1902, "cum": [0, 0, 0, 0, 0, 0, 0, 0, 0, 0, 0, 0, 0, 0, 0, 0, 0, 0, 0, 0, 0, 155, 155, 155, 155, 155, 155, 155, 155, 155, 155, 155, 155, 155, 155, 155, 155, 155, 155, 155, 155, 155, 155, 155, 155, 155, 155, 155, 155, 155, 155, 155, 155, 155, 155, 155, 155, 155, 155, 155, 155, 155, 155, 155], "psum": [0, 0, 0, 0, 0, 0, 0, 0, 0, 0, 0, 0, 0, 0, 0, 0, 0, 0, 0, 0, 0, 503.8, 503.8, 503.8, 503.8, 503.8, 503.8, 503.8, 503.8, 503.8, 503.8, 503.8, 503.8, 503.8, 503.8, 503.8, 503.8, 503.8, 503.8, 503.8, 503.8, 503.8, 503.8, 503.8, 503.8, 503.8, 503.8, 503.8, 503.8, 503.8, 503.8, 503.8, 503.8, 503.8, 503.8, 503.8, 503.8, 503.8, 503.8, 503.8, 503.8, 503.8, 503.8, 503.8], "pcnt": [0, 0, 0, 0, 0, 0, 0, 0, 0, 0, 0, 0, 0, 0, 0, 0, 0, 0, 0, 0, 0, 155, 155, 155, 155, 155, 155, 155, 155, 155, 155, 155, 155, 155, 155, 155, 155, 155, 155, 155, 155, 155, 155, 155, 155, 155, 155, 155, 155, 155, 155, 155, 155, 155, 155, 155, 155, 155, 155, 155, 155, 155, 155, 155]}}, {"type": "Feature", "geometry": {"type": "Point", "coordinates": [-105.94569, 50.78902]}, "properties": {"twp": "021-29-W2", "prov": "SK", "total": 110, "first": 1902, "cum": [0, 0, 0, 0, 0, 0, 0, 0, 0, 0, 0, 0, 0, 0, 0, 0, 0, 0, 0, 0, 0, 110, 110, 110, 110, 110, 110, 110, 110, 110, 110, 110, 110, 110, 110, 110, 110, 110, 110, 110, 110, 110, 110, 110, 110, 110, 110, 110, 110, 110, 110, 110, 110, 110, 110, 110, 110, 110, 110, 110, 110, 110, 110, 110], "psum": [0, 0, 0, 0, 0, 0, 0, 0, 0, 0, 0, 0, 0, 0, 0, 0, 0, 0, 0, 0, 0, 330.0, 330.0, 330.0, 330.0, 330.0, 330.0, 330.0, 330.0, 330.0, 330.0, 330.0, 330.0, 330.0, 330.0, 330.0, 330.0, 330.0, 330.0, 330.0, 330.0, 330.0, 330.0, 330.0, 330.0, 330.0, 330.0, 330.0, 330.0, 330.0, 330.0, 330.0, 330.0, 330.0, 330.0, 330.0, 330.0, 330.0, 330.0, 330.0, 330.0, 330.0, 330.0, 330.0], "pcnt": [0, 0, 0, 0, 0, 0, 0, 0, 0, 0, 0, 0, 0, 0, 0, 0, 0, 0, 0, 0, 0, 110, 110, 110, 110, 110, 110, 110, 110, 110, 110, 110, 110, 110, 110, 110, 110, 110, 110, 110, 110, 110, 110, 110, 110, 110, 110, 110, 110, 110, 110, 110, 110, 110, 110, 110, 110, 110, 110, 110, 110, 110, 110, 110]}}, {"type": "Feature", "geometry": {"type": "Point", "coordinates": [-105.99886, 50.50146]}, "properties": {"twp": "018-30-W2", "prov": "SK", "total": 6, "first": 1902, "cum": [0, 0, 0, 0, 0, 0, 0, 0, 0, 0, 0, 0, 0, 0, 0, 0, 0, 0, 0, 0, 0, 4, 4, 4, 6, 6, 6, 6, 6, 6, 6, 6, 6, 6, 6, 6, 6, 6, 6, 6, 6, 6, 6, 6, 6, 6, 6, 6, 6, 6, 6, 6, 6, 6, 6, 6, 6, 6, 6, 6, 6, 6, 6, 6], "psum": [0, 0, 0, 0, 0, 0, 0, 0, 0, 0, 0, 0, 0, 0, 0, 0, 0, 0, 0, 0, 0, 16.0, 16.0, 16.0, 26.0, 26.0, 26.0, 26.0, 26.0, 26.0, 26.0, 26.0, 26.0, 26.0, 26.0, 26.0, 26.0, 26.0, 26.0, 26.0, 26.0, 26.0, 26.0, 26.0, 26.0, 26.0, 26.0, 26.0, 26.0, 26.0, 26.0, 26.0, 26.0, 26.0, 26.0, 26.0, 26.0, 26.0, 26.0, 26.0, 26.0, 26.0, 26.0, 26.0], "pcnt": [0, 0, 0, 0, 0, 0, 0, 0, 0, 0, 0, 0, 0, 0, 0, 0, 0, 0, 0, 0, 0, 4, 4, 4, 6, 6, 6, 6, 6, 6, 6, 6, 6, 6, 6, 6, 6, 6, 6, 6, 6, 6, 6, 6, 6, 6, 6, 6, 6, 6, 6, 6, 6, 6, 6, 6, 6, 6, 6, 6, 6, 6, 6, 6]}}, {"type": "Feature", "geometry": {"type": "Point", "coordinates": [-101.90354, 49.5957]}, "properties": {"twp": "007-33-W1", "prov": "SK", "total": 2, "first": 1903, "cum": [0, 0, 0, 0, 0, 0, 0, 0, 0, 0, 0, 0, 0, 0, 0, 0, 0, 0, 0, 0, 0, 0, 2, 2, 2, 2, 2, 2, 2, 2, 2, 2, 2, 2, 2, 2, 2, 2, 2, 2, 2, 2, 2, 2, 2, 2, 2, 2, 2, 2, 2, 2, 2, 2, 2, 2, 2, 2, 2, 2, 2, 2, 2, 2], "psum": [0, 0, 0, 0, 0, 0, 0, 0, 0, 0, 0, 0, 0, 0, 0, 0, 0, 0, 0, 0, 0, 0, 20.0, 20.0, 20.0, 20.0, 20.0, 20.0, 20.0, 20.0, 20.0, 20.0, 20.0, 20.0, 20.0, 20.0, 20.0, 20.0, 20.0, 20.0, 20.0, 20.0, 20.0, 20.0, 20.0, 20.0, 20.0, 20.0, 20.0, 20.0, 20.0, 20.0, 20.0, 20.0, 20.0, 20.0, 20.0, 20.0, 20.0, 20.0, 20.0, 20.0, 20.0, 20.0], "pcnt": [0, 0, 0, 0, 0, 0, 0, 0, 0, 0, 0, 0, 0, 0, 0, 0, 0, 0, 0, 0, 0, 0, 2, 2, 2, 2, 2, 2, 2, 2, 2, 2, 2, 2, 2, 2, 2, 2, 2, 2, 2, 2, 2, 2, 2, 2, 2, 2, 2, 2, 2, 2, 2, 2, 2, 2, 2, 2, 2, 2, 2, 2, 2, 2]}}, {"type": "Feature", "geometry": {"type": "Point", "coordinates": [-101.9778, 50.6296]}, "properties": {"twp": "019-33-W1", "prov": "SK", "total": 24, "first": 1900, "cum": [0, 0, 0, 0, 0, 0, 0, 0, 0, 0, 0, 0, 0, 0, 0, 0, 0, 0, 0, 1, 1, 1, 1, 7, 16, 20, 21, 21, 22, 22, 24, 24, 24, 24, 24, 24, 24, 24, 24, 24, 24, 24, 24, 24, 24, 24, 24, 24, 24, 24, 24, 24, 24, 24, 24, 24, 24, 24, 24, 24, 24, 24, 24, 24], "psum": [0, 0, 0, 0, 0, 0, 0, 0, 0, 0, 0, 0, 0, 0, 0, 0, 0, 0, 0, 3.0, 3.0, 3.0, 3.0, 37.0, 93.0, 123.0, 131.0, 131.0, 141.0, 141.0, 161.0, 161.0, 161.0, 161.0, 161.0, 161.0, 161.0, 161.0, 161.0, 161.0, 161.0, 161.0, 161.0, 161.0, 161.0, 161.0, 161.0, 161.0, 161.0, 161.0, 161.0, 161.0, 161.0, 161.0, 161.0, 161.0, 161.0, 161.0, 161.0, 161.0, 161.0, 161.0, 161.0, 161.0], "pcnt": [0, 0, 0, 0, 0, 0, 0, 0, 0, 0, 0, 0, 0, 0, 0, 0, 0, 0, 0, 1, 1, 1, 1, 7, 16, 20, 21, 21, 22, 22, 24, 24, 24, 24, 24, 24, 24, 24, 24, 24, 24, 24, 24, 24, 24, 24, 24, 24, 24, 24, 24, 24, 24, 24, 24, 24, 24, 24, 24, 24, 24, 24, 24, 24]}}, {"type": "Feature", "geometry": {"type": "Point", "coordinates": [-102.00207, 50.8304]}, "properties": {"twp": "021-33-W1", "prov": "SK", "total": 3, "first": 1905, "cum": [0, 0, 0, 0, 0, 0, 0, 0, 0, 0, 0, 0, 0, 0, 0, 0, 0, 0, 0, 0, 0, 0, 0, 0, 1, 2, 2, 2, 2, 2, 3, 3, 3, 3, 3, 3, 3, 3, 3, 3, 3, 3, 3, 3, 3, 3, 3, 3, 3, 3, 3, 3, 3, 3, 3, 3, 3, 3, 3, 3, 3, 3, 3, 3], "psum": [0, 0, 0, 0, 0, 0, 0, 0, 0, 0, 0, 0, 0, 0, 0, 0, 0, 0, 0, 0, 0, 0, 0, 0, 7.0, 17.0, 17.0, 17.0, 17.0, 17.0, 32.0, 32.0, 32.0, 32.0, 32.0, 32.0, 32.0, 32.0, 32.0, 32.0, 32.0, 32.0, 32.0, 32.0, 32.0, 32.0, 32.0, 32.0, 32.0, 32.0, 32.0, 32.0, 32.0, 32.0, 32.0, 32.0, 32.0, 32.0, 32.0, 32.0, 32.0, 32.0, 32.0, 32.0], "pcnt": [0, 0, 0, 0, 0, 0, 0, 0, 0, 0, 0, 0, 0, 0, 0, 0, 0, 0, 0, 0, 0, 0, 0, 0, 1, 2, 2, 2, 2, 2, 3, 3, 3, 3, 3, 3, 3, 3, 3, 3, 3, 3, 3, 3, 3, 3, 3, 3, 3, 3, 3, 3, 3, 3, 3, 3, 3, 3, 3, 3, 3, 3, 3, 3]}}, {"type": "Feature", "geometry": {"type": "Point", "coordinates": [-101.98582, 49.29288]}, "properties": {"twp": "004-34-W1", "prov": "SK", "total": 12, "first": 1898, "cum": [0, 0, 0, 0, 0, 0, 0, 0, 0, 0, 0, 0, 0, 0, 0, 0, 0, 1, 1, 5, 12, 12, 12, 12, 12, 12, 12, 12, 12, 12, 12, 12, 12, 12, 12, 12, 12, 12, 12, 12, 12, 12, 12, 12, 12, 12, 12, 12, 12, 12, 12, 12, 12, 12, 12, 12, 12, 12, 12, 12, 12, 12, 12, 12], "psum": [0, 0, 0, 0, 0, 0, 0, 0, 0, 0, 0, 0, 0, 0, 0, 0, 0, 3.0, 3.0, 15.0, 38.5, 38.5, 38.5, 38.5, 38.5, 38.5, 38.5, 38.5, 38.5, 38.5, 38.5, 38.5, 38.5, 38.5, 38.5, 38.5, 38.5, 38.5, 38.5, 38.5, 38.5, 38.5, 38.5, 38.5, 38.5, 38.5, 38.5, 38.5, 38.5, 38.5, 38.5, 38.5, 38.5, 38.5, 38.5, 38.5, 38.5, 38.5, 38.5, 38.5, 38.5, 38.5, 38.5, 38.5], "pcnt": [0, 0, 0, 0, 0, 0, 0, 0, 0, 0, 0, 0, 0, 0, 0, 0, 0, 1, 1, 5, 12, 12, 12, 12, 12, 12, 12, 12, 12, 12, 12, 12, 12, 12, 12, 12, 12, 12, 12, 12, 12, 12, 12, 12, 12, 12, 12, 12, 12, 12, 12, 12, 12, 12, 12, 12, 12, 12, 12, 12, 12, 12, 12, 12]}}, {"type": "Feature", "geometry": {"type": "Point", "coordinates": [-102.08932, 50.09602]}, "properties": {"twp": "013-01-W2", "prov": "SK", "total": 33, "first": 1882, "cum": [0, 2, 3, 5, 5, 5, 7, 7, 7, 7, 7, 7, 8, 9, 9, 9, 14, 25, 26, 28, 29, 29, 31, 31, 31, 31, 31, 31, 31, 33, 33, 33, 33, 33, 33, 33, 33, 33, 33, 33, 33, 33, 33, 33, 33, 33, 33, 33, 33, 33, 33, 33, 33, 33, 33, 33, 33, 33, 33, 33, 33, 33, 33, 33], "psum": [0, 5.0, 7.5, 13.5, 13.5, 13.5, 19.5, 19.5, 19.5, 19.5, 19.5, 19.5, 22.5, 25.5, 25.5, 25.5, 40.5, 73.5, 76.5, 82.5, 85.5, 85.5, 93.5, 93.5, 93.5, 93.5, 93.5, 93.5, 93.5, 117.5, 117.5, 117.5, 117.5, 117.5, 117.5, 117.5, 117.5, 117.5, 117.5, 117.5, 117.5, 117.5, 117.5, 117.5, 117.5, 117.5, 117.5, 117.5, 117.5, 117.5, 117.5, 117.5, 117.5, 117.5, 117.5, 117.5, 117.5, 117.5, 117.5, 117.5, 117.5, 117.5, 117.5, 117.5], "pcnt": [0, 2, 3, 5, 5, 5, 7, 7, 7, 7, 7, 7, 8, 9, 9, 9, 14, 25, 26, 28, 29, 29, 31, 31, 31, 31, 31, 31, 31, 33, 33, 33, 33, 33, 33, 33, 33, 33, 33, 33, 33, 33, 33, 33, 33, 33, 33, 33, 33, 33, 33, 33, 33, 33, 33, 33, 33, 33, 33, 33, 33, 33, 33, 33]}}, {"type": "Feature", "geometry": {"type": "Point", "coordinates": [-102.08302, 50.2719]}, "properties": {"twp": "015-01-W2", "prov": "SK", "total": 71, "first": 1901, "cum": [0, 0, 0, 0, 0, 0, 0, 0, 0, 0, 0, 0, 0, 0, 0, 0, 0, 0, 0, 0, 6, 34, 49, 55, 55, 71, 71, 71, 71, 71, 71, 71, 71, 71, 71, 71, 71, 71, 71, 71, 71, 71, 71, 71, 71, 71, 71, 71, 71, 71, 71, 71, 71, 71, 71, 71, 71, 71, 71, 71, 71, 71, 71, 71], "psum": [0, 0, 0, 0, 0, 0, 0, 0, 0, 0, 0, 0, 0, 0, 0, 0, 0, 0, 0, 0, 18.0, 102.0, 201.0, 243.0, 243.0, 363.0, 363.0, 363.0, 363.0, 363.0, 363.0, 363.0, 363.0, 363.0, 363.0, 363.0, 363.0, 363.0, 363.0, 363.0, 363.0, 363.0, 363.0, 363.0, 363.0, 363.0, 363.0, 363.0, 363.0, 363.0, 363.0, 363.0, 363.0, 363.0, 363.0, 363.0, 363.0, 363.0, 363.0, 363.0, 363.0, 363.0, 363.0, 363.0], "pcnt": [0, 0, 0, 0, 0, 0, 0, 0, 0, 0, 0, 0, 0, 0, 0, 0, 0, 0, 0, 0, 6, 34, 49, 55, 55, 71, 71, 71, 71, 71, 71, 71, 71, 71, 71, 71, 71, 71, 71, 71, 71, 71, 71, 71, 71, 71, 71, 71, 71, 71, 71, 71, 71, 71, 71, 71, 71, 71, 71, 71, 71, 71, 71, 71]}}, {"type": "Feature", "geometry": {"type": "Point", "coordinates": [-106.08663, 50.44783]}, "properties": {"twp": "017-01-W3", "prov": "SK", "total": 82, "first": 1902, "cum": [0, 0, 0, 0, 0, 0, 0, 0, 0, 0, 0, 0, 0, 0, 0, 0, 0, 0, 0, 0, 0, 18, 19, 19, 36, 61, 70, 73, 77, 82, 82, 82, 82, 82, 82, 82, 82, 82, 82, 82, 82, 82, 82, 82, 82, 82, 82, 82, 82, 82, 82, 82, 82, 82, 82, 82, 82, 82, 82, 82, 82, 82, 82, 82], "psum": [0, 0, 0, 0, 0, 0, 0, 0, 0, 0, 0, 0, 0, 0, 0, 0, 0, 0, 0, 0, 0, 54.0, 58.0, 58.0, 126.0, 298.0, 415.0, 427.0, 492.0, 575.0, 575.0, 575.0, 575.0, 575.0, 575.0, 575.0, 575.0, 575.0, 575.0, 575.0, 575.0, 575.0, 575.0, 575.0, 575.0, 575.0, 575.0, 575.0, 575.0, 575.0, 575.0, 575.0, 575.0, 575.0, 575.0, 575.0, 575.0, 575.0, 575.0, 575.0, 575.0, 575.0, 575.0, 575.0], "pcnt": [0, 0, 0, 0, 0, 0, 0, 0, 0, 0, 0, 0, 0, 0, 0, 0, 0, 0, 0, 0, 0, 18, 19, 19, 36, 61, 70, 73, 77, 82, 82, 82, 82, 82, 82, 82, 82, 82, 82, 82, 82, 82, 82, 82, 82, 82, 82, 82, 82, 82, 82, 82, 82, 82, 82, 82, 82, 82, 82, 82, 82, 82, 82, 82]}}, {"type": "Feature", "geometry": {"type": "Point", "coordinates": [-102.51774, 50.34777]}, "properties": {"twp": "016-04-W2", "prov": "SK", "total": 44, "first": 1884, "cum": [0, 0, 0, 4, 4, 4, 4, 4, 4, 4, 4, 4, 4, 4, 4, 4, 4, 4, 11, 13, 14, 19, 28, 31, 35, 43, 44, 44, 44, 44, 44, 44, 44, 44, 44, 44, 44, 44, 44, 44, 44, 44, 44, 44, 44, 44, 44, 44, 44, 44, 44, 44, 44, 44, 44, 44, 44, 44, 44, 44, 44, 44, 44, 44], "psum": [0, 0, 0, 12.0, 12.0, 12.0, 12.0, 12.0, 12.0, 12.0, 12.0, 12.0, 12.0, 12.0, 12.0, 12.0, 12.0, 12.0, 33.0, 39.0, 42.0, 67.0, 129.0, 152.0, 184.0, 261.0, 271.0, 271.0, 271.0, 271.0, 271.0, 271.0, 271.0, 271.0, 271.0, 271.0, 271.0, 271.0, 271.0, 271.0, 271.0, 271.0, 271.0, 271.0, 271.0, 271.0, 271.0, 271.0, 271.0, 271.0, 271.0, 271.0, 271.0, 271.0, 271.0, 271.0, 271.0, 271.0, 271.0, 271.0, 271.0, 271.0, 271.0, 271.0], "pcnt": [0, 0, 0, 4, 4, 4, 4, 4, 4, 4, 4, 4, 4, 4, 4, 4, 4, 4, 11, 13, 14, 19, 28, 31, 35, 43, 44, 44, 44, 44, 44, 44, 44, 44, 44, 44, 44, 44, 44, 44, 44, 44, 44, 44, 44, 44, 44, 44, 44, 44, 44, 44, 44, 44, 44, 44, 44, 44, 44, 44, 44, 44, 44, 44]}}, {"type": "Feature", "geometry": {"type": "Point", "coordinates": [-106.68714, 52.00732]}, "properties": {"twp": "035-05-W3", "prov": "SK", "total": 6, "first": 1905, "cum": [0, 0, 0, 0, 0, 0, 0, 0, 0, 0, 0, 0, 0, 0, 0, 0, 0, 0, 0, 0, 0, 0, 0, 0, 1, 1, 1, 1, 1, 4, 5, 6, 6, 6, 6, 6, 6, 6, 6, 6, 6, 6, 6, 6, 6, 6, 6, 6, 6, 6, 6, 6, 6, 6, 6, 6, 6, 6, 6, 6, 6, 6, 6, 6], "psum": [0, 0, 0, 0, 0, 0, 0, 0, 0, 0, 0, 0, 0, 0, 0, 0, 0, 0, 0, 0, 0, 0, 0, 0, 5.0, 5.0, 5.0, 5.0, 5.0, 50.0, 67.0, 77.0, 77.0, 77.0, 77.0, 77.0, 77.0, 77.0, 77.0, 77.0, 77.0, 77.0, 77.0, 77.0, 77.0, 77.0, 77.0, 77.0, 77.0, 77.0, 77.0, 77.0, 77.0, 77.0, 77.0, 77.0, 77.0, 77.0, 77.0, 77.0, 77.0, 77.0, 77.0, 77.0], "pcnt": [0, 0, 0, 0, 0, 0, 0, 0, 0, 0, 0, 0, 0, 0, 0, 0, 0, 0, 0, 0, 0, 0, 0, 0, 1, 1, 1, 1, 1, 4, 5, 6, 6, 6, 6, 6, 6, 6, 6, 6, 6, 6, 6, 6, 6, 6, 6, 6, 6, 6, 6, 6, 6, 6, 6, 6, 6, 6, 6, 6, 6, 6, 6, 6]}}, {"type": "Feature", "geometry": {"type": "Point", "coordinates": [-102.7919, 50.27724]}, "properties": {"twp": "015-06-W2", "prov": "SK", "total": 6, "first": 1890, "cum": [0, 0, 0, 0, 0, 0, 0, 0, 0, 1, 1, 1, 2, 2, 2, 2, 2, 2, 3, 3, 4, 6, 6, 6, 6, 6, 6, 6, 6, 6, 6, 6, 6, 6, 6, 6, 6, 6, 6, 6, 6, 6, 6, 6, 6, 6, 6, 6, 6, 6, 6, 6, 6, 6, 6, 6, 6, 6, 6, 6, 6, 6, 6, 6], "psum": [0, 0, 0, 0, 0, 0, 0, 0, 0, 4.0, 4.0, 4.0, 7.0, 7.0, 7.0, 7.0, 7.0, 7.0, 10.0, 10.0, 13.0, 23.0, 23.0, 23.0, 23.0, 23.0, 23.0, 23.0, 23.0, 23.0, 23.0, 23.0, 23.0, 23.0, 23.0, 23.0, 23.0, 23.0, 23.0, 23.0, 23.0, 23.0, 23.0, 23.0, 23.0, 23.0, 23.0, 23.0, 23.0, 23.0, 23.0, 23.0, 23.0, 23.0, 23.0, 23.0, 23.0, 23.0, 23.0, 23.0, 23.0, 23.0, 23.0, 23.0], "pcnt": [0, 0, 0, 0, 0, 0, 0, 0, 0, 1, 1, 1, 2, 2, 2, 2, 2, 2, 3, 3, 4, 6, 6, 6, 6, 6, 6, 6, 6, 6, 6, 6, 6, 6, 6, 6, 6, 6, 6, 6, 6, 6, 6, 6, 6, 6, 6, 6, 6, 6, 6, 6, 6, 6, 6, 6, 6, 6, 6, 6, 6, 6, 6, 6]}}, {"type": "Feature", "geometry": {"type": "Point", "coordinates": [-102.78497, 50.65904]}, "properties": {"twp": "019-06-W2", "prov": "SK", "total": 26, "first": 1896, "cum": [0, 0, 0, 0, 0, 0, 0, 0, 0, 0, 0, 0, 0, 0, 0, 4, 4, 4, 4, 4, 4, 6, 6, 11, 15, 23, 23, 24, 24, 24, 26, 26, 26, 26, 26, 26, 26, 26, 26, 26, 26, 26, 26, 26, 26, 26, 26, 26, 26, 26, 26, 26, 26, 26, 26, 26, 26, 26, 26, 26, 26, 26, 26, 26], "psum": [0, 0, 0, 0, 0, 0, 0, 0, 0, 0, 0, 0, 0, 0, 0, 12.0, 12.0, 12.0, 12.0, 12.0, 12.0, 19.0, 19.0, 50.0, 75.0, 135.0, 135.0, 140.0, 140.0, 140.0, 160.0, 160.0, 160.0, 160.0, 160.0, 160.0, 160.0, 160.0, 160.0, 160.0, 160.0, 160.0, 160.0, 160.0, 160.0, 160.0, 160.0, 160.0, 160.0, 160.0, 160.0, 160.0, 160.0, 160.0, 160.0, 160.0, 160.0, 160.0, 160.0, 160.0, 160.0, 160.0, 160.0, 160.0], "pcnt": [0, 0, 0, 0, 0, 0, 0, 0, 0, 0, 0, 0, 0, 0, 0, 4, 4, 4, 4, 4, 4, 6, 6, 11, 15, 23, 23, 24, 24, 24, 26, 26, 26, 26, 26, 26, 26, 26, 26, 26, 26, 26, 26, 26, 26, 26, 26, 26, 26, 26, 26, 26, 26, 26, 26, 26, 26, 26, 26, 26, 26, 26, 26, 26]}}, {"type": "Feature", "geometry": {"type": "Point", "coordinates": [-106.78128, 52.0273]}, "properties": {"twp": "035-06-W3", "prov": "SK", "total": 39, "first": 1901, "cum": [0, 0, 0, 0, 0, 0, 0, 0, 0, 0, 0, 0, 0, 0, 0, 0, 0, 0, 0, 0, 1, 4, 4, 4, 12, 12, 12, 14, 17, 21, 25, 39, 39, 39, 39, 39, 39, 39, 39, 39, 39, 39, 39, 39, 39, 39, 39, 39, 39, 39, 39, 39, 39, 39, 39, 39, 39, 39, 39, 39, 39, 39, 39, 39], "psum": [0, 0, 0, 0, 0, 0, 0, 0, 0, 0, 0, 0, 0, 0, 0, 0, 0, 0, 0, 0, 3.0, 13.5, 13.5, 13.5, 61.5, 61.5, 61.5, 81.5, 126.5, 186.5, 236.5, 425.5, 425.5, 425.5, 425.5, 425.5, 425.5, 425.5, 425.5, 425.5, 425.5, 425.5, 425.5, 425.5, 425.5, 425.5, 425.5, 425.5, 425.5, 425.5, 425.5, 425.5, 425.5, 425.5, 425.5, 425.5, 425.5, 425.5, 425.5, 425.5, 425.5, 425.5, 425.5, 425.5], "pcnt": [0, 0, 0, 0, 0, 0, 0, 0, 0, 0, 0, 0, 0, 0, 0, 0, 0, 0, 0, 0, 1, 4, 4, 4, 12, 12, 12, 14, 17, 21, 25, 39, 39, 39, 39, 39, 39, 39, 39, 39, 39, 39, 39, 39, 39, 39, 39, 39, 39, 39, 39, 39, 39, 39, 39, 39, 39, 39, 39, 39, 39, 39, 39, 39]}}, {"type": "Feature", "geometry": {"type": "Point", "coordinates": [-106.79182, 52.07063]}, "properties": {"twp": "036-06-W3", "prov": "SK", "total": 26, "first": 1902, "cum": [0, 0, 0, 0, 0, 0, 0, 0, 0, 0, 0, 0, 0, 0, 0, 0, 0, 0, 0, 0, 0, 18, 18, 18, 24, 24, 24, 24, 24, 24, 24, 26, 26, 26, 26, 26, 26, 26, 26, 26, 26, 26, 26, 26, 26, 26, 26, 26, 26, 26, 26, 26, 26, 26, 26, 26, 26, 26, 26, 26, 26, 26, 26, 26], "psum": [0, 0, 0, 0, 0, 0, 0, 0, 0, 0, 0, 0, 0, 0, 0, 0, 0, 0, 0, 0, 0, 63.0, 63.0, 63.0, 93.0, 93.0, 93.0, 93.0, 93.0, 93.0, 93.0, 117.0, 117.0, 117.0, 117.0, 117.0, 117.0, 117.0, 117.0, 117.0, 117.0, 117.0, 117.0, 117.0, 117.0, 117.0, 117.0, 117.0, 117.0, 117.0, 117.0, 117.0, 117.0, 117.0, 117.0, 117.0, 117.0, 117.0, 117.0, 117.0, 117.0, 117.0, 117.0, 117.0], "pcnt": [0, 0, 0, 0, 0, 0, 0, 0, 0, 0, 0, 0, 0, 0, 0, 0, 0, 0, 0, 0, 0, 18, 18, 18, 24, 24, 24, 24, 24, 24, 24, 26, 26, 26, 26, 26, 26, 26, 26, 26, 26, 26, 26, 26, 26, 26, 26, 26, 26, 26, 26, 26, 26, 26, 26, 26, 26, 26, 26, 26, 26, 26, 26, 26]}}, {"type": "Feature", "geometry": {"type": "Point", "coordinates": [-102.99296, 49.14036]}, "properties": {"twp": "002-08-W2", "prov": "SK", "total": 45, "first": 1892, "cum": [0, 0, 0, 0, 0, 0, 0, 0, 0, 0, 0, 13, 13, 13, 13, 13, 13, 13, 14, 19, 27, 30, 31, 32, 32, 32, 34, 37, 37, 40, 45, 45, 45, 45, 45, 45, 45, 45, 45, 45, 45, 45, 45, 45, 45, 45, 45, 45, 45, 45, 45, 45, 45, 45, 45, 45, 45, 45, 45, 45, 45, 45, 45, 45], "psum": [0, 0, 0, 0, 0, 0, 0, 0, 0, 0, 0, 84.0, 84.0, 84.0, 84.0, 84.0, 84.0, 84.0, 87.0, 90.0, 114.0, 123.0, 133.0, 158.0, 158.0, 158.0, 268.0, 313.8, 313.8, 348.8, 508.8, 508.8, 508.8, 508.8, 508.8, 508.8, 508.8, 508.8, 508.8, 508.8, 508.8, 508.8, 508.8, 508.8, 508.8, 508.8, 508.8, 508.8, 508.8, 508.8, 508.8, 508.8, 508.8, 508.8, 508.8, 508.8, 508.8, 508.8, 508.8, 508.8, 508.8, 508.8, 508.8, 508.8], "pcnt": [0, 0, 0, 0, 0, 0, 0, 0, 0, 0, 0, 13, 13, 13, 13, 13, 13, 13, 14, 15, 23, 26, 27, 28, 28, 28, 30, 33, 33, 34, 39, 39, 39, 39, 39, 39, 39, 39, 39, 39, 39, 39, 39, 39, 39, 39, 39, 39, 39, 39, 39, 39, 39, 39, 39, 39, 39, 39, 39, 39, 39, 39, 39, 39]}}, {"type": "Feature", "geometry": {"type": "Point", "coordinates": [-103.03297, 49.73865]}, "properties": {"twp": "009-08-W2", "prov": "SK", "total": 37, "first": 1900, "cum": [0, 0, 0, 0, 0, 0, 0, 0, 0, 0, 0, 0, 0, 0, 0, 0, 0, 0, 0, 9, 22, 24, 29, 29, 30, 35, 37, 37, 37, 37, 37, 37, 37, 37, 37, 37, 37, 37, 37, 37, 37, 37, 37, 37, 37, 37, 37, 37, 37, 37, 37, 37, 37, 37, 37, 37, 37, 37, 37, 37, 37, 37, 37, 37], "psum": [0, 0, 0, 0, 0, 0, 0, 0, 0, 0, 0, 0, 0, 0, 0, 0, 0, 0, 0, 26.0, 65.0, 77.0, 114.3, 114.3, 123.3, 174.3, 201.0, 201.0, 201.0, 201.0, 201.0, 201.0, 201.0, 201.0, 201.0, 201.0, 201.0, 201.0, 201.0, 201.0, 201.0, 201.0, 201.0, 201.0, 201.0, 201.0, 201.0, 201.0, 201.0, 201.0, 201.0, 201.0, 201.0, 201.0, 201.0, 201.0, 201.0, 201.0, 201.0, 201.0, 201.0, 201.0, 201.0, 201.0], "pcnt": [0, 0, 0, 0, 0, 0, 0, 0, 0, 0, 0, 0, 0, 0, 0, 0, 0, 0, 0, 9, 22, 24, 29, 29, 30, 35, 37, 37, 37, 37, 37, 37, 37, 37, 37, 37, 37, 37, 37, 37, 37, 37, 37, 37, 37, 37, 37, 37, 37, 37, 37, 37, 37, 37, 37, 37, 37, 37, 37, 37, 37, 37, 37, 37]}}, {"type": "Feature", "geometry": {"type": "Point", "coordinates": [-103.04615, 50.63204]}, "properties": {"twp": "019-08-W2", "prov": "SK", "total": 101, "first": 1893, "cum": [0, 0, 0, 0, 0, 0, 0, 0, 0, 0, 0, 0, 1, 2, 2, 2, 6, 21, 26, 44, 63, 77, 92, 96, 99, 101, 101, 101, 101, 101, 101, 101, 101, 101, 101, 101, 101, 101, 101, 101, 101, 101, 101, 101, 101, 101, 101, 101, 101, 101, 101, 101, 101, 101, 101, 101, 101, 101, 101, 101, 101, 101, 101, 101], "psum": [0, 0, 0, 0, 0, 0, 0, 0, 0, 0, 0, 0, 3.0, 6.0, 6.0, 6.0, 18.0, 62.7, 77.7, 131.7, 188.7, 254.7, 336.7, 364.7, 382.7, 396.7, 396.7, 396.7, 396.7, 396.7, 396.7, 396.7, 396.7, 396.7, 396.7, 396.7, 396.7, 396.7, 396.7, 396.7, 396.7, 396.7, 396.7, 396.7, 396.7, 396.7, 396.7, 396.7, 396.7, 396.7, 396.7, 396.7, 396.7, 396.7, 396.7, 396.7, 396.7, 396.7, 396.7, 396.7, 396.7, 396.7, 396.7, 396.7], "pcnt": [0, 0, 0, 0, 0, 0, 0, 0, 0, 0, 0, 0, 1, 2, 2, 2, 6, 21, 26, 44, 63, 77, 92, 96, 99, 101, 101, 101, 101, 101, 101, 101, 101, 101, 101, 101, 101, 101, 101, 101, 101, 101, 101, 101, 101, 101, 101, 101, 101, 101, 101, 101, 101, 101, 101, 101, 101, 101, 101, 101, 101, 101, 101, 101]}}, {"type": "Feature", "geometry": {"type": "Point", "coordinates": [-107.06844, 52.0939]}, "properties": {"twp": "036-08-W3", "prov": "SK", "total": 56, "first": 1901, "cum": [0, 0, 0, 0, 0, 0, 0, 0, 0, 0, 0, 0, 0, 0, 0, 0, 0, 0, 0, 0, 11, 35, 35, 35, 37, 39, 39, 39, 42, 55, 56, 56, 56, 56, 56, 56, 56, 56, 56, 56, 56, 56, 56, 56, 56, 56, 56, 56, 56, 56, 56, 56, 56, 56, 56, 56, 56, 56, 56, 56, 56, 56, 56, 56], "psum": [0, 0, 0, 0, 0, 0, 0, 0, 0, 0, 0, 0, 0, 0, 0, 0, 0, 0, 0, 0, 33.0, 118.8, 118.8, 118.8, 128.8, 140.8, 140.8, 140.8, 176.8, 371.8, 386.8, 386.8, 386.8, 386.8, 386.8, 386.8, 386.8, 386.8, 386.8, 386.8, 386.8, 386.8, 386.8, 386.8, 386.8, 386.8, 386.8, 386.8, 386.8, 386.8, 386.8, 386.8, 386.8, 386.8, 386.8, 386.8, 386.8, 386.8, 386.8, 386.8, 386.8, 386.8, 386.8, 386.8], "pcnt": [0, 0, 0, 0, 0, 0, 0, 0, 0, 0, 0, 0, 0, 0, 0, 0, 0, 0, 0, 0, 11, 35, 35, 35, 37, 39, 39, 39, 42, 55, 56, 56, 56, 56, 56, 56, 56, 56, 56, 56, 56, 56, 56, 56, 56, 56, 56, 56, 56, 56, 56, 56, 56, 56, 56, 56, 56, 56, 56, 56, 56, 56, 56, 56]}}, {"type": "Feature", "geometry": {"type": "Point", "coordinates": [-103.19041, 50.62898]}, "properties": {"twp": "019-09-W2", "prov": "SK", "total": 97, "first": 1882, "cum": [0, 4, 4, 8, 8, 8, 8, 8, 8, 8, 8, 8, 8, 8, 8, 9, 14, 33, 57, 65, 74, 86, 89, 96, 97, 97, 97, 97, 97, 97, 97, 97, 97, 97, 97, 97, 97, 97, 97, 97, 97, 97, 97, 97, 97, 97, 97, 97, 97, 97, 97, 97, 97, 97, 97, 97, 97, 97, 97, 97, 97, 97, 97, 97], "psum": [0, 10.0, 10.0, 22.0, 22.0, 22.0, 22.0, 22.0, 22.0, 22.0, 22.0, 22.0, 22.0, 22.0, 22.0, 25.0, 40.0, 96.5, 168.5, 192.5, 219.5, 277.5, 287.5, 329.5, 334.5, 334.5, 334.5, 334.5, 334.5, 334.5, 334.5, 334.5, 334.5, 334.5, 334.5, 334.5, 334.5, 334.5, 334.5, 334.5, 334.5, 334.5, 334.5, 334.5, 334.5, 334.5, 334.5, 334.5, 334.5, 334.5, 334.5, 334.5, 334.5, 334.5, 334.5, 334.5, 334.5, 334.5, 334.5, 334.5, 334.5, 334.5, 334.5, 334.5], "pcnt": [0, 4, 4, 8, 8, 8, 8, 8, 8, 8, 8, 8, 8, 8, 8, 9, 14, 33, 57, 65, 74, 86, 88, 95, 96, 96, 96, 96, 96, 96, 96, 96, 96, 96, 96, 96, 96, 96, 96, 96, 96, 96, 96, 96, 96, 96, 96, 96, 96, 96, 96, 96, 96, 96, 96, 96, 96, 96, 96, 96, 96, 96, 96, 96]}}, {"type": "Feature", "geometry": {"type": "Point", "coordinates": [-107.20614, 52.35469]}, "properties": {"twp": "039-09-W3", "prov": "SK", "total": 26, "first": 1902, "cum": [0, 0, 0, 0, 0, 0, 0, 0, 0, 0, 0, 0, 0, 0, 0, 0, 0, 0, 0, 0, 0, 15, 15, 21, 21, 21, 21, 21, 21, 25, 26, 26, 26, 26, 26, 26, 26, 26, 26, 26, 26, 26, 26, 26, 26, 26, 26, 26, 26, 26, 26, 26, 26, 26, 26, 26, 26, 26, 26, 26, 26, 26, 26, 26], "psum": [0, 0, 0, 0, 0, 0, 0, 0, 0, 0, 0, 0, 0, 0, 0, 0, 0, 0, 0, 0, 0, 51.9, 51.9, 89.9, 89.9, 89.9, 89.9, 89.9, 89.9, 149.9, 161.9, 161.9, 161.9, 161.9, 161.9, 161.9, 161.9, 161.9, 161.9, 161.9, 161.9, 161.9, 161.9, 161.9, 161.9, 161.9, 161.9, 161.9, 161.9, 161.9, 161.9, 161.9, 161.9, 161.9, 161.9, 161.9, 161.9, 161.9, 161.9, 161.9, 161.9, 161.9, 161.9, 161.9], "pcnt": [0, 0, 0, 0, 0, 0, 0, 0, 0, 0, 0, 0, 0, 0, 0, 0, 0, 0, 0, 0, 0, 15, 15, 21, 21, 21, 21, 21, 21, 25, 26, 26, 26, 26, 26, 26, 26, 26, 26, 26, 26, 26, 26, 26, 26, 26, 26, 26, 26, 26, 26, 26, 26, 26, 26, 26, 26, 26, 26, 26, 26, 26, 26, 26]}}, {"type": "Feature", "geometry": {"type": "Point", "coordinates": [-101.94146, 50.3674]}, "properties": {"twp": "016-33-W1", "prov": "SK", "total": 86, "first": 1882, "cum": [0, 4, 4, 4, 4, 4, 7, 7, 8, 8, 9, 11, 11, 12, 14, 14, 14, 32, 35, 44, 44, 44, 54, 55, 65, 85, 86, 86, 86, 86, 86, 86, 86, 86, 86, 86, 86, 86, 86, 86, 86, 86, 86, 86, 86, 86, 86, 86, 86, 86, 86, 86, 86, 86, 86, 86, 86, 86, 86, 86, 86, 86, 86, 86], "psum": [0, 10.0, 10.0, 10.0, 10.0, 10.0, 18.0, 18.0, 20.5, 20.5, 23.5, 29.5, 29.5, 32.5, 38.5, 38.5, 38.5, 92.5, 101.5, 128.5, 128.5, 128.5, 182.2, 185.2, 245.2, 364.6, 374.6, 374.6, 374.6, 374.6, 374.6, 374.6, 374.6, 374.6, 374.6, 374.6, 374.6, 374.6, 374.6, 374.6, 374.6, 374.6, 374.6, 374.6, 374.6, 374.6, 374.6, 374.6, 374.6, 374.6, 374.6, 374.6, 374.6, 374.6, 374.6, 374.6, 374.6, 374.6, 374.6, 374.6, 374.6, 374.6, 374.6, 374.6], "pcnt": [0, 4, 4, 4, 4, 4, 7, 7, 8, 8, 9, 11, 11, 12, 14, 14, 14, 32, 35, 44, 44, 44, 54, 55, 65, 85, 86, 86, 86, 86, 86, 86, 86, 86, 86, 86, 86, 86, 86, 86, 86, 86, 86, 86, 86, 86, 86, 86, 86, 86, 86, 86, 86, 86, 86, 86, 86, 86, 86, 86, 86, 86, 86, 86]}}, {"type": "Feature", "geometry": {"type": "Point", "coordinates": [-101.57897, 50.44619]}, "properties": {"twp": "017-30-W1", "prov": "SK", "total": 25, "first": 1903, "cum": [0, 0, 0, 0, 0, 0, 0, 0, 0, 0, 0, 0, 0, 0, 0, 0, 0, 0, 0, 0, 0, 0, 3, 4, 15, 16, 16, 16, 21, 21, 21, 25, 25, 25, 25, 25, 25, 25, 25, 25, 25, 25, 25, 25, 25, 25, 25, 25, 25, 25, 25, 25, 25, 25, 25, 25, 25, 25, 25, 25, 25, 25, 25, 25], "psum": [0, 0, 0, 0, 0, 0, 0, 0, 0, 0, 0, 0, 0, 0, 0, 0, 0, 0, 0, 0, 0, 0, 20.0, 25.0, 80.0, 88.0, 88.0, 88.0, 164.0, 164.0, 164.0, 204.0, 204.0, 204.0, 204.0, 204.0, 204.0, 204.0, 204.0, 204.0, 204.0, 204.0, 204.0, 204.0, 204.0, 204.0, 204.0, 204.0, 204.0, 204.0, 204.0, 204.0, 204.0, 204.0, 204.0, 204.0, 204.0, 204.0, 204.0, 204.0, 204.0, 204.0, 204.0, 204.0], "pcnt": [0, 0, 0, 0, 0, 0, 0, 0, 0, 0, 0, 0, 0, 0, 0, 0, 0, 0, 0, 0, 0, 0, 3, 4, 15, 16, 16, 16, 21, 21, 21, 25, 25, 25, 25, 25, 25, 25, 25, 25, 25, 25, 25, 25, 25, 25, 25, 25, 25, 25, 25, 25, 25, 25, 25, 25, 25, 25, 25, 25, 25, 25, 25, 25]}}, {"type": "Feature", "geometry": {"type": "Point", "coordinates": [-101.94504, 50.28397]}, "properties": {"twp": "015-33-W1", "prov": "SK", "total": 99, "first": 1882, "cum": [0, 4, 4, 6, 6, 6, 6, 6, 6, 6, 6, 6, 7, 8, 8, 8, 10, 11, 12, 14, 17, 18, 69, 82, 85, 96, 96, 96, 96, 96, 98, 99, 99, 99, 99, 99, 99, 99, 99, 99, 99, 99, 99, 99, 99, 99, 99, 99, 99, 99, 99, 99, 99, 99, 99, 99, 99, 99, 99, 99, 99, 99, 99, 99], "psum": [0, 10.0, 10.0, 20.0, 20.0, 20.0, 20.0, 20.0, 20.0, 20.0, 20.0, 20.0, 23.0, 26.0, 26.0, 26.0, 32.0, 35.0, 38.0, 46.0, 56.0, 61.0, 327.0, 405.0, 422.0, 488.0, 488.0, 488.0, 488.0, 488.0, 508.0, 518.0, 518.0, 518.0, 518.0, 518.0, 518.0, 518.0, 518.0, 518.0, 518.0, 518.0, 518.0, 518.0, 518.0, 518.0, 518.0, 518.0, 518.0, 518.0, 518.0, 518.0, 518.0, 518.0, 518.0, 518.0, 518.0, 518.0, 518.0, 518.0, 518.0, 518.0, 518.0, 518.0], "pcnt": [0, 4, 4, 6, 6, 6, 6, 6, 6, 6, 6, 6, 7, 8, 8, 8, 10, 11, 12, 14, 17, 18, 69, 82, 85, 96, 96, 96, 96, 96, 98, 99, 99, 99, 99, 99, 99, 99, 99, 99, 99, 99, 99, 99, 99, 99, 99, 99, 99, 99, 99, 99, 99, 99, 99, 99, 99, 99, 99, 99, 99, 99, 99, 99]}}, {"type": "Feature", "geometry": {"type": "Point", "coordinates": [-107.85407, 52.22013]}, "properties": {"twp": "037-13-W3", "prov": "SK", "total": 2, "first": 1905, "cum": [0, 0, 0, 0, 0, 0, 0, 0, 0, 0, 0, 0, 0, 0, 0, 0, 0, 0, 0, 0, 0, 0, 0, 0, 2, 2, 2, 2, 2, 2, 2, 2, 2, 2, 2, 2, 2, 2, 2, 2, 2, 2, 2, 2, 2, 2, 2, 2, 2, 2, 2, 2, 2, 2, 2, 2, 2, 2, 2, 2, 2, 2, 2, 2], "psum": [0, 0, 0, 0, 0, 0, 0, 0, 0, 0, 0, 0, 0, 0, 0, 0, 0, 0, 0, 0, 0, 0, 0, 0, 12.0, 12.0, 12.0, 12.0, 12.0, 12.0, 12.0, 12.0, 12.0, 12.0, 12.0, 12.0, 12.0, 12.0, 12.0, 12.0, 12.0, 12.0, 12.0, 12.0, 12.0, 12.0, 12.0, 12.0, 12.0, 12.0, 12.0, 12.0, 12.0, 12.0, 12.0, 12.0, 12.0, 12.0, 12.0, 12.0, 12.0, 12.0, 12.0, 12.0], "pcnt": [0, 0, 0, 0, 0, 0, 0, 0, 0, 0, 0, 0, 0, 0, 0, 0, 0, 0, 0, 0, 0, 0, 0, 0, 2, 2, 2, 2, 2, 2, 2, 2, 2, 2, 2, 2, 2, 2, 2, 2, 2, 2, 2, 2, 2, 2, 2, 2, 2, 2, 2, 2, 2, 2, 2, 2, 2, 2, 2, 2, 2, 2, 2, 2]}}, {"type": "Feature", "geometry": {"type": "Point", "coordinates": [-107.17786, 50.43121]}, "properties": {"twp": "017-09-W3", "prov": "SK", "total": 82, "first": 1903, "cum": [0, 0, 0, 0, 0, 0, 0, 0, 0, 0, 0, 0, 0, 0, 0, 0, 0, 0, 0, 0, 0, 0, 43, 54, 73, 82, 82, 82, 82, 82, 82, 82, 82, 82, 82, 82, 82, 82, 82, 82, 82, 82, 82, 82, 82, 82, 82, 82, 82, 82, 82, 82, 82, 82, 82, 82, 82, 82, 82, 82, 82, 82, 82, 82], "psum": [0, 0, 0, 0, 0, 0, 0, 0, 0, 0, 0, 0, 0, 0, 0, 0, 0, 0, 0, 0, 0, 0, 143.5, 192.5, 274.9, 328.9, 328.9, 328.9, 328.9, 328.9, 328.9, 328.9, 328.9, 328.9, 328.9, 328.9, 328.9, 328.9, 328.9, 328.9, 328.9, 328.9, 328.9, 328.9, 328.9, 328.9, 328.9, 328.9, 328.9, 328.9, 328.9, 328.9, 328.9, 328.9, 328.9, 328.9, 328.9, 328.9, 328.9, 328.9, 328.9, 328.9, 328.9, 328.9], "pcnt": [0, 0, 0, 0, 0, 0, 0, 0, 0, 0, 0, 0, 0, 0, 0, 0, 0, 0, 0, 0, 0, 0, 41, 52, 71, 80, 80, 80, 80, 80, 80, 80, 80, 80, 80, 80, 80, 80, 80, 80, 80, 80, 80, 80, 80, 80, 80, 80, 80, 80, 80, 80, 80, 80, 80, 80, 80, 80, 80, 80, 80, 80, 80, 80]}}, {"type": "Feature", "geometry": {"type": "Point", "coordinates": [-108.48154, 52.20732]}, "properties": {"twp": "037-18-W3", "prov": "SK", "total": 47, "first": 1905, "cum": [0, 0, 0, 0, 0, 0, 0, 0, 0, 0, 0, 0, 0, 0, 0, 0, 0, 0, 0, 0, 0, 0, 0, 0, 22, 34, 34, 34, 39, 39, 47, 47, 47, 47, 47, 47, 47, 47, 47, 47, 47, 47, 47, 47, 47, 47, 47, 47, 47, 47, 47, 47, 47, 47, 47, 47, 47, 47, 47, 47, 47, 47, 47, 47], "psum": [0, 0, 0, 0, 0, 0, 0, 0, 0, 0, 0, 0, 0, 0, 0, 0, 0, 0, 0, 0, 0, 0, 0, 0, 132.0, 204.0, 204.0, 204.0, 216.0, 216.0, 334.0, 334.0, 334.0, 334.0, 334.0, 334.0, 334.0, 334.0, 334.0, 334.0, 334.0, 334.0, 334.0, 334.0, 334.0, 334.0, 334.0, 334.0, 334.0, 334.0, 334.0, 334.0, 334.0, 334.0, 334.0, 334.0, 334.0, 334.0, 334.0, 334.0, 334.0, 334.0, 334.0, 334.0], "pcnt": [0, 0, 0, 0, 0, 0, 0, 0, 0, 0, 0, 0, 0, 0, 0, 0, 0, 0, 0, 0, 0, 0, 0, 0, 22, 34, 34, 34, 36, 36, 44, 44, 44, 44, 44, 44, 44, 44, 44, 44, 44, 44, 44, 44, 44, 44, 44, 44, 44, 44, 44, 44, 44, 44, 44, 44, 44, 44, 44, 44, 44, 44, 44, 44]}}, {"type": "Feature", "geometry": {"type": "Point", "coordinates": [-104.29607, 50.62755]}, "properties": {"twp": "019-17-W2", "prov": "SK", "total": 46, "first": 1892, "cum": [0, 0, 0, 0, 0, 0, 0, 0, 0, 0, 0, 4, 4, 4, 4, 4, 4, 4, 4, 11, 11, 13, 18, 21, 21, 26, 36, 38, 38, 38, 46, 46, 46, 46, 46, 46, 46, 46, 46, 46, 46, 46, 46, 46, 46, 46, 46, 46, 46, 46, 46, 46, 46, 46, 46, 46, 46, 46, 46, 46, 46, 46, 46, 46], "psum": [0, 0, 0, 0, 0, 0, 0, 0, 0, 0, 0, 12.0, 12.0, 12.0, 12.0, 12.0, 12.0, 12.0, 12.0, 46.5, 46.5, 54.5, 77.5, 95.5, 95.5, 136.5, 236.5, 256.5, 256.5, 256.5, 420.2, 420.2, 420.2, 420.2, 420.2, 420.2, 420.2, 420.2, 420.2, 420.2, 420.2, 420.2, 420.2, 420.2, 420.2, 420.2, 420.2, 420.2, 420.2, 420.2, 420.2, 420.2, 420.2, 420.2, 420.2, 420.2, 420.2, 420.2, 420.2, 420.2, 420.2, 420.2, 420.2, 420.2], "pcnt": [0, 0, 0, 0, 0, 0, 0, 0, 0, 0, 0, 4, 4, 4, 4, 4, 4, 4, 4, 11, 11, 13, 18, 21, 21, 26, 36, 38, 38, 38, 46, 46, 46, 46, 46, 46, 46, 46, 46, 46, 46, 46, 46, 46, 46, 46, 46, 46, 46, 46, 46, 46, 46, 46, 46, 46, 46, 46, 46, 46, 46, 46, 46, 46]}}, {"type": "Feature", "geometry": {"type": "Point", "coordinates": [-108.87246, 53.3232]}, "properties": {"twp": "050-20-W3", "prov": "SK", "total": 21, "first": 1909, "cum": [0, 0, 0, 0, 0, 0, 0, 0, 0, 0, 0, 0, 0, 0, 0, 0, 0, 0, 0, 0, 0, 0, 0, 0, 0, 0, 0, 0, 2, 4, 8, 21, 21, 21, 21, 21, 21, 21, 21, 21, 21, 21, 21, 21, 21, 21, 21, 21, 21, 21, 21, 21, 21, 21, 21, 21, 21, 21, 21, 21, 21, 21, 21, 21], "psum": [0, 0, 0, 0, 0, 0, 0, 0, 0, 0, 0, 0, 0, 0, 0, 0, 0, 0, 0, 0, 0, 0, 0, 0, 0, 0, 0, 0, 20.0, 32.0, 95.0, 296.1, 296.1, 296.1, 296.1, 296.1, 296.1, 296.1, 296.1, 296.1, 296.1, 296.1, 296.1, 296.1, 296.1, 296.1, 296.1, 296.1, 296.1, 296.1, 296.1, 296.1, 296.1, 296.1, 296.1, 296.1, 296.1, 296.1, 296.1, 296.1, 296.1, 296.1, 296.1, 296.1], "pcnt": [0, 0, 0, 0, 0, 0, 0, 0, 0, 0, 0, 0, 0, 0, 0, 0, 0, 0, 0, 0, 0, 0, 0, 0, 0, 0, 0, 0, 2, 3, 7, 20, 20, 20, 20, 20, 20, 20, 20, 20, 20, 20, 20, 20, 20, 20, 20, 20, 20, 20, 20, 20, 20, 20, 20, 20, 20, 20, 20, 20, 20, 20, 20, 20]}}, {"type": "Feature", "geometry": {"type": "Point", "coordinates": [-109.98066, 53.2412]}, "properties": {"twp": "049-28-W3", "prov": "SK", "total": 43, "first": 1902, "cum": [0, 0, 0, 0, 0, 0, 0, 0, 0, 0, 0, 0, 0, 0, 0, 0, 0, 0, 0, 0, 0, 32, 32, 32, 41, 43, 43, 43, 43, 43, 43, 43, 43, 43, 43, 43, 43, 43, 43, 43, 43, 43, 43, 43, 43, 43, 43, 43, 43, 43, 43, 43, 43, 43, 43, 43, 43, 43, 43, 43, 43, 43, 43, 43], "psum": [0, 0, 0, 0, 0, 0, 0, 0, 0, 0, 0, 0, 0, 0, 0, 0, 0, 0, 0, 0, 0, 112.0, 112.0, 112.0, 152.3, 192.3, 192.3, 192.3, 192.3, 192.3, 192.3, 192.3, 192.3, 192.3, 192.3, 192.3, 192.3, 192.3, 192.3, 192.3, 192.3, 192.3, 192.3, 192.3, 192.3, 192.3, 192.3, 192.3, 192.3, 192.3, 192.3, 192.3, 192.3, 192.3, 192.3, 192.3, 192.3, 192.3, 192.3, 192.3, 192.3, 192.3, 192.3, 192.3], "pcnt": [0, 0, 0, 0, 0, 0, 0, 0, 0, 0, 0, 0, 0, 0, 0, 0, 0, 0, 0, 0, 0, 32, 32, 32, 41, 43, 43, 43, 43, 43, 43, 43, 43, 43, 43, 43, 43, 43, 43, 43, 43, 43, 43, 43, 43, 43, 43, 43, 43, 43, 43, 43, 43, 43, 43, 43, 43, 43, 43, 43, 43, 43, 43, 43]}}, {"type": "Feature", "geometry": {"type": "Point", "coordinates": [-109.98519, 53.17248]}, "properties": {"twp": "048-28-W3", "prov": "SK", "total": 32, "first": 1902, "cum": [0, 0, 0, 0, 0, 0, 0, 0, 0, 0, 0, 0, 0, 0, 0, 0, 0, 0, 0, 0, 0, 32, 32, 32, 32, 32, 32, 32, 32, 32, 32, 32, 32, 32, 32, 32, 32, 32, 32, 32, 32, 32, 32, 32, 32, 32, 32, 32, 32, 32, 32, 32, 32, 32, 32, 32, 32, 32, 32, 32, 32, 32, 32, 32], "psum": [0, 0, 0, 0, 0, 0, 0, 0, 0, 0, 0, 0, 0, 0, 0, 0, 0, 0, 0, 0, 0, 112.0, 112.0, 112.0, 112.0, 112.0, 112.0, 112.0, 112.0, 112.0, 112.0, 112.0, 112.0, 112.0, 112.0, 112.0, 112.0, 112.0, 112.0, 112.0, 112.0, 112.0, 112.0, 112.0, 112.0, 112.0, 112.0, 112.0, 112.0, 112.0, 112.0, 112.0, 112.0, 112.0, 112.0, 112.0, 112.0, 112.0, 112.0, 112.0, 112.0, 112.0, 112.0, 112.0], "pcnt": [0, 0, 0, 0, 0, 0, 0, 0, 0, 0, 0, 0, 0, 0, 0, 0, 0, 0, 0, 0, 0, 32, 32, 32, 32, 32, 32, 32, 32, 32, 32, 32, 32, 32, 32, 32, 32, 32, 32, 32, 32, 32, 32, 32, 32, 32, 32, 32, 32, 32, 32, 32, 32, 32, 32, 32, 32, 32, 32, 32, 32, 32, 32, 32]}}, {"type": "Feature", "geometry": {"type": "Point", "coordinates": [-109.8877, 53.16412]}, "properties": {"twp": "048-27-W3", "prov": "SK", "total": 105, "first": 1902, "cum": [0, 0, 0, 0, 0, 0, 0, 0, 0, 0, 0, 0, 0, 0, 0, 0, 0, 0, 0, 0, 0, 96, 96, 100, 102, 102, 103, 103, 105, 105, 105, 105, 105, 105, 105, 105, 105, 105, 105, 105, 105, 105, 105, 105, 105, 105, 105, 105, 105, 105, 105, 105, 105, 105, 105, 105, 105, 105, 105, 105, 105, 105, 105, 105], "psum": [0, 0, 0, 0, 0, 0, 0, 0, 0, 0, 0, 0, 0, 0, 0, 0, 0, 0, 0, 0, 0, 336.0, 336.0, 360.0, 372.0, 372.0, 382.0, 382.0, 412.0, 412.0, 412.0, 412.0, 412.0, 412.0, 412.0, 412.0, 412.0, 412.0, 412.0, 412.0, 412.0, 412.0, 412.0, 412.0, 412.0, 412.0, 412.0, 412.0, 412.0, 412.0, 412.0, 412.0, 412.0, 412.0, 412.0, 412.0, 412.0, 412.0, 412.0, 412.0, 412.0, 412.0, 412.0, 412.0], "pcnt": [0, 0, 0, 0, 0, 0, 0, 0, 0, 0, 0, 0, 0, 0, 0, 0, 0, 0, 0, 0, 0, 96, 96, 100, 102, 102, 103, 103, 105, 105, 105, 105, 105, 105, 105, 105, 105, 105, 105, 105, 105, 105, 105, 105, 105, 105, 105, 105, 105, 105, 105, 105, 105, 105, 105, 105, 105, 105, 105, 105, 105, 105, 105, 105]}}, {"type": "Feature", "geometry": {"type": "Point", "coordinates": [-109.73014, 53.15799]}, "properties": {"twp": "048-26-W3", "prov": "SK", "total": 64, "first": 1902, "cum": [0, 0, 0, 0, 0, 0, 0, 0, 0, 0, 0, 0, 0, 0, 0, 0, 0, 0, 0, 0, 0, 32, 44, 44, 51, 62, 64, 64, 64, 64, 64, 64, 64, 64, 64, 64, 64, 64, 64, 64, 64, 64, 64, 64, 64, 64, 64, 64, 64, 64, 64, 64, 64, 64, 64, 64, 64, 64, 64, 64, 64, 64, 64, 64], "psum": [0, 0, 0, 0, 0, 0, 0, 0, 0, 0, 0, 0, 0, 0, 0, 0, 0, 0, 0, 0, 0, 112.0, 169.9, 169.9, 217.9, 269.9, 299.9, 299.9, 299.9, 299.9, 299.9, 299.9, 299.9, 299.9, 299.9, 299.9, 299.9, 299.9, 299.9, 299.9, 299.9, 299.9, 299.9, 299.9, 299.9, 299.9, 299.9, 299.9, 299.9, 299.9, 299.9, 299.9, 299.9, 299.9, 299.9, 299.9, 299.9, 299.9, 299.9, 299.9, 299.9, 299.9, 299.9, 299.9], "pcnt": [0, 0, 0, 0, 0, 0, 0, 0, 0, 0, 0, 0, 0, 0, 0, 0, 0, 0, 0, 0, 0, 32, 44, 44, 51, 62, 64, 64, 64, 64, 64, 64, 64, 64, 64, 64, 64, 64, 64, 64, 64, 64, 64, 64, 64, 64, 64, 64, 64, 64, 64, 64, 64, 64, 64, 64, 64, 64, 64, 64, 64, 64, 64, 64]}}, {"type": "Feature", "geometry": {"type": "Point", "coordinates": [-109.58758, 53.16396]}, "properties": {"twp": "048-25-W3", "prov": "SK", "total": 75, "first": 1902, "cum": [0, 0, 0, 0, 0, 0, 0, 0, 0, 0, 0, 0, 0, 0, 0, 0, 0, 0, 0, 0, 0, 56, 65, 67, 75, 75, 75, 75, 75, 75, 75, 75, 75, 75, 75, 75, 75, 75, 75, 75, 75, 75, 75, 75, 75, 75, 75, 75, 75, 75, 75, 75, 75, 75, 75, 75, 75, 75, 75, 75, 75, 75, 75, 75], "psum": [0, 0, 0, 0, 0, 0, 0, 0, 0, 0, 0, 0, 0, 0, 0, 0, 0, 0, 0, 0, 0, 196.0, 239.1, 251.1, 315.1, 315.1, 315.1, 315.1, 315.1, 315.1, 315.1, 315.1, 315.1, 315.1, 315.1, 315.1, 315.1, 315.1, 315.1, 315.1, 315.1, 315.1, 315.1, 315.1, 315.1, 315.1, 315.1, 315.1, 315.1, 315.1, 315.1, 315.1, 315.1, 315.1, 315.1, 315.1, 315.1, 315.1, 315.1, 315.1, 315.1, 315.1, 315.1, 315.1], "pcnt": [0, 0, 0, 0, 0, 0, 0, 0, 0, 0, 0, 0, 0, 0, 0, 0, 0, 0, 0, 0, 0, 56, 65, 67, 75, 75, 75, 75, 75, 75, 75, 75, 75, 75, 75, 75, 75, 75, 75, 75, 75, 75, 75, 75, 75, 75, 75, 75, 75, 75, 75, 75, 75, 75, 75, 75, 75, 75, 75, 75, 75, 75, 75, 75]}}, {"type": "Feature", "geometry": {"type": "Point", "coordinates": [-109.43691, 53.1499]}, "properties": {"twp": "048-24-W3", "prov": "SK", "total": 184, "first": 1902, "cum": [0, 0, 0, 0, 0, 0, 0, 0, 0, 0, 0, 0, 0, 0, 0, 0, 0, 0, 0, 0, 0, 184, 184, 184, 184, 184, 184, 184, 184, 184, 184, 184, 184, 184, 184, 184, 184, 184, 184, 184, 184, 184, 184, 184, 184, 184, 184, 184, 184, 184, 184, 184, 184, 184, 184, 184, 184, 184, 184, 184, 184, 184, 184, 184], "psum": [0, 0, 0, 0, 0, 0, 0, 0, 0, 0, 0, 0, 0, 0, 0, 0, 0, 0, 0, 0, 0, 866.0, 866.0, 866.0, 866.0, 866.0, 866.0, 866.0, 866.0, 866.0, 866.0, 866.0, 866.0, 866.0, 866.0, 866.0, 866.0, 866.0, 866.0, 866.0, 866.0, 866.0, 866.0, 866.0, 866.0, 866.0, 866.0, 866.0, 866.0, 866.0, 866.0, 866.0, 866.0, 866.0, 866.0, 866.0, 866.0, 866.0, 866.0, 866.0, 866.0, 866.0, 866.0, 866.0], "pcnt": [0, 0, 0, 0, 0, 0, 0, 0, 0, 0, 0, 0, 0, 0, 0, 0, 0, 0, 0, 0, 0, 184, 184, 184, 184, 184, 184, 184, 184, 184, 184, 184, 184, 184, 184, 184, 184, 184, 184, 184, 184, 184, 184, 184, 184, 184, 184, 184, 184, 184, 184, 184, 184, 184, 184, 184, 184, 184, 184, 184, 184, 184, 184, 184]}}, {"type": "Feature", "geometry": {"type": "Point", "coordinates": [-109.30137, 53.15242]}, "properties": {"twp": "048-23-W3", "prov": "SK", "total": 92, "first": 1902, "cum": [0, 0, 0, 0, 0, 0, 0, 0, 0, 0, 0, 0, 0, 0, 0, 0, 0, 0, 0, 0, 0, 88, 88, 88, 88, 88, 88, 88, 88, 92, 92, 92, 92, 92, 92, 92, 92, 92, 92, 92, 92, 92, 92, 92, 92, 92, 92, 92, 92, 92, 92, 92, 92, 92, 92, 92, 92, 92, 92, 92, 92, 92, 92, 92], "psum": [0, 0, 0, 0, 0, 0, 0, 0, 0, 0, 0, 0, 0, 0, 0, 0, 0, 0, 0, 0, 0, 366.8, 366.8, 366.8, 366.8, 366.8, 366.8, 366.8, 366.8, 380.8, 380.8, 380.8, 380.8, 380.8, 380.8, 380.8, 380.8, 380.8, 380.8, 380.8, 380.8, 380.8, 380.8, 380.8, 380.8, 380.8, 380.8, 380.8, 380.8, 380.8, 380.8, 380.8, 380.8, 380.8, 380.8, 380.8, 380.8, 380.8, 380.8, 380.8, 380.8, 380.8, 380.8, 380.8], "pcnt": [0, 0, 0, 0, 0, 0, 0, 0, 0, 0, 0, 0, 0, 0, 0, 0, 0, 0, 0, 0, 0, 88, 88, 88, 88, 88, 88, 88, 88, 92, 92, 92, 92, 92, 92, 92, 92, 92, 92, 92, 92, 92, 92, 92, 92, 92, 92, 92, 92, 92, 92, 92, 92, 92, 92, 92, 92, 92, 92, 92, 92, 92, 92, 92]}}, {"type": "Feature", "geometry": {"type": "Point", "coordinates": [-109.56665, 53.08638]}, "properties": {"twp": "047-25-W3", "prov": "SK", "total": 6, "first": 1902, "cum": [0, 0, 0, 0, 0, 0, 0, 0, 0, 0, 0, 0, 0, 0, 0, 0, 0, 0, 0, 0, 0, 4, 6, 6, 6, 6, 6, 6, 6, 6, 6, 6, 6, 6, 6, 6, 6, 6, 6, 6, 6, 6, 6, 6, 6, 6, 6, 6, 6, 6, 6, 6, 6, 6, 6, 6, 6, 6, 6, 6, 6, 6, 6, 6], "psum": [0, 0, 0, 0, 0, 0, 0, 0, 0, 0, 0, 0, 0, 0, 0, 0, 0, 0, 0, 0, 0, 20.0, 30.0, 30.0, 30.0, 30.0, 30.0, 30.0, 30.0, 30.0, 30.0, 30.0, 30.0, 30.0, 30.0, 30.0, 30.0, 30.0, 30.0, 30.0, 30.0, 30.0, 30.0, 30.0, 30.0, 30.0, 30.0, 30.0, 30.0, 30.0, 30.0, 30.0, 30.0, 30.0, 30.0, 30.0, 30.0, 30.0, 30.0, 30.0, 30.0, 30.0, 30.0, 30.0], "pcnt": [0, 0, 0, 0, 0, 0, 0, 0, 0, 0, 0, 0, 0, 0, 0, 0, 0, 0, 0, 0, 0, 4, 6, 6, 6, 6, 6, 6, 6, 6, 6, 6, 6, 6, 6, 6, 6, 6, 6, 6, 6, 6, 6, 6, 6, 6, 6, 6, 6, 6, 6, 6, 6, 6, 6, 6, 6, 6, 6, 6, 6, 6, 6, 6]}}, {"type": "Feature", "geometry": {"type": "Point", "coordinates": [-109.43082, 53.07348]}, "properties": {"twp": "047-24-W3", "prov": "SK", "total": 73, "first": 1902, "cum": [0, 0, 0, 0, 0, 0, 0, 0, 0, 0, 0, 0, 0, 0, 0, 0, 0, 0, 0, 0, 0, 60, 60, 60, 61, 61, 61, 61, 63, 69, 71, 73, 73, 73, 73, 73, 73, 73, 73, 73, 73, 73, 73, 73, 73, 73, 73, 73, 73, 73, 73, 73, 73, 73, 73, 73, 73, 73, 73, 73, 73, 73, 73, 73], "psum": [0, 0, 0, 0, 0, 0, 0, 0, 0, 0, 0, 0, 0, 0, 0, 0, 0, 0, 0, 0, 0, 222.0, 222.0, 222.0, 230.0, 230.0, 230.0, 230.0, 260.0, 350.0, 374.0, 394.0, 394.0, 394.0, 394.0, 394.0, 394.0, 394.0, 394.0, 394.0, 394.0, 394.0, 394.0, 394.0, 394.0, 394.0, 394.0, 394.0, 394.0, 394.0, 394.0, 394.0, 394.0, 394.0, 394.0, 394.0, 394.0, 394.0, 394.0, 394.0, 394.0, 394.0, 394.0, 394.0], "pcnt": [0, 0, 0, 0, 0, 0, 0, 0, 0, 0, 0, 0, 0, 0, 0, 0, 0, 0, 0, 0, 0, 60, 60, 60, 61, 61, 61, 61, 63, 69, 71, 73, 73, 73, 73, 73, 73, 73, 73, 73, 73, 73, 73, 73, 73, 73, 73, 73, 73, 73, 73, 73, 73, 73, 73, 73, 73, 73, 73, 73, 73, 73, 73, 73]}}, {"type": "Feature", "geometry": {"type": "Point", "coordinates": [-108.98092, 53.06942]}, "properties": {"twp": "047-21-W3", "prov": "SK", "total": 41, "first": 1902, "cum": [0, 0, 0, 0, 0, 0, 0, 0, 0, 0, 0, 0, 0, 0, 0, 0, 0, 0, 0, 0, 0, 36, 36, 36, 36, 37, 37, 37, 37, 38, 40, 41, 41, 41, 41, 41, 41, 41, 41, 41, 41, 41, 41, 41, 41, 41, 41, 41, 41, 41, 41, 41, 41, 41, 41, 41, 41, 41, 41, 41, 41, 41, 41, 41], "psum": [0, 0, 0, 0, 0, 0, 0, 0, 0, 0, 0, 0, 0, 0, 0, 0, 0, 0, 0, 0, 0, 132.0, 132.0, 132.0, 132.0, 138.0, 138.0, 138.0, 138.0, 146.0, 174.0, 188.0, 188.0, 188.0, 188.0, 188.0, 188.0, 188.0, 188.0, 188.0, 188.0, 188.0, 188.0, 188.0, 188.0, 188.0, 188.0, 188.0, 188.0, 188.0, 188.0, 188.0, 188.0, 188.0, 188.0, 188.0, 188.0, 188.0, 188.0, 188.0, 188.0, 188.0, 188.0, 188.0], "pcnt": [0, 0, 0, 0, 0, 0, 0, 0, 0, 0, 0, 0, 0, 0, 0, 0, 0, 0, 0, 0, 0, 36, 36, 36, 36, 37, 37, 37, 37, 38, 40, 41, 41, 41, 41, 41, 41, 41, 41, 41, 41, 41, 41, 41, 41, 41, 41, 41, 41, 41, 41, 41, 41, 41, 41, 41, 41, 41, 41, 41, 41, 41, 41, 41]}}, {"type": "Feature", "geometry": {"type": "Point", "coordinates": [-108.55268, 53.06261]}, "properties": {"twp": "047-18-W3", "prov": "SK", "total": 45, "first": 1902, "cum": [0, 0, 0, 0, 0, 0, 0, 0, 0, 0, 0, 0, 0, 0, 0, 0, 0, 0, 0, 0, 0, 28, 28, 32, 32, 36, 36, 36, 36, 43, 45, 45, 45, 45, 45, 45, 45, 45, 45, 45, 45, 45, 45, 45, 45, 45, 45, 45, 45, 45, 45, 45, 45, 45, 45, 45, 45, 45, 45, 45, 45, 45, 45, 45], "psum": [0, 0, 0, 0, 0, 0, 0, 0, 0, 0, 0, 0, 0, 0, 0, 0, 0, 0, 0, 0, 0, 16.0, 16.0, 40.0, 40.0, 72.0, 72.0, 72.0, 72.0, 158.0, 182.0, 182.0, 182.0, 182.0, 182.0, 182.0, 182.0, 182.0, 182.0, 182.0, 182.0, 182.0, 182.0, 182.0, 182.0, 182.0, 182.0, 182.0, 182.0, 182.0, 182.0, 182.0, 182.0, 182.0, 182.0, 182.0, 182.0, 182.0, 182.0, 182.0, 182.0, 182.0, 182.0, 182.0], "pcnt": [0, 0, 0, 0, 0, 0, 0, 0, 0, 0, 0, 0, 0, 0, 0, 0, 0, 0, 0, 0, 0, 4, 4, 8, 8, 12, 12, 12, 12, 19, 21, 21, 21, 21, 21, 21, 21, 21, 21, 21, 21, 21, 21, 21, 21, 21, 21, 21, 21, 21, 21, 21, 21, 21, 21, 21, 21, 21, 21, 21, 21, 21, 21, 21]}}, {"type": "Feature", "geometry": {"type": "Point", "coordinates": [-108.84384, 52.97756]}, "properties": {"twp": "046-20-W3", "prov": "SK", "total": 75, "first": 1902, "cum": [0, 0, 0, 0, 0, 0, 0, 0, 0, 0, 0, 0, 0, 0, 0, 0, 0, 0, 0, 0, 0, 57, 68, 68, 70, 70, 70, 70, 70, 75, 75, 75, 75, 75, 75, 75, 75, 75, 75, 75, 75, 75, 75, 75, 75, 75, 75, 75, 75, 75, 75, 75, 75, 75, 75, 75, 75, 75, 75, 75, 75, 75, 75, 75], "psum": [0, 0, 0, 0, 0, 0, 0, 0, 0, 0, 0, 0, 0, 0, 0, 0, 0, 0, 0, 0, 0, 186.0, 245.0, 245.0, 257.0, 257.0, 257.0, 257.0, 257.0, 313.6, 313.6, 313.6, 313.6, 313.6, 313.6, 313.6, 313.6, 313.6, 313.6, 313.6, 313.6, 313.6, 313.6, 313.6, 313.6, 313.6, 313.6, 313.6, 313.6, 313.6, 313.6, 313.6, 313.6, 313.6, 313.6, 313.6, 313.6, 313.6, 313.6, 313.6, 313.6, 313.6, 313.6, 313.6], "pcnt": [0, 0, 0, 0, 0, 0, 0, 0, 0, 0, 0, 0, 0, 0, 0, 0, 0, 0, 0, 0, 0, 57, 68, 68, 70, 70, 70, 70, 70, 75, 75, 75, 75, 75, 75, 75, 75, 75, 75, 75, 75, 75, 75, 75, 75, 75, 75, 75, 75, 75, 75, 75, 75, 75, 75, 75, 75, 75, 75, 75, 75, 75, 75, 75]}}, {"type": "Feature", "geometry": {"type": "Point", "coordinates": [-108.40734, 52.97704]}, "properties": {"twp": "046-17-W3", "prov": "SK", "total": 58, "first": 1901, "cum": [0, 0, 0, 0, 0, 0, 0, 0, 0, 0, 0, 0, 0, 0, 0, 0, 0, 0, 0, 0, 6, 50, 50, 52, 56, 56, 57, 57, 57, 57, 58, 58, 58, 58, 58, 58, 58, 58, 58, 58, 58, 58, 58, 58, 58, 58, 58, 58, 58, 58, 58, 58, 58, 58, 58, 58, 58, 58, 58, 58, 58, 58, 58, 58], "psum": [0, 0, 0, 0, 0, 0, 0, 0, 0, 0, 0, 0, 0, 0, 0, 0, 0, 0, 0, 0, 18.0, 183.0, 183.0, 195.0, 219.0, 219.0, 231.0, 231.0, 231.0, 231.0, 245.0, 245.0, 245.0, 245.0, 245.0, 245.0, 245.0, 245.0, 245.0, 245.0, 245.0, 245.0, 245.0, 245.0, 245.0, 245.0, 245.0, 245.0, 245.0, 245.0, 245.0, 245.0, 245.0, 245.0, 245.0, 245.0, 245.0, 245.0, 245.0, 245.0, 245.0, 245.0, 245.0, 245.0], "pcnt": [0, 0, 0, 0, 0, 0, 0, 0, 0, 0, 0, 0, 0, 0, 0, 0, 0, 0, 0, 0, 6, 50, 50, 52, 56, 56, 57, 57, 57, 57, 58, 58, 58, 58, 58, 58, 58, 58, 58, 58, 58, 58, 58, 58, 58, 58, 58, 58, 58, 58, 58, 58, 58, 58, 58, 58, 58, 58, 58, 58, 58, 58, 58, 58]}}, {"type": "Feature", "geometry": {"type": "Point", "coordinates": [-109.55669, 52.88985]}, "properties": {"twp": "045-25-W3", "prov": "SK", "total": 56, "first": 1903, "cum": [0, 0, 0, 0, 0, 0, 0, 0, 0, 0, 0, 0, 0, 0, 0, 0, 0, 0, 0, 0, 0, 0, 56, 56, 56, 56, 56, 56, 56, 56, 56, 56, 56, 56, 56, 56, 56, 56, 56, 56, 56, 56, 56, 56, 56, 56, 56, 56, 56, 56, 56, 56, 56, 56, 56, 56, 56, 56, 56, 56, 56, 56, 56, 56], "psum": [0, 0, 0, 0, 0, 0, 0, 0, 0, 0, 0, 0, 0, 0, 0, 0, 0, 0, 0, 0, 0, 0, 224.0, 224.0, 224.0, 224.0, 224.0, 224.0, 224.0, 224.0, 224.0, 224.0, 224.0, 224.0, 224.0, 224.0, 224.0, 224.0, 224.0, 224.0, 224.0, 224.0, 224.0, 224.0, 224.0, 224.0, 224.0, 224.0, 224.0, 224.0, 224.0, 224.0, 224.0, 224.0, 224.0, 224.0, 224.0, 224.0, 224.0, 224.0, 224.0, 224.0, 224.0, 224.0], "pcnt": [0, 0, 0, 0, 0, 0, 0, 0, 0, 0, 0, 0, 0, 0, 0, 0, 0, 0, 0, 0, 0, 0, 56, 56, 56, 56, 56, 56, 56, 56, 56, 56, 56, 56, 56, 56, 56, 56, 56, 56, 56, 56, 56, 56, 56, 56, 56, 56, 56, 56, 56, 56, 56, 56, 56, 56, 56, 56, 56, 56, 56, 56, 56, 56]}}, {"type": "Feature", "geometry": {"type": "Point", "coordinates": [-108.36509, 52.90566]}, "properties": {"twp": "045-17-W3", "prov": "SK", "total": 29, "first": 1902, "cum": [0, 0, 0, 0, 0, 0, 0, 0, 0, 0, 0, 0, 0, 0, 0, 0, 0, 0, 0, 0, 0, 16, 24, 24, 29, 29, 29, 29, 29, 29, 29, 29, 29, 29, 29, 29, 29, 29, 29, 29, 29, 29, 29, 29, 29, 29, 29, 29, 29, 29, 29, 29, 29, 29, 29, 29, 29, 29, 29, 29, 29, 29, 29, 29], "psum": [0, 0, 0, 0, 0, 0, 0, 0, 0, 0, 0, 0, 0, 0, 0, 0, 0, 0, 0, 0, 0, 64.0, 96.0, 96.0, 126.0, 126.0, 126.0, 126.0, 126.0, 126.0, 126.0, 126.0, 126.0, 126.0, 126.0, 126.0, 126.0, 126.0, 126.0, 126.0, 126.0, 126.0, 126.0, 126.0, 126.0, 126.0, 126.0, 126.0, 126.0, 126.0, 126.0, 126.0, 126.0, 126.0, 126.0, 126.0, 126.0, 126.0, 126.0, 126.0, 126.0, 126.0, 126.0, 126.0], "pcnt": [0, 0, 0, 0, 0, 0, 0, 0, 0, 0, 0, 0, 0, 0, 0, 0, 0, 0, 0, 0, 0, 16, 24, 24, 29, 29, 29, 29, 29, 29, 29, 29, 29, 29, 29, 29, 29, 29, 29, 29, 29, 29, 29, 29, 29, 29, 29, 29, 29, 29, 29, 29, 29, 29, 29, 29, 29, 29, 29, 29, 29, 29, 29, 29]}}, {"type": "Feature", "geometry": {"type": "Point", "coordinates": [-109.12715, 52.79797]}, "properties": {"twp": "044-22-W3", "prov": "SK", "total": 180, "first": 1903, "cum": [0, 0, 0, 0, 0, 0, 0, 0, 0, 0, 0, 0, 0, 0, 0, 0, 0, 0, 0, 0, 0, 0, 180, 180, 180, 180, 180, 180, 180, 180, 180, 180, 180, 180, 180, 180, 180, 180, 180, 180, 180, 180, 180, 180, 180, 180, 180, 180, 180, 180, 180, 180, 180, 180, 180, 180, 180, 180, 180, 180, 180, 180, 180, 180], "psum": [0, 0, 0, 0, 0, 0, 0, 0, 0, 0, 0, 0, 0, 0, 0, 0, 0, 0, 0, 0, 0, 0, 720.0, 720.0, 720.0, 720.0, 720.0, 720.0, 720.0, 720.0, 720.0, 720.0, 720.0, 720.0, 720.0, 720.0, 720.0, 720.0, 720.0, 720.0, 720.0, 720.0, 720.0, 720.0, 720.0, 720.0, 720.0, 720.0, 720.0, 720.0, 720.0, 720.0, 720.0, 720.0, 720.0, 720.0, 720.0, 720.0, 720.0, 720.0, 720.0, 720.0, 720.0, 720.0], "pcnt": [0, 0, 0, 0, 0, 0, 0, 0, 0, 0, 0, 0, 0, 0, 0, 0, 0, 0, 0, 0, 0, 0, 180, 180, 180, 180, 180, 180, 180, 180, 180, 180, 180, 180, 180, 180, 180, 180, 180, 180, 180, 180, 180, 180, 180, 180, 180, 180, 180, 180, 180, 180, 180, 180, 180, 180, 180, 180, 180, 180, 180, 180, 180, 180]}}, {"type": "Feature", "geometry": {"type": "Point", "coordinates": [-108.24644, 52.79429]}, "properties": {"twp": "044-16-W3", "prov": "SK", "total": 89, "first": 1902, "cum": [0, 0, 0, 0, 0, 0, 0, 0, 0, 0, 0, 0, 0, 0, 0, 0, 0, 0, 0, 0, 0, 63, 63, 85, 85, 85, 85, 85, 86, 87, 89, 89, 89, 89, 89, 89, 89, 89, 89, 89, 89, 89, 89, 89, 89, 89, 89, 89, 89, 89, 89, 89, 89, 89, 89, 89, 89, 89, 89, 89, 89, 89, 89, 89], "psum": [0, 0, 0, 0, 0, 0, 0, 0, 0, 0, 0, 0, 0, 0, 0, 0, 0, 0, 0, 0, 0, 238.0, 238.0, 324.5, 324.5, 324.5, 324.5, 324.5, 339.5, 354.5, 414.5, 414.5, 414.5, 414.5, 414.5, 414.5, 414.5, 414.5, 414.5, 414.5, 414.5, 414.5, 414.5, 414.5, 414.5, 414.5, 414.5, 414.5, 414.5, 414.5, 414.5, 414.5, 414.5, 414.5, 414.5, 414.5, 414.5, 414.5, 414.5, 414.5, 414.5, 414.5, 414.5, 414.5], "pcnt": [0, 0, 0, 0, 0, 0, 0, 0, 0, 0, 0, 0, 0, 0, 0, 0, 0, 0, 0, 0, 0, 63, 63, 85, 85, 85, 85, 85, 86, 87, 89, 89, 89, 89, 89, 89, 89, 89, 89, 89, 89, 89, 89, 89, 89, 89, 89, 89, 89, 89, 89, 89, 89, 89, 89, 89, 89, 89, 89, 89, 89, 89, 89, 89]}}, {"type": "Feature", "geometry": {"type": "Point", "coordinates": [-107.82219, 52.80086]}, "properties": {"twp": "044-13-W3", "prov": "SK", "total": 50, "first": 1903, "cum": [0, 0, 0, 0, 0, 0, 0, 0, 0, 0, 0, 0, 0, 0, 0, 0, 0, 0, 0, 0, 0, 0, 48, 48, 48, 48, 48, 48, 48, 48, 50, 50, 50, 50, 50, 50, 50, 50, 50, 50, 50, 50, 50, 50, 50, 50, 50, 50, 50, 50, 50, 50, 50, 50, 50, 50, 50, 50, 50, 50, 50, 50, 50, 50], "psum": [0, 0, 0, 0, 0, 0, 0, 0, 0, 0, 0, 0, 0, 0, 0, 0, 0, 0, 0, 0, 0, 0, 168.0, 168.0, 168.0, 168.0, 168.0, 168.0, 168.0, 168.0, 192.0, 192.0, 192.0, 192.0, 192.0, 192.0, 192.0, 192.0, 192.0, 192.0, 192.0, 192.0, 192.0, 192.0, 192.0, 192.0, 192.0, 192.0, 192.0, 192.0, 192.0, 192.0, 192.0, 192.0, 192.0, 192.0, 192.0, 192.0, 192.0, 192.0, 192.0, 192.0, 192.0, 192.0], "pcnt": [0, 0, 0, 0, 0, 0, 0, 0, 0, 0, 0, 0, 0, 0, 0, 0, 0, 0, 0, 0, 0, 0, 48, 48, 48, 48, 48, 48, 48, 48, 50, 50, 50, 50, 50, 50, 50, 50, 50, 50, 50, 50, 50, 50, 50, 50, 50, 50, 50, 50, 50, 50, 50, 50, 50, 50, 50, 50, 50, 50, 50, 50, 50, 50]}}, {"type": "Feature", "geometry": {"type": "Point", "coordinates": [-107.66903, 52.79256]}, "properties": {"twp": "044-12-W3", "prov": "SK", "total": 138, "first": 1903, "cum": [0, 0, 0, 0, 0, 0, 0, 0, 0, 0, 0, 0, 0, 0, 0, 0, 0, 0, 0, 0, 0, 0, 136, 136, 136, 136, 136, 136, 136, 138, 138, 138, 138, 138, 138, 138, 138, 138, 138, 138, 138, 138, 138, 138, 138, 138, 138, 138, 138, 138, 138, 138, 138, 138, 138, 138, 138, 138, 138, 138, 138, 138, 138, 138], "psum": [0, 0, 0, 0, 0, 0, 0, 0, 0, 0, 0, 0, 0, 0, 0, 0, 0, 0, 0, 0, 0, 0, 476.0, 476.0, 476.0, 476.0, 476.0, 476.0, 476.0, 501.0, 501.0, 501.0, 501.0, 501.0, 501.0, 501.0, 501.0, 501.0, 501.0, 501.0, 501.0, 501.0, 501.0, 501.0, 501.0, 501.0, 501.0, 501.0, 501.0, 501.0, 501.0, 501.0, 501.0, 501.0, 501.0, 501.0, 501.0, 501.0, 501.0, 501.0, 501.0, 501.0, 501.0, 501.0], "pcnt": [0, 0, 0, 0, 0, 0, 0, 0, 0, 0, 0, 0, 0, 0, 0, 0, 0, 0, 0, 0, 0, 0, 136, 136, 136, 136, 136, 136, 136, 138, 138, 138, 138, 138, 138, 138, 138, 138, 138, 138, 138, 138, 138, 138, 138, 138, 138, 138, 138, 138, 138, 138, 138, 138, 138, 138, 138, 138, 138, 138, 138, 138, 138, 138]}}, {"type": "Feature", "geometry": {"type": "Point", "coordinates": [-109.12263, 52.70663]}, "properties": {"twp": "043-22-W3", "prov": "SK", "total": 110, "first": 1903, "cum": [0, 0, 0, 0, 0, 0, 0, 0, 0, 0, 0, 0, 0, 0, 0, 0, 0, 0, 0, 0, 0, 0, 102, 107, 109, 109, 109, 109, 109, 109, 110, 110, 110, 110, 110, 110, 110, 110, 110, 110, 110, 110, 110, 110, 110, 110, 110, 110, 110, 110, 110, 110, 110, 110, 110, 110, 110, 110, 110, 110, 110, 110, 110, 110], "psum": [0, 0, 0, 0, 0, 0, 0, 0, 0, 0, 0, 0, 0, 0, 0, 0, 0, 0, 0, 0, 0, 0, 402.0, 432.0, 444.0, 444.0, 444.0, 444.0, 444.0, 444.0, 474.0, 474.0, 474.0, 474.0, 474.0, 474.0, 474.0, 474.0, 474.0, 474.0, 474.0, 474.0, 474.0, 474.0, 474.0, 474.0, 474.0, 474.0, 474.0, 474.0, 474.0, 474.0, 474.0, 474.0, 474.0, 474.0, 474.0, 474.0, 474.0, 474.0, 474.0, 474.0, 474.0, 474.0], "pcnt": [0, 0, 0, 0, 0, 0, 0, 0, 0, 0, 0, 0, 0, 0, 0, 0, 0, 0, 0, 0, 0, 0, 102, 107, 109, 109, 109, 109, 109, 109, 110, 110, 110, 110, 110, 110, 110, 110, 110, 110, 110, 110, 110, 110, 110, 110, 110, 110, 110, 110, 110, 110, 110, 110, 110, 110, 110, 110, 110, 110, 110, 110, 110, 110]}}, {"type": "Feature", "geometry": {"type": "Point", "coordinates": [-108.97461, 52.71987]}, "properties": {"twp": "043-21-W3", "prov": "SK", "total": 132, "first": 1903, "cum": [0, 0, 0, 0, 0, 0, 0, 0, 0, 0, 0, 0, 0, 0, 0, 0, 0, 0, 0, 0, 0, 0, 132, 132, 132, 132, 132, 132, 132, 132, 132, 132, 132, 132, 132, 132, 132, 132, 132, 132, 132, 132, 132, 132, 132, 132, 132, 132, 132, 132, 132, 132, 132, 132, 132, 132, 132, 132, 132, 132, 132, 132, 132, 132], "psum": [0, 0, 0, 0, 0, 0, 0, 0, 0, 0, 0, 0, 0, 0, 0, 0, 0, 0, 0, 0, 0, 0, 512.0, 512.0, 512.0, 512.0, 512.0, 512.0, 512.0, 512.0, 512.0, 512.0, 512.0, 512.0, 512.0, 512.0, 512.0, 512.0, 512.0, 512.0, 512.0, 512.0, 512.0, 512.0, 512.0, 512.0, 512.0, 512.0, 512.0, 512.0, 512.0, 512.0, 512.0, 512.0, 512.0, 512.0, 512.0, 512.0, 512.0, 512.0, 512.0, 512.0, 512.0, 512.0], "pcnt": [0, 0, 0, 0, 0, 0, 0, 0, 0, 0, 0, 0, 0, 0, 0, 0, 0, 0, 0, 0, 0, 0, 128, 128, 128, 128, 128, 128, 128, 128, 128, 128, 128, 128, 128, 128, 128, 128, 128, 128, 128, 128, 128, 128, 128, 128, 128, 128, 128, 128, 128, 128, 128, 128, 128, 128, 128, 128, 128, 128, 128, 128, 128, 128]}}, {"type": "Feature", "geometry": {"type": "Point", "coordinates": [-107.68306, 52.73522]}, "properties": {"twp": "043-12-W3", "prov": "SK", "total": 96, "first": 1903, "cum": [0, 0, 0, 0, 0, 0, 0, 0, 0, 0, 0, 0, 0, 0, 0, 0, 0, 0, 0, 0, 0, 0, 88, 90, 90, 90, 90, 96, 96, 96, 96, 96, 96, 96, 96, 96, 96, 96, 96, 96, 96, 96, 96, 96, 96, 96, 96, 96, 96, 96, 96, 96, 96, 96, 96, 96, 96, 96, 96, 96, 96, 96, 96, 96], "psum": [0, 0, 0, 0, 0, 0, 0, 0, 0, 0, 0, 0, 0, 0, 0, 0, 0, 0, 0, 0, 0, 0, 352.0, 364.0, 364.0, 364.0, 364.0, 424.0, 424.0, 424.0, 424.0, 424.0, 424.0, 424.0, 424.0, 424.0, 424.0, 424.0, 424.0, 424.0, 424.0, 424.0, 424.0, 424.0, 424.0, 424.0, 424.0, 424.0, 424.0, 424.0, 424.0, 424.0, 424.0, 424.0, 424.0, 424.0, 424.0, 424.0, 424.0, 424.0, 424.0, 424.0, 424.0, 424.0], "pcnt": [0, 0, 0, 0, 0, 0, 0, 0, 0, 0, 0, 0, 0, 0, 0, 0, 0, 0, 0, 0, 0, 0, 88, 90, 90, 90, 90, 96, 96, 96, 96, 96, 96, 96, 96, 96, 96, 96, 96, 96, 96, 96, 96, 96, 96, 96, 96, 96, 96, 96, 96, 96, 96, 96, 96, 96, 96, 96, 96, 96, 96, 96, 96, 96]}}, {"type": "Feature", "geometry": {"type": "Point", "coordinates": [-107.52384, 52.70987]}, "properties": {"twp": "043-11-W3", "prov": "SK", "total": 89, "first": 1903, "cum": [0, 0, 0, 0, 0, 0, 0, 0, 0, 0, 0, 0, 0, 0, 0, 0, 0, 0, 0, 0, 0, 0, 66, 71, 77, 85, 85, 85, 85, 88, 89, 89, 89, 89, 89, 89, 89, 89, 89, 89, 89, 89, 89, 89, 89, 89, 89, 89, 89, 89, 89, 89, 89, 89, 89, 89, 89, 89, 89, 89, 89, 89, 89, 89], "psum": [0, 0, 0, 0, 0, 0, 0, 0, 0, 0, 0, 0, 0, 0, 0, 0, 0, 0, 0, 0, 0, 0, 330.0, 360.0, 392.0, 470.0, 470.0, 470.0, 470.0, 506.0, 518.0, 518.0, 518.0, 518.0, 518.0, 518.0, 518.0, 518.0, 518.0, 518.0, 518.0, 518.0, 518.0, 518.0, 518.0, 518.0, 518.0, 518.0, 518.0, 518.0, 518.0, 518.0, 518.0, 518.0, 518.0, 518.0, 518.0, 518.0, 518.0, 518.0, 518.0, 518.0, 518.0, 518.0], "pcnt": [0, 0, 0, 0, 0, 0, 0, 0, 0, 0, 0, 0, 0, 0, 0, 0, 0, 0, 0, 0, 0, 0, 66, 71, 77, 85, 85, 85, 85, 88, 89, 89, 89, 89, 89, 89, 89, 89, 89, 89, 89, 89, 89, 89, 89, 89, 89, 89, 89, 89, 89, 89, 89, 89, 89, 89, 89, 89, 89, 89, 89, 89, 89, 89]}}, {"type": "Feature", "geometry": {"type": "Point", "coordinates": [-107.23293, 52.71452]}, "properties": {"twp": "043-09-W3", "prov": "SK", "total": 12, "first": 1911, "cum": [0, 0, 0, 0, 0, 0, 0, 0, 0, 0, 0, 0, 0, 0, 0, 0, 0, 0, 0, 0, 0, 0, 0, 0, 0, 0, 0, 0, 0, 0, 8, 12, 12, 12, 12, 12, 12, 12, 12, 12, 12, 12, 12, 12, 12, 12, 12, 12, 12, 12, 12, 12, 12, 12, 12, 12, 12, 12, 12, 12, 12, 12, 12, 12], "psum": [0, 0, 0, 0, 0, 0, 0, 0, 0, 0, 0, 0, 0, 0, 0, 0, 0, 0, 0, 0, 0, 0, 0, 0, 0, 0, 0, 0, 0, 0, 98.6, 152.6, 152.6, 152.6, 152.6, 152.6, 152.6, 152.6, 152.6, 152.6, 152.6, 152.6, 152.6, 152.6, 152.6, 152.6, 152.6, 152.6, 152.6, 152.6, 152.6, 152.6, 152.6, 152.6, 152.6, 152.6, 152.6, 152.6, 152.6, 152.6, 152.6, 152.6, 152.6, 152.6], "pcnt": [0, 0, 0, 0, 0, 0, 0, 0, 0, 0, 0, 0, 0, 0, 0, 0, 0, 0, 0, 0, 0, 0, 0, 0, 0, 0, 0, 0, 0, 0, 8, 12, 12, 12, 12, 12, 12, 12, 12, 12, 12, 12, 12, 12, 12, 12, 12, 12, 12, 12, 12, 12, 12, 12, 12, 12, 12, 12, 12, 12, 12, 12, 12, 12]}}, {"type": "Feature", "geometry": {"type": "Point", "coordinates": [-109.08723, 52.62198]}, "properties": {"twp": "042-22-W3", "prov": "SK", "total": 112, "first": 1903, "cum": [0, 0, 0, 0, 0, 0, 0, 0, 0, 0, 0, 0, 0, 0, 0, 0, 0, 0, 0, 0, 0, 0, 96, 96, 112, 112, 112, 112, 112, 112, 112, 112, 112, 112, 112, 112, 112, 112, 112, 112, 112, 112, 112, 112, 112, 112, 112, 112, 112, 112, 112, 112, 112, 112, 112, 112, 112, 112, 112, 112, 112, 112, 112, 112], "psum": [0, 0, 0, 0, 0, 0, 0, 0, 0, 0, 0, 0, 0, 0, 0, 0, 0, 0, 0, 0, 0, 0, 384.0, 384.0, 469.0, 469.0, 469.0, 469.0, 469.0, 469.0, 469.0, 469.0, 469.0, 469.0, 469.0, 469.0, 469.0, 469.0, 469.0, 469.0, 469.0, 469.0, 469.0, 469.0, 469.0, 469.0, 469.0, 469.0, 469.0, 469.0, 469.0, 469.0, 469.0, 469.0, 469.0, 469.0, 469.0, 469.0, 469.0, 469.0, 469.0, 469.0, 469.0, 469.0], "pcnt": [0, 0, 0, 0, 0, 0, 0, 0, 0, 0, 0, 0, 0, 0, 0, 0, 0, 0, 0, 0, 0, 0, 96, 96, 112, 112, 112, 112, 112, 112, 112, 112, 112, 112, 112, 112, 112, 112, 112, 112, 112, 112, 112, 112, 112, 112, 112, 112, 112, 112, 112, 112, 112, 112, 112, 112, 112, 112, 112, 112, 112, 112, 112, 112]}}, {"type": "Feature", "geometry": {"type": "Point", "coordinates": [-108.95584, 52.62525]}, "properties": {"twp": "042-21-W3", "prov": "SK", "total": 181, "first": 1903, "cum": [0, 0, 0, 0, 0, 0, 0, 0, 0, 0, 0, 0, 0, 0, 0, 0, 0, 0, 0, 0, 0, 0, 166, 166, 171, 175, 175, 175, 175, 175, 181, 181, 181, 181, 181, 181, 181, 181, 181, 181, 181, 181, 181, 181, 181, 181, 181, 181, 181, 181, 181, 181, 181, 181, 181, 181, 181, 181, 181, 181, 181, 181, 181, 181], "psum": [0, 0, 0, 0, 0, 0, 0, 0, 0, 0, 0, 0, 0, 0, 0, 0, 0, 0, 0, 0, 0, 0, 664.0, 664.0, 686.0, 710.0, 710.0, 710.0, 710.0, 710.0, 816.0, 816.0, 816.0, 816.0, 816.0, 816.0, 816.0, 816.0, 816.0, 816.0, 816.0, 816.0, 816.0, 816.0, 816.0, 816.0, 816.0, 816.0, 816.0, 816.0, 816.0, 816.0, 816.0, 816.0, 816.0, 816.0, 816.0, 816.0, 816.0, 816.0, 816.0, 816.0, 816.0, 816.0], "pcnt": [0, 0, 0, 0, 0, 0, 0, 0, 0, 0, 0, 0, 0, 0, 0, 0, 0, 0, 0, 0, 0, 0, 166, 166, 171, 175, 175, 175, 175, 175, 181, 181, 181, 181, 181, 181, 181, 181, 181, 181, 181, 181, 181, 181, 181, 181, 181, 181, 181, 181, 181, 181, 181, 181, 181, 181, 181, 181, 181, 181, 181, 181, 181, 181]}}, {"type": "Feature", "geometry": {"type": "Point", "coordinates": [-108.80628, 52.62421]}, "properties": {"twp": "042-20-W3", "prov": "SK", "total": 232, "first": 1903, "cum": [0, 0, 0, 0, 0, 0, 0, 0, 0, 0, 0, 0, 0, 0, 0, 0, 0, 0, 0, 0, 0, 0, 228, 228, 228, 228, 228, 228, 232, 232, 232, 232, 232, 232, 232, 232, 232, 232, 232, 232, 232, 232, 232, 232, 232, 232, 232, 232, 232, 232, 232, 232, 232, 232, 232, 232, 232, 232, 232, 232, 232, 232, 232, 232], "psum": [0, 0, 0, 0, 0, 0, 0, 0, 0, 0, 0, 0, 0, 0, 0, 0, 0, 0, 0, 0, 0, 0, 912.0, 912.0, 912.0, 912.0, 912.0, 912.0, 928.0, 928.0, 928.0, 928.0, 928.0, 928.0, 928.0, 928.0, 928.0, 928.0, 928.0, 928.0, 928.0, 928.0, 928.0, 928.0, 928.0, 928.0, 928.0, 928.0, 928.0, 928.0, 928.0, 928.0, 928.0, 928.0, 928.0, 928.0, 928.0, 928.0, 928.0, 928.0, 928.0, 928.0, 928.0, 928.0], "pcnt": [0, 0, 0, 0, 0, 0, 0, 0, 0, 0, 0, 0, 0, 0, 0, 0, 0, 0, 0, 0, 0, 0, 228, 228, 228, 228, 228, 228, 232, 232, 232, 232, 232, 232, 232, 232, 232, 232, 232, 232, 232, 232, 232, 232, 232, 232, 232, 232, 232, 232, 232, 232, 232, 232, 232, 232, 232, 232, 232, 232, 232, 232, 232, 232]}}, {"type": "Feature", "geometry": {"type": "Point", "coordinates": [-108.62802, 52.61411]}, "properties": {"twp": "042-19-W3", "prov": "SK", "total": 60, "first": 1903, "cum": [0, 0, 0, 0, 0, 0, 0, 0, 0, 0, 0, 0, 0, 0, 0, 0, 0, 0, 0, 0, 0, 0, 20, 28, 37, 37, 37, 42, 42, 55, 60, 60, 60, 60, 60, 60, 60, 60, 60, 60, 60, 60, 60, 60, 60, 60, 60, 60, 60, 60, 60, 60, 60, 60, 60, 60, 60, 60, 60, 60, 60, 60, 60, 60], "psum": [0, 0, 0, 0, 0, 0, 0, 0, 0, 0, 0, 0, 0, 0, 0, 0, 0, 0, 0, 0, 0, 0, 80.0, 116.0, 170.0, 170.0, 170.0, 200.0, 200.0, 383.0, 449.0, 449.0, 449.0, 449.0, 449.0, 449.0, 449.0, 449.0, 449.0, 449.0, 449.0, 449.0, 449.0, 449.0, 449.0, 449.0, 449.0, 449.0, 449.0, 449.0, 449.0, 449.0, 449.0, 449.0, 449.0, 449.0, 449.0, 449.0, 449.0, 449.0, 449.0, 449.0, 449.0, 449.0], "pcnt": [0, 0, 0, 0, 0, 0, 0, 0, 0, 0, 0, 0, 0, 0, 0, 0, 0, 0, 0, 0, 0, 0, 20, 28, 37, 37, 37, 42, 42, 55, 60, 60, 60, 60, 60, 60, 60, 60, 60, 60, 60, 60, 60, 60, 60, 60, 60, 60, 60, 60, 60, 60, 60, 60, 60, 60, 60, 60, 60, 60, 60, 60, 60, 60]}}, {"type": "Feature", "geometry": {"type": "Point", "coordinates": [-107.78716, 52.63234]}, "properties": {"twp": "042-13-W3", "prov": "SK", "total": 69, "first": 1902, "cum": [0, 0, 0, 0, 0, 0, 0, 0, 0, 0, 0, 0, 0, 0, 0, 0, 0, 0, 0, 0, 0, 55, 58, 60, 60, 60, 60, 64, 65, 69, 69, 69, 69, 69, 69, 69, 69, 69, 69, 69, 69, 69, 69, 69, 69, 69, 69, 69, 69, 69, 69, 69, 69, 69, 69, 69, 69, 69, 69, 69, 69, 69, 69, 69], "psum": [0, 0, 0, 0, 0, 0, 0, 0, 0, 0, 0, 0, 0, 0, 0, 0, 0, 0, 0, 0, 0, 230.0, 245.0, 257.0, 257.0, 257.0, 257.0, 271.0, 287.0, 307.1, 307.1, 307.1, 307.1, 307.1, 307.1, 307.1, 307.1, 307.1, 307.1, 307.1, 307.1, 307.1, 307.1, 307.1, 307.1, 307.1, 307.1, 307.1, 307.1, 307.1, 307.1, 307.1, 307.1, 307.1, 307.1, 307.1, 307.1, 307.1, 307.1, 307.1, 307.1, 307.1, 307.1, 307.1], "pcnt": [0, 0, 0, 0, 0, 0, 0, 0, 0, 0, 0, 0, 0, 0, 0, 0, 0, 0, 0, 0, 0, 55, 58, 60, 60, 60, 60, 64, 65, 69, 69, 69, 69, 69, 69, 69, 69, 69, 69, 69, 69, 69, 69, 69, 69, 69, 69, 69, 69, 69, 69, 69, 69, 69, 69, 69, 69, 69, 69, 69, 69, 69, 69, 69]}}, {"type": "Feature", "geometry": {"type": "Point", "coordinates": [-107.65537, 52.63622]}, "properties": {"twp": "042-12-W3", "prov": "SK", "total": 78, "first": 1902, "cum": [0, 0, 0, 0, 0, 0, 0, 0, 0, 0, 0, 0, 0, 0, 0, 0, 0, 0, 0, 0, 0, 11, 17, 17, 66, 70, 70, 70, 70, 75, 78, 78, 78, 78, 78, 78, 78, 78, 78, 78, 78, 78, 78, 78, 78, 78, 78, 78, 78, 78, 78, 78, 78, 78, 78, 78, 78, 78, 78, 78, 78, 78, 78, 78], "psum": [0, 0, 0, 0, 0, 0, 0, 0, 0, 0, 0, 0, 0, 0, 0, 0, 0, 0, 0, 0, 0, 44.0, 76.0, 76.0, 370.0, 398.0, 398.0, 398.0, 398.0, 448.0, 505.0, 505.0, 505.0, 505.0, 505.0, 505.0, 505.0, 505.0, 505.0, 505.0, 505.0, 505.0, 505.0, 505.0, 505.0, 505.0, 505.0, 505.0, 505.0, 505.0, 505.0, 505.0, 505.0, 505.0, 505.0, 505.0, 505.0, 505.0, 505.0, 505.0, 505.0, 505.0, 505.0, 505.0], "pcnt": [0, 0, 0, 0, 0, 0, 0, 0, 0, 0, 0, 0, 0, 0, 0, 0, 0, 0, 0, 0, 0, 11, 17, 17, 66, 70, 70, 70, 70, 75, 78, 78, 78, 78, 78, 78, 78, 78, 78, 78, 78, 78, 78, 78, 78, 78, 78, 78, 78, 78, 78, 78, 78, 78, 78, 78, 78, 78, 78, 78, 78, 78, 78, 78]}}, {"type": "Feature", "geometry": {"type": "Point", "coordinates": [-107.5452, 52.63328]}, "properties": {"twp": "042-11-W3", "prov": "SK", "total": 74, "first": 1903, "cum": [0, 0, 0, 0, 0, 0, 0, 0, 0, 0, 0, 0, 0, 0, 0, 0, 0, 0, 0, 0, 0, 0, 38, 38, 53, 58, 58, 60, 60, 69, 74, 74, 74, 74, 74, 74, 74, 74, 74, 74, 74, 74, 74, 74, 74, 74, 74, 74, 74, 74, 74, 74, 74, 74, 74, 74, 74, 74, 74, 74, 74, 74, 74, 74], "psum": [0, 0, 0, 0, 0, 0, 0, 0, 0, 0, 0, 0, 0, 0, 0, 0, 0, 0, 0, 0, 0, 0, 180.0, 180.0, 270.0, 300.0, 300.0, 308.0, 308.0, 389.0, 446.0, 446.0, 446.0, 446.0, 446.0, 446.0, 446.0, 446.0, 446.0, 446.0, 446.0, 446.0, 446.0, 446.0, 446.0, 446.0, 446.0, 446.0, 446.0, 446.0, 446.0, 446.0, 446.0, 446.0, 446.0, 446.0, 446.0, 446.0, 446.0, 446.0, 446.0, 446.0, 446.0, 446.0], "pcnt": [0, 0, 0, 0, 0, 0, 0, 0, 0, 0, 0, 0, 0, 0, 0, 0, 0, 0, 0, 0, 0, 0, 38, 38, 53, 58, 58, 60, 60, 69, 74, 74, 74, 74, 74, 74, 74, 74, 74, 74, 74, 74, 74, 74, 74, 74, 74, 74, 74, 74, 74, 74, 74, 74, 74, 74, 74, 74, 74, 74, 74, 74, 74, 74]}}, {"type": "Feature", "geometry": {"type": "Point", "coordinates": [-107.36497, 52.62826]}, "properties": {"twp": "042-10-W3", "prov": "SK", "total": 42, "first": 1905, "cum": [0, 0, 0, 0, 0, 0, 0, 0, 0, 0, 0, 0, 0, 0, 0, 0, 0, 0, 0, 0, 0, 0, 0, 0, 1, 1, 1, 9, 12, 21, 41, 42, 42, 42, 42, 42, 42, 42, 42, 42, 42, 42, 42, 42, 42, 42, 42, 42, 42, 42, 42, 42, 42, 42, 42, 42, 42, 42, 42, 42, 42, 42, 42, 42], "psum": [0, 0, 0, 0, 0, 0, 0, 0, 0, 0, 0, 0, 0, 0, 0, 0, 0, 0, 0, 0, 0, 0, 0, 0, 6.0, 6.0, 6.0, 86.0, 118.0, 218.0, 469.0, 482.0, 482.0, 482.0, 482.0, 482.0, 482.0, 482.0, 482.0, 482.0, 482.0, 482.0, 482.0, 482.0, 482.0, 482.0, 482.0, 482.0, 482.0, 482.0, 482.0, 482.0, 482.0, 482.0, 482.0, 482.0, 482.0, 482.0, 482.0, 482.0, 482.0, 482.0, 482.0, 482.0], "pcnt": [0, 0, 0, 0, 0, 0, 0, 0, 0, 0, 0, 0, 0, 0, 0, 0, 0, 0, 0, 0, 0, 0, 0, 0, 1, 1, 1, 9, 12, 21, 41, 42, 42, 42, 42, 42, 42, 42, 42, 42, 42, 42, 42, 42, 42, 42, 42, 42, 42, 42, 42, 42, 42, 42, 42, 42, 42, 42, 42, 42, 42, 42, 42, 42]}}, {"type": "Feature", "geometry": {"type": "Point", "coordinates": [-109.2121, 52.53369]}, "properties": {"twp": "041-23-W3", "prov": "SK", "total": 82, "first": 1905, "cum": [0, 0, 0, 0, 0, 0, 0, 0, 0, 0, 0, 0, 0, 0, 0, 0, 0, 0, 0, 0, 0, 0, 0, 0, 70, 70, 70, 70, 70, 71, 82, 82, 82, 82, 82, 82, 82, 82, 82, 82, 82, 82, 82, 82, 82, 82, 82, 82, 82, 82, 82, 82, 82, 82, 82, 82, 82, 82, 82, 82, 82, 82, 82, 82], "psum": [0, 0, 0, 0, 0, 0, 0, 0, 0, 0, 0, 0, 0, 0, 0, 0, 0, 0, 0, 0, 0, 0, 0, 0, 420.0, 420.0, 420.0, 420.0, 420.0, 435.0, 663.0, 663.0, 663.0, 663.0, 663.0, 663.0, 663.0, 663.0, 663.0, 663.0, 663.0, 663.0, 663.0, 663.0, 663.0, 663.0, 663.0, 663.0, 663.0, 663.0, 663.0, 663.0, 663.0, 663.0, 663.0, 663.0, 663.0, 663.0, 663.0, 663.0, 663.0, 663.0, 663.0, 663.0], "pcnt": [0, 0, 0, 0, 0, 0, 0, 0, 0, 0, 0, 0, 0, 0, 0, 0, 0, 0, 0, 0, 0, 0, 0, 0, 70, 70, 70, 70, 70, 71, 82, 82, 82, 82, 82, 82, 82, 82, 82, 82, 82, 82, 82, 82, 82, 82, 82, 82, 82, 82, 82, 82, 82, 82, 82, 82, 82, 82, 82, 82, 82, 82, 82, 82]}}, {"type": "Feature", "geometry": {"type": "Point", "coordinates": [-109.09855, 52.53695]}, "properties": {"twp": "041-22-W3", "prov": "SK", "total": 70, "first": 1903, "cum": [0, 0, 0, 0, 0, 0, 0, 0, 0, 0, 0, 0, 0, 0, 0, 0, 0, 0, 0, 0, 0, 0, 53, 57, 69, 69, 69, 69, 69, 69, 70, 70, 70, 70, 70, 70, 70, 70, 70, 70, 70, 70, 70, 70, 70, 70, 70, 70, 70, 70, 70, 70, 70, 70, 70, 70, 70, 70, 70, 70, 70, 70, 70, 70], "psum": [0, 0, 0, 0, 0, 0, 0, 0, 0, 0, 0, 0, 0, 0, 0, 0, 0, 0, 0, 0, 0, 0, 212.0, 234.0, 306.0, 306.0, 306.0, 306.0, 306.0, 306.0, 311.0, 311.0, 311.0, 311.0, 311.0, 311.0, 311.0, 311.0, 311.0, 311.0, 311.0, 311.0, 311.0, 311.0, 311.0, 311.0, 311.0, 311.0, 311.0, 311.0, 311.0, 311.0, 311.0, 311.0, 311.0, 311.0, 311.0, 311.0, 311.0, 311.0, 311.0, 311.0, 311.0, 311.0], "pcnt": [0, 0, 0, 0, 0, 0, 0, 0, 0, 0, 0, 0, 0, 0, 0, 0, 0, 0, 0, 0, 0, 0, 53, 57, 69, 69, 69, 69, 69, 69, 70, 70, 70, 70, 70, 70, 70, 70, 70, 70, 70, 70, 70, 70, 70, 70, 70, 70, 70, 70, 70, 70, 70, 70, 70, 70, 70, 70, 70, 70, 70, 70, 70, 70]}}, {"type": "Feature", "geometry": {"type": "Point", "coordinates": [-108.95027, 52.53122]}, "properties": {"twp": "041-21-W3", "prov": "SK", "total": 198, "first": 1903, "cum": [0, 0, 0, 0, 0, 0, 0, 0, 0, 0, 0, 0, 0, 0, 0, 0, 0, 0, 0, 0, 0, 0, 190, 190, 190, 194, 198, 198, 198, 198, 198, 198, 198, 198, 198, 198, 198, 198, 198, 198, 198, 198, 198, 198, 198, 198, 198, 198, 198, 198, 198, 198, 198, 198, 198, 198, 198, 198, 198, 198, 198, 198, 198, 198], "psum": [0, 0, 0, 0, 0, 0, 0, 0, 0, 0, 0, 0, 0, 0, 0, 0, 0, 0, 0, 0, 0, 0, 760.0, 760.0, 760.0, 776.0, 792.0, 792.0, 792.0, 792.0, 792.0, 792.0, 792.0, 792.0, 792.0, 792.0, 792.0, 792.0, 792.0, 792.0, 792.0, 792.0, 792.0, 792.0, 792.0, 792.0, 792.0, 792.0, 792.0, 792.0, 792.0, 792.0, 792.0, 792.0, 792.0, 792.0, 792.0, 792.0, 792.0, 792.0, 792.0, 792.0, 792.0, 792.0], "pcnt": [0, 0, 0, 0, 0, 0, 0, 0, 0, 0, 0, 0, 0, 0, 0, 0, 0, 0, 0, 0, 0, 0, 190, 190, 190, 194, 198, 198, 198, 198, 198, 198, 198, 198, 198, 198, 198, 198, 198, 198, 198, 198, 198, 198, 198, 198, 198, 198, 198, 198, 198, 198, 198, 198, 198, 198, 198, 198, 198, 198, 198, 198, 198, 198]}}, {"type": "Feature", "geometry": {"type": "Point", "coordinates": [-108.66196, 52.53798]}, "properties": {"twp": "041-19-W3", "prov": "SK", "total": 79, "first": 1903, "cum": [0, 0, 0, 0, 0, 0, 0, 0, 0, 0, 0, 0, 0, 0, 0, 0, 0, 0, 0, 0, 0, 0, 77, 78, 78, 79, 79, 79, 79, 79, 79, 79, 79, 79, 79, 79, 79, 79, 79, 79, 79, 79, 79, 79, 79, 79, 79, 79, 79, 79, 79, 79, 79, 79, 79, 79, 79, 79, 79, 79, 79, 79, 79, 79], "psum": [0, 0, 0, 0, 0, 0, 0, 0, 0, 0, 0, 0, 0, 0, 0, 0, 0, 0, 0, 0, 0, 0, 308.0, 312.0, 312.0, 316.0, 316.0, 316.0, 316.0, 316.0, 316.0, 316.0, 316.0, 316.0, 316.0, 316.0, 316.0, 316.0, 316.0, 316.0, 316.0, 316.0, 316.0, 316.0, 316.0, 316.0, 316.0, 316.0, 316.0, 316.0, 316.0, 316.0, 316.0, 316.0, 316.0, 316.0, 316.0, 316.0, 316.0, 316.0, 316.0, 316.0, 316.0, 316.0], "pcnt": [0, 0, 0, 0, 0, 0, 0, 0, 0, 0, 0, 0, 0, 0, 0, 0, 0, 0, 0, 0, 0, 0, 77, 78, 78, 79, 79, 79, 79, 79, 79, 79, 79, 79, 79, 79, 79, 79, 79, 79, 79, 79, 79, 79, 79, 79, 79, 79, 79, 79, 79, 79, 79, 79, 79, 79, 79, 79, 79, 79, 79, 79, 79, 79]}}, {"type": "Feature", "geometry": {"type": "Point", "coordinates": [-108.52292, 52.54198]}, "properties": {"twp": "041-18-W3", "prov": "SK", "total": 172, "first": 1903, "cum": [0, 0, 0, 0, 0, 0, 0, 0, 0, 0, 0, 0, 0, 0, 0, 0, 0, 0, 0, 0, 0, 0, 172, 172, 172, 172, 172, 172, 172, 172, 172, 172, 172, 172, 172, 172, 172, 172, 172, 172, 172, 172, 172, 172, 172, 172, 172, 172, 172, 172, 172, 172, 172, 172, 172, 172, 172, 172, 172, 172, 172, 172, 172, 172], "psum": [0, 0, 0, 0, 0, 0, 0, 0, 0, 0, 0, 0, 0, 0, 0, 0, 0, 0, 0, 0, 0, 0, 688.0, 688.0, 688.0, 688.0, 688.0, 688.0, 688.0, 688.0, 688.0, 688.0, 688.0, 688.0, 688.0, 688.0, 688.0, 688.0, 688.0, 688.0, 688.0, 688.0, 688.0, 688.0, 688.0, 688.0, 688.0, 688.0, 688.0, 688.0, 688.0, 688.0, 688.0, 688.0, 688.0, 688.0, 688.0, 688.0, 688.0, 688.0, 688.0, 688.0, 688.0, 688.0], "pcnt": [0, 0, 0, 0, 0, 0, 0, 0, 0, 0, 0, 0, 0, 0, 0, 0, 0, 0, 0, 0, 0, 0, 172, 172, 172, 172, 172, 172, 172, 172, 172, 172, 172, 172, 172, 172, 172, 172, 172, 172, 172, 172, 172, 172, 172, 172, 172, 172, 172, 172, 172, 172, 172, 172, 172, 172, 172, 172, 172, 172, 172, 172, 172, 172]}}, {"type": "Feature", "geometry": {"type": "Point", "coordinates": [-107.66137, 52.54913]}, "properties": {"twp": "041-12-W3", "prov": "SK", "total": 39, "first": 1902, "cum": [0, 0, 0, 0, 0, 0, 0, 0, 0, 0, 0, 0, 0, 0, 0, 0, 0, 0, 0, 0, 0, 16, 16, 16, 18, 18, 18, 18, 18, 39, 39, 39, 39, 39, 39, 39, 39, 39, 39, 39, 39, 39, 39, 39, 39, 39, 39, 39, 39, 39, 39, 39, 39, 39, 39, 39, 39, 39, 39, 39, 39, 39, 39, 39], "psum": [0, 0, 0, 0, 0, 0, 0, 0, 0, 0, 0, 0, 0, 0, 0, 0, 0, 0, 0, 0, 0, 64.0, 64.0, 64.0, 80.0, 80.0, 80.0, 80.0, 80.0, 320.2, 320.2, 320.2, 320.2, 320.2, 320.2, 320.2, 320.2, 320.2, 320.2, 320.2, 320.2, 320.2, 320.2, 320.2, 320.2, 320.2, 320.2, 320.2, 320.2, 320.2, 320.2, 320.2, 320.2, 320.2, 320.2, 320.2, 320.2, 320.2, 320.2, 320.2, 320.2, 320.2, 320.2, 320.2], "pcnt": [0, 0, 0, 0, 0, 0, 0, 0, 0, 0, 0, 0, 0, 0, 0, 0, 0, 0, 0, 0, 0, 16, 16, 16, 18, 18, 18, 18, 18, 39, 39, 39, 39, 39, 39, 39, 39, 39, 39, 39, 39, 39, 39, 39, 39, 39, 39, 39, 39, 39, 39, 39, 39, 39, 39, 39, 39, 39, 39, 39, 39, 39, 39, 39]}}, {"type": "Feature", "geometry": {"type": "Point", "coordinates": [-107.35484, 52.53381]}, "properties": {"twp": "041-10-W3", "prov": "SK", "total": 56, "first": 1902, "cum": [0, 0, 0, 0, 0, 0, 0, 0, 0, 0, 0, 0, 0, 0, 0, 0, 0, 0, 0, 0, 0, 6, 29, 34, 36, 38, 38, 48, 50, 52, 54, 56, 56, 56, 56, 56, 56, 56, 56, 56, 56, 56, 56, 56, 56, 56, 56, 56, 56, 56, 56, 56, 56, 56, 56, 56, 56, 56, 56, 56, 56, 56, 56, 56], "psum": [0, 0, 0, 0, 0, 0, 0, 0, 0, 0, 0, 0, 0, 0, 0, 0, 0, 0, 0, 0, 0, 30.0, 149.0, 179.0, 191.0, 207.0, 207.0, 307.0, 327.0, 357.0, 386.0, 420.0, 420.0, 420.0, 420.0, 420.0, 420.0, 420.0, 420.0, 420.0, 420.0, 420.0, 420.0, 420.0, 420.0, 420.0, 420.0, 420.0, 420.0, 420.0, 420.0, 420.0, 420.0, 420.0, 420.0, 420.0, 420.0, 420.0, 420.0, 420.0, 420.0, 420.0, 420.0, 420.0], "pcnt": [0, 0, 0, 0, 0, 0, 0, 0, 0, 0, 0, 0, 0, 0, 0, 0, 0, 0, 0, 0, 0, 6, 29, 34, 36, 38, 38, 48, 50, 52, 54, 56, 56, 56, 56, 56, 56, 56, 56, 56, 56, 56, 56, 56, 56, 56, 56, 56, 56, 56, 56, 56, 56, 56, 56, 56, 56, 56, 56, 56, 56, 56, 56, 56]}}, {"type": "Feature", "geometry": {"type": "Point", "coordinates": [-107.24509, 52.5239]}, "properties": {"twp": "041-09-W3", "prov": "SK", "total": 74, "first": 1902, "cum": [0, 0, 0, 0, 0, 0, 0, 0, 0, 0, 0, 0, 0, 0, 0, 0, 0, 0, 0, 0, 0, 22, 46, 46, 56, 59, 59, 63, 64, 68, 74, 74, 74, 74, 74, 74, 74, 74, 74, 74, 74, 74, 74, 74, 74, 74, 74, 74, 74, 74, 74, 74, 74, 74, 74, 74, 74, 74, 74, 74, 74, 74, 74, 74], "psum": [0, 0, 0, 0, 0, 0, 0, 0, 0, 0, 0, 0, 0, 0, 0, 0, 0, 0, 0, 0, 0, 110.0, 230.0, 230.0, 287.0, 311.0, 311.0, 341.0, 351.0, 391.0, 493.0, 493.0, 493.0, 493.0, 493.0, 493.0, 493.0, 493.0, 493.0, 493.0, 493.0, 493.0, 493.0, 493.0, 493.0, 493.0, 493.0, 493.0, 493.0, 493.0, 493.0, 493.0, 493.0, 493.0, 493.0, 493.0, 493.0, 493.0, 493.0, 493.0, 493.0, 493.0, 493.0, 493.0], "pcnt": [0, 0, 0, 0, 0, 0, 0, 0, 0, 0, 0, 0, 0, 0, 0, 0, 0, 0, 0, 0, 0, 22, 46, 46, 56, 59, 59, 63, 64, 68, 74, 74, 74, 74, 74, 74, 74, 74, 74, 74, 74, 74, 74, 74, 74, 74, 74, 74, 74, 74, 74, 74, 74, 74, 74, 74, 74, 74, 74, 74, 74, 74, 74, 74]}}, {"type": "Feature", "geometry": {"type": "Point", "coordinates": [-109.20548, 52.48579]}, "properties": {"twp": "040-23-W3", "prov": "SK", "total": 4, "first": 1910, "cum": [0, 0, 0, 0, 0, 0, 0, 0, 0, 0, 0, 0, 0, 0, 0, 0, 0, 0, 0, 0, 0, 0, 0, 0, 0, 0, 0, 0, 0, 4, 4, 4, 4, 4, 4, 4, 4, 4, 4, 4, 4, 4, 4, 4, 4, 4, 4, 4, 4, 4, 4, 4, 4, 4, 4, 4, 4, 4, 4, 4, 4, 4, 4, 4], "psum": [0, 0, 0, 0, 0, 0, 0, 0, 0, 0, 0, 0, 0, 0, 0, 0, 0, 0, 0, 0, 0, 0, 0, 0, 0, 0, 0, 0, 0, 80.0, 80.0, 80.0, 80.0, 80.0, 80.0, 80.0, 80.0, 80.0, 80.0, 80.0, 80.0, 80.0, 80.0, 80.0, 80.0, 80.0, 80.0, 80.0, 80.0, 80.0, 80.0, 80.0, 80.0, 80.0, 80.0, 80.0, 80.0, 80.0, 80.0, 80.0, 80.0, 80.0, 80.0, 80.0], "pcnt": [0, 0, 0, 0, 0, 0, 0, 0, 0, 0, 0, 0, 0, 0, 0, 0, 0, 0, 0, 0, 0, 0, 0, 0, 0, 0, 0, 0, 0, 4, 4, 4, 4, 4, 4, 4, 4, 4, 4, 4, 4, 4, 4, 4, 4, 4, 4, 4, 4, 4, 4, 4, 4, 4, 4, 4, 4, 4, 4, 4, 4, 4, 4, 4]}}, {"type": "Feature", "geometry": {"type": "Point", "coordinates": [-108.94501, 52.44671]}, "properties": {"twp": "040-21-W3", "prov": "SK", "total": 88, "first": 1903, "cum": [0, 0, 0, 0, 0, 0, 0, 0, 0, 0, 0, 0, 0, 0, 0, 0, 0, 0, 0, 0, 0, 0, 88, 88, 88, 88, 88, 88, 88, 88, 88, 88, 88, 88, 88, 88, 88, 88, 88, 88, 88, 88, 88, 88, 88, 88, 88, 88, 88, 88, 88, 88, 88, 88, 88, 88, 88, 88, 88, 88, 88, 88, 88, 88], "psum": [0, 0, 0, 0, 0, 0, 0, 0, 0, 0, 0, 0, 0, 0, 0, 0, 0, 0, 0, 0, 0, 0, 352.0, 352.0, 352.0, 352.0, 352.0, 352.0, 352.0, 352.0, 352.0, 352.0, 352.0, 352.0, 352.0, 352.0, 352.0, 352.0, 352.0, 352.0, 352.0, 352.0, 352.0, 352.0, 352.0, 352.0, 352.0, 352.0, 352.0, 352.0, 352.0, 352.0, 352.0, 352.0, 352.0, 352.0, 352.0, 352.0, 352.0, 352.0, 352.0, 352.0, 352.0, 352.0], "pcnt": [0, 0, 0, 0, 0, 0, 0, 0, 0, 0, 0, 0, 0, 0, 0, 0, 0, 0, 0, 0, 0, 0, 88, 88, 88, 88, 88, 88, 88, 88, 88, 88, 88, 88, 88, 88, 88, 88, 88, 88, 88, 88, 88, 88, 88, 88, 88, 88, 88, 88, 88, 88, 88, 88, 88, 88, 88, 88, 88, 88, 88, 88, 88, 88]}}, {"type": "Feature", "geometry": {"type": "Point", "coordinates": [-108.67427, 52.44837]}, "properties": {"twp": "040-19-W3", "prov": "SK", "total": 114, "first": 1903, "cum": [0, 0, 0, 0, 0, 0, 0, 0, 0, 0, 0, 0, 0, 0, 0, 0, 0, 0, 0, 0, 0, 0, 114, 114, 114, 114, 114, 114, 114, 114, 114, 114, 114, 114, 114, 114, 114, 114, 114, 114, 114, 114, 114, 114, 114, 114, 114, 114, 114, 114, 114, 114, 114, 114, 114, 114, 114, 114, 114, 114, 114, 114, 114, 114], "psum": [0, 0, 0, 0, 0, 0, 0, 0, 0, 0, 0, 0, 0, 0, 0, 0, 0, 0, 0, 0, 0, 0, 456.0, 456.0, 456.0, 456.0, 456.0, 456.0, 456.0, 456.0, 456.0, 456.0, 456.0, 456.0, 456.0, 456.0, 456.0, 456.0, 456.0, 456.0, 456.0, 456.0, 456.0, 456.0, 456.0, 456.0, 456.0, 456.0, 456.0, 456.0, 456.0, 456.0, 456.0, 456.0, 456.0, 456.0, 456.0, 456.0, 456.0, 456.0, 456.0, 456.0, 456.0, 456.0], "pcnt": [0, 0, 0, 0, 0, 0, 0, 0, 0, 0, 0, 0, 0, 0, 0, 0, 0, 0, 0, 0, 0, 0, 114, 114, 114, 114, 114, 114, 114, 114, 114, 114, 114, 114, 114, 114, 114, 114, 114, 114, 114, 114, 114, 114, 114, 114, 114, 114, 114, 114, 114, 114, 114, 114, 114, 114, 114, 114, 114, 114, 114, 114, 114, 114]}}, {"type": "Feature", "geometry": {"type": "Point", "coordinates": [-107.49556, 52.45497]}, "properties": {"twp": "040-11-W3", "prov": "SK", "total": 56, "first": 1902, "cum": [0, 0, 0, 0, 0, 0, 0, 0, 0, 0, 0, 0, 0, 0, 0, 0, 0, 0, 0, 0, 0, 51, 53, 53, 55, 55, 55, 55, 55, 55, 56, 56, 56, 56, 56, 56, 56, 56, 56, 56, 56, 56, 56, 56, 56, 56, 56, 56, 56, 56, 56, 56, 56, 56, 56, 56, 56, 56, 56, 56, 56, 56, 56, 56], "psum": [0, 0, 0, 0, 0, 0, 0, 0, 0, 0, 0, 0, 0, 0, 0, 0, 0, 0, 0, 0, 0, 178.5, 190.5, 190.5, 206.5, 206.5, 206.5, 206.5, 206.5, 206.5, 228.5, 228.5, 228.5, 228.5, 228.5, 228.5, 228.5, 228.5, 228.5, 228.5, 228.5, 228.5, 228.5, 228.5, 228.5, 228.5, 228.5, 228.5, 228.5, 228.5, 228.5, 228.5, 228.5, 228.5, 228.5, 228.5, 228.5, 228.5, 228.5, 228.5, 228.5, 228.5, 228.5, 228.5], "pcnt": [0, 0, 0, 0, 0, 0, 0, 0, 0, 0, 0, 0, 0, 0, 0, 0, 0, 0, 0, 0, 0, 51, 53, 53, 55, 55, 55, 55, 55, 55, 56, 56, 56, 56, 56, 56, 56, 56, 56, 56, 56, 56, 56, 56, 56, 56, 56, 56, 56, 56, 56, 56, 56, 56, 56, 56, 56, 56, 56, 56, 56, 56, 56, 56]}}, {"type": "Feature", "geometry": {"type": "Point", "coordinates": [-107.37974, 52.44193]}, "properties": {"twp": "040-10-W3", "prov": "SK", "total": 76, "first": 1902, "cum": [0, 0, 0, 0, 0, 0, 0, 0, 0, 0, 0, 0, 0, 0, 0, 0, 0, 0, 0, 0, 0, 32, 37, 37, 52, 52, 52, 56, 58, 72, 73, 76, 76, 76, 76, 76, 76, 76, 76, 76, 76, 76, 76, 76, 76, 76, 76, 76, 76, 76, 76, 76, 76, 76, 76, 76, 76, 76, 76, 76, 76, 76, 76, 76], "psum": [0, 0, 0, 0, 0, 0, 0, 0, 0, 0, 0, 0, 0, 0, 0, 0, 0, 0, 0, 0, 0, 126.5, 151.1, 151.1, 230.1, 230.1, 230.1, 290.1, 326.1, 514.1, 534.1, 596.1, 596.1, 596.1, 596.1, 596.1, 596.1, 596.1, 596.1, 596.1, 596.1, 596.1, 596.1, 596.1, 596.1, 596.1, 596.1, 596.1, 596.1, 596.1, 596.1, 596.1, 596.1, 596.1, 596.1, 596.1, 596.1, 596.1, 596.1, 596.1, 596.1, 596.1, 596.1, 596.1], "pcnt": [0, 0, 0, 0, 0, 0, 0, 0, 0, 0, 0, 0, 0, 0, 0, 0, 0, 0, 0, 0, 0, 32, 37, 37, 52, 52, 52, 56, 58, 72, 73, 76, 76, 76, 76, 76, 76, 76, 76, 76, 76, 76, 76, 76, 76, 76, 76, 76, 76, 76, 76, 76, 76, 76, 76, 76, 76, 76, 76, 76, 76, 76, 76, 76]}}, {"type": "Feature", "geometry": {"type": "Point", "coordinates": [-107.09114, 52.45583]}, "properties": {"twp": "040-08-W3", "prov": "SK", "total": 146, "first": 1902, "cum": [0, 0, 0, 0, 0, 0, 0, 0, 0, 0, 0, 0, 0, 0, 0, 0, 0, 0, 0, 0, 0, 100, 142, 146, 146, 146, 146, 146, 146, 146, 146, 146, 146, 146, 146, 146, 146, 146, 146, 146, 146, 146, 146, 146, 146, 146, 146, 146, 146, 146, 146, 146, 146, 146, 146, 146, 146, 146, 146, 146, 146, 146, 146, 146], "psum": [0, 0, 0, 0, 0, 0, 0, 0, 0, 0, 0, 0, 0, 0, 0, 0, 0, 0, 0, 0, 0, 398.0, 573.3, 597.3, 597.3, 597.3, 597.3, 597.3, 597.3, 597.3, 597.3, 597.3, 597.3, 597.3, 597.3, 597.3, 597.3, 597.3, 597.3, 597.3, 597.3, 597.3, 597.3, 597.3, 597.3, 597.3, 597.3, 597.3, 597.3, 597.3, 597.3, 597.3, 597.3, 597.3, 597.3, 597.3, 597.3, 597.3, 597.3, 597.3, 597.3, 597.3, 597.3, 597.3], "pcnt": [0, 0, 0, 0, 0, 0, 0, 0, 0, 0, 0, 0, 0, 0, 0, 0, 0, 0, 0, 0, 0, 100, 142, 146, 146, 146, 146, 146, 146, 146, 146, 146, 146, 146, 146, 146, 146, 146, 146, 146, 146, 146, 146, 146, 146, 146, 146, 146, 146, 146, 146, 146, 146, 146, 146, 146, 146, 146, 146, 146, 146, 146, 146, 146]}}, {"type": "Feature", "geometry": {"type": "Point", "coordinates": [-108.95218, 52.36101]}, "properties": {"twp": "039-21-W3", "prov": "SK", "total": 254, "first": 1903, "cum": [0, 0, 0, 0, 0, 0, 0, 0, 0, 0, 0, 0, 0, 0, 0, 0, 0, 0, 0, 0, 0, 0, 246, 246, 246, 248, 254, 254, 254, 254, 254, 254, 254, 254, 254, 254, 254, 254, 254, 254, 254, 254, 254, 254, 254, 254, 254, 254, 254, 254, 254, 254, 254, 254, 254, 254, 254, 254, 254, 254, 254, 254, 254, 254], "psum": [0, 0, 0, 0, 0, 0, 0, 0, 0, 0, 0, 0, 0, 0, 0, 0, 0, 0, 0, 0, 0, 0, 984.0, 984.0, 984.0, 992.0, 1016.0, 1016.0, 1016.0, 1016.0, 1016.0, 1016.0, 1016.0, 1016.0, 1016.0, 1016.0, 1016.0, 1016.0, 1016.0, 1016.0, 1016.0, 1016.0, 1016.0, 1016.0, 1016.0, 1016.0, 1016.0, 1016.0, 1016.0, 1016.0, 1016.0, 1016.0, 1016.0, 1016.0, 1016.0, 1016.0, 1016.0, 1016.0, 1016.0, 1016.0, 1016.0, 1016.0, 1016.0, 1016.0], "pcnt": [0, 0, 0, 0, 0, 0, 0, 0, 0, 0, 0, 0, 0, 0, 0, 0, 0, 0, 0, 0, 0, 0, 246, 246, 246, 248, 254, 254, 254, 254, 254, 254, 254, 254, 254, 254, 254, 254, 254, 254, 254, 254, 254, 254, 254, 254, 254, 254, 254, 254, 254, 254, 254, 254, 254, 254, 254, 254, 254, 254, 254, 254, 254, 254]}}, {"type": "Feature", "geometry": {"type": "Point", "coordinates": [-108.817, 52.36519]}, "properties": {"twp": "039-20-W3", "prov": "SK", "total": 100, "first": 1903, "cum": [0, 0, 0, 0, 0, 0, 0, 0, 0, 0, 0, 0, 0, 0, 0, 0, 0, 0, 0, 0, 0, 0, 92, 92, 100, 100, 100, 100, 100, 100, 100, 100, 100, 100, 100, 100, 100, 100, 100, 100, 100, 100, 100, 100, 100, 100, 100, 100, 100, 100, 100, 100, 100, 100, 100, 100, 100, 100, 100, 100, 100, 100, 100, 100], "psum": [0, 0, 0, 0, 0, 0, 0, 0, 0, 0, 0, 0, 0, 0, 0, 0, 0, 0, 0, 0, 0, 0, 368.0, 368.0, 400.0, 400.0, 400.0, 400.0, 400.0, 400.0, 400.0, 400.0, 400.0, 400.0, 400.0, 400.0, 400.0, 400.0, 400.0, 400.0, 400.0, 400.0, 400.0, 400.0, 400.0, 400.0, 400.0, 400.0, 400.0, 400.0, 400.0, 400.0, 400.0, 400.0, 400.0, 400.0, 400.0, 400.0, 400.0, 400.0, 400.0, 400.0, 400.0, 400.0], "pcnt": [0, 0, 0, 0, 0, 0, 0, 0, 0, 0, 0, 0, 0, 0, 0, 0, 0, 0, 0, 0, 0, 0, 92, 92, 100, 100, 100, 100, 100, 100, 100, 100, 100, 100, 100, 100, 100, 100, 100, 100, 100, 100, 100, 100, 100, 100, 100, 100, 100, 100, 100, 100, 100, 100, 100, 100, 100, 100, 100, 100, 100, 100, 100, 100]}}, {"type": "Feature", "geometry": {"type": "Point", "coordinates": [-108.67198, 52.35962]}, "properties": {"twp": "039-19-W3", "prov": "SK", "total": 78, "first": 1903, "cum": [0, 0, 0, 0, 0, 0, 0, 0, 0, 0, 0, 0, 0, 0, 0, 0, 0, 0, 0, 0, 0, 0, 74, 74, 74, 78, 78, 78, 78, 78, 78, 78, 78, 78, 78, 78, 78, 78, 78, 78, 78, 78, 78, 78, 78, 78, 78, 78, 78, 78, 78, 78, 78, 78, 78, 78, 78, 78, 78, 78, 78, 78, 78, 78], "psum": [0, 0, 0, 0, 0, 0, 0, 0, 0, 0, 0, 0, 0, 0, 0, 0, 0, 0, 0, 0, 0, 0, 296.0, 296.0, 296.0, 312.0, 312.0, 312.0, 312.0, 312.0, 312.0, 312.0, 312.0, 312.0, 312.0, 312.0, 312.0, 312.0, 312.0, 312.0, 312.0, 312.0, 312.0, 312.0, 312.0, 312.0, 312.0, 312.0, 312.0, 312.0, 312.0, 312.0, 312.0, 312.0, 312.0, 312.0, 312.0, 312.0, 312.0, 312.0, 312.0, 312.0, 312.0, 312.0], "pcnt": [0, 0, 0, 0, 0, 0, 0, 0, 0, 0, 0, 0, 0, 0, 0, 0, 0, 0, 0, 0, 0, 0, 74, 74, 74, 78, 78, 78, 78, 78, 78, 78, 78, 78, 78, 78, 78, 78, 78, 78, 78, 78, 78, 78, 78, 78, 78, 78, 78, 78, 78, 78, 78, 78, 78, 78, 78, 78, 78, 78, 78, 78, 78, 78]}}, {"type": "Feature", "geometry": {"type": "Point", "coordinates": [-108.93187, 52.27511]}, "properties": {"twp": "038-21-W3", "prov": "SK", "total": 393, "first": 1903, "cum": [0, 0, 0, 0, 0, 0, 0, 0, 0, 0, 0, 0, 0, 0, 0, 0, 0, 0, 0, 0, 0, 0, 388, 388, 388, 388, 393, 393, 393, 393, 393, 393, 393, 393, 393, 393, 393, 393, 393, 393, 393, 393, 393, 393, 393, 393, 393, 393, 393, 393, 393, 393, 393, 393, 393, 393, 393, 393, 393, 393, 393, 393, 393, 393], "psum": [0, 0, 0, 0, 0, 0, 0, 0, 0, 0, 0, 0, 0, 0, 0, 0, 0, 0, 0, 0, 0, 0, 1552.0, 1552.0, 1552.0, 1552.0, 1572.0, 1572.0, 1572.0, 1572.0, 1572.0, 1572.0, 1572.0, 1572.0, 1572.0, 1572.0, 1572.0, 1572.0, 1572.0, 1572.0, 1572.0, 1572.0, 1572.0, 1572.0, 1572.0, 1572.0, 1572.0, 1572.0, 1572.0, 1572.0, 1572.0, 1572.0, 1572.0, 1572.0, 1572.0, 1572.0, 1572.0, 1572.0, 1572.0, 1572.0, 1572.0, 1572.0, 1572.0, 1572.0], "pcnt": [0, 0, 0, 0, 0, 0, 0, 0, 0, 0, 0, 0, 0, 0, 0, 0, 0, 0, 0, 0, 0, 0, 388, 388, 388, 388, 393, 393, 393, 393, 393, 393, 393, 393, 393, 393, 393, 393, 393, 393, 393, 393, 393, 393, 393, 393, 393, 393, 393, 393, 393, 393, 393, 393, 393, 393, 393, 393, 393, 393, 393, 393, 393, 393]}}, {"type": "Feature", "geometry": {"type": "Point", "coordinates": [-108.77226, 52.27243]}, "properties": {"twp": "038-20-W3", "prov": "SK", "total": 57, "first": 1905, "cum": [0, 0, 0, 0, 0, 0, 0, 0, 0, 0, 0, 0, 0, 0, 0, 0, 0, 0, 0, 0, 0, 0, 0, 0, 35, 51, 53, 53, 53, 57, 57, 57, 57, 57, 57, 57, 57, 57, 57, 57, 57, 57, 57, 57, 57, 57, 57, 57, 57, 57, 57, 57, 57, 57, 57, 57, 57, 57, 57, 57, 57, 57, 57, 57], "psum": [0, 0, 0, 0, 0, 0, 0, 0, 0, 0, 0, 0, 0, 0, 0, 0, 0, 0, 0, 0, 0, 0, 0, 0, 210.0, 324.0, 336.0, 336.0, 336.0, 408.0, 408.0, 408.0, 408.0, 408.0, 408.0, 408.0, 408.0, 408.0, 408.0, 408.0, 408.0, 408.0, 408.0, 408.0, 408.0, 408.0, 408.0, 408.0, 408.0, 408.0, 408.0, 408.0, 408.0, 408.0, 408.0, 408.0, 408.0, 408.0, 408.0, 408.0, 408.0, 408.0, 408.0, 408.0], "pcnt": [0, 0, 0, 0, 0, 0, 0, 0, 0, 0, 0, 0, 0, 0, 0, 0, 0, 0, 0, 0, 0, 0, 0, 0, 35, 51, 53, 53, 53, 57, 57, 57, 57, 57, 57, 57, 57, 57, 57, 57, 57, 57, 57, 57, 57, 57, 57, 57, 57, 57, 57, 57, 57, 57, 57, 57, 57, 57, 57, 57, 57, 57, 57, 57]}}, {"type": "Feature", "geometry": {"type": "Point", "coordinates": [-108.64374, 52.27793]}, "properties": {"twp": "038-19-W3", "prov": "SK", "total": 208, "first": 1903, "cum": [0, 0, 0, 0, 0, 0, 0, 0, 0, 0, 0, 0, 0, 0, 0, 0, 0, 0, 0, 0, 0, 0, 208, 208, 208, 208, 208, 208, 208, 208, 208, 208, 208, 208, 208, 208, 208, 208, 208, 208, 208, 208, 208, 208, 208, 208, 208, 208, 208, 208, 208, 208, 208, 208, 208, 208, 208, 208, 208, 208, 208, 208, 208, 208], "psum": [0, 0, 0, 0, 0, 0, 0, 0, 0, 0, 0, 0, 0, 0, 0, 0, 0, 0, 0, 0, 0, 0, 832.0, 832.0, 832.0, 832.0, 832.0, 832.0, 832.0, 832.0, 832.0, 832.0, 832.0, 832.0, 832.0, 832.0, 832.0, 832.0, 832.0, 832.0, 832.0, 832.0, 832.0, 832.0, 832.0, 832.0, 832.0, 832.0, 832.0, 832.0, 832.0, 832.0, 832.0, 832.0, 832.0, 832.0, 832.0, 832.0, 832.0, 832.0, 832.0, 832.0, 832.0, 832.0], "pcnt": [0, 0, 0, 0, 0, 0, 0, 0, 0, 0, 0, 0, 0, 0, 0, 0, 0, 0, 0, 0, 0, 0, 208, 208, 208, 208, 208, 208, 208, 208, 208, 208, 208, 208, 208, 208, 208, 208, 208, 208, 208, 208, 208, 208, 208, 208, 208, 208, 208, 208, 208, 208, 208, 208, 208, 208, 208, 208, 208, 208, 208, 208, 208, 208]}}, {"type": "Feature", "geometry": {"type": "Point", "coordinates": [-107.47638, 52.28151]}, "properties": {"twp": "038-11-W3", "prov": "SK", "total": 63, "first": 1902, "cum": [0, 0, 0, 0, 0, 0, 0, 0, 0, 0, 0, 0, 0, 0, 0, 0, 0, 0, 0, 0, 0, 55, 63, 63, 63, 63, 63, 63, 63, 63, 63, 63, 63, 63, 63, 63, 63, 63, 63, 63, 63, 63, 63, 63, 63, 63, 63, 63, 63, 63, 63, 63, 63, 63, 63, 63, 63, 63, 63, 63, 63, 63, 63, 63], "psum": [0, 0, 0, 0, 0, 0, 0, 0, 0, 0, 0, 0, 0, 0, 0, 0, 0, 0, 0, 0, 0, 192.2, 232.2, 232.2, 232.2, 232.2, 232.2, 232.2, 232.2, 232.2, 232.2, 232.2, 232.2, 232.2, 232.2, 232.2, 232.2, 232.2, 232.2, 232.2, 232.2, 232.2, 232.2, 232.2, 232.2, 232.2, 232.2, 232.2, 232.2, 232.2, 232.2, 232.2, 232.2, 232.2, 232.2, 232.2, 232.2, 232.2, 232.2, 232.2, 232.2, 232.2, 232.2, 232.2], "pcnt": [0, 0, 0, 0, 0, 0, 0, 0, 0, 0, 0, 0, 0, 0, 0, 0, 0, 0, 0, 0, 0, 55, 63, 63, 63, 63, 63, 63, 63, 63, 63, 63, 63, 63, 63, 63, 63, 63, 63, 63, 63, 63, 63, 63, 63, 63, 63, 63, 63, 63, 63, 63, 63, 63, 63, 63, 63, 63, 63, 63, 63, 63, 63, 63]}}, {"type": "Feature", "geometry": {"type": "Point", "coordinates": [-107.36066, 52.28771]}, "properties": {"twp": "038-10-W3", "prov": "SK", "total": 91, "first": 1902, "cum": [0, 0, 0, 0, 0, 0, 0, 0, 0, 0, 0, 0, 0, 0, 0, 0, 0, 0, 0, 0, 0, 47, 73, 73, 80, 85, 85, 85, 85, 90, 91, 91, 91, 91, 91, 91, 91, 91, 91, 91, 91, 91, 91, 91, 91, 91, 91, 91, 91, 91, 91, 91, 91, 91, 91, 91, 91, 91, 91, 91, 91, 91, 91, 91], "psum": [0, 0, 0, 0, 0, 0, 0, 0, 0, 0, 0, 0, 0, 0, 0, 0, 0, 0, 0, 0, 0, 164.2, 268.2, 268.2, 306.2, 331.2, 331.2, 331.2, 331.2, 390.2, 407.2, 407.2, 407.2, 407.2, 407.2, 407.2, 407.2, 407.2, 407.2, 407.2, 407.2, 407.2, 407.2, 407.2, 407.2, 407.2, 407.2, 407.2, 407.2, 407.2, 407.2, 407.2, 407.2, 407.2, 407.2, 407.2, 407.2, 407.2, 407.2, 407.2, 407.2, 407.2, 407.2, 407.2], "pcnt": [0, 0, 0, 0, 0, 0, 0, 0, 0, 0, 0, 0, 0, 0, 0, 0, 0, 0, 0, 0, 0, 47, 73, 73, 80, 85, 85, 85, 85, 90, 91, 91, 91, 91, 91, 91, 91, 91, 91, 91, 91, 91, 91, 91, 91, 91, 91, 91, 91, 91, 91, 91, 91, 91, 91, 91, 91, 91, 91, 91, 91, 91, 91, 91]}}, {"type": "Feature", "geometry": {"type": "Point", "coordinates": [-107.08136, 52.27474]}, "properties": {"twp": "038-08-W3", "prov": "SK", "total": 162, "first": 1902, "cum": [0, 0, 0, 0, 0, 0, 0, 0, 0, 0, 0, 0, 0, 0, 0, 0, 0, 0, 0, 0, 0, 73, 113, 121, 122, 155, 159, 162, 162, 162, 162, 162, 162, 162, 162, 162, 162, 162, 162, 162, 162, 162, 162, 162, 162, 162, 162, 162, 162, 162, 162, 162, 162, 162, 162, 162, 162, 162, 162, 162, 162, 162, 162, 162], "psum": [0, 0, 0, 0, 0, 0, 0, 0, 0, 0, 0, 0, 0, 0, 0, 0, 0, 0, 0, 0, 0, 253.2, 413.2, 445.2, 450.2, 667.2, 681.2, 691.7, 691.7, 691.7, 691.7, 691.7, 691.7, 691.7, 691.7, 691.7, 691.7, 691.7, 691.7, 691.7, 691.7, 691.7, 691.7, 691.7, 691.7, 691.7, 691.7, 691.7, 691.7, 691.7, 691.7, 691.7, 691.7, 691.7, 691.7, 691.7, 691.7, 691.7, 691.7, 691.7, 691.7, 691.7, 691.7, 691.7], "pcnt": [0, 0, 0, 0, 0, 0, 0, 0, 0, 0, 0, 0, 0, 0, 0, 0, 0, 0, 0, 0, 0, 71, 111, 119, 120, 153, 157, 160, 160, 160, 160, 160, 160, 160, 160, 160, 160, 160, 160, 160, 160, 160, 160, 160, 160, 160, 160, 160, 160, 160, 160, 160, 160, 160, 160, 160, 160, 160, 160, 160, 160, 160, 160, 160]}}, {"type": "Feature", "geometry": {"type": "Point", "coordinates": [-106.94164, 52.26926]}, "properties": {"twp": "038-07-W3", "prov": "SK", "total": 189, "first": 1901, "cum": [0, 0, 0, 0, 0, 0, 0, 0, 0, 0, 0, 0, 0, 0, 0, 0, 0, 0, 0, 0, 52, 65, 182, 182, 189, 189, 189, 189, 189, 189, 189, 189, 189, 189, 189, 189, 189, 189, 189, 189, 189, 189, 189, 189, 189, 189, 189, 189, 189, 189, 189, 189, 189, 189, 189, 189, 189, 189, 189, 189, 189, 189, 189, 189], "psum": [0, 0, 0, 0, 0, 0, 0, 0, 0, 0, 0, 0, 0, 0, 0, 0, 0, 0, 0, 0, 175.0, 220.5, 688.5, 688.5, 716.5, 716.5, 716.5, 716.5, 716.5, 716.5, 716.5, 716.5, 716.5, 716.5, 716.5, 716.5, 716.5, 716.5, 716.5, 716.5, 716.5, 716.5, 716.5, 716.5, 716.5, 716.5, 716.5, 716.5, 716.5, 716.5, 716.5, 716.5, 716.5, 716.5, 716.5, 716.5, 716.5, 716.5, 716.5, 716.5, 716.5, 716.5, 716.5, 716.5], "pcnt": [0, 0, 0, 0, 0, 0, 0, 0, 0, 0, 0, 0, 0, 0, 0, 0, 0, 0, 0, 0, 52, 65, 182, 182, 189, 189, 189, 189, 189, 189, 189, 189, 189, 189, 189, 189, 189, 189, 189, 189, 189, 189, 189, 189, 189, 189, 189, 189, 189, 189, 189, 189, 189, 189, 189, 189, 189, 189, 189, 189, 189, 189, 189, 189]}}, {"type": "Feature", "geometry": {"type": "Point", "coordinates": [-108.93001, 52.1869]}, "properties": {"twp": "037-21-W3", "prov": "SK", "total": 174, "first": 1903, "cum": [0, 0, 0, 0, 0, 0, 0, 0, 0, 0, 0, 0, 0, 0, 0, 0, 0, 0, 0, 0, 0, 0, 156, 156, 164, 164, 171, 174, 174, 174, 174, 174, 174, 174, 174, 174, 174, 174, 174, 174, 174, 174, 174, 174, 174, 174, 174, 174, 174, 174, 174, 174, 174, 174, 174, 174, 174, 174, 174, 174, 174, 174, 174, 174], "psum": [0, 0, 0, 0, 0, 0, 0, 0, 0, 0, 0, 0, 0, 0, 0, 0, 0, 0, 0, 0, 0, 0, 624.0, 624.0, 656.0, 656.0, 684.0, 696.0, 696.0, 696.0, 696.0, 696.0, 696.0, 696.0, 696.0, 696.0, 696.0, 696.0, 696.0, 696.0, 696.0, 696.0, 696.0, 696.0, 696.0, 696.0, 696.0, 696.0, 696.0, 696.0, 696.0, 696.0, 696.0, 696.0, 696.0, 696.0, 696.0, 696.0, 696.0, 696.0, 696.0, 696.0, 696.0, 696.0], "pcnt": [0, 0, 0, 0, 0, 0, 0, 0, 0, 0, 0, 0, 0, 0, 0, 0, 0, 0, 0, 0, 0, 0, 156, 156, 164, 164, 171, 174, 174, 174, 174, 174, 174, 174, 174, 174, 174, 174, 174, 174, 174, 174, 174, 174, 174, 174, 174, 174, 174, 174, 174, 174, 174, 174, 174, 174, 174, 174, 174, 174, 174, 174, 174, 174]}}, {"type": "Feature", "geometry": {"type": "Point", "coordinates": [-108.64549, 52.18723]}, "properties": {"twp": "037-19-W3", "prov": "SK", "total": 192, "first": 1905, "cum": [0, 0, 0, 0, 0, 0, 0, 0, 0, 0, 0, 0, 0, 0, 0, 0, 0, 0, 0, 0, 0, 0, 0, 0, 192, 192, 192, 192, 192, 192, 192, 192, 192, 192, 192, 192, 192, 192, 192, 192, 192, 192, 192, 192, 192, 192, 192, 192, 192, 192, 192, 192, 192, 192, 192, 192, 192, 192, 192, 192, 192, 192, 192, 192], "psum": [0, 0, 0, 0, 0, 0, 0, 0, 0, 0, 0, 0, 0, 0, 0, 0, 0, 0, 0, 0, 0, 0, 0, 0, 883.2, 883.2, 883.2, 883.2, 883.2, 883.2, 883.2, 883.2, 883.2, 883.2, 883.2, 883.2, 883.2, 883.2, 883.2, 883.2, 883.2, 883.2, 883.2, 883.2, 883.2, 883.2, 883.2, 883.2, 883.2, 883.2, 883.2, 883.2, 883.2, 883.2, 883.2, 883.2, 883.2, 883.2, 883.2, 883.2, 883.2, 883.2, 883.2, 883.2], "pcnt": [0, 0, 0, 0, 0, 0, 0, 0, 0, 0, 0, 0, 0, 0, 0, 0, 0, 0, 0, 0, 0, 0, 0, 0, 192, 192, 192, 192, 192, 192, 192, 192, 192, 192, 192, 192, 192, 192, 192, 192, 192, 192, 192, 192, 192, 192, 192, 192, 192, 192, 192, 192, 192, 192, 192, 192, 192, 192, 192, 192, 192, 192, 192, 192]}}, {"type": "Feature", "geometry": {"type": "Point", "coordinates": [-107.5001, 52.18379]}, "properties": {"twp": "037-11-W3", "prov": "SK", "total": 91, "first": 1902, "cum": [0, 0, 0, 0, 0, 0, 0, 0, 0, 0, 0, 0, 0, 0, 0, 0, 0, 0, 0, 0, 0, 65, 88, 88, 88, 89, 89, 90, 91, 91, 91, 91, 91, 91, 91, 91, 91, 91, 91, 91, 91, 91, 91, 91, 91, 91, 91, 91, 91, 91, 91, 91, 91, 91, 91, 91, 91, 91, 91, 91, 91, 91, 91, 91], "psum": [0, 0, 0, 0, 0, 0, 0, 0, 0, 0, 0, 0, 0, 0, 0, 0, 0, 0, 0, 0, 0, 237.5, 333.5, 333.5, 333.5, 341.5, 341.5, 351.5, 356.5, 356.5, 356.5, 356.5, 356.5, 356.5, 356.5, 356.5, 356.5, 356.5, 356.5, 356.5, 356.5, 356.5, 356.5, 356.5, 356.5, 356.5, 356.5, 356.5, 356.5, 356.5, 356.5, 356.5, 356.5, 356.5, 356.5, 356.5, 356.5, 356.5, 356.5, 356.5, 356.5, 356.5, 356.5, 356.5], "pcnt": [0, 0, 0, 0, 0, 0, 0, 0, 0, 0, 0, 0, 0, 0, 0, 0, 0, 0, 0, 0, 0, 65, 88, 88, 88, 89, 89, 90, 91, 91, 91, 91, 91, 91, 91, 91, 91, 91, 91, 91, 91, 91, 91, 91, 91, 91, 91, 91, 91, 91, 91, 91, 91, 91, 91, 91, 91, 91, 91, 91, 91, 91, 91, 91]}}, {"type": "Feature", "geometry": {"type": "Point", "coordinates": [-107.36094, 52.19227]}, "properties": {"twp": "037-10-W3", "prov": "SK", "total": 105, "first": 1903, "cum": [0, 0, 0, 0, 0, 0, 0, 0, 0, 0, 0, 0, 0, 0, 0, 0, 0, 0, 0, 0, 0, 0, 64, 80, 97, 97, 97, 97, 101, 105, 105, 105, 105, 105, 105, 105, 105, 105, 105, 105, 105, 105, 105, 105, 105, 105, 105, 105, 105, 105, 105, 105, 105, 105, 105, 105, 105, 105, 105, 105, 105, 105, 105, 105], "psum": [0, 0, 0, 0, 0, 0, 0, 0, 0, 0, 0, 0, 0, 0, 0, 0, 0, 0, 0, 0, 0, 0, 256.0, 321.2, 408.0, 408.0, 408.0, 408.0, 468.0, 524.0, 524.0, 524.0, 524.0, 524.0, 524.0, 524.0, 524.0, 524.0, 524.0, 524.0, 524.0, 524.0, 524.0, 524.0, 524.0, 524.0, 524.0, 524.0, 524.0, 524.0, 524.0, 524.0, 524.0, 524.0, 524.0, 524.0, 524.0, 524.0, 524.0, 524.0, 524.0, 524.0, 524.0, 524.0], "pcnt": [0, 0, 0, 0, 0, 0, 0, 0, 0, 0, 0, 0, 0, 0, 0, 0, 0, 0, 0, 0, 0, 0, 64, 80, 97, 97, 97, 97, 101, 105, 105, 105, 105, 105, 105, 105, 105, 105, 105, 105, 105, 105, 105, 105, 105, 105, 105, 105, 105, 105, 105, 105, 105, 105, 105, 105, 105, 105, 105, 105, 105, 105, 105, 105]}}, {"type": "Feature", "geometry": {"type": "Point", "coordinates": [-107.06134, 52.21587]}, "properties": {"twp": "037-08-W3", "prov": "SK", "total": 43, "first": 1902, "cum": [0, 0, 0, 0, 0, 0, 0, 0, 0, 0, 0, 0, 0, 0, 0, 0, 0, 0, 0, 0, 0, 12, 26, 26, 36, 38, 39, 39, 39, 42, 43, 43, 43, 43, 43, 43, 43, 43, 43, 43, 43, 43, 43, 43, 43, 43, 43, 43, 43, 43, 43, 43, 43, 43, 43, 43, 43, 43, 43, 43, 43, 43, 43, 43], "psum": [0, 0, 0, 0, 0, 0, 0, 0, 0, 0, 0, 0, 0, 0, 0, 0, 0, 0, 0, 0, 0, 48.0, 104.0, 104.0, 144.0, 164.0, 179.0, 179.0, 179.0, 218.0, 235.0, 235.0, 235.0, 235.0, 235.0, 235.0, 235.0, 235.0, 235.0, 235.0, 235.0, 235.0, 235.0, 235.0, 235.0, 235.0, 235.0, 235.0, 235.0, 235.0, 235.0, 235.0, 235.0, 235.0, 235.0, 235.0, 235.0, 235.0, 235.0, 235.0, 235.0, 235.0, 235.0, 235.0], "pcnt": [0, 0, 0, 0, 0, 0, 0, 0, 0, 0, 0, 0, 0, 0, 0, 0, 0, 0, 0, 0, 0, 12, 26, 26, 36, 38, 39, 39, 39, 42, 43, 43, 43, 43, 43, 43, 43, 43, 43, 43, 43, 43, 43, 43, 43, 43, 43, 43, 43, 43, 43, 43, 43, 43, 43, 43, 43, 43, 43, 43, 43, 43, 43, 43]}}, {"type": "Feature", "geometry": {"type": "Point", "coordinates": [-106.79005, 52.18563]}, "properties": {"twp": "037-06-W3", "prov": "SK", "total": 102, "first": 1899, "cum": [0, 0, 0, 0, 0, 0, 0, 0, 0, 0, 0, 0, 0, 0, 0, 0, 0, 0, 1, 7, 95, 99, 102, 102, 102, 102, 102, 102, 102, 102, 102, 102, 102, 102, 102, 102, 102, 102, 102, 102, 102, 102, 102, 102, 102, 102, 102, 102, 102, 102, 102, 102, 102, 102, 102, 102, 102, 102, 102, 102, 102, 102, 102, 102], "psum": [0, 0, 0, 0, 0, 0, 0, 0, 0, 0, 0, 0, 0, 0, 0, 0, 0, 0, 2.9, 20.9, 283.9, 297.9, 306.9, 306.9, 306.9, 306.9, 306.9, 306.9, 306.9, 306.9, 306.9, 306.9, 306.9, 306.9, 306.9, 306.9, 306.9, 306.9, 306.9, 306.9, 306.9, 306.9, 306.9, 306.9, 306.9, 306.9, 306.9, 306.9, 306.9, 306.9, 306.9, 306.9, 306.9, 306.9, 306.9, 306.9, 306.9, 306.9, 306.9, 306.9, 306.9, 306.9, 306.9, 306.9], "pcnt": [0, 0, 0, 0, 0, 0, 0, 0, 0, 0, 0, 0, 0, 0, 0, 0, 0, 0, 1, 7, 95, 99, 102, 102, 102, 102, 102, 102, 102, 102, 102, 102, 102, 102, 102, 102, 102, 102, 102, 102, 102, 102, 102, 102, 102, 102, 102, 102, 102, 102, 102, 102, 102, 102, 102, 102, 102, 102, 102, 102, 102, 102, 102, 102]}}, {"type": "Feature", "geometry": {"type": "Point", "coordinates": [-107.49905, 52.10447]}, "properties": {"twp": "036-11-W3", "prov": "SK", "total": 103, "first": 1902, "cum": [0, 0, 0, 0, 0, 0, 0, 0, 0, 0, 0, 0, 0, 0, 0, 0, 0, 0, 0, 0, 0, 60, 82, 82, 89, 89, 89, 89, 94, 103, 103, 103, 103, 103, 103, 103, 103, 103, 103, 103, 103, 103, 103, 103, 103, 103, 103, 103, 103, 103, 103, 103, 103, 103, 103, 103, 103, 103, 103, 103, 103, 103, 103, 103], "psum": [0, 0, 0, 0, 0, 0, 0, 0, 0, 0, 0, 0, 0, 0, 0, 0, 0, 0, 0, 0, 0, 243.5, 337.5, 337.5, 379.5, 379.5, 379.5, 379.5, 444.5, 546.5, 546.5, 546.5, 546.5, 546.5, 546.5, 546.5, 546.5, 546.5, 546.5, 546.5, 546.5, 546.5, 546.5, 546.5, 546.5, 546.5, 546.5, 546.5, 546.5, 546.5, 546.5, 546.5, 546.5, 546.5, 546.5, 546.5, 546.5, 546.5, 546.5, 546.5, 546.5, 546.5, 546.5, 546.5], "pcnt": [0, 0, 0, 0, 0, 0, 0, 0, 0, 0, 0, 0, 0, 0, 0, 0, 0, 0, 0, 0, 0, 60, 82, 82, 89, 89, 89, 89, 94, 101, 101, 101, 101, 101, 101, 101, 101, 101, 101, 101, 101, 101, 101, 101, 101, 101, 101, 101, 101, 101, 101, 101, 101, 101, 101, 101, 101, 101, 101, 101, 101, 101, 101, 101]}}, {"type": "Feature", "geometry": {"type": "Point", "coordinates": [-106.94838, 52.09792]}, "properties": {"twp": "036-07-W3", "prov": "SK", "total": 80, "first": 1902, "cum": [0, 0, 0, 0, 0, 0, 0, 0, 0, 0, 0, 0, 0, 0, 0, 0, 0, 0, 0, 0, 0, 66, 66, 72, 76, 76, 77, 77, 78, 80, 80, 80, 80, 80, 80, 80, 80, 80, 80, 80, 80, 80, 80, 80, 80, 80, 80, 80, 80, 80, 80, 80, 80, 80, 80, 80, 80, 80, 80, 80, 80, 80, 80, 80], "psum": [0, 0, 0, 0, 0, 0, 0, 0, 0, 0, 0, 0, 0, 0, 0, 0, 0, 0, 0, 0, 0, 241.0, 241.0, 262.0, 282.0, 282.0, 286.0, 286.0, 306.0, 336.0, 336.0, 336.0, 336.0, 336.0, 336.0, 336.0, 336.0, 336.0, 336.0, 336.0, 336.0, 336.0, 336.0, 336.0, 336.0, 336.0, 336.0, 336.0, 336.0, 336.0, 336.0, 336.0, 336.0, 336.0, 336.0, 336.0, 336.0, 336.0, 336.0, 336.0, 336.0, 336.0, 336.0, 336.0], "pcnt": [0, 0, 0, 0, 0, 0, 0, 0, 0, 0, 0, 0, 0, 0, 0, 0, 0, 0, 0, 0, 0, 66, 66, 72, 76, 76, 77, 77, 78, 80, 80, 80, 80, 80, 80, 80, 80, 80, 80, 80, 80, 80, 80, 80, 80, 80, 80, 80, 80, 80, 80, 80, 80, 80, 80, 80, 80, 80, 80, 80, 80, 80, 80, 80]}}, {"type": "Feature", "geometry": {"type": "Point", "coordinates": [-105.92925, 52.00485]}, "properties": {"twp": "035-28-W2", "prov": "SK", "total": 38, "first": 1904, "cum": [0, 0, 0, 0, 0, 0, 0, 0, 0, 0, 0, 0, 0, 0, 0, 0, 0, 0, 0, 0, 0, 0, 0, 15, 32, 34, 34, 34, 34, 35, 38, 38, 38, 38, 38, 38, 38, 38, 38, 38, 38, 38, 38, 38, 38, 38, 38, 38, 38, 38, 38, 38, 38, 38, 38, 38, 38, 38, 38, 38, 38, 38, 38, 38], "psum": [0, 0, 0, 0, 0, 0, 0, 0, 0, 0, 0, 0, 0, 0, 0, 0, 0, 0, 0, 0, 0, 0, 0, 75.0, 161.2, 177.2, 177.2, 177.2, 177.2, 192.2, 243.2, 243.2, 243.2, 243.2, 243.2, 243.2, 243.2, 243.2, 243.2, 243.2, 243.2, 243.2, 243.2, 243.2, 243.2, 243.2, 243.2, 243.2, 243.2, 243.2, 243.2, 243.2, 243.2, 243.2, 243.2, 243.2, 243.2, 243.2, 243.2, 243.2, 243.2, 243.2, 243.2, 243.2], "pcnt": [0, 0, 0, 0, 0, 0, 0, 0, 0, 0, 0, 0, 0, 0, 0, 0, 0, 0, 0, 0, 0, 0, 0, 15, 32, 34, 34, 34, 34, 35, 38, 38, 38, 38, 38, 38, 38, 38, 38, 38, 38, 38, 38, 38, 38, 38, 38, 38, 38, 38, 38, 38, 38, 38, 38, 38, 38, 38, 38, 38, 38, 38, 38, 38]}}, {"type": "Feature", "geometry": {"type": "Point", "coordinates": [-107.49574, 52.00498]}, "properties": {"twp": "035-11-W3", "prov": "SK", "total": 148, "first": 1902, "cum": [0, 0, 0, 0, 0, 0, 0, 0, 0, 0, 0, 0, 0, 0, 0, 0, 0, 0, 0, 0, 0, 24, 148, 148, 148, 148, 148, 148, 148, 148, 148, 148, 148, 148, 148, 148, 148, 148, 148, 148, 148, 148, 148, 148, 148, 148, 148, 148, 148, 148, 148, 148, 148, 148, 148, 148, 148, 148, 148, 148, 148, 148, 148, 148], "psum": [0, 0, 0, 0, 0, 0, 0, 0, 0, 0, 0, 0, 0, 0, 0, 0, 0, 0, 0, 0, 0, 90.0, 586.0, 586.0, 586.0, 586.0, 586.0, 586.0, 586.0, 586.0, 586.0, 586.0, 586.0, 586.0, 586.0, 586.0, 586.0, 586.0, 586.0, 586.0, 586.0, 586.0, 586.0, 586.0, 586.0, 586.0, 586.0, 586.0, 586.0, 586.0, 586.0, 586.0, 586.0, 586.0, 586.0, 586.0, 586.0, 586.0, 586.0, 586.0, 586.0, 586.0, 586.0, 586.0], "pcnt": [0, 0, 0, 0, 0, 0, 0, 0, 0, 0, 0, 0, 0, 0, 0, 0, 0, 0, 0, 0, 0, 24, 148, 148, 148, 148, 148, 148, 148, 148, 148, 148, 148, 148, 148, 148, 148, 148, 148, 148, 148, 148, 148, 148, 148, 148, 148, 148, 148, 148, 148, 148, 148, 148, 148, 148, 148, 148, 148, 148, 148, 148, 148, 148]}}, {"type": "Feature", "geometry": {"type": "Point", "coordinates": [-107.35803, 52.01562]}, "properties": {"twp": "035-10-W3", "prov": "SK", "total": 79, "first": 1902, "cum": [0, 0, 0, 0, 0, 0, 0, 0, 0, 0, 0, 0, 0, 0, 0, 0, 0, 0, 0, 0, 0, 29, 54, 54, 66, 66, 66, 66, 66, 79, 79, 79, 79, 79, 79, 79, 79, 79, 79, 79, 79, 79, 79, 79, 79, 79, 79, 79, 79, 79, 79, 79, 79, 79, 79, 79, 79, 79, 79, 79, 79, 79, 79, 79], "psum": [0, 0, 0, 0, 0, 0, 0, 0, 0, 0, 0, 0, 0, 0, 0, 0, 0, 0, 0, 0, 0, 99.0, 209.0, 209.0, 277.4, 277.4, 277.4, 277.4, 277.4, 497.4, 497.4, 497.4, 497.4, 497.4, 497.4, 497.4, 497.4, 497.4, 497.4, 497.4, 497.4, 497.4, 497.4, 497.4, 497.4, 497.4, 497.4, 497.4, 497.4, 497.4, 497.4, 497.4, 497.4, 497.4, 497.4, 497.4, 497.4, 497.4, 497.4, 497.4, 497.4, 497.4, 497.4, 497.4], "pcnt": [0, 0, 0, 0, 0, 0, 0, 0, 0, 0, 0, 0, 0, 0, 0, 0, 0, 0, 0, 0, 0, 28, 50, 50, 62, 62, 62, 62, 62, 75, 75, 75, 75, 75, 75, 75, 75, 75, 75, 75, 75, 75, 75, 75, 75, 75, 75, 75, 75, 75, 75, 75, 75, 75, 75, 75, 75, 75, 75, 75, 75, 75, 75, 75]}}, {"type": "Feature", "geometry": {"type": "Point", "coordinates": [-107.22497, 52.01103]}, "properties": {"twp": "035-09-W3", "prov": "SK", "total": 114, "first": 1902, "cum": [0, 0, 0, 0, 0, 0, 0, 0, 0, 0, 0, 0, 0, 0, 0, 0, 0, 0, 0, 0, 0, 77, 85, 85, 95, 105, 110, 110, 110, 114, 114, 114, 114, 114, 114, 114, 114, 114, 114, 114, 114, 114, 114, 114, 114, 114, 114, 114, 114, 114, 114, 114, 114, 114, 114, 114, 114, 114, 114, 114, 114, 114, 114, 114], "psum": [0, 0, 0, 0, 0, 0, 0, 0, 0, 0, 0, 0, 0, 0, 0, 0, 0, 0, 0, 0, 0, 278.0, 306.0, 306.0, 346.0, 381.0, 401.0, 401.0, 401.0, 449.0, 449.0, 449.0, 449.0, 449.0, 449.0, 449.0, 449.0, 449.0, 449.0, 449.0, 449.0, 449.0, 449.0, 449.0, 449.0, 449.0, 449.0, 449.0, 449.0, 449.0, 449.0, 449.0, 449.0, 449.0, 449.0, 449.0, 449.0, 449.0, 449.0, 449.0, 449.0, 449.0, 449.0, 449.0], "pcnt": [0, 0, 0, 0, 0, 0, 0, 0, 0, 0, 0, 0, 0, 0, 0, 0, 0, 0, 0, 0, 0, 77, 85, 85, 95, 105, 110, 110, 110, 114, 114, 114, 114, 114, 114, 114, 114, 114, 114, 114, 114, 114, 114, 114, 114, 114, 114, 114, 114, 114, 114, 114, 114, 114, 114, 114, 114, 114, 114, 114, 114, 114, 114, 114]}}, {"type": "Feature", "geometry": {"type": "Point", "coordinates": [-107.06976, 52.01193]}, "properties": {"twp": "035-08-W3", "prov": "SK", "total": 77, "first": 1901, "cum": [0, 0, 0, 0, 0, 0, 0, 0, 0, 0, 0, 0, 0, 0, 0, 0, 0, 0, 0, 0, 28, 61, 61, 62, 62, 62, 62, 62, 71, 76, 77, 77, 77, 77, 77, 77, 77, 77, 77, 77, 77, 77, 77, 77, 77, 77, 77, 77, 77, 77, 77, 77, 77, 77, 77, 77, 77, 77, 77, 77, 77, 77, 77, 77], "psum": [0, 0, 0, 0, 0, 0, 0, 0, 0, 0, 0, 0, 0, 0, 0, 0, 0, 0, 0, 0, 84.0, 206.0, 206.0, 211.0, 211.0, 211.0, 211.0, 211.0, 311.0, 361.0, 378.0, 378.0, 378.0, 378.0, 378.0, 378.0, 378.0, 378.0, 378.0, 378.0, 378.0, 378.0, 378.0, 378.0, 378.0, 378.0, 378.0, 378.0, 378.0, 378.0, 378.0, 378.0, 378.0, 378.0, 378.0, 378.0, 378.0, 378.0, 378.0, 378.0, 378.0, 378.0, 378.0, 378.0], "pcnt": [0, 0, 0, 0, 0, 0, 0, 0, 0, 0, 0, 0, 0, 0, 0, 0, 0, 0, 0, 0, 28, 61, 61, 62, 62, 62, 62, 62, 71, 76, 77, 77, 77, 77, 77, 77, 77, 77, 77, 77, 77, 77, 77, 77, 77, 77, 77, 77, 77, 77, 77, 77, 77, 77, 77, 77, 77, 77, 77, 77, 77, 77, 77, 77]}}, {"type": "Feature", "geometry": {"type": "Point", "coordinates": [-106.94536, 52.01768]}, "properties": {"twp": "035-07-W3", "prov": "SK", "total": 98, "first": 1901, "cum": [0, 0, 0, 0, 0, 0, 0, 0, 0, 0, 0, 0, 0, 0, 0, 0, 0, 0, 0, 0, 64, 73, 78, 78, 81, 85, 85, 85, 86, 98, 98, 98, 98, 98, 98, 98, 98, 98, 98, 98, 98, 98, 98, 98, 98, 98, 98, 98, 98, 98, 98, 98, 98, 98, 98, 98, 98, 98, 98, 98, 98, 98, 98, 98], "psum": [0, 0, 0, 0, 0, 0, 0, 0, 0, 0, 0, 0, 0, 0, 0, 0, 0, 0, 0, 0, 192.0, 223.5, 243.5, 243.5, 258.5, 282.5, 282.5, 282.5, 302.5, 446.5, 446.5, 446.5, 446.5, 446.5, 446.5, 446.5, 446.5, 446.5, 446.5, 446.5, 446.5, 446.5, 446.5, 446.5, 446.5, 446.5, 446.5, 446.5, 446.5, 446.5, 446.5, 446.5, 446.5, 446.5, 446.5, 446.5, 446.5, 446.5, 446.5, 446.5, 446.5, 446.5, 446.5, 446.5], "pcnt": [0, 0, 0, 0, 0, 0, 0, 0, 0, 0, 0, 0, 0, 0, 0, 0, 0, 0, 0, 0, 64, 73, 78, 78, 81, 85, 85, 85, 86, 98, 98, 98, 98, 98, 98, 98, 98, 98, 98, 98, 98, 98, 98, 98, 98, 98, 98, 98, 98, 98, 98, 98, 98, 98, 98, 98, 98, 98, 98, 98, 98, 98, 98, 98]}}, {"type": "Feature", "geometry": {"type": "Point", "coordinates": [-106.21273, 52.00333]}, "properties": {"twp": "035-02-W3", "prov": "SK", "total": 31, "first": 1902, "cum": [0, 0, 0, 0, 0, 0, 0, 0, 0, 0, 0, 0, 0, 0, 0, 0, 0, 0, 0, 0, 0, 20, 27, 31, 31, 31, 31, 31, 31, 31, 31, 31, 31, 31, 31, 31, 31, 31, 31, 31, 31, 31, 31, 31, 31, 31, 31, 31, 31, 31, 31, 31, 31, 31, 31, 31, 31, 31, 31, 31, 31, 31, 31, 31], "psum": [0, 0, 0, 0, 0, 0, 0, 0, 0, 0, 0, 0, 0, 0, 0, 0, 0, 0, 0, 0, 0, 70.0, 105.0, 125.0, 125.0, 125.0, 125.0, 125.0, 125.0, 125.0, 125.0, 125.0, 125.0, 125.0, 125.0, 125.0, 125.0, 125.0, 125.0, 125.0, 125.0, 125.0, 125.0, 125.0, 125.0, 125.0, 125.0, 125.0, 125.0, 125.0, 125.0, 125.0, 125.0, 125.0, 125.0, 125.0, 125.0, 125.0, 125.0, 125.0, 125.0, 125.0, 125.0, 125.0], "pcnt": [0, 0, 0, 0, 0, 0, 0, 0, 0, 0, 0, 0, 0, 0, 0, 0, 0, 0, 0, 0, 0, 20, 27, 31, 31, 31, 31, 31, 31, 31, 31, 31, 31, 31, 31, 31, 31, 31, 31, 31, 31, 31, 31, 31, 31, 31, 31, 31, 31, 31, 31, 31, 31, 31, 31, 31, 31, 31, 31, 31, 31, 31, 31, 31]}}, {"type": "Feature", "geometry": {"type": "Point", "coordinates": [-106.06883, 52.02084]}, "properties": {"twp": "035-01-W3", "prov": "SK", "total": 96, "first": 1902, "cum": [0, 0, 0, 0, 0, 0, 0, 0, 0, 0, 0, 0, 0, 0, 0, 0, 0, 0, 0, 0, 0, 70, 79, 85, 94, 94, 94, 94, 94, 94, 96, 96, 96, 96, 96, 96, 96, 96, 96, 96, 96, 96, 96, 96, 96, 96, 96, 96, 96, 96, 96, 96, 96, 96, 96, 96, 96, 96, 96, 96, 96, 96, 96, 96], "psum": [0, 0, 0, 0, 0, 0, 0, 0, 0, 0, 0, 0, 0, 0, 0, 0, 0, 0, 0, 0, 0, 273.0, 312.0, 336.0, 388.2, 388.2, 388.2, 388.2, 388.2, 388.2, 428.2, 428.2, 428.2, 428.2, 428.2, 428.2, 428.2, 428.2, 428.2, 428.2, 428.2, 428.2, 428.2, 428.2, 428.2, 428.2, 428.2, 428.2, 428.2, 428.2, 428.2, 428.2, 428.2, 428.2, 428.2, 428.2, 428.2, 428.2, 428.2, 428.2, 428.2, 428.2, 428.2, 428.2], "pcnt": [0, 0, 0, 0, 0, 0, 0, 0, 0, 0, 0, 0, 0, 0, 0, 0, 0, 0, 0, 0, 0, 70, 79, 85, 94, 94, 94, 94, 94, 94, 96, 96, 96, 96, 96, 96, 96, 96, 96, 96, 96, 96, 96, 96, 96, 96, 96, 96, 96, 96, 96, 96, 96, 96, 96, 96, 96, 96, 96, 96, 96, 96, 96, 96]}}, {"type": "Feature", "geometry": {"type": "Point", "coordinates": [-104.20456, 51.75155]}, "properties": {"twp": "032-16-W2", "prov": "SK", "total": 95, "first": 1906, "cum": [0, 0, 0, 0, 0, 0, 0, 0, 0, 0, 0, 0, 0, 0, 0, 0, 0, 0, 0, 0, 0, 0, 0, 0, 0, 36, 42, 43, 50, 63, 95, 95, 95, 95, 95, 95, 95, 95, 95, 95, 95, 95, 95, 95, 95, 95, 95, 95, 95, 95, 95, 95, 95, 95, 95, 95, 95, 95, 95, 95, 95, 95, 95, 95], "psum": [0, 0, 0, 0, 0, 0, 0, 0, 0, 0, 0, 0, 0, 0, 0, 0, 0, 0, 0, 0, 0, 0, 0, 0, 0, 285.0, 357.0, 382.0, 466.0, 646.0, 1258.8, 1258.8, 1258.8, 1258.8, 1258.8, 1258.8, 1258.8, 1258.8, 1258.8, 1258.8, 1258.8, 1258.8, 1258.8, 1258.8, 1258.8, 1258.8, 1258.8, 1258.8, 1258.8, 1258.8, 1258.8, 1258.8, 1258.8, 1258.8, 1258.8, 1258.8, 1258.8, 1258.8, 1258.8, 1258.8, 1258.8, 1258.8, 1258.8, 1258.8], "pcnt": [0, 0, 0, 0, 0, 0, 0, 0, 0, 0, 0, 0, 0, 0, 0, 0, 0, 0, 0, 0, 0, 0, 0, 0, 0, 36, 42, 43, 50, 63, 95, 95, 95, 95, 95, 95, 95, 95, 95, 95, 95, 95, 95, 95, 95, 95, 95, 95, 95, 95, 95, 95, 95, 95, 95, 95, 95, 95, 95, 95, 95, 95, 95, 95]}}, {"type": "Feature", "geometry": {"type": "Point", "coordinates": [-103.89864, 51.7659]}, "properties": {"twp": "032-14-W2", "prov": "SK", "total": 44, "first": 1906, "cum": [0, 0, 0, 0, 0, 0, 0, 0, 0, 0, 0, 0, 0, 0, 0, 0, 0, 0, 0, 0, 0, 0, 0, 0, 0, 3, 13, 14, 22, 31, 44, 44, 44, 44, 44, 44, 44, 44, 44, 44, 44, 44, 44, 44, 44, 44, 44, 44, 44, 44, 44, 44, 44, 44, 44, 44, 44, 44, 44, 44, 44, 44, 44, 44], "psum": [0, 0, 0, 0, 0, 0, 0, 0, 0, 0, 0, 0, 0, 0, 0, 0, 0, 0, 0, 0, 0, 0, 0, 0, 0, 30.0, 182.0, 197.0, 293.0, 430.0, 643.0, 643.0, 643.0, 643.0, 643.0, 643.0, 643.0, 643.0, 643.0, 643.0, 643.0, 643.0, 643.0, 643.0, 643.0, 643.0, 643.0, 643.0, 643.0, 643.0, 643.0, 643.0, 643.0, 643.0, 643.0, 643.0, 643.0, 643.0, 643.0, 643.0, 643.0, 643.0, 643.0, 643.0], "pcnt": [0, 0, 0, 0, 0, 0, 0, 0, 0, 0, 0, 0, 0, 0, 0, 0, 0, 0, 0, 0, 0, 0, 0, 0, 0, 3, 13, 14, 22, 31, 44, 44, 44, 44, 44, 44, 44, 44, 44, 44, 44, 44, 44, 44, 44, 44, 44, 44, 44, 44, 44, 44, 44, 44, 44, 44, 44, 44, 44, 44, 44, 44, 44, 44]}}, {"type": "Feature", "geometry": {"type": "Point", "coordinates": [-104.35605, 51.68646]}, "properties": {"twp": "031-17-W2", "prov": "SK", "total": 43, "first": 1906, "cum": [0, 0, 0, 0, 0, 0, 0, 0, 0, 0, 0, 0, 0, 0, 0, 0, 0, 0, 0, 0, 0, 0, 0, 0, 0, 20, 20, 20, 23, 33, 43, 43, 43, 43, 43, 43, 43, 43, 43, 43, 43, 43, 43, 43, 43, 43, 43, 43, 43, 43, 43, 43, 43, 43, 43, 43, 43, 43, 43, 43, 43, 43, 43, 43], "psum": [0, 0, 0, 0, 0, 0, 0, 0, 0, 0, 0, 0, 0, 0, 0, 0, 0, 0, 0, 0, 0, 0, 0, 0, 0, 160.0, 160.0, 160.0, 202.0, 375.0, 529.0, 529.0, 529.0, 529.0, 529.0, 529.0, 529.0, 529.0, 529.0, 529.0, 529.0, 529.0, 529.0, 529.0, 529.0, 529.0, 529.0, 529.0, 529.0, 529.0, 529.0, 529.0, 529.0, 529.0, 529.0, 529.0, 529.0, 529.0, 529.0, 529.0, 529.0, 529.0, 529.0, 529.0], "pcnt": [0, 0, 0, 0, 0, 0, 0, 0, 0, 0, 0, 0, 0, 0, 0, 0, 0, 0, 0, 0, 0, 0, 0, 0, 0, 20, 20, 20, 23, 33, 43, 43, 43, 43, 43, 43, 43, 43, 43, 43, 43, 43, 43, 43, 43, 43, 43, 43, 43, 43, 43, 43, 43, 43, 43, 43, 43, 43, 43, 43, 43, 43, 43, 43]}}, {"type": "Feature", "geometry": {"type": "Point", "coordinates": [-103.75053, 51.68197]}, "properties": {"twp": "031-13-W2", "prov": "SK", "total": 45, "first": 1908, "cum": [0, 0, 0, 0, 0, 0, 0, 0, 0, 0, 0, 0, 0, 0, 0, 0, 0, 0, 0, 0, 0, 0, 0, 0, 0, 0, 0, 6, 8, 11, 29, 45, 45, 45, 45, 45, 45, 45, 45, 45, 45, 45, 45, 45, 45, 45, 45, 45, 45, 45, 45, 45, 45, 45, 45, 45, 45, 45, 45, 45, 45, 45, 45, 45], "psum": [0, 0, 0, 0, 0, 0, 0, 0, 0, 0, 0, 0, 0, 0, 0, 0, 0, 0, 0, 0, 0, 0, 0, 0, 0, 0, 0, 72.0, 84.0, 120.0, 480.7, 764.7, 764.7, 764.7, 764.7, 764.7, 764.7, 764.7, 764.7, 764.7, 764.7, 764.7, 764.7, 764.7, 764.7, 764.7, 764.7, 764.7, 764.7, 764.7, 764.7, 764.7, 764.7, 764.7, 764.7, 764.7, 764.7, 764.7, 764.7, 764.7, 764.7, 764.7, 764.7, 764.7], "pcnt": [0, 0, 0, 0, 0, 0, 0, 0, 0, 0, 0, 0, 0, 0, 0, 0, 0, 0, 0, 0, 0, 0, 0, 0, 0, 0, 0, 6, 8, 11, 29, 45, 45, 45, 45, 45, 45, 45, 45, 45, 45, 45, 45, 45, 45, 45, 45, 45, 45, 45, 45, 45, 45, 45, 45, 45, 45, 45, 45, 45, 45, 45, 45, 45]}}, {"type": "Feature", "geometry": {"type": "Point", "coordinates": [-102.50914, 51.51395]}, "properties": {"twp": "029-04-W2", "prov": "SK", "total": 32, "first": 1906, "cum": [0, 0, 0, 0, 0, 0, 0, 0, 0, 0, 0, 0, 0, 0, 0, 0, 0, 0, 0, 0, 0, 0, 0, 0, 0, 8, 14, 14, 14, 22, 32, 32, 32, 32, 32, 32, 32, 32, 32, 32, 32, 32, 32, 32, 32, 32, 32, 32, 32, 32, 32, 32, 32, 32, 32, 32, 32, 32, 32, 32, 32, 32, 32, 32], "psum": [0, 0, 0, 0, 0, 0, 0, 0, 0, 0, 0, 0, 0, 0, 0, 0, 0, 0, 0, 0, 0, 0, 0, 0, 0, 64.0, 122.3, 122.3, 122.3, 243.5, 394.5, 394.5, 394.5, 394.5, 394.5, 394.5, 394.5, 394.5, 394.5, 394.5, 394.5, 394.5, 394.5, 394.5, 394.5, 394.5, 394.5, 394.5, 394.5, 394.5, 394.5, 394.5, 394.5, 394.5, 394.5, 394.5, 394.5, 394.5, 394.5, 394.5, 394.5, 394.5, 394.5, 394.5], "pcnt": [0, 0, 0, 0, 0, 0, 0, 0, 0, 0, 0, 0, 0, 0, 0, 0, 0, 0, 0, 0, 0, 0, 0, 0, 0, 8, 14, 14, 14, 22, 32, 32, 32, 32, 32, 32, 32, 32, 32, 32, 32, 32, 32, 32, 32, 32, 32, 32, 32, 32, 32, 32, 32, 32, 32, 32, 32, 32, 32, 32, 32, 32, 32, 32]}}, {"type": "Feature", "geometry": {"type": "Point", "coordinates": [-102.34365, 51.53756]}, "properties": {"twp": "029-03-W2", "prov": "SK", "total": 35, "first": 1906, "cum": [0, 0, 0, 0, 0, 0, 0, 0, 0, 0, 0, 0, 0, 0, 0, 0, 0, 0, 0, 0, 0, 0, 0, 0, 0, 2, 5, 5, 8, 16, 35, 35, 35, 35, 35, 35, 35, 35, 35, 35, 35, 35, 35, 35, 35, 35, 35, 35, 35, 35, 35, 35, 35, 35, 35, 35, 35, 35, 35, 35, 35, 35, 35, 35], "psum": [0, 0, 0, 0, 0, 0, 0, 0, 0, 0, 0, 0, 0, 0, 0, 0, 0, 0, 0, 0, 0, 0, 0, 0, 0, 808.0, 838.0, 838.0, 868.0, 962.0, 1254.0, 1254.0, 1254.0, 1254.0, 1254.0, 1254.0, 1254.0, 1254.0, 1254.0, 1254.0, 1254.0, 1254.0, 1254.0, 1254.0, 1254.0, 1254.0, 1254.0, 1254.0, 1254.0, 1254.0, 1254.0, 1254.0, 1254.0, 1254.0, 1254.0, 1254.0, 1254.0, 1254.0, 1254.0, 1254.0, 1254.0, 1254.0, 1254.0, 1254.0], "pcnt": [0, 0, 0, 0, 0, 0, 0, 0, 0, 0, 0, 0, 0, 0, 0, 0, 0, 0, 0, 0, 0, 0, 0, 0, 0, 2, 5, 5, 8, 16, 35, 35, 35, 35, 35, 35, 35, 35, 35, 35, 35, 35, 35, 35, 35, 35, 35, 35, 35, 35, 35, 35, 35, 35, 35, 35, 35, 35, 35, 35, 35, 35, 35, 35]}}, {"type": "Feature", "geometry": {"type": "Point", "coordinates": [-102.37659, 51.42325]}, "properties": {"twp": "028-03-W2", "prov": "SK", "total": 22, "first": 1906, "cum": [0, 0, 0, 0, 0, 0, 0, 0, 0, 0, 0, 0, 0, 0, 0, 0, 0, 0, 0, 0, 0, 0, 0, 0, 0, 7, 15, 15, 20, 21, 22, 22, 22, 22, 22, 22, 22, 22, 22, 22, 22, 22, 22, 22, 22, 22, 22, 22, 22, 22, 22, 22, 22, 22, 22, 22, 22, 22, 22, 22, 22, 22, 22, 22], "psum": [0, 0, 0, 0, 0, 0, 0, 0, 0, 0, 0, 0, 0, 0, 0, 0, 0, 0, 0, 0, 0, 0, 0, 0, 0, 58.0, 138.0, 138.0, 188.0, 198.0, 212.0, 212.0, 212.0, 212.0, 212.0, 212.0, 212.0, 212.0, 212.0, 212.0, 212.0, 212.0, 212.0, 212.0, 212.0, 212.0, 212.0, 212.0, 212.0, 212.0, 212.0, 212.0, 212.0, 212.0, 212.0, 212.0, 212.0, 212.0, 212.0, 212.0, 212.0, 212.0, 212.0, 212.0], "pcnt": [0, 0, 0, 0, 0, 0, 0, 0, 0, 0, 0, 0, 0, 0, 0, 0, 0, 0, 0, 0, 0, 0, 0, 0, 0, 7, 15, 15, 20, 21, 22, 22, 22, 22, 22, 22, 22, 22, 22, 22, 22, 22, 22, 22, 22, 22, 22, 22, 22, 22, 22, 22, 22, 22, 22, 22, 22, 22, 22, 22, 22, 22, 22, 22]}}, {"type": "Feature", "geometry": {"type": "Point", "coordinates": [-102.34614, 51.37455]}, "properties": {"twp": "027-03-W2", "prov": "SK", "total": 21, "first": 1906, "cum": [0, 0, 0, 0, 0, 0, 0, 0, 0, 0, 0, 0, 0, 0, 0, 0, 0, 0, 0, 0, 0, 0, 0, 0, 0, 6, 14, 14, 21, 21, 21, 21, 21, 21, 21, 21, 21, 21, 21, 21, 21, 21, 21, 21, 21, 21, 21, 21, 21, 21, 21, 21, 21, 21, 21, 21, 21, 21, 21, 21, 21, 21, 21, 21], "psum": [0, 0, 0, 0, 0, 0, 0, 0, 0, 0, 0, 0, 0, 0, 0, 0, 0, 0, 0, 0, 0, 0, 0, 0, 0, 48.0, 128.0, 128.0, 198.0, 198.0, 198.0, 198.0, 198.0, 198.0, 198.0, 198.0, 198.0, 198.0, 198.0, 198.0, 198.0, 198.0, 198.0, 198.0, 198.0, 198.0, 198.0, 198.0, 198.0, 198.0, 198.0, 198.0, 198.0, 198.0, 198.0, 198.0, 198.0, 198.0, 198.0, 198.0, 198.0, 198.0, 198.0, 198.0], "pcnt": [0, 0, 0, 0, 0, 0, 0, 0, 0, 0, 0, 0, 0, 0, 0, 0, 0, 0, 0, 0, 0, 0, 0, 0, 0, 6, 14, 14, 21, 21, 21, 21, 21, 21, 21, 21, 21, 21, 21, 21, 21, 21, 21, 21, 21, 21, 21, 21, 21, 21, 21, 21, 21, 21, 21, 21, 21, 21, 21, 21, 21, 21, 21, 21]}}, {"type": "Feature", "geometry": {"type": "Point", "coordinates": [-101.61221, 51.19874]}, "properties": {"twp": "025-30-W1", "prov": "SK", "total": 4, "first": 1905, "cum": [0, 0, 0, 0, 0, 0, 0, 0, 0, 0, 0, 0, 0, 0, 0, 0, 0, 0, 0, 0, 0, 0, 0, 0, 2, 3, 3, 3, 3, 3, 3, 3, 3, 3, 3, 3, 3, 3, 3, 3, 4, 4, 4, 4, 4, 4, 4, 4, 4, 4, 4, 4, 4, 4, 4, 4, 4, 4, 4, 4, 4, 4, 4, 4], "psum": [0, 0, 0, 0, 0, 0, 0, 0, 0, 0, 0, 0, 0, 0, 0, 0, 0, 0, 0, 0, 0, 0, 0, 0, 14.0, 22.0, 22.0, 22.0, 22.0, 22.0, 22.0, 22.0, 22.0, 22.0, 22.0, 22.0, 22.0, 22.0, 22.0, 22.0, 33.0, 33.0, 33.0, 33.0, 33.0, 33.0, 33.0, 33.0, 33.0, 33.0, 33.0, 33.0, 33.0, 33.0, 33.0, 33.0, 33.0, 33.0, 33.0, 33.0, 33.0, 33.0, 33.0, 33.0], "pcnt": [0, 0, 0, 0, 0, 0, 0, 0, 0, 0, 0, 0, 0, 0, 0, 0, 0, 0, 0, 0, 0, 0, 0, 0, 2, 3, 3, 3, 3, 3, 3, 3, 3, 3, 3, 3, 3, 3, 3, 3, 4, 4, 4, 4, 4, 4, 4, 4, 4, 4, 4, 4, 4, 4, 4, 4, 4, 4, 4, 4, 4, 4, 4, 4]}}, {"type": "Feature", "geometry": {"type": "Point", "coordinates": [-102.7796, 51.16823]}, "properties": {"twp": "025-06-W2", "prov": "SK", "total": 41, "first": 1906, "cum": [0, 0, 0, 0, 0, 0, 0, 0, 0, 0, 0, 0, 0, 0, 0, 0, 0, 0, 0, 0, 0, 0, 0, 0, 0, 7, 14, 14, 14, 29, 41, 41, 41, 41, 41, 41, 41, 41, 41, 41, 41, 41, 41, 41, 41, 41, 41, 41, 41, 41, 41, 41, 41, 41, 41, 41, 41, 41, 41, 41, 41, 41, 41, 41], "psum": [0, 0, 0, 0, 0, 0, 0, 0, 0, 0, 0, 0, 0, 0, 0, 0, 0, 0, 0, 0, 0, 0, 0, 0, 0, 56.0, 126.0, 126.0, 126.0, 274.0, 440.0, 440.0, 440.0, 440.0, 440.0, 440.0, 440.0, 440.0, 440.0, 440.0, 440.0, 440.0, 440.0, 440.0, 440.0, 440.0, 440.0, 440.0, 440.0, 440.0, 440.0, 440.0, 440.0, 440.0, 440.0, 440.0, 440.0, 440.0, 440.0, 440.0, 440.0, 440.0, 440.0, 440.0], "pcnt": [0, 0, 0, 0, 0, 0, 0, 0, 0, 0, 0, 0, 0, 0, 0, 0, 0, 0, 0, 0, 0, 0, 0, 0, 0, 7, 14, 14, 14, 29, 41, 41, 41, 41, 41, 41, 41, 41, 41, 41, 41, 41, 41, 41, 41, 41, 41, 41, 41, 41, 41, 41, 41, 41, 41, 41, 41, 41, 41, 41, 41, 41, 41, 41]}}, {"type": "Feature", "geometry": {"type": "Point", "coordinates": [-102.63437, 51.07701]}, "properties": {"twp": "024-05-W2", "prov": "SK", "total": 52, "first": 1905, "cum": [0, 0, 0, 0, 0, 0, 0, 0, 0, 0, 0, 0, 0, 0, 0, 0, 0, 0, 0, 0, 0, 0, 0, 0, 5, 21, 29, 29, 39, 42, 52, 52, 52, 52, 52, 52, 52, 52, 52, 52, 52, 52, 52, 52, 52, 52, 52, 52, 52, 52, 52, 52, 52, 52, 52, 52, 52, 52, 52, 52, 52, 52, 52, 52], "psum": [0, 0, 0, 0, 0, 0, 0, 0, 0, 0, 0, 0, 0, 0, 0, 0, 0, 0, 0, 0, 0, 0, 0, 0, 40.0, 172.0, 252.0, 252.0, 352.0, 397.0, 545.0, 545.0, 545.0, 545.0, 545.0, 545.0, 545.0, 545.0, 545.0, 545.0, 545.0, 545.0, 545.0, 545.0, 545.0, 545.0, 545.0, 545.0, 545.0, 545.0, 545.0, 545.0, 545.0, 545.0, 545.0, 545.0, 545.0, 545.0, 545.0, 545.0, 545.0, 545.0, 545.0, 545.0], "pcnt": [0, 0, 0, 0, 0, 0, 0, 0, 0, 0, 0, 0, 0, 0, 0, 0, 0, 0, 0, 0, 0, 0, 0, 0, 5, 21, 29, 29, 39, 42, 52, 52, 52, 52, 52, 52, 52, 52, 52, 52, 52, 52, 52, 52, 52, 52, 52, 52, 52, 52, 52, 52, 52, 52, 52, 52, 52, 52, 52, 52, 52, 52, 52, 52]}}, {"type": "Feature", "geometry": {"type": "Point", "coordinates": [-102.63166, 51.00557]}, "properties": {"twp": "023-05-W2", "prov": "SK", "total": 44, "first": 1905, "cum": [0, 0, 0, 0, 0, 0, 0, 0, 0, 0, 0, 0, 0, 0, 0, 0, 0, 0, 0, 0, 0, 0, 0, 0, 1, 3, 3, 3, 3, 28, 44, 44, 44, 44, 44, 44, 44, 44, 44, 44, 44, 44, 44, 44, 44, 44, 44, 44, 44, 44, 44, 44, 44, 44, 44, 44, 44, 44, 44, 44, 44, 44, 44, 44], "psum": [0, 0, 0, 0, 0, 0, 0, 0, 0, 0, 0, 0, 0, 0, 0, 0, 0, 0, 0, 0, 0, 0, 0, 0, 8.0, 28.0, 28.0, 28.0, 28.0, 394.0, 695.0, 695.0, 695.0, 695.0, 695.0, 695.0, 695.0, 695.0, 695.0, 695.0, 695.0, 695.0, 695.0, 695.0, 695.0, 695.0, 695.0, 695.0, 695.0, 695.0, 695.0, 695.0, 695.0, 695.0, 695.0, 695.0, 695.0, 695.0, 695.0, 695.0, 695.0, 695.0, 695.0, 695.0], "pcnt": [0, 0, 0, 0, 0, 0, 0, 0, 0, 0, 0, 0, 0, 0, 0, 0, 0, 0, 0, 0, 0, 0, 0, 0, 1, 3, 3, 3, 3, 28, 44, 44, 44, 44, 44, 44, 44, 44, 44, 44, 44, 44, 44, 44, 44, 44, 44, 44, 44, 44, 44, 44, 44, 44, 44, 44, 44, 44, 44, 44, 44, 44, 44, 44]}}, {"type": "Feature", "geometry": {"type": "Point", "coordinates": [-102.06466, 51.01138]}, "properties": {"twp": "023-01-W2", "prov": "SK", "total": 8, "first": 1907, "cum": [0, 0, 0, 0, 0, 0, 0, 0, 0, 0, 0, 0, 0, 0, 0, 0, 0, 0, 0, 0, 0, 0, 0, 0, 0, 0, 6, 6, 6, 6, 8, 8, 8, 8, 8, 8, 8, 8, 8, 8, 8, 8, 8, 8, 8, 8, 8, 8, 8, 8, 8, 8, 8, 8, 8, 8, 8, 8, 8, 8, 8, 8, 8, 8], "psum": [0, 0, 0, 0, 0, 0, 0, 0, 0, 0, 0, 0, 0, 0, 0, 0, 0, 0, 0, 0, 0, 0, 0, 0, 0, 0, 60.0, 60.0, 60.0, 60.0, 88.0, 88.0, 88.0, 88.0, 88.0, 88.0, 88.0, 88.0, 88.0, 88.0, 88.0, 88.0, 88.0, 88.0, 88.0, 88.0, 88.0, 88.0, 88.0, 88.0, 88.0, 88.0, 88.0, 88.0, 88.0, 88.0, 88.0, 88.0, 88.0, 88.0, 88.0, 88.0, 88.0, 88.0], "pcnt": [0, 0, 0, 0, 0, 0, 0, 0, 0, 0, 0, 0, 0, 0, 0, 0, 0, 0, 0, 0, 0, 0, 0, 0, 0, 0, 6, 6, 6, 6, 8, 8, 8, 8, 8, 8, 8, 8, 8, 8, 8, 8, 8, 8, 8, 8, 8, 8, 8, 8, 8, 8, 8, 8, 8, 8, 8, 8, 8, 8, 8, 8, 8, 8]}}, {"type": "Feature", "geometry": {"type": "Point", "coordinates": [-104.41064, 50.81641]}, "properties": {"twp": "021-18-W2", "prov": "SK", "total": 34, "first": 1901, "cum": [0, 0, 0, 0, 0, 0, 0, 0, 0, 0, 0, 0, 0, 0, 0, 0, 0, 0, 0, 0, 2, 6, 6, 7, 32, 32, 32, 32, 32, 34, 34, 34, 34, 34, 34, 34, 34, 34, 34, 34, 34, 34, 34, 34, 34, 34, 34, 34, 34, 34, 34, 34, 34, 34, 34, 34, 34, 34, 34, 34, 34, 34, 34, 34], "psum": [0, 0, 0, 0, 0, 0, 0, 0, 0, 0, 0, 0, 0, 0, 0, 0, 0, 0, 0, 0, 6.0, 18.0, 18.0, 24.0, 150.0, 150.0, 150.0, 150.0, 150.0, 170.0, 170.0, 170.0, 170.0, 170.0, 170.0, 170.0, 170.0, 170.0, 170.0, 170.0, 170.0, 170.0, 170.0, 170.0, 170.0, 170.0, 170.0, 170.0, 170.0, 170.0, 170.0, 170.0, 170.0, 170.0, 170.0, 170.0, 170.0, 170.0, 170.0, 170.0, 170.0, 170.0, 170.0, 170.0], "pcnt": [0, 0, 0, 0, 0, 0, 0, 0, 0, 0, 0, 0, 0, 0, 0, 0, 0, 0, 0, 0, 2, 6, 6, 7, 32, 32, 32, 32, 32, 34, 34, 34, 34, 34, 34, 34, 34, 34, 34, 34, 34, 34, 34, 34, 34, 34, 34, 34, 34, 34, 34, 34, 34, 34, 34, 34, 34, 34, 34, 34, 34, 34, 34, 34]}}, {"type": "Feature", "geometry": {"type": "Point", "coordinates": [-104.30529, 50.81607]}, "properties": {"twp": "021-17-W2", "prov": "SK", "total": 29, "first": 1882, "cum": [0, 6, 6, 6, 6, 6, 6, 6, 7, 7, 7, 7, 7, 7, 7, 7, 7, 7, 9, 11, 11, 21, 21, 21, 26, 28, 28, 28, 29, 29, 29, 29, 29, 29, 29, 29, 29, 29, 29, 29, 29, 29, 29, 29, 29, 29, 29, 29, 29, 29, 29, 29, 29, 29, 29, 29, 29, 29, 29, 29, 29, 29, 29, 29], "psum": [0, 15.0, 15.0, 15.0, 15.0, 15.0, 15.0, 15.0, 19.0, 19.0, 19.0, 19.0, 19.0, 19.0, 19.0, 19.0, 19.0, 19.0, 25.0, 31.0, 31.0, 61.0, 61.0, 61.0, 89.0, 101.0, 101.0, 101.0, 111.0, 111.0, 111.0, 111.0, 111.0, 111.0, 111.0, 111.0, 111.0, 111.0, 111.0, 111.0, 111.0, 111.0, 111.0, 111.0, 111.0, 111.0, 111.0, 111.0, 111.0, 111.0, 111.0, 111.0, 111.0, 111.0, 111.0, 111.0, 111.0, 111.0, 111.0, 111.0, 111.0, 111.0, 111.0, 111.0], "pcnt": [0, 6, 6, 6, 6, 6, 6, 6, 7, 7, 7, 7, 7, 7, 7, 7, 7, 7, 9, 11, 11, 21, 21, 21, 26, 28, 28, 28, 29, 29, 29, 29, 29, 29, 29, 29, 29, 29, 29, 29, 29, 29, 29, 29, 29, 29, 29, 29, 29, 29, 29, 29, 29, 29, 29, 29, 29, 29, 29, 29, 29, 29, 29, 29]}}, {"type": "Feature", "geometry": {"type": "Point", "coordinates": [-104.02321, 50.80172]}, "properties": {"twp": "021-15-W2", "prov": "SK", "total": 31, "first": 1890, "cum": [0, 0, 0, 0, 0, 0, 0, 0, 0, 5, 6, 6, 6, 6, 6, 6, 6, 6, 6, 6, 6, 19, 21, 25, 25, 26, 26, 26, 28, 28, 29, 31, 31, 31, 31, 31, 31, 31, 31, 31, 31, 31, 31, 31, 31, 31, 31, 31, 31, 31, 31, 31, 31, 31, 31, 31, 31, 31, 31, 31, 31, 31, 31, 31], "psum": [0, 0, 0, 0, 0, 0, 0, 0, 0, 12.5, 15.0, 15.0, 15.0, 15.0, 15.0, 15.0, 15.0, 15.0, 15.0, 15.0, 15.0, 54.0, 64.0, 84.0, 84.0, 90.0, 90.0, 90.0, 110.0, 110.0, 122.0, 146.0, 146.0, 146.0, 146.0, 146.0, 146.0, 146.0, 146.0, 146.0, 146.0, 146.0, 146.0, 146.0, 146.0, 146.0, 146.0, 146.0, 146.0, 146.0, 146.0, 146.0, 146.0, 146.0, 146.0, 146.0, 146.0, 146.0, 146.0, 146.0, 146.0, 146.0, 146.0, 146.0], "pcnt": [0, 0, 0, 0, 0, 0, 0, 0, 0, 5, 6, 6, 6, 6, 6, 6, 6, 6, 6, 6, 6, 19, 21, 25, 25, 26, 26, 26, 28, 28, 29, 31, 31, 31, 31, 31, 31, 31, 31, 31, 31, 31, 31, 31, 31, 31, 31, 31, 31, 31, 31, 31, 31, 31, 31, 31, 31, 31, 31, 31, 31, 31, 31, 31]}}, {"type": "Feature", "geometry": {"type": "Point", "coordinates": [-103.74773, 50.79716]}, "properties": {"twp": "021-13-W2", "prov": "SK", "total": 50, "first": 1892, "cum": [0, 0, 0, 0, 0, 0, 0, 0, 0, 0, 0, 2, 2, 2, 2, 2, 2, 17, 19, 23, 29, 42, 42, 48, 48, 48, 48, 48, 48, 48, 50, 50, 50, 50, 50, 50, 50, 50, 50, 50, 50, 50, 50, 50, 50, 50, 50, 50, 50, 50, 50, 50, 50, 50, 50, 50, 50, 50, 50, 50, 50, 50, 50, 50], "psum": [0, 0, 0, 0, 0, 0, 0, 0, 0, 0, 0, 6.0, 6.0, 6.0, 6.0, 6.0, 6.0, 49.9, 55.9, 67.9, 89.1, 135.1, 135.1, 240.1, 240.1, 240.1, 240.1, 240.1, 240.1, 240.1, 264.1, 264.1, 264.1, 264.1, 264.1, 264.1, 264.1, 264.1, 264.1, 264.1, 264.1, 264.1, 264.1, 264.1, 264.1, 264.1, 264.1, 264.1, 264.1, 264.1, 264.1, 264.1, 264.1, 264.1, 264.1, 264.1, 264.1, 264.1, 264.1, 264.1, 264.1, 264.1, 264.1, 264.1], "pcnt": [0, 0, 0, 0, 0, 0, 0, 0, 0, 0, 0, 2, 2, 2, 2, 2, 2, 17, 19, 23, 29, 42, 42, 48, 48, 48, 48, 48, 48, 48, 50, 50, 50, 50, 50, 50, 50, 50, 50, 50, 50, 50, 50, 50, 50, 50, 50, 50, 50, 50, 50, 50, 50, 50, 50, 50, 50, 50, 50, 50, 50, 50, 50, 50]}}, {"type": "Feature", "geometry": {"type": "Point", "coordinates": [-106.19713, 50.79437]}, "properties": {"twp": "021-02-W3", "prov": "SK", "total": 55, "first": 1905, "cum": [0, 0, 0, 0, 0, 0, 0, 0, 0, 0, 0, 0, 0, 0, 0, 0, 0, 0, 0, 0, 0, 0, 0, 0, 6, 6, 46, 46, 52, 54, 55, 55, 55, 55, 55, 55, 55, 55, 55, 55, 55, 55, 55, 55, 55, 55, 55, 55, 55, 55, 55, 55, 55, 55, 55, 55, 55, 55, 55, 55, 55, 55, 55, 55], "psum": [0, 0, 0, 0, 0, 0, 0, 0, 0, 0, 0, 0, 0, 0, 0, 0, 0, 0, 0, 0, 0, 0, 0, 0, 24.0, 24.0, 184.0, 184.0, 286.0, 316.0, 334.0, 334.0, 334.0, 334.0, 334.0, 334.0, 334.0, 334.0, 334.0, 334.0, 334.0, 334.0, 334.0, 334.0, 334.0, 334.0, 334.0, 334.0, 334.0, 334.0, 334.0, 334.0, 334.0, 334.0, 334.0, 334.0, 334.0, 334.0, 334.0, 334.0, 334.0, 334.0, 334.0, 334.0], "pcnt": [0, 0, 0, 0, 0, 0, 0, 0, 0, 0, 0, 0, 0, 0, 0, 0, 0, 0, 0, 0, 0, 0, 0, 0, 6, 6, 46, 46, 52, 54, 55, 55, 55, 55, 55, 55, 55, 55, 55, 55, 55, 55, 55, 55, 55, 55, 55, 55, 55, 55, 55, 55, 55, 55, 55, 55, 55, 55, 55, 55, 55, 55, 55, 55]}}, {"type": "Feature", "geometry": {"type": "Point", "coordinates": [-106.06967, 50.787]}, "properties": {"twp": "021-01-W3", "prov": "SK", "total": 127, "first": 1902, "cum": [0, 0, 0, 0, 0, 0, 0, 0, 0, 0, 0, 0, 0, 0, 0, 0, 0, 0, 0, 0, 0, 24, 113, 113, 113, 123, 125, 125, 125, 126, 126, 127, 127, 127, 127, 127, 127, 127, 127, 127, 127, 127, 127, 127, 127, 127, 127, 127, 127, 127, 127, 127, 127, 127, 127, 127, 127, 127, 127, 127, 127, 127, 127, 127], "psum": [0, 0, 0, 0, 0, 0, 0, 0, 0, 0, 0, 0, 0, 0, 0, 0, 0, 0, 0, 0, 0, 72.0, 428.0, 428.0, 428.0, 468.0, 476.0, 476.0, 476.0, 494.0, 494.0, 506.0, 506.0, 506.0, 506.0, 506.0, 506.0, 506.0, 506.0, 506.0, 506.0, 506.0, 506.0, 506.0, 506.0, 506.0, 506.0, 506.0, 506.0, 506.0, 506.0, 506.0, 506.0, 506.0, 506.0, 506.0, 506.0, 506.0, 506.0, 506.0, 506.0, 506.0, 506.0, 506.0], "pcnt": [0, 0, 0, 0, 0, 0, 0, 0, 0, 0, 0, 0, 0, 0, 0, 0, 0, 0, 0, 0, 0, 24, 113, 113, 113, 123, 125, 125, 125, 126, 126, 127, 127, 127, 127, 127, 127, 127, 127, 127, 127, 127, 127, 127, 127, 127, 127, 127, 127, 127, 127, 127, 127, 127, 127, 127, 127, 127, 127, 127, 127, 127, 127, 127]}}, {"type": "Feature", "geometry": {"type": "Point", "coordinates": [-105.81712, 50.70274]}, "properties": {"twp": "020-28-W2", "prov": "SK", "total": 128, "first": 1902, "cum": [0, 0, 0, 0, 0, 0, 0, 0, 0, 0, 0, 0, 0, 0, 0, 0, 0, 0, 0, 0, 0, 128, 128, 128, 128, 128, 128, 128, 128, 128, 128, 128, 128, 128, 128, 128, 128, 128, 128, 128, 128, 128, 128, 128, 128, 128, 128, 128, 128, 128, 128, 128, 128, 128, 128, 128, 128, 128, 128, 128, 128, 128, 128, 128], "psum": [0, 0, 0, 0, 0, 0, 0, 0, 0, 0, 0, 0, 0, 0, 0, 0, 0, 0, 0, 0, 0, 448.0, 448.0, 448.0, 448.0, 448.0, 448.0, 448.0, 448.0, 448.0, 448.0, 448.0, 448.0, 448.0, 448.0, 448.0, 448.0, 448.0, 448.0, 448.0, 448.0, 448.0, 448.0, 448.0, 448.0, 448.0, 448.0, 448.0, 448.0, 448.0, 448.0, 448.0, 448.0, 448.0, 448.0, 448.0, 448.0, 448.0, 448.0, 448.0, 448.0, 448.0, 448.0, 448.0], "pcnt": [0, 0, 0, 0, 0, 0, 0, 0, 0, 0, 0, 0, 0, 0, 0, 0, 0, 0, 0, 0, 0, 128, 128, 128, 128, 128, 128, 128, 128, 128, 128, 128, 128, 128, 128, 128, 128, 128, 128, 128, 128, 128, 128, 128, 128, 128, 128, 128, 128, 128, 128, 128, 128, 128, 128, 128, 128, 128, 128, 128, 128, 128, 128, 128]}}, {"type": "Feature", "geometry": {"type": "Point", "coordinates": [-105.67395, 50.70474]}, "properties": {"twp": "020-27-W2", "prov": "SK", "total": 72, "first": 1883, "cum": [0, 0, 2, 2, 2, 2, 6, 6, 6, 6, 6, 8, 8, 8, 8, 8, 8, 8, 8, 10, 10, 72, 72, 72, 72, 72, 72, 72, 72, 72, 72, 72, 72, 72, 72, 72, 72, 72, 72, 72, 72, 72, 72, 72, 72, 72, 72, 72, 72, 72, 72, 72, 72, 72, 72, 72, 72, 72, 72, 72, 72, 72, 72, 72], "psum": [0, 0, 5.0, 5.0, 5.0, 5.0, 11.0, 11.0, 11.0, 11.0, 11.0, 17.0, 17.0, 17.0, 17.0, 17.0, 17.0, 17.0, 17.0, 23.0, 23.0, 238.0, 238.0, 238.0, 238.0, 238.0, 238.0, 238.0, 238.0, 238.0, 238.0, 238.0, 238.0, 238.0, 238.0, 238.0, 238.0, 238.0, 238.0, 238.0, 238.0, 238.0, 238.0, 238.0, 238.0, 238.0, 238.0, 238.0, 238.0, 238.0, 238.0, 238.0, 238.0, 238.0, 238.0, 238.0, 238.0, 238.0, 238.0, 238.0, 238.0, 238.0, 238.0, 238.0], "pcnt": [0, 0, 2, 2, 2, 2, 6, 6, 6, 6, 6, 8, 8, 8, 8, 8, 8, 8, 8, 10, 10, 72, 72, 72, 72, 72, 72, 72, 72, 72, 72, 72, 72, 72, 72, 72, 72, 72, 72, 72, 72, 72, 72, 72, 72, 72, 72, 72, 72, 72, 72, 72, 72, 72, 72, 72, 72, 72, 72, 72, 72, 72, 72, 72]}}, {"type": "Feature", "geometry": {"type": "Point", "coordinates": [-105.28508, 50.69351]}, "properties": {"twp": "020-24-W2", "prov": "SK", "total": 80, "first": 1891, "cum": [0, 0, 0, 0, 0, 0, 0, 0, 0, 0, 3, 3, 3, 3, 3, 3, 3, 3, 3, 3, 3, 3, 5, 6, 8, 58, 64, 70, 74, 80, 80, 80, 80, 80, 80, 80, 80, 80, 80, 80, 80, 80, 80, 80, 80, 80, 80, 80, 80, 80, 80, 80, 80, 80, 80, 80, 80, 80, 80, 80, 80, 80, 80, 80], "psum": [0, 0, 0, 0, 0, 0, 0, 0, 0, 0, 4.5, 4.5, 4.5, 4.5, 4.5, 4.5, 4.5, 4.5, 4.5, 4.5, 4.5, 4.5, 14.5, 19.5, 31.5, 301.0, 337.0, 379.0, 403.0, 439.0, 439.0, 439.0, 439.0, 439.0, 439.0, 439.0, 439.0, 439.0, 439.0, 439.0, 439.0, 439.0, 439.0, 439.0, 439.0, 439.0, 439.0, 439.0, 439.0, 439.0, 439.0, 439.0, 439.0, 439.0, 439.0, 439.0, 439.0, 439.0, 439.0, 439.0, 439.0, 439.0, 439.0, 439.0], "pcnt": [0, 0, 0, 0, 0, 0, 0, 0, 0, 0, 3, 3, 3, 3, 3, 3, 3, 3, 3, 3, 3, 3, 5, 6, 8, 50, 56, 62, 66, 72, 72, 72, 72, 72, 72, 72, 72, 72, 72, 72, 72, 72, 72, 72, 72, 72, 72, 72, 72, 72, 72, 72, 72, 72, 72, 72, 72, 72, 72, 72, 72, 72, 72, 72]}}, {"type": "Feature", "geometry": {"type": "Point", "coordinates": [-104.97032, 50.72062]}, "properties": {"twp": "020-22-W2", "prov": "SK", "total": 40, "first": 1902, "cum": [0, 0, 0, 0, 0, 0, 0, 0, 0, 0, 0, 0, 0, 0, 0, 0, 0, 0, 0, 0, 0, 2, 6, 6, 11, 36, 36, 36, 36, 36, 39, 40, 40, 40, 40, 40, 40, 40, 40, 40, 40, 40, 40, 40, 40, 40, 40, 40, 40, 40, 40, 40, 40, 40, 40, 40, 40, 40, 40, 40, 40, 40, 40, 40], "psum": [0, 0, 0, 0, 0, 0, 0, 0, 0, 0, 0, 0, 0, 0, 0, 0, 0, 0, 0, 0, 0, 8.0, 28.0, 28.0, 55.0, 220.5, 220.5, 220.5, 220.5, 220.5, 258.5, 272.5, 272.5, 272.5, 272.5, 272.5, 272.5, 272.5, 272.5, 272.5, 272.5, 272.5, 272.5, 272.5, 272.5, 272.5, 272.5, 272.5, 272.5, 272.5, 272.5, 272.5, 272.5, 272.5, 272.5, 272.5, 272.5, 272.5, 272.5, 272.5, 272.5, 272.5, 272.5, 272.5], "pcnt": [0, 0, 0, 0, 0, 0, 0, 0, 0, 0, 0, 0, 0, 0, 0, 0, 0, 0, 0, 0, 0, 2, 6, 6, 11, 36, 36, 36, 36, 36, 39, 40, 40, 40, 40, 40, 40, 40, 40, 40, 40, 40, 40, 40, 40, 40, 40, 40, 40, 40, 40, 40, 40, 40, 40, 40, 40, 40, 40, 40, 40, 40, 40, 40]}}, {"type": "Feature", "geometry": {"type": "Point", "coordinates": [-103.04765, 50.71726]}, "properties": {"twp": "020-08-W2", "prov": "SK", "total": 75, "first": 1897, "cum": [0, 0, 0, 0, 0, 0, 0, 0, 0, 0, 0, 0, 0, 0, 0, 0, 1, 6, 8, 12, 20, 32, 44, 49, 51, 61, 66, 71, 74, 74, 75, 75, 75, 75, 75, 75, 75, 75, 75, 75, 75, 75, 75, 75, 75, 75, 75, 75, 75, 75, 75, 75, 75, 75, 75, 75, 75, 75, 75, 75, 75, 75, 75, 75], "psum": [0, 0, 0, 0, 0, 0, 0, 0, 0, 0, 0, 0, 0, 0, 0, 0, 4.0, 19.0, 26.0, 38.0, 62.0, 107.5, 175.5, 215.5, 234.5, 311.4, 361.4, 424.9, 481.5, 481.5, 498.2, 498.2, 498.2, 498.2, 498.2, 498.2, 498.2, 498.2, 498.2, 498.2, 498.2, 498.2, 498.2, 498.2, 498.2, 498.2, 498.2, 498.2, 498.2, 498.2, 498.2, 498.2, 498.2, 498.2, 498.2, 498.2, 498.2, 498.2, 498.2, 498.2, 498.2, 498.2, 498.2, 498.2], "pcnt": [0, 0, 0, 0, 0, 0, 0, 0, 0, 0, 0, 0, 0, 0, 0, 0, 1, 6, 8, 12, 20, 32, 44, 49, 51, 61, 66, 71, 74, 74, 75, 75, 75, 75, 75, 75, 75, 75, 75, 75, 75, 75, 75, 75, 75, 75, 75, 75, 75, 75, 75, 75, 75, 75, 75, 75, 75, 75, 75, 75, 75, 75, 75, 75]}}, {"type": "Feature", "geometry": {"type": "Point", "coordinates": [-102.92626, 50.72604]}, "properties": {"twp": "020-07-W2", "prov": "SK", "total": 39, "first": 1898, "cum": [0, 0, 0, 0, 0, 0, 0, 0, 0, 0, 0, 0, 0, 0, 0, 0, 0, 1, 1, 2, 2, 28, 37, 38, 38, 38, 39, 39, 39, 39, 39, 39, 39, 39, 39, 39, 39, 39, 39, 39, 39, 39, 39, 39, 39, 39, 39, 39, 39, 39, 39, 39, 39, 39, 39, 39, 39, 39, 39, 39, 39, 39, 39, 39], "psum": [0, 0, 0, 0, 0, 0, 0, 0, 0, 0, 0, 0, 0, 0, 0, 0, 0, 3.0, 3.0, 6.0, 6.0, 110.0, 156.0, 161.0, 161.0, 161.0, 172.4, 172.4, 172.4, 172.4, 172.4, 172.4, 172.4, 172.4, 172.4, 172.4, 172.4, 172.4, 172.4, 172.4, 172.4, 172.4, 172.4, 172.4, 172.4, 172.4, 172.4, 172.4, 172.4, 172.4, 172.4, 172.4, 172.4, 172.4, 172.4, 172.4, 172.4, 172.4, 172.4, 172.4, 172.4, 172.4, 172.4, 172.4], "pcnt": [0, 0, 0, 0, 0, 0, 0, 0, 0, 0, 0, 0, 0, 0, 0, 0, 0, 1, 1, 2, 2, 28, 37, 38, 38, 38, 39, 39, 39, 39, 39, 39, 39, 39, 39, 39, 39, 39, 39, 39, 39, 39, 39, 39, 39, 39, 39, 39, 39, 39, 39, 39, 39, 39, 39, 39, 39, 39, 39, 39, 39, 39, 39, 39]}}, {"type": "Feature", "geometry": {"type": "Point", "coordinates": [-106.20228, 50.70775]}, "properties": {"twp": "020-02-W3", "prov": "SK", "total": 154, "first": 1902, "cum": [0, 0, 0, 0, 0, 0, 0, 0, 0, 0, 0, 0, 0, 0, 0, 0, 0, 0, 0, 0, 0, 116, 116, 120, 148, 152, 154, 154, 154, 154, 154, 154, 154, 154, 154, 154, 154, 154, 154, 154, 154, 154, 154, 154, 154, 154, 154, 154, 154, 154, 154, 154, 154, 154, 154, 154, 154, 154, 154, 154, 154, 154, 154, 154], "psum": [0, 0, 0, 0, 0, 0, 0, 0, 0, 0, 0, 0, 0, 0, 0, 0, 0, 0, 0, 0, 0, 348.0, 348.0, 360.0, 472.0, 496.0, 504.0, 504.0, 504.0, 504.0, 504.0, 504.0, 504.0, 504.0, 504.0, 504.0, 504.0, 504.0, 504.0, 504.0, 504.0, 504.0, 504.0, 504.0, 504.0, 504.0, 504.0, 504.0, 504.0, 504.0, 504.0, 504.0, 504.0, 504.0, 504.0, 504.0, 504.0, 504.0, 504.0, 504.0, 504.0, 504.0, 504.0, 504.0], "pcnt": [0, 0, 0, 0, 0, 0, 0, 0, 0, 0, 0, 0, 0, 0, 0, 0, 0, 0, 0, 0, 0, 116, 116, 120, 148, 152, 154, 154, 154, 154, 154, 154, 154, 154, 154, 154, 154, 154, 154, 154, 154, 154, 154, 154, 154, 154, 154, 154, 154, 154, 154, 154, 154, 154, 154, 154, 154, 154, 154, 154, 154, 154, 154, 154]}}, {"type": "Feature", "geometry": {"type": "Point", "coordinates": [-106.08188, 50.70545]}, "properties": {"twp": "020-01-W3", "prov": "SK", "total": 195, "first": 1902, "cum": [0, 0, 0, 0, 0, 0, 0, 0, 0, 0, 0, 0, 0, 0, 0, 0, 0, 0, 0, 0, 0, 185, 185, 185, 195, 195, 195, 195, 195, 195, 195, 195, 195, 195, 195, 195, 195, 195, 195, 195, 195, 195, 195, 195, 195, 195, 195, 195, 195, 195, 195, 195, 195, 195, 195, 195, 195, 195, 195, 195, 195, 195, 195, 195], "psum": [0, 0, 0, 0, 0, 0, 0, 0, 0, 0, 0, 0, 0, 0, 0, 0, 0, 0, 0, 0, 0, 622.8, 622.8, 622.8, 673.8, 673.8, 673.8, 673.8, 673.8, 673.8, 673.8, 673.8, 673.8, 673.8, 673.8, 673.8, 673.8, 673.8, 673.8, 673.8, 673.8, 673.8, 673.8, 673.8, 673.8, 673.8, 673.8, 673.8, 673.8, 673.8, 673.8, 673.8, 673.8, 673.8, 673.8, 673.8, 673.8, 673.8, 673.8, 673.8, 673.8, 673.8, 673.8, 673.8], "pcnt": [0, 0, 0, 0, 0, 0, 0, 0, 0, 0, 0, 0, 0, 0, 0, 0, 0, 0, 0, 0, 0, 185, 185, 185, 195, 195, 195, 195, 195, 195, 195, 195, 195, 195, 195, 195, 195, 195, 195, 195, 195, 195, 195, 195, 195, 195, 195, 195, 195, 195, 195, 195, 195, 195, 195, 195, 195, 195, 195, 195, 195, 195, 195, 195]}}, {"type": "Feature", "geometry": {"type": "Point", "coordinates": [-101.8319, 50.63735]}, "properties": {"twp": "019-32-W1", "prov": "SK", "total": 29, "first": 1901, "cum": [0, 0, 0, 0, 0, 0, 0, 0, 0, 0, 0, 0, 0, 0, 0, 0, 0, 0, 0, 0, 3, 4, 11, 11, 15, 23, 23, 24, 26, 26, 29, 29, 29, 29, 29, 29, 29, 29, 29, 29, 29, 29, 29, 29, 29, 29, 29, 29, 29, 29, 29, 29, 29, 29, 29, 29, 29, 29, 29, 29, 29, 29, 29, 29], "psum": [0, 0, 0, 0, 0, 0, 0, 0, 0, 0, 0, 0, 0, 0, 0, 0, 0, 0, 0, 0, 9.0, 14.0, 49.0, 49.0, 74.0, 160.0, 160.0, 172.0, 202.0, 202.0, 244.0, 244.0, 244.0, 244.0, 244.0, 244.0, 244.0, 244.0, 244.0, 244.0, 244.0, 244.0, 244.0, 244.0, 244.0, 244.0, 244.0, 244.0, 244.0, 244.0, 244.0, 244.0, 244.0, 244.0, 244.0, 244.0, 244.0, 244.0, 244.0, 244.0, 244.0, 244.0, 244.0, 244.0], "pcnt": [0, 0, 0, 0, 0, 0, 0, 0, 0, 0, 0, 0, 0, 0, 0, 0, 0, 0, 0, 0, 3, 4, 11, 11, 15, 23, 23, 24, 26, 26, 29, 29, 29, 29, 29, 29, 29, 29, 29, 29, 29, 29, 29, 29, 29, 29, 29, 29, 29, 29, 29, 29, 29, 29, 29, 29, 29, 29, 29, 29, 29, 29, 29, 29]}}, {"type": "Feature", "geometry": {"type": "Point", "coordinates": [-105.82986, 50.61066]}, "properties": {"twp": "019-28-W2", "prov": "SK", "total": 143, "first": 1902, "cum": [0, 0, 0, 0, 0, 0, 0, 0, 0, 0, 0, 0, 0, 0, 0, 0, 0, 0, 0, 0, 0, 143, 143, 143, 143, 143, 143, 143, 143, 143, 143, 143, 143, 143, 143, 143, 143, 143, 143, 143, 143, 143, 143, 143, 143, 143, 143, 143, 143, 143, 143, 143, 143, 143, 143, 143, 143, 143, 143, 143, 143, 143, 143, 143], "psum": [0, 0, 0, 0, 0, 0, 0, 0, 0, 0, 0, 0, 0, 0, 0, 0, 0, 0, 0, 0, 0, 607.8, 607.8, 607.8, 607.8, 607.8, 607.8, 607.8, 607.8, 607.8, 607.8, 607.8, 607.8, 607.8, 607.8, 607.8, 607.8, 607.8, 607.8, 607.8, 607.8, 607.8, 607.8, 607.8, 607.8, 607.8, 607.8, 607.8, 607.8, 607.8, 607.8, 607.8, 607.8, 607.8, 607.8, 607.8, 607.8, 607.8, 607.8, 607.8, 607.8, 607.8, 607.8, 607.8], "pcnt": [0, 0, 0, 0, 0, 0, 0, 0, 0, 0, 0, 0, 0, 0, 0, 0, 0, 0, 0, 0, 0, 143, 143, 143, 143, 143, 143, 143, 143, 143, 143, 143, 143, 143, 143, 143, 143, 143, 143, 143, 143, 143, 143, 143, 143, 143, 143, 143, 143, 143, 143, 143, 143, 143, 143, 143, 143, 143, 143, 143, 143, 143, 143, 143]}}, {"type": "Feature", "geometry": {"type": "Point", "coordinates": [-105.67454, 50.61134]}, "properties": {"twp": "019-27-W2", "prov": "SK", "total": 72, "first": 1891, "cum": [0, 0, 0, 0, 0, 0, 0, 0, 0, 0, 2, 2, 3, 3, 3, 3, 3, 3, 3, 3, 6, 72, 72, 72, 72, 72, 72, 72, 72, 72, 72, 72, 72, 72, 72, 72, 72, 72, 72, 72, 72, 72, 72, 72, 72, 72, 72, 72, 72, 72, 72, 72, 72, 72, 72, 72, 72, 72, 72, 72, 72, 72, 72, 72], "psum": [0, 0, 0, 0, 0, 0, 0, 0, 0, 0, 8.0, 8.0, 11.0, 11.0, 11.0, 11.0, 11.0, 11.0, 11.0, 11.0, 20.0, 284.0, 284.0, 284.0, 284.0, 284.0, 284.0, 284.0, 284.0, 284.0, 284.0, 284.0, 284.0, 284.0, 284.0, 284.0, 284.0, 284.0, 284.0, 284.0, 284.0, 284.0, 284.0, 284.0, 284.0, 284.0, 284.0, 284.0, 284.0, 284.0, 284.0, 284.0, 284.0, 284.0, 284.0, 284.0, 284.0, 284.0, 284.0, 284.0, 284.0, 284.0, 284.0, 284.0], "pcnt": [0, 0, 0, 0, 0, 0, 0, 0, 0, 0, 2, 2, 3, 3, 3, 3, 3, 3, 3, 3, 6, 72, 72, 72, 72, 72, 72, 72, 72, 72, 72, 72, 72, 72, 72, 72, 72, 72, 72, 72, 72, 72, 72, 72, 72, 72, 72, 72, 72, 72, 72, 72, 72, 72, 72, 72, 72, 72, 72, 72, 72, 72, 72, 72]}}, {"type": "Feature", "geometry": {"type": "Point", "coordinates": [-105.28228, 50.62011]}, "properties": {"twp": "019-24-W2", "prov": "SK", "total": 63, "first": 1887, "cum": [0, 0, 0, 0, 0, 0, 6, 6, 6, 6, 8, 8, 8, 8, 8, 8, 8, 8, 8, 8, 8, 10, 14, 16, 17, 53, 57, 57, 57, 61, 63, 63, 63, 63, 63, 63, 63, 63, 63, 63, 63, 63, 63, 63, 63, 63, 63, 63, 63, 63, 63, 63, 63, 63, 63, 63, 63, 63, 63, 63, 63, 63, 63, 63], "psum": [0, 0, 0, 0, 0, 0, 16.0, 16.0, 16.0, 16.0, 23.0, 23.0, 23.0, 23.0, 23.0, 23.0, 23.0, 23.0, 23.0, 23.0, 23.0, 33.0, 53.0, 62.6, 67.2, 316.2, 353.2, 353.2, 353.2, 393.2, 421.2, 421.2, 421.2, 421.2, 421.2, 421.2, 421.2, 421.2, 421.2, 421.2, 421.2, 421.2, 421.2, 421.2, 421.2, 421.2, 421.2, 421.2, 421.2, 421.2, 421.2, 421.2, 421.2, 421.2, 421.2, 421.2, 421.2, 421.2, 421.2, 421.2, 421.2, 421.2, 421.2, 421.2], "pcnt": [0, 0, 0, 0, 0, 0, 6, 6, 6, 6, 8, 8, 8, 8, 8, 8, 8, 8, 8, 8, 8, 10, 14, 16, 17, 53, 57, 57, 57, 61, 63, 63, 63, 63, 63, 63, 63, 63, 63, 63, 63, 63, 63, 63, 63, 63, 63, 63, 63, 63, 63, 63, 63, 63, 63, 63, 63, 63, 63, 63, 63, 63, 63, 63]}}, {"type": "Feature", "geometry": {"type": "Point", "coordinates": [-105.12439, 50.61343]}, "properties": {"twp": "019-23-W2", "prov": "SK", "total": 49, "first": 1885, "cum": [0, 0, 0, 0, 2, 2, 2, 2, 2, 2, 5, 7, 8, 8, 8, 8, 8, 10, 11, 11, 11, 17, 26, 29, 38, 40, 40, 42, 45, 48, 48, 49, 49, 49, 49, 49, 49, 49, 49, 49, 49, 49, 49, 49, 49, 49, 49, 49, 49, 49, 49, 49, 49, 49, 49, 49, 49, 49, 49, 49, 49, 49, 49, 49], "psum": [0, 0, 0, 0, 5.0, 5.0, 5.0, 5.0, 5.0, 5.0, 9.5, 16.5, 19.5, 19.5, 19.5, 19.5, 19.5, 25.0, 28.0, 28.0, 28.0, 50.0, 95.0, 110.0, 155.0, 169.0, 169.0, 189.0, 219.0, 241.0, 241.0, 251.0, 251.0, 251.0, 251.0, 251.0, 251.0, 251.0, 251.0, 251.0, 251.0, 251.0, 251.0, 251.0, 251.0, 251.0, 251.0, 251.0, 251.0, 251.0, 251.0, 251.0, 251.0, 251.0, 251.0, 251.0, 251.0, 251.0, 251.0, 251.0, 251.0, 251.0, 251.0, 251.0], "pcnt": [0, 0, 0, 0, 2, 2, 2, 2, 2, 2, 5, 7, 8, 8, 8, 8, 8, 10, 11, 11, 11, 17, 26, 29, 38, 40, 40, 42, 45, 48, 48, 49, 49, 49, 49, 49, 49, 49, 49, 49, 49, 49, 49, 49, 49, 49, 49, 49, 49, 49, 49, 49, 49, 49, 49, 49, 49, 49, 49, 49, 49, 49, 49, 49]}}, {"type": "Feature", "geometry": {"type": "Point", "coordinates": [-104.99614, 50.61909]}, "properties": {"twp": "019-22-W2", "prov": "SK", "total": 53, "first": 1883, "cum": [0, 0, 3, 4, 4, 4, 4, 4, 4, 5, 9, 16, 16, 16, 16, 17, 18, 22, 22, 26, 29, 32, 40, 47, 47, 47, 48, 48, 48, 49, 51, 53, 53, 53, 53, 53, 53, 53, 53, 53, 53, 53, 53, 53, 53, 53, 53, 53, 53, 53, 53, 53, 53, 53, 53, 53, 53, 53, 53, 53, 53, 53, 53, 53], "psum": [0, 0, 9.0, 12.0, 12.0, 12.0, 12.0, 12.0, 12.0, 17.0, 26.0, 47.0, 47.0, 47.0, 47.0, 50.0, 52.9, 64.9, 64.9, 76.9, 85.9, 100.9, 140.9, 179.9, 179.9, 179.9, 189.9, 189.9, 189.9, 199.9, 223.9, 263.9, 263.9, 263.9, 263.9, 263.9, 263.9, 263.9, 263.9, 263.9, 263.9, 263.9, 263.9, 263.9, 263.9, 263.9, 263.9, 263.9, 263.9, 263.9, 263.9, 263.9, 263.9, 263.9, 263.9, 263.9, 263.9, 263.9, 263.9, 263.9, 263.9, 263.9, 263.9, 263.9], "pcnt": [0, 0, 3, 4, 4, 4, 4, 4, 4, 5, 9, 16, 16, 16, 16, 17, 18, 22, 22, 26, 29, 32, 40, 47, 47, 47, 48, 48, 48, 49, 51, 53, 53, 53, 53, 53, 53, 53, 53, 53, 53, 53, 53, 53, 53, 53, 53, 53, 53, 53, 53, 53, 53, 53, 53, 53, 53, 53, 53, 53, 53, 53, 53, 53]}}, {"type": "Feature", "geometry": {"type": "Point", "coordinates": [-104.15431, 50.62812]}, "properties": {"twp": "019-16-W2", "prov": "SK", "total": 42, "first": 1882, "cum": [0, 30, 30, 30, 30, 30, 30, 30, 31, 31, 31, 31, 32, 32, 32, 32, 32, 32, 32, 32, 32, 32, 35, 35, 36, 36, 36, 36, 37, 37, 42, 42, 42, 42, 42, 42, 42, 42, 42, 42, 42, 42, 42, 42, 42, 42, 42, 42, 42, 42, 42, 42, 42, 42, 42, 42, 42, 42, 42, 42, 42, 42, 42, 42], "psum": [0, 75.0, 75.0, 75.0, 75.0, 75.0, 75.0, 75.0, 78.0, 78.0, 78.0, 78.0, 81.0, 81.0, 81.0, 81.0, 81.0, 81.0, 81.0, 81.0, 81.0, 81.0, 96.0, 96.0, 102.0, 102.0, 102.0, 102.0, 112.0, 112.0, 182.0, 182.0, 182.0, 182.0, 182.0, 182.0, 182.0, 182.0, 182.0, 182.0, 182.0, 182.0, 182.0, 182.0, 182.0, 182.0, 182.0, 182.0, 182.0, 182.0, 182.0, 182.0, 182.0, 182.0, 182.0, 182.0, 182.0, 182.0, 182.0, 182.0, 182.0, 182.0, 182.0, 182.0], "pcnt": [0, 30, 30, 30, 30, 30, 30, 30, 31, 31, 31, 31, 32, 32, 32, 32, 32, 32, 32, 32, 32, 32, 35, 35, 36, 36, 36, 36, 37, 37, 42, 42, 42, 42, 42, 42, 42, 42, 42, 42, 42, 42, 42, 42, 42, 42, 42, 42, 42, 42, 42, 42, 42, 42, 42, 42, 42, 42, 42, 42, 42, 42, 42, 42]}}, {"type": "Feature", "geometry": {"type": "Point", "coordinates": [-104.01616, 50.61541]}, "properties": {"twp": "019-15-W2", "prov": "SK", "total": 64, "first": 1882, "cum": [0, 64, 64, 64, 64, 64, 64, 64, 64, 64, 64, 64, 64, 64, 64, 64, 64, 64, 64, 64, 64, 64, 64, 64, 64, 64, 64, 64, 64, 64, 64, 64, 64, 64, 64, 64, 64, 64, 64, 64, 64, 64, 64, 64, 64, 64, 64, 64, 64, 64, 64, 64, 64, 64, 64, 64, 64, 64, 64, 64, 64, 64, 64, 64], "psum": [0, 160.0, 160.0, 160.0, 160.0, 160.0, 160.0, 160.0, 160.0, 160.0, 160.0, 160.0, 160.0, 160.0, 160.0, 160.0, 160.0, 160.0, 160.0, 160.0, 160.0, 160.0, 160.0, 160.0, 160.0, 160.0, 160.0, 160.0, 160.0, 160.0, 160.0, 160.0, 160.0, 160.0, 160.0, 160.0, 160.0, 160.0, 160.0, 160.0, 160.0, 160.0, 160.0, 160.0, 160.0, 160.0, 160.0, 160.0, 160.0, 160.0, 160.0, 160.0, 160.0, 160.0, 160.0, 160.0, 160.0, 160.0, 160.0, 160.0, 160.0, 160.0, 160.0, 160.0], "pcnt": [0, 64, 64, 64, 64, 64, 64, 64, 64, 64, 64, 64, 64, 64, 64, 64, 64, 64, 64, 64, 64, 64, 64, 64, 64, 64, 64, 64, 64, 64, 64, 64, 64, 64, 64, 64, 64, 64, 64, 64, 64, 64, 64, 64, 64, 64, 64, 64, 64, 64, 64, 64, 64, 64, 64, 64, 64, 64, 64, 64, 64, 64, 64, 64]}}, {"type": "Feature", "geometry": {"type": "Point", "coordinates": [-107.32206, 50.61874]}, "properties": {"twp": "019-10-W3", "prov": "SK", "total": 139, "first": 1903, "cum": [0, 0, 0, 0, 0, 0, 0, 0, 0, 0, 0, 0, 0, 0, 0, 0, 0, 0, 0, 0, 0, 0, 120, 120, 120, 138, 138, 139, 139, 139, 139, 139, 139, 139, 139, 139, 139, 139, 139, 139, 139, 139, 139, 139, 139, 139, 139, 139, 139, 139, 139, 139, 139, 139, 139, 139, 139, 139, 139, 139, 139, 139, 139, 139], "psum": [0, 0, 0, 0, 0, 0, 0, 0, 0, 0, 0, 0, 0, 0, 0, 0, 0, 0, 0, 0, 0, 0, 420.0, 420.0, 420.0, 492.0, 492.0, 500.0, 500.0, 500.0, 500.0, 500.0, 500.0, 500.0, 500.0, 500.0, 500.0, 500.0, 500.0, 500.0, 500.0, 500.0, 500.0, 500.0, 500.0, 500.0, 500.0, 500.0, 500.0, 500.0, 500.0, 500.0, 500.0, 500.0, 500.0, 500.0, 500.0, 500.0, 500.0, 500.0, 500.0, 500.0, 500.0, 500.0], "pcnt": [0, 0, 0, 0, 0, 0, 0, 0, 0, 0, 0, 0, 0, 0, 0, 0, 0, 0, 0, 0, 0, 0, 120, 120, 120, 138, 138, 139, 139, 139, 139, 139, 139, 139, 139, 139, 139, 139, 139, 139, 139, 139, 139, 139, 139, 139, 139, 139, 139, 139, 139, 139, 139, 139, 139, 139, 139, 139, 139, 139, 139, 139, 139, 139]}}, {"type": "Feature", "geometry": {"type": "Point", "coordinates": [-103.32847, 50.64394]}, "properties": {"twp": "019-10-W2", "prov": "SK", "total": 72, "first": 1884, "cum": [0, 0, 0, 8, 8, 8, 8, 8, 8, 8, 8, 8, 8, 8, 8, 8, 8, 13, 14, 14, 14, 33, 68, 68, 72, 72, 72, 72, 72, 72, 72, 72, 72, 72, 72, 72, 72, 72, 72, 72, 72, 72, 72, 72, 72, 72, 72, 72, 72, 72, 72, 72, 72, 72, 72, 72, 72, 72, 72, 72, 72, 72, 72, 72], "psum": [0, 0, 0, 24.0, 24.0, 24.0, 24.0, 24.0, 24.0, 24.0, 24.0, 24.0, 24.0, 24.0, 24.0, 24.0, 24.0, 39.0, 42.0, 42.0, 42.0, 131.0, 290.0, 290.0, 322.0, 322.0, 322.0, 322.0, 322.0, 322.0, 322.0, 322.0, 322.0, 322.0, 322.0, 322.0, 322.0, 322.0, 322.0, 322.0, 322.0, 322.0, 322.0, 322.0, 322.0, 322.0, 322.0, 322.0, 322.0, 322.0, 322.0, 322.0, 322.0, 322.0, 322.0, 322.0, 322.0, 322.0, 322.0, 322.0, 322.0, 322.0, 322.0, 322.0], "pcnt": [0, 0, 0, 8, 8, 8, 8, 8, 8, 8, 8, 8, 8, 8, 8, 8, 8, 13, 14, 14, 14, 33, 68, 68, 72, 72, 72, 72, 72, 72, 72, 72, 72, 72, 72, 72, 72, 72, 72, 72, 72, 72, 72, 72, 72, 72, 72, 72, 72, 72, 72, 72, 72, 72, 72, 72, 72, 72, 72, 72, 72, 72, 72, 72]}}, {"type": "Feature", "geometry": {"type": "Point", "coordinates": [-102.63546, 50.63158]}, "properties": {"twp": "019-05-W2", "prov": "SK", "total": 60, "first": 1882, "cum": [0, 1, 1, 1, 1, 1, 1, 1, 1, 1, 1, 1, 1, 1, 1, 1, 1, 1, 1, 1, 1, 1, 2, 3, 8, 47, 48, 51, 51, 56, 60, 60, 60, 60, 60, 60, 60, 60, 60, 60, 60, 60, 60, 60, 60, 60, 60, 60, 60, 60, 60, 60, 60, 60, 60, 60, 60, 60, 60, 60, 60, 60, 60, 60], "psum": [0, 2.5, 2.5, 2.5, 2.5, 2.5, 2.5, 2.5, 2.5, 2.5, 2.5, 2.5, 2.5, 2.5, 2.5, 2.5, 2.5, 2.5, 2.5, 2.5, 2.5, 2.5, 6.5, 12.0, 43.0, 319.0, 329.0, 359.0, 359.0, 397.0, 445.0, 445.0, 445.0, 445.0, 445.0, 445.0, 445.0, 445.0, 445.0, 445.0, 445.0, 445.0, 445.0, 445.0, 445.0, 445.0, 445.0, 445.0, 445.0, 445.0, 445.0, 445.0, 445.0, 445.0, 445.0, 445.0, 445.0, 445.0, 445.0, 445.0, 445.0, 445.0, 445.0, 445.0], "pcnt": [0, 1, 1, 1, 1, 1, 1, 1, 1, 1, 1, 1, 1, 1, 1, 1, 1, 1, 1, 1, 1, 1, 2, 3, 8, 47, 48, 51, 51, 56, 60, 60, 60, 60, 60, 60, 60, 60, 60, 60, 60, 60, 60, 60, 60, 60, 60, 60, 60, 60, 60, 60, 60, 60, 60, 60, 60, 60, 60, 60, 60, 60, 60, 60]}}, {"type": "Feature", "geometry": {"type": "Point", "coordinates": [-102.48105, 50.64091]}, "properties": {"twp": "019-04-W2", "prov": "SK", "total": 40, "first": 1902, "cum": [0, 0, 0, 0, 0, 0, 0, 0, 0, 0, 0, 0, 0, 0, 0, 0, 0, 0, 0, 0, 0, 18, 21, 21, 29, 35, 38, 38, 38, 40, 40, 40, 40, 40, 40, 40, 40, 40, 40, 40, 40, 40, 40, 40, 40, 40, 40, 40, 40, 40, 40, 40, 40, 40, 40, 40, 40, 40, 40, 40, 40, 40, 40, 40], "psum": [0, 0, 0, 0, 0, 0, 0, 0, 0, 0, 0, 0, 0, 0, 0, 0, 0, 0, 0, 0, 0, 104.0, 122.0, 122.0, 186.0, 244.0, 274.0, 274.0, 274.0, 298.0, 298.0, 298.0, 298.0, 298.0, 298.0, 298.0, 298.0, 298.0, 298.0, 298.0, 298.0, 298.0, 298.0, 298.0, 298.0, 298.0, 298.0, 298.0, 298.0, 298.0, 298.0, 298.0, 298.0, 298.0, 298.0, 298.0, 298.0, 298.0, 298.0, 298.0, 298.0, 298.0, 298.0, 298.0], "pcnt": [0, 0, 0, 0, 0, 0, 0, 0, 0, 0, 0, 0, 0, 0, 0, 0, 0, 0, 0, 0, 0, 18, 21, 21, 29, 35, 38, 38, 38, 40, 40, 40, 40, 40, 40, 40, 40, 40, 40, 40, 40, 40, 40, 40, 40, 40, 40, 40, 40, 40, 40, 40, 40, 40, 40, 40, 40, 40, 40, 40, 40, 40, 40, 40]}}, {"type": "Feature", "geometry": {"type": "Point", "coordinates": [-106.31968, 50.6211]}, "properties": {"twp": "019-03-W3", "prov": "SK", "total": 60, "first": 1902, "cum": [0, 0, 0, 0, 0, 0, 0, 0, 0, 0, 0, 0, 0, 0, 0, 0, 0, 0, 0, 0, 0, 56, 56, 56, 56, 60, 60, 60, 60, 60, 60, 60, 60, 60, 60, 60, 60, 60, 60, 60, 60, 60, 60, 60, 60, 60, 60, 60, 60, 60, 60, 60, 60, 60, 60, 60, 60, 60, 60, 60, 60, 60, 60, 60], "psum": [0, 0, 0, 0, 0, 0, 0, 0, 0, 0, 0, 0, 0, 0, 0, 0, 0, 0, 0, 0, 0, 168.0, 168.0, 168.0, 168.0, 184.0, 184.0, 184.0, 184.0, 184.0, 184.0, 184.0, 184.0, 184.0, 184.0, 184.0, 184.0, 184.0, 184.0, 184.0, 184.0, 184.0, 184.0, 184.0, 184.0, 184.0, 184.0, 184.0, 184.0, 184.0, 184.0, 184.0, 184.0, 184.0, 184.0, 184.0, 184.0, 184.0, 184.0, 184.0, 184.0, 184.0, 184.0, 184.0], "pcnt": [0, 0, 0, 0, 0, 0, 0, 0, 0, 0, 0, 0, 0, 0, 0, 0, 0, 0, 0, 0, 0, 56, 56, 56, 56, 60, 60, 60, 60, 60, 60, 60, 60, 60, 60, 60, 60, 60, 60, 60, 60, 60, 60, 60, 60, 60, 60, 60, 60, 60, 60, 60, 60, 60, 60, 60, 60, 60, 60, 60, 60, 60, 60, 60]}}, {"type": "Feature", "geometry": {"type": "Point", "coordinates": [-102.36891, 50.62351]}, "properties": {"twp": "019-03-W2", "prov": "SK", "total": 71, "first": 1902, "cum": [0, 0, 0, 0, 0, 0, 0, 0, 0, 0, 0, 0, 0, 0, 0, 0, 0, 0, 0, 0, 0, 50, 54, 56, 64, 66, 69, 69, 69, 69, 71, 71, 71, 71, 71, 71, 71, 71, 71, 71, 71, 71, 71, 71, 71, 71, 71, 71, 71, 71, 71, 71, 71, 71, 71, 71, 71, 71, 71, 71, 71, 71, 71, 71], "psum": [0, 0, 0, 0, 0, 0, 0, 0, 0, 0, 0, 0, 0, 0, 0, 0, 0, 0, 0, 0, 0, 250.5, 274.5, 286.5, 346.5, 360.5, 390.5, 390.5, 390.5, 390.5, 412.5, 412.5, 412.5, 412.5, 412.5, 412.5, 412.5, 412.5, 412.5, 412.5, 412.5, 412.5, 412.5, 412.5, 412.5, 412.5, 412.5, 412.5, 412.5, 412.5, 412.5, 412.5, 412.5, 412.5, 412.5, 412.5, 412.5, 412.5, 412.5, 412.5, 412.5, 412.5, 412.5, 412.5], "pcnt": [0, 0, 0, 0, 0, 0, 0, 0, 0, 0, 0, 0, 0, 0, 0, 0, 0, 0, 0, 0, 0, 50, 54, 56, 64, 66, 69, 69, 69, 69, 71, 71, 71, 71, 71, 71, 71, 71, 71, 71, 71, 71, 71, 71, 71, 71, 71, 71, 71, 71, 71, 71, 71, 71, 71, 71, 71, 71, 71, 71, 71, 71, 71, 71]}}, {"type": "Feature", "geometry": {"type": "Point", "coordinates": [-106.07428, 50.62375]}, "properties": {"twp": "019-01-W3", "prov": "SK", "total": 104, "first": 1902, "cum": [0, 0, 0, 0, 0, 0, 0, 0, 0, 0, 0, 0, 0, 0, 0, 0, 0, 0, 0, 0, 0, 82, 82, 82, 86, 104, 104, 104, 104, 104, 104, 104, 104, 104, 104, 104, 104, 104, 104, 104, 104, 104, 104, 104, 104, 104, 104, 104, 104, 104, 104, 104, 104, 104, 104, 104, 104, 104, 104, 104, 104, 104, 104, 104], "psum": [0, 0, 0, 0, 0, 0, 0, 0, 0, 0, 0, 0, 0, 0, 0, 0, 0, 0, 0, 0, 0, 246.0, 246.0, 246.0, 262.0, 350.0, 350.0, 350.0, 350.0, 350.0, 350.0, 350.0, 350.0, 350.0, 350.0, 350.0, 350.0, 350.0, 350.0, 350.0, 350.0, 350.0, 350.0, 350.0, 350.0, 350.0, 350.0, 350.0, 350.0, 350.0, 350.0, 350.0, 350.0, 350.0, 350.0, 350.0, 350.0, 350.0, 350.0, 350.0, 350.0, 350.0, 350.0, 350.0], "pcnt": [0, 0, 0, 0, 0, 0, 0, 0, 0, 0, 0, 0, 0, 0, 0, 0, 0, 0, 0, 0, 0, 82, 82, 82, 86, 104, 104, 104, 104, 104, 104, 104, 104, 104, 104, 104, 104, 104, 104, 104, 104, 104, 104, 104, 104, 104, 104, 104, 104, 104, 104, 104, 104, 104, 104, 104, 104, 104, 104, 104, 104, 104, 104, 104]}}, {"type": "Feature", "geometry": {"type": "Point", "coordinates": [-101.93387, 50.5463]}, "properties": {"twp": "018-33-W1", "prov": "SK", "total": 13, "first": 1889, "cum": [0, 0, 0, 0, 0, 0, 0, 0, 1, 1, 1, 1, 2, 2, 2, 2, 3, 3, 3, 4, 6, 8, 8, 10, 10, 10, 10, 10, 11, 12, 13, 13, 13, 13, 13, 13, 13, 13, 13, 13, 13, 13, 13, 13, 13, 13, 13, 13, 13, 13, 13, 13, 13, 13, 13, 13, 13, 13, 13, 13, 13, 13, 13, 13], "psum": [0, 0, 0, 0, 0, 0, 0, 0, 2.5, 2.5, 2.5, 2.5, 5.5, 5.5, 5.5, 5.5, 8.5, 8.5, 8.5, 11.5, 17.5, 25.5, 25.5, 37.5, 37.5, 37.5, 37.5, 37.5, 47.5, 56.5, 65.5, 65.5, 65.5, 65.5, 65.5, 65.5, 65.5, 65.5, 65.5, 65.5, 65.5, 65.5, 65.5, 65.5, 65.5, 65.5, 65.5, 65.5, 65.5, 65.5, 65.5, 65.5, 65.5, 65.5, 65.5, 65.5, 65.5, 65.5, 65.5, 65.5, 65.5, 65.5, 65.5, 65.5], "pcnt": [0, 0, 0, 0, 0, 0, 0, 0, 1, 1, 1, 1, 2, 2, 2, 2, 3, 3, 3, 4, 6, 8, 8, 10, 10, 10, 10, 10, 11, 12, 13, 13, 13, 13, 13, 13, 13, 13, 13, 13, 13, 13, 13, 13, 13, 13, 13, 13, 13, 13, 13, 13, 13, 13, 13, 13, 13, 13, 13, 13, 13, 13, 13, 13]}}, {"type": "Feature", "geometry": {"type": "Point", "coordinates": [-101.82567, 50.55111]}, "properties": {"twp": "018-32-W1", "prov": "SK", "total": 65, "first": 1892, "cum": [0, 0, 0, 0, 0, 0, 0, 0, 0, 0, 0, 2, 3, 3, 3, 3, 4, 4, 4, 5, 7, 11, 37, 53, 55, 57, 58, 59, 60, 60, 62, 65, 65, 65, 65, 65, 65, 65, 65, 65, 65, 65, 65, 65, 65, 65, 65, 65, 65, 65, 65, 65, 65, 65, 65, 65, 65, 65, 65, 65, 65, 65, 65, 65], "psum": [0, 0, 0, 0, 0, 0, 0, 0, 0, 0, 0, 6.0, 9.0, 9.0, 9.0, 9.0, 12.0, 12.0, 12.0, 15.0, 21.0, 33.0, 169.0, 272.0, 290.0, 304.0, 319.0, 329.0, 337.0, 337.0, 361.0, 405.6, 405.6, 405.6, 405.6, 405.6, 405.6, 405.6, 405.6, 405.6, 405.6, 405.6, 405.6, 405.6, 405.6, 405.6, 405.6, 405.6, 405.6, 405.6, 405.6, 405.6, 405.6, 405.6, 405.6, 405.6, 405.6, 405.6, 405.6, 405.6, 405.6, 405.6, 405.6, 405.6], "pcnt": [0, 0, 0, 0, 0, 0, 0, 0, 0, 0, 0, 2, 3, 3, 3, 3, 4, 4, 4, 5, 7, 11, 37, 53, 55, 57, 58, 59, 60, 60, 62, 65, 65, 65, 65, 65, 65, 65, 65, 65, 65, 65, 65, 65, 65, 65, 65, 65, 65, 65, 65, 65, 65, 65, 65, 65, 65, 65, 65, 65, 65, 65, 65, 65]}}, {"type": "Feature", "geometry": {"type": "Point", "coordinates": [-105.91773, 50.52696]}, "properties": {"twp": "018-29-W2", "prov": "SK", "total": 81, "first": 1891, "cum": [0, 0, 0, 0, 0, 0, 0, 0, 0, 0, 1, 4, 4, 4, 4, 4, 4, 13, 28, 44, 56, 65, 65, 65, 79, 79, 79, 79, 79, 79, 80, 81, 81, 81, 81, 81, 81, 81, 81, 81, 81, 81, 81, 81, 81, 81, 81, 81, 81, 81, 81, 81, 81, 81, 81, 81, 81, 81, 81, 81, 81, 81, 81, 81], "psum": [0, 0, 0, 0, 0, 0, 0, 0, 0, 0, 4.5, 13.5, 13.5, 13.5, 13.5, 13.5, 13.5, 40.5, 85.5, 133.5, 171.0, 208.0, 208.0, 208.0, 280.0, 280.0, 280.0, 280.0, 280.0, 280.0, 292.0, 304.0, 304.0, 304.0, 304.0, 304.0, 304.0, 304.0, 304.0, 304.0, 304.0, 304.0, 304.0, 304.0, 304.0, 304.0, 304.0, 304.0, 304.0, 304.0, 304.0, 304.0, 304.0, 304.0, 304.0, 304.0, 304.0, 304.0, 304.0, 304.0, 304.0, 304.0, 304.0, 304.0], "pcnt": [0, 0, 0, 0, 0, 0, 0, 0, 0, 0, 1, 4, 4, 4, 4, 4, 4, 13, 28, 44, 56, 65, 65, 65, 79, 79, 79, 79, 79, 79, 80, 81, 81, 81, 81, 81, 81, 81, 81, 81, 81, 81, 81, 81, 81, 81, 81, 81, 81, 81, 81, 81, 81, 81, 81, 81, 81, 81, 81, 81, 81, 81, 81, 81]}}, {"type": "Feature", "geometry": {"type": "Point", "coordinates": [-105.79162, 50.53333]}, "properties": {"twp": "018-28-W2", "prov": "SK", "total": 100, "first": 1892, "cum": [0, 0, 0, 0, 0, 0, 0, 0, 0, 0, 0, 2, 2, 2, 2, 2, 2, 13, 44, 55, 83, 100, 100, 100, 100, 100, 100, 100, 100, 100, 100, 100, 100, 100, 100, 100, 100, 100, 100, 100, 100, 100, 100, 100, 100, 100, 100, 100, 100, 100, 100, 100, 100, 100, 100, 100, 100, 100, 100, 100, 100, 100, 100, 100], "psum": [0, 0, 0, 0, 0, 0, 0, 0, 0, 0, 0, 6.0, 6.0, 6.0, 6.0, 6.0, 6.0, 38.7, 131.5, 164.5, 270.0, 339.0, 339.0, 339.0, 339.0, 339.0, 339.0, 339.0, 339.0, 339.0, 339.0, 339.0, 339.0, 339.0, 339.0, 339.0, 339.0, 339.0, 339.0, 339.0, 339.0, 339.0, 339.0, 339.0, 339.0, 339.0, 339.0, 339.0, 339.0, 339.0, 339.0, 339.0, 339.0, 339.0, 339.0, 339.0, 339.0, 339.0, 339.0, 339.0, 339.0, 339.0, 339.0, 339.0], "pcnt": [0, 0, 0, 0, 0, 0, 0, 0, 0, 0, 0, 2, 2, 2, 2, 2, 2, 13, 44, 55, 83, 100, 100, 100, 100, 100, 100, 100, 100, 100, 100, 100, 100, 100, 100, 100, 100, 100, 100, 100, 100, 100, 100, 100, 100, 100, 100, 100, 100, 100, 100, 100, 100, 100, 100, 100, 100, 100, 100, 100, 100, 100, 100, 100]}}, {"type": "Feature", "geometry": {"type": "Point", "coordinates": [-105.64244, 50.52849]}, "properties": {"twp": "018-27-W2", "prov": "SK", "total": 112, "first": 1882, "cum": [0, 16, 16, 16, 16, 16, 16, 16, 16, 16, 18, 23, 23, 23, 23, 23, 23, 26, 72, 92, 102, 109, 112, 112, 112, 112, 112, 112, 112, 112, 112, 112, 112, 112, 112, 112, 112, 112, 112, 112, 112, 112, 112, 112, 112, 112, 112, 112, 112, 112, 112, 112, 112, 112, 112, 112, 112, 112, 112, 112, 112, 112, 112, 112], "psum": [0, 40.0, 40.0, 40.0, 40.0, 40.0, 40.0, 40.0, 40.0, 40.0, 48.0, 63.0, 63.0, 63.0, 63.0, 63.0, 63.0, 72.0, 210.0, 270.0, 301.4, 333.4, 342.4, 342.4, 342.4, 342.4, 342.4, 342.4, 342.4, 342.4, 342.4, 342.4, 342.4, 342.4, 342.4, 342.4, 342.4, 342.4, 342.4, 342.4, 342.4, 342.4, 342.4, 342.4, 342.4, 342.4, 342.4, 342.4, 342.4, 342.4, 342.4, 342.4, 342.4, 342.4, 342.4, 342.4, 342.4, 342.4, 342.4, 342.4, 342.4, 342.4, 342.4, 342.4], "pcnt": [0, 16, 16, 16, 16, 16, 16, 16, 16, 16, 18, 23, 23, 23, 23, 23, 23, 26, 72, 92, 102, 109, 112, 112, 112, 112, 112, 112, 112, 112, 112, 112, 112, 112, 112, 112, 112, 112, 112, 112, 112, 112, 112, 112, 112, 112, 112, 112, 112, 112, 112, 112, 112, 112, 112, 112, 112, 112, 112, 112, 112, 112, 112, 112]}}, {"type": "Feature", "geometry": {"type": "Point", "coordinates": [-105.52376, 50.52761]}, "properties": {"twp": "018-26-W2", "prov": "SK", "total": 98, "first": 1882, "cum": [0, 40, 40, 40, 40, 40, 40, 40, 42, 42, 42, 44, 45, 45, 45, 45, 45, 53, 81, 91, 96, 96, 96, 96, 96, 96, 96, 98, 98, 98, 98, 98, 98, 98, 98, 98, 98, 98, 98, 98, 98, 98, 98, 98, 98, 98, 98, 98, 98, 98, 98, 98, 98, 98, 98, 98, 98, 98, 98, 98, 98, 98, 98, 98], "psum": [0, 100.0, 100.0, 100.0, 100.0, 100.0, 100.0, 100.0, 107.0, 107.0, 107.0, 113.0, 116.0, 116.0, 116.0, 116.0, 116.0, 140.0, 224.0, 254.0, 270.5, 270.5, 270.5, 270.5, 270.5, 270.5, 270.5, 306.5, 306.5, 306.5, 306.5, 306.5, 306.5, 306.5, 306.5, 306.5, 306.5, 306.5, 306.5, 306.5, 306.5, 306.5, 306.5, 306.5, 306.5, 306.5, 306.5, 306.5, 306.5, 306.5, 306.5, 306.5, 306.5, 306.5, 306.5, 306.5, 306.5, 306.5, 306.5, 306.5, 306.5, 306.5, 306.5, 306.5], "pcnt": [0, 40, 40, 40, 40, 40, 40, 40, 42, 42, 42, 44, 45, 45, 45, 45, 45, 53, 81, 91, 96, 96, 96, 96, 96, 96, 96, 98, 98, 98, 98, 98, 98, 98, 98, 98, 98, 98, 98, 98, 98, 98, 98, 98, 98, 98, 98, 98, 98, 98, 98, 98, 98, 98, 98, 98, 98, 98, 98, 98, 98, 98, 98, 98]}}, {"type": "Feature", "geometry": {"type": "Point", "coordinates": [-105.39571, 50.53497]}, "properties": {"twp": "018-25-W2", "prov": "SK", "total": 54, "first": 1882, "cum": [0, 12, 12, 13, 17, 18, 22, 22, 22, 22, 22, 26, 26, 26, 26, 26, 26, 28, 28, 30, 49, 50, 51, 51, 52, 53, 53, 54, 54, 54, 54, 54, 54, 54, 54, 54, 54, 54, 54, 54, 54, 54, 54, 54, 54, 54, 54, 54, 54, 54, 54, 54, 54, 54, 54, 54, 54, 54, 54, 54, 54, 54, 54, 54], "psum": [0, 30.0, 30.0, 35.0, 47.0, 51.0, 59.0, 59.0, 59.0, 59.0, 59.0, 71.0, 71.0, 71.0, 71.0, 71.0, 71.0, 75.0, 75.0, 81.0, 150.5, 154.0, 159.0, 159.0, 164.0, 170.0, 170.0, 180.0, 180.0, 180.0, 180.0, 180.0, 180.0, 180.0, 180.0, 180.0, 180.0, 180.0, 180.0, 180.0, 180.0, 180.0, 180.0, 180.0, 180.0, 180.0, 180.0, 180.0, 180.0, 180.0, 180.0, 180.0, 180.0, 180.0, 180.0, 180.0, 180.0, 180.0, 180.0, 180.0, 180.0, 180.0, 180.0, 180.0], "pcnt": [0, 12, 12, 13, 17, 18, 22, 22, 22, 22, 22, 26, 26, 26, 26, 26, 26, 28, 28, 30, 49, 50, 51, 51, 52, 53, 53, 54, 54, 54, 54, 54, 54, 54, 54, 54, 54, 54, 54, 54, 54, 54, 54, 54, 54, 54, 54, 54, 54, 54, 54, 54, 54, 54, 54, 54, 54, 54, 54, 54, 54, 54, 54, 54]}}, {"type": "Feature", "geometry": {"type": "Point", "coordinates": [-105.21335, 50.53607]}, "properties": {"twp": "018-24-W2", "prov": "SK", "total": 53, "first": 1882, "cum": [0, 8, 8, 8, 8, 8, 12, 12, 12, 12, 12, 12, 12, 12, 12, 12, 12, 12, 18, 18, 18, 32, 46, 46, 48, 51, 51, 51, 53, 53, 53, 53, 53, 53, 53, 53, 53, 53, 53, 53, 53, 53, 53, 53, 53, 53, 53, 53, 53, 53, 53, 53, 53, 53, 53, 53, 53, 53, 53, 53, 53, 53, 53, 53], "psum": [0, 20.0, 20.0, 20.0, 20.0, 20.0, 25.0, 25.0, 25.0, 25.0, 25.0, 25.0, 25.0, 25.0, 25.0, 25.0, 25.0, 25.0, 43.0, 43.0, 43.0, 111.5, 169.5, 169.5, 181.5, 195.5, 195.5, 195.5, 215.5, 215.5, 215.5, 215.5, 215.5, 215.5, 215.5, 215.5, 215.5, 215.5, 215.5, 215.5, 215.5, 215.5, 215.5, 215.5, 215.5, 215.5, 215.5, 215.5, 215.5, 215.5, 215.5, 215.5, 215.5, 215.5, 215.5, 215.5, 215.5, 215.5, 215.5, 215.5, 215.5, 215.5, 215.5, 215.5], "pcnt": [0, 8, 8, 8, 8, 8, 12, 12, 12, 12, 12, 12, 12, 12, 12, 12, 12, 12, 18, 18, 18, 32, 46, 46, 48, 51, 51, 51, 53, 53, 53, 53, 53, 53, 53, 53, 53, 53, 53, 53, 53, 53, 53, 53, 53, 53, 53, 53, 53, 53, 53, 53, 53, 53, 53, 53, 53, 53, 53, 53, 53, 53, 53, 53]}}, {"type": "Feature", "geometry": {"type": "Point", "coordinates": [-104.27815, 50.52781]}, "properties": {"twp": "018-17-W2", "prov": "SK", "total": 103, "first": 1884, "cum": [0, 0, 0, 17, 17, 17, 17, 17, 17, 19, 19, 29, 36, 36, 36, 37, 38, 44, 59, 64, 70, 80, 91, 98, 102, 102, 102, 102, 102, 103, 103, 103, 103, 103, 103, 103, 103, 103, 103, 103, 103, 103, 103, 103, 103, 103, 103, 103, 103, 103, 103, 103, 103, 103, 103, 103, 103, 103, 103, 103, 103, 103, 103, 103], "psum": [0, 0, 0, 60.0, 60.0, 60.0, 60.0, 60.0, 60.0, 67.0, 67.0, 99.0, 110.0, 110.0, 110.0, 113.0, 116.0, 134.2, 182.8, 197.8, 215.8, 256.2, 320.2, 362.2, 386.2, 386.2, 386.2, 386.2, 386.2, 396.2, 396.2, 396.2, 396.2, 396.2, 396.2, 396.2, 396.2, 396.2, 396.2, 396.2, 396.2, 396.2, 396.2, 396.2, 396.2, 396.2, 396.2, 396.2, 396.2, 396.2, 396.2, 396.2, 396.2, 396.2, 396.2, 396.2, 396.2, 396.2, 396.2, 396.2, 396.2, 396.2, 396.2, 396.2], "pcnt": [0, 0, 0, 17, 17, 17, 17, 17, 17, 19, 19, 29, 32, 32, 32, 33, 34, 40, 55, 60, 66, 76, 87, 94, 98, 98, 98, 98, 98, 99, 99, 99, 99, 99, 99, 99, 99, 99, 99, 99, 99, 99, 99, 99, 99, 99, 99, 99, 99, 99, 99, 99, 99, 99, 99, 99, 99, 99, 99, 99, 99, 99, 99, 99]}}, {"type": "Feature", "geometry": {"type": "Point", "coordinates": [-108.12208, 50.525]}, "properties": {"twp": "018-16-W3", "prov": "SK", "total": 49, "first": 1905, "cum": [0, 0, 0, 0, 0, 0, 0, 0, 0, 0, 0, 0, 0, 0, 0, 0, 0, 0, 0, 0, 0, 0, 0, 0, 38, 43, 49, 49, 49, 49, 49, 49, 49, 49, 49, 49, 49, 49, 49, 49, 49, 49, 49, 49, 49, 49, 49, 49, 49, 49, 49, 49, 49, 49, 49, 49, 49, 49, 49, 49, 49, 49, 49, 49], "psum": [0, 0, 0, 0, 0, 0, 0, 0, 0, 0, 0, 0, 0, 0, 0, 0, 0, 0, 0, 0, 0, 0, 0, 0, 190.0, 215.0, 245.0, 245.0, 245.0, 245.0, 245.0, 245.0, 245.0, 245.0, 245.0, 245.0, 245.0, 245.0, 245.0, 245.0, 245.0, 245.0, 245.0, 245.0, 245.0, 245.0, 245.0, 245.0, 245.0, 245.0, 245.0, 245.0, 245.0, 245.0, 245.0, 245.0, 245.0, 245.0, 245.0, 245.0, 245.0, 245.0, 245.0, 245.0], "pcnt": [0, 0, 0, 0, 0, 0, 0, 0, 0, 0, 0, 0, 0, 0, 0, 0, 0, 0, 0, 0, 0, 0, 0, 0, 38, 43, 49, 49, 49, 49, 49, 49, 49, 49, 49, 49, 49, 49, 49, 49, 49, 49, 49, 49, 49, 49, 49, 49, 49, 49, 49, 49, 49, 49, 49, 49, 49, 49, 49, 49, 49, 49, 49, 49]}}, {"type": "Feature", "geometry": {"type": "Point", "coordinates": [-107.99801, 50.52198]}, "properties": {"twp": "018-15-W3", "prov": "SK", "total": 118, "first": 1905, "cum": [0, 0, 0, 0, 0, 0, 0, 0, 0, 0, 0, 0, 0, 0, 0, 0, 0, 0, 0, 0, 0, 0, 0, 0, 102, 114, 116, 116, 116, 116, 118, 118, 118, 118, 118, 118, 118, 118, 118, 118, 118, 118, 118, 118, 118, 118, 118, 118, 118, 118, 118, 118, 118, 118, 118, 118, 118, 118, 118, 118, 118, 118, 118, 118], "psum": [0, 0, 0, 0, 0, 0, 0, 0, 0, 0, 0, 0, 0, 0, 0, 0, 0, 0, 0, 0, 0, 0, 0, 0, 408.0, 472.0, 480.0, 480.0, 480.0, 480.0, 509.0, 509.0, 509.0, 509.0, 509.0, 509.0, 509.0, 509.0, 509.0, 509.0, 509.0, 509.0, 509.0, 509.0, 509.0, 509.0, 509.0, 509.0, 509.0, 509.0, 509.0, 509.0, 509.0, 509.0, 509.0, 509.0, 509.0, 509.0, 509.0, 509.0, 509.0, 509.0, 509.0, 509.0], "pcnt": [0, 0, 0, 0, 0, 0, 0, 0, 0, 0, 0, 0, 0, 0, 0, 0, 0, 0, 0, 0, 0, 0, 0, 0, 102, 114, 116, 116, 116, 116, 118, 118, 118, 118, 118, 118, 118, 118, 118, 118, 118, 118, 118, 118, 118, 118, 118, 118, 118, 118, 118, 118, 118, 118, 118, 118, 118, 118, 118, 118, 118, 118, 118, 118]}}, {"type": "Feature", "geometry": {"type": "Point", "coordinates": [-107.72446, 50.52329]}, "properties": {"twp": "018-13-W3", "prov": "SK", "total": 30, "first": 1906, "cum": [0, 0, 0, 0, 0, 0, 0, 0, 0, 0, 0, 0, 0, 0, 0, 0, 0, 0, 0, 0, 0, 0, 0, 0, 0, 8, 10, 10, 10, 23, 28, 30, 30, 30, 30, 30, 30, 30, 30, 30, 30, 30, 30, 30, 30, 30, 30, 30, 30, 30, 30, 30, 30, 30, 30, 30, 30, 30, 30, 30, 30, 30, 30, 30], "psum": [0, 0, 0, 0, 0, 0, 0, 0, 0, 0, 0, 0, 0, 0, 0, 0, 0, 0, 0, 0, 0, 0, 0, 0, 0, 48.0, 61.0, 61.0, 61.0, 179.0, 244.0, 268.0, 268.0, 268.0, 268.0, 268.0, 268.0, 268.0, 268.0, 268.0, 268.0, 268.0, 268.0, 268.0, 268.0, 268.0, 268.0, 268.0, 268.0, 268.0, 268.0, 268.0, 268.0, 268.0, 268.0, 268.0, 268.0, 268.0, 268.0, 268.0, 268.0, 268.0, 268.0, 268.0], "pcnt": [0, 0, 0, 0, 0, 0, 0, 0, 0, 0, 0, 0, 0, 0, 0, 0, 0, 0, 0, 0, 0, 0, 0, 0, 0, 8, 10, 10, 10, 23, 28, 30, 30, 30, 30, 30, 30, 30, 30, 30, 30, 30, 30, 30, 30, 30, 30, 30, 30, 30, 30, 30, 30, 30, 30, 30, 30, 30, 30, 30, 30, 30, 30, 30]}}, {"type": "Feature", "geometry": {"type": "Point", "coordinates": [-107.55912, 50.54046]}, "properties": {"twp": "018-12-W3", "prov": "SK", "total": 12, "first": 1904, "cum": [0, 0, 0, 0, 0, 0, 0, 0, 0, 0, 0, 0, 0, 0, 0, 0, 0, 0, 0, 0, 0, 0, 0, 8, 8, 8, 8, 8, 8, 12, 12, 12, 12, 12, 12, 12, 12, 12, 12, 12, 12, 12, 12, 12, 12, 12, 12, 12, 12, 12, 12, 12, 12, 12, 12, 12, 12, 12, 12, 12, 12, 12, 12, 12], "psum": [0, 0, 0, 0, 0, 0, 0, 0, 0, 0, 0, 0, 0, 0, 0, 0, 0, 0, 0, 0, 0, 0, 0, 28.0, 28.0, 28.0, 28.0, 28.0, 28.0, 60.0, 60.0, 60.0, 60.0, 60.0, 60.0, 60.0, 60.0, 60.0, 60.0, 60.0, 60.0, 60.0, 60.0, 60.0, 60.0, 60.0, 60.0, 60.0, 60.0, 60.0, 60.0, 60.0, 60.0, 60.0, 60.0, 60.0, 60.0, 60.0, 60.0, 60.0, 60.0, 60.0, 60.0, 60.0], "pcnt": [0, 0, 0, 0, 0, 0, 0, 0, 0, 0, 0, 0, 0, 0, 0, 0, 0, 0, 0, 0, 0, 0, 0, 8, 8, 8, 8, 8, 8, 12, 12, 12, 12, 12, 12, 12, 12, 12, 12, 12, 12, 12, 12, 12, 12, 12, 12, 12, 12, 12, 12, 12, 12, 12, 12, 12, 12, 12, 12, 12, 12, 12, 12, 12]}}, {"type": "Feature", "geometry": {"type": "Point", "coordinates": [-107.44526, 50.55169]}, "properties": {"twp": "018-11-W3", "prov": "SK", "total": 60, "first": 1903, "cum": [0, 0, 0, 0, 0, 0, 0, 0, 0, 0, 0, 0, 0, 0, 0, 0, 0, 0, 0, 0, 0, 0, 26, 30, 60, 60, 60, 60, 60, 60, 60, 60, 60, 60, 60, 60, 60, 60, 60, 60, 60, 60, 60, 60, 60, 60, 60, 60, 60, 60, 60, 60, 60, 60, 60, 60, 60, 60, 60, 60, 60, 60, 60, 60], "psum": [0, 0, 0, 0, 0, 0, 0, 0, 0, 0, 0, 0, 0, 0, 0, 0, 0, 0, 0, 0, 0, 0, 91.0, 105.0, 225.0, 225.0, 225.0, 225.0, 225.0, 225.0, 225.0, 225.0, 225.0, 225.0, 225.0, 225.0, 225.0, 225.0, 225.0, 225.0, 225.0, 225.0, 225.0, 225.0, 225.0, 225.0, 225.0, 225.0, 225.0, 225.0, 225.0, 225.0, 225.0, 225.0, 225.0, 225.0, 225.0, 225.0, 225.0, 225.0, 225.0, 225.0, 225.0, 225.0], "pcnt": [0, 0, 0, 0, 0, 0, 0, 0, 0, 0, 0, 0, 0, 0, 0, 0, 0, 0, 0, 0, 0, 0, 26, 30, 60, 60, 60, 60, 60, 60, 60, 60, 60, 60, 60, 60, 60, 60, 60, 60, 60, 60, 60, 60, 60, 60, 60, 60, 60, 60, 60, 60, 60, 60, 60, 60, 60, 60, 60, 60, 60, 60, 60, 60]}}, {"type": "Feature", "geometry": {"type": "Point", "coordinates": [-103.44798, 50.53015]}, "properties": {"twp": "018-11-W2", "prov": "SK", "total": 25, "first": 1888, "cum": [0, 0, 0, 0, 0, 0, 0, 2, 2, 2, 2, 2, 2, 2, 3, 4, 18, 19, 20, 20, 22, 22, 22, 22, 22, 24, 24, 24, 24, 25, 25, 25, 25, 25, 25, 25, 25, 25, 25, 25, 25, 25, 25, 25, 25, 25, 25, 25, 25, 25, 25, 25, 25, 25, 25, 25, 25, 25, 25, 25, 25, 25, 25, 25], "psum": [0, 0, 0, 0, 0, 0, 0, 5.0, 5.0, 5.0, 5.0, 5.0, 5.0, 5.0, 8.0, 11.0, 50.5, 53.5, 56.5, 56.5, 62.5, 62.5, 62.5, 62.5, 62.5, 74.5, 74.5, 74.5, 74.5, 84.5, 84.5, 84.5, 84.5, 84.5, 84.5, 84.5, 84.5, 84.5, 84.5, 84.5, 84.5, 84.5, 84.5, 84.5, 84.5, 84.5, 84.5, 84.5, 84.5, 84.5, 84.5, 84.5, 84.5, 84.5, 84.5, 84.5, 84.5, 84.5, 84.5, 84.5, 84.5, 84.5, 84.5, 84.5], "pcnt": [0, 0, 0, 0, 0, 0, 0, 2, 2, 2, 2, 2, 2, 2, 3, 4, 16, 17, 18, 18, 20, 20, 20, 20, 20, 22, 22, 22, 22, 23, 23, 23, 23, 23, 23, 23, 23, 23, 23, 23, 23, 23, 23, 23, 23, 23, 23, 23, 23, 23, 23, 23, 23, 23, 23, 23, 23, 23, 23, 23, 23, 23, 23, 23]}}, {"type": "Feature", "geometry": {"type": "Point", "coordinates": [-107.28921, 50.53826]}, "properties": {"twp": "018-10-W3", "prov": "SK", "total": 71, "first": 1903, "cum": [0, 0, 0, 0, 0, 0, 0, 0, 0, 0, 0, 0, 0, 0, 0, 0, 0, 0, 0, 0, 0, 0, 42, 47, 71, 71, 71, 71, 71, 71, 71, 71, 71, 71, 71, 71, 71, 71, 71, 71, 71, 71, 71, 71, 71, 71, 71, 71, 71, 71, 71, 71, 71, 71, 71, 71, 71, 71, 71, 71, 71, 71, 71, 71], "psum": [0, 0, 0, 0, 0, 0, 0, 0, 0, 0, 0, 0, 0, 0, 0, 0, 0, 0, 0, 0, 0, 0, 147.0, 164.5, 260.5, 260.5, 260.5, 260.5, 260.5, 260.5, 260.5, 260.5, 260.5, 260.5, 260.5, 260.5, 260.5, 260.5, 260.5, 260.5, 260.5, 260.5, 260.5, 260.5, 260.5, 260.5, 260.5, 260.5, 260.5, 260.5, 260.5, 260.5, 260.5, 260.5, 260.5, 260.5, 260.5, 260.5, 260.5, 260.5, 260.5, 260.5, 260.5, 260.5], "pcnt": [0, 0, 0, 0, 0, 0, 0, 0, 0, 0, 0, 0, 0, 0, 0, 0, 0, 0, 0, 0, 0, 0, 42, 47, 71, 71, 71, 71, 71, 71, 71, 71, 71, 71, 71, 71, 71, 71, 71, 71, 71, 71, 71, 71, 71, 71, 71, 71, 71, 71, 71, 71, 71, 71, 71, 71, 71, 71, 71, 71, 71, 71, 71, 71]}}, {"type": "Feature", "geometry": {"type": "Point", "coordinates": [-103.32577, 50.51689]}, "properties": {"twp": "018-10-W2", "prov": "SK", "total": 82, "first": 1882, "cum": [0, 40, 40, 44, 44, 44, 44, 44, 44, 44, 44, 45, 45, 45, 46, 48, 50, 63, 70, 74, 77, 77, 79, 80, 80, 81, 82, 82, 82, 82, 82, 82, 82, 82, 82, 82, 82, 82, 82, 82, 82, 82, 82, 82, 82, 82, 82, 82, 82, 82, 82, 82, 82, 82, 82, 82, 82, 82, 82, 82, 82, 82, 82, 82], "psum": [0, 100.0, 100.0, 112.0, 112.0, 112.0, 112.0, 112.0, 112.0, 112.0, 112.0, 115.0, 115.0, 115.0, 118.0, 124.0, 130.0, 181.8, 211.8, 227.8, 242.8, 242.8, 252.8, 258.8, 258.8, 263.8, 273.8, 273.8, 273.8, 273.8, 273.8, 273.8, 273.8, 273.8, 273.8, 273.8, 273.8, 273.8, 273.8, 273.8, 273.8, 273.8, 273.8, 273.8, 273.8, 273.8, 273.8, 273.8, 273.8, 273.8, 273.8, 273.8, 273.8, 273.8, 273.8, 273.8, 273.8, 273.8, 273.8, 273.8, 273.8, 273.8, 273.8, 273.8], "pcnt": [0, 40, 40, 44, 44, 44, 44, 44, 44, 44, 44, 45, 45, 45, 46, 48, 50, 63, 70, 74, 77, 77, 79, 80, 80, 81, 82, 82, 82, 82, 82, 82, 82, 82, 82, 82, 82, 82, 82, 82, 82, 82, 82, 82, 82, 82, 82, 82, 82, 82, 82, 82, 82, 82, 82, 82, 82, 82, 82, 82, 82, 82, 82, 82]}}, {"type": "Feature", "geometry": {"type": "Point", "coordinates": [-103.17474, 50.51995]}, "properties": {"twp": "018-09-W2", "prov": "SK", "total": 55, "first": 1882, "cum": [0, 21, 21, 37, 37, 38, 38, 38, 38, 38, 38, 38, 38, 38, 38, 39, 44, 46, 46, 47, 47, 47, 52, 52, 53, 54, 54, 54, 54, 54, 54, 55, 55, 55, 55, 55, 55, 55, 55, 55, 55, 55, 55, 55, 55, 55, 55, 55, 55, 55, 55, 55, 55, 55, 55, 55, 55, 55, 55, 55, 55, 55, 55, 55], "psum": [0, 52.5, 52.5, 100.5, 100.5, 101.8, 101.8, 101.8, 101.8, 101.8, 101.8, 101.8, 101.8, 101.8, 101.8, 103.8, 118.8, 124.8, 124.8, 126.8, 126.8, 126.8, 151.8, 151.8, 157.8, 162.8, 162.8, 162.8, 162.8, 162.8, 162.8, 184.5, 184.5, 184.5, 184.5, 184.5, 184.5, 184.5, 184.5, 184.5, 184.5, 184.5, 184.5, 184.5, 184.5, 184.5, 184.5, 184.5, 184.5, 184.5, 184.5, 184.5, 184.5, 184.5, 184.5, 184.5, 184.5, 184.5, 184.5, 184.5, 184.5, 184.5, 184.5, 184.5], "pcnt": [0, 21, 21, 37, 37, 38, 38, 38, 38, 38, 38, 38, 38, 38, 38, 39, 44, 46, 46, 47, 47, 47, 52, 52, 53, 54, 54, 54, 54, 54, 54, 55, 55, 55, 55, 55, 55, 55, 55, 55, 55, 55, 55, 55, 55, 55, 55, 55, 55, 55, 55, 55, 55, 55, 55, 55, 55, 55, 55, 55, 55, 55, 55, 55]}}, {"type": "Feature", "geometry": {"type": "Point", "coordinates": [-103.03519, 50.52841]}, "properties": {"twp": "018-08-W2", "prov": "SK", "total": 90, "first": 1897, "cum": [0, 0, 0, 0, 0, 0, 0, 0, 0, 0, 0, 0, 0, 0, 0, 0, 10, 18, 27, 29, 33, 54, 76, 83, 90, 90, 90, 90, 90, 90, 90, 90, 90, 90, 90, 90, 90, 90, 90, 90, 90, 90, 90, 90, 90, 90, 90, 90, 90, 90, 90, 90, 90, 90, 90, 90, 90, 90, 90, 90, 90, 90, 90, 90], "psum": [0, 0, 0, 0, 0, 0, 0, 0, 0, 0, 0, 0, 0, 0, 0, 0, 29.4, 53.4, 80.4, 86.4, 98.4, 182.4, 292.4, 334.4, 377.4, 377.4, 377.4, 377.4, 377.4, 377.4, 377.4, 377.4, 377.4, 377.4, 377.4, 377.4, 377.4, 377.4, 377.4, 377.4, 377.4, 377.4, 377.4, 377.4, 377.4, 377.4, 377.4, 377.4, 377.4, 377.4, 377.4, 377.4, 377.4, 377.4, 377.4, 377.4, 377.4, 377.4, 377.4, 377.4, 377.4, 377.4, 377.4, 377.4], "pcnt": [0, 0, 0, 0, 0, 0, 0, 0, 0, 0, 0, 0, 0, 0, 0, 0, 10, 18, 27, 29, 33, 54, 76, 83, 90, 90, 90, 90, 90, 90, 90, 90, 90, 90, 90, 90, 90, 90, 90, 90, 90, 90, 90, 90, 90, 90, 90, 90, 90, 90, 90, 90, 90, 90, 90, 90, 90, 90, 90, 90, 90, 90, 90, 90]}}, {"type": "Feature", "geometry": {"type": "Point", "coordinates": [-102.89319, 50.52787]}, "properties": {"twp": "018-07-W2", "prov": "SK", "total": 75, "first": 1892, "cum": [0, 0, 0, 0, 0, 0, 0, 0, 0, 0, 0, 3, 8, 8, 8, 8, 19, 24, 24, 30, 33, 52, 65, 71, 73, 75, 75, 75, 75, 75, 75, 75, 75, 75, 75, 75, 75, 75, 75, 75, 75, 75, 75, 75, 75, 75, 75, 75, 75, 75, 75, 75, 75, 75, 75, 75, 75, 75, 75, 75, 75, 75, 75, 75], "psum": [0, 0, 0, 0, 0, 0, 0, 0, 0, 0, 0, 9.0, 24.0, 24.0, 24.0, 24.0, 57.0, 72.0, 72.0, 90.0, 99.0, 187.0, 252.0, 287.0, 298.5, 310.5, 310.5, 310.5, 310.5, 310.5, 310.5, 310.5, 310.5, 310.5, 310.5, 310.5, 310.5, 310.5, 310.5, 310.5, 310.5, 310.5, 310.5, 310.5, 310.5, 310.5, 310.5, 310.5, 310.5, 310.5, 310.5, 310.5, 310.5, 310.5, 310.5, 310.5, 310.5, 310.5, 310.5, 310.5, 310.5, 310.5, 310.5, 310.5], "pcnt": [0, 0, 0, 0, 0, 0, 0, 0, 0, 0, 0, 3, 8, 8, 8, 8, 19, 24, 24, 30, 33, 52, 65, 71, 73, 75, 75, 75, 75, 75, 75, 75, 75, 75, 75, 75, 75, 75, 75, 75, 75, 75, 75, 75, 75, 75, 75, 75, 75, 75, 75, 75, 75, 75, 75, 75, 75, 75, 75, 75, 75, 75, 75, 75]}}, {"type": "Feature", "geometry": {"type": "Point", "coordinates": [-102.49541, 50.55984]}, "properties": {"twp": "018-04-W2", "prov": "SK", "total": 10, "first": 1897, "cum": [0, 0, 0, 0, 0, 0, 0, 0, 0, 0, 0, 0, 0, 0, 0, 0, 1, 1, 1, 1, 1, 1, 3, 3, 5, 7, 10, 10, 10, 10, 10, 10, 10, 10, 10, 10, 10, 10, 10, 10, 10, 10, 10, 10, 10, 10, 10, 10, 10, 10, 10, 10, 10, 10, 10, 10, 10, 10, 10, 10, 10, 10, 10, 10], "psum": [0, 0, 0, 0, 0, 0, 0, 0, 0, 0, 0, 0, 0, 0, 0, 0, 3.0, 3.0, 3.0, 3.0, 3.0, 3.0, 15.0, 15.0, 27.0, 47.0, 72.0, 72.0, 72.0, 72.0, 72.0, 72.0, 72.0, 72.0, 72.0, 72.0, 72.0, 72.0, 72.0, 72.0, 72.0, 72.0, 72.0, 72.0, 72.0, 72.0, 72.0, 72.0, 72.0, 72.0, 72.0, 72.0, 72.0, 72.0, 72.0, 72.0, 72.0, 72.0, 72.0, 72.0, 72.0, 72.0, 72.0, 72.0], "pcnt": [0, 0, 0, 0, 0, 0, 0, 0, 0, 0, 0, 0, 0, 0, 0, 0, 1, 1, 1, 1, 1, 1, 3, 3, 5, 7, 10, 10, 10, 10, 10, 10, 10, 10, 10, 10, 10, 10, 10, 10, 10, 10, 10, 10, 10, 10, 10, 10, 10, 10, 10, 10, 10, 10, 10, 10, 10, 10, 10, 10, 10, 10, 10, 10]}}, {"type": "Feature", "geometry": {"type": "Point", "coordinates": [-102.35794, 50.55286]}, "properties": {"twp": "018-03-W2", "prov": "SK", "total": 15, "first": 1901, "cum": [0, 0, 0, 0, 0, 0, 0, 0, 0, 0, 0, 0, 0, 0, 0, 0, 0, 0, 0, 0, 2, 2, 3, 5, 5, 6, 7, 11, 12, 12, 15, 15, 15, 15, 15, 15, 15, 15, 15, 15, 15, 15, 15, 15, 15, 15, 15, 15, 15, 15, 15, 15, 15, 15, 15, 15, 15, 15, 15, 15, 15, 15, 15, 15], "psum": [0, 0, 0, 0, 0, 0, 0, 0, 0, 0, 0, 0, 0, 0, 0, 0, 0, 0, 0, 0, 8.0, 8.0, 13.0, 25.0, 25.0, 31.0, 41.0, 97.0, 107.0, 107.0, 139.0, 139.0, 139.0, 139.0, 139.0, 139.0, 139.0, 139.0, 139.0, 139.0, 139.0, 139.0, 139.0, 139.0, 139.0, 139.0, 139.0, 139.0, 139.0, 139.0, 139.0, 139.0, 139.0, 139.0, 139.0, 139.0, 139.0, 139.0, 139.0, 139.0, 139.0, 139.0, 139.0, 139.0], "pcnt": [0, 0, 0, 0, 0, 0, 0, 0, 0, 0, 0, 0, 0, 0, 0, 0, 0, 0, 0, 0, 2, 2, 3, 5, 5, 6, 7, 11, 12, 12, 15, 15, 15, 15, 15, 15, 15, 15, 15, 15, 15, 15, 15, 15, 15, 15, 15, 15, 15, 15, 15, 15, 15, 15, 15, 15, 15, 15, 15, 15, 15, 15, 15, 15]}}, {"type": "Feature", "geometry": {"type": "Point", "coordinates": [-102.23296, 50.5379]}, "properties": {"twp": "018-02-W2", "prov": "SK", "total": 34, "first": 1886, "cum": [0, 0, 0, 0, 0, 1, 1, 1, 1, 1, 1, 2, 2, 2, 2, 2, 3, 5, 6, 6, 9, 17, 20, 21, 23, 27, 31, 31, 33, 33, 34, 34, 34, 34, 34, 34, 34, 34, 34, 34, 34, 34, 34, 34, 34, 34, 34, 34, 34, 34, 34, 34, 34, 34, 34, 34, 34, 34, 34, 34, 34, 34, 34, 34], "psum": [0, 0, 0, 0, 0, 3.5, 3.5, 3.5, 3.5, 3.5, 3.5, 6.5, 6.5, 6.5, 6.5, 6.5, 9.5, 15.5, 18.5, 18.5, 27.5, 58.2, 73.2, 78.2, 92.2, 120.2, 160.2, 160.2, 180.2, 180.2, 192.2, 192.2, 192.2, 192.2, 192.2, 192.2, 192.2, 192.2, 192.2, 192.2, 192.2, 192.2, 192.2, 192.2, 192.2, 192.2, 192.2, 192.2, 192.2, 192.2, 192.2, 192.2, 192.2, 192.2, 192.2, 192.2, 192.2, 192.2, 192.2, 192.2, 192.2, 192.2, 192.2, 192.2], "pcnt": [0, 0, 0, 0, 0, 1, 1, 1, 1, 1, 1, 2, 2, 2, 2, 2, 3, 5, 6, 6, 9, 17, 20, 21, 23, 27, 31, 31, 33, 33, 34, 34, 34, 34, 34, 34, 34, 34, 34, 34, 34, 34, 34, 34, 34, 34, 34, 34, 34, 34, 34, 34, 34, 34, 34, 34, 34, 34, 34, 34, 34, 34, 34, 34]}}, {"type": "Feature", "geometry": {"type": "Point", "coordinates": [-101.7076, 50.46419]}, "properties": {"twp": "017-31-W1", "prov": "SK", "total": 30, "first": 1890, "cum": [0, 0, 0, 0, 0, 0, 0, 0, 0, 1, 1, 1, 1, 1, 1, 2, 2, 4, 4, 5, 7, 8, 12, 16, 21, 23, 23, 25, 25, 28, 30, 30, 30, 30, 30, 30, 30, 30, 30, 30, 30, 30, 30, 30, 30, 30, 30, 30, 30, 30, 30, 30, 30, 30, 30, 30, 30, 30, 30, 30, 30, 30, 30, 30], "psum": [0, 0, 0, 0, 0, 0, 0, 0, 0, 3.5, 3.5, 3.5, 3.5, 3.5, 3.5, 6.5, 6.5, 12.5, 12.5, 15.5, 21.5, 25.5, 45.5, 1550.5, 1579.5, 1591.5, 1591.5, 1607.5, 1607.5, 1636.5, 1656.5, 1656.5, 1656.5, 1656.5, 1656.5, 1656.5, 1656.5, 1656.5, 1656.5, 1656.5, 1656.5, 1656.5, 1656.5, 1656.5, 1656.5, 1656.5, 1656.5, 1656.5, 1656.5, 1656.5, 1656.5, 1656.5, 1656.5, 1656.5, 1656.5, 1656.5, 1656.5, 1656.5, 1656.5, 1656.5, 1656.5, 1656.5, 1656.5, 1656.5], "pcnt": [0, 0, 0, 0, 0, 0, 0, 0, 0, 1, 1, 1, 1, 1, 1, 2, 2, 4, 4, 5, 7, 8, 12, 16, 21, 23, 23, 25, 25, 28, 30, 30, 30, 30, 30, 30, 30, 30, 30, 30, 30, 30, 30, 30, 30, 30, 30, 30, 30, 30, 30, 30, 30, 30, 30, 30, 30, 30, 30, 30, 30, 30, 30, 30]}}, {"type": "Feature", "geometry": {"type": "Point", "coordinates": [-105.91583, 50.44019]}, "properties": {"twp": "017-29-W2", "prov": "SK", "total": 51, "first": 1901, "cum": [0, 0, 0, 0, 0, 0, 0, 0, 0, 0, 0, 0, 0, 0, 0, 0, 0, 0, 0, 0, 7, 11, 16, 16, 45, 46, 46, 46, 49, 51, 51, 51, 51, 51, 51, 51, 51, 51, 51, 51, 51, 51, 51, 51, 51, 51, 51, 51, 51, 51, 51, 51, 51, 51, 51, 51, 51, 51, 51, 51, 51, 51, 51, 51], "psum": [0, 0, 0, 0, 0, 0, 0, 0, 0, 0, 0, 0, 0, 0, 0, 0, 0, 0, 0, 0, 21.0, 35.0, 52.0, 52.0, 196.2, 202.2, 202.2, 202.2, 232.2, 252.2, 252.2, 252.2, 252.2, 252.2, 252.2, 252.2, 252.2, 252.2, 252.2, 252.2, 252.2, 252.2, 252.2, 252.2, 252.2, 252.2, 252.2, 252.2, 252.2, 252.2, 252.2, 252.2, 252.2, 252.2, 252.2, 252.2, 252.2, 252.2, 252.2, 252.2, 252.2, 252.2, 252.2, 252.2], "pcnt": [0, 0, 0, 0, 0, 0, 0, 0, 0, 0, 0, 0, 0, 0, 0, 0, 0, 0, 0, 0, 7, 11, 16, 16, 45, 46, 46, 46, 49, 51, 51, 51, 51, 51, 51, 51, 51, 51, 51, 51, 51, 51, 51, 51, 51, 51, 51, 51, 51, 51, 51, 51, 51, 51, 51, 51, 51, 51, 51, 51, 51, 51, 51, 51]}}, {"type": "Feature", "geometry": {"type": "Point", "coordinates": [-105.78482, 50.44306]}, "properties": {"twp": "017-28-W2", "prov": "SK", "total": 95, "first": 1890, "cum": [0, 0, 0, 0, 0, 0, 0, 0, 0, 2, 2, 6, 9, 10, 10, 10, 10, 25, 36, 43, 54, 59, 69, 70, 93, 95, 95, 95, 95, 95, 95, 95, 95, 95, 95, 95, 95, 95, 95, 95, 95, 95, 95, 95, 95, 95, 95, 95, 95, 95, 95, 95, 95, 95, 95, 95, 95, 95, 95, 95, 95, 95, 95, 95], "psum": [0, 0, 0, 0, 0, 0, 0, 0, 0, 8.0, 8.0, 20.0, 29.0, 32.0, 32.0, 32.0, 32.0, 77.0, 110.0, 131.0, 171.0, 191.0, 251.0, 256.0, 406.0, 420.0, 420.0, 420.0, 420.0, 420.0, 420.0, 420.0, 420.0, 420.0, 420.0, 420.0, 420.0, 420.0, 420.0, 420.0, 420.0, 420.0, 420.0, 420.0, 420.0, 420.0, 420.0, 420.0, 420.0, 420.0, 420.0, 420.0, 420.0, 420.0, 420.0, 420.0, 420.0, 420.0, 420.0, 420.0, 420.0, 420.0, 420.0, 420.0], "pcnt": [0, 0, 0, 0, 0, 0, 0, 0, 0, 2, 2, 6, 9, 10, 10, 10, 10, 25, 36, 43, 54, 59, 69, 70, 93, 95, 95, 95, 95, 95, 95, 95, 95, 95, 95, 95, 95, 95, 95, 95, 95, 95, 95, 95, 95, 95, 95, 95, 95, 95, 95, 95, 95, 95, 95, 95, 95, 95, 95, 95, 95, 95, 95, 95]}}, {"type": "Feature", "geometry": {"type": "Point", "coordinates": [-105.64835, 50.44502]}, "properties": {"twp": "017-27-W2", "prov": "SK", "total": 102, "first": 1882, "cum": [0, 15, 15, 15, 15, 15, 15, 15, 16, 16, 20, 30, 34, 34, 34, 35, 36, 63, 74, 81, 85, 91, 93, 95, 98, 102, 102, 102, 102, 102, 102, 102, 102, 102, 102, 102, 102, 102, 102, 102, 102, 102, 102, 102, 102, 102, 102, 102, 102, 102, 102, 102, 102, 102, 102, 102, 102, 102, 102, 102, 102, 102, 102, 102], "psum": [0, 37.5, 37.5, 37.5, 37.5, 37.5, 37.5, 37.5, 41.5, 41.5, 59.5, 97.0, 110.0, 110.0, 110.0, 113.0, 116.0, 198.0, 231.0, 256.9, 276.4, 305.4, 317.4, 331.4, 347.9, 359.3, 359.3, 359.3, 359.3, 359.3, 359.3, 359.3, 359.3, 359.3, 359.3, 359.3, 359.3, 359.3, 359.3, 359.3, 359.3, 359.3, 359.3, 359.3, 359.3, 359.3, 359.3, 359.3, 359.3, 359.3, 359.3, 359.3, 359.3, 359.3, 359.3, 359.3, 359.3, 359.3, 359.3, 359.3, 359.3, 359.3, 359.3, 359.3], "pcnt": [0, 15, 15, 15, 15, 15, 15, 15, 16, 16, 20, 30, 34, 34, 34, 35, 36, 63, 74, 81, 85, 91, 93, 95, 98, 102, 102, 102, 102, 102, 102, 102, 102, 102, 102, 102, 102, 102, 102, 102, 102, 102, 102, 102, 102, 102, 102, 102, 102, 102, 102, 102, 102, 102, 102, 102, 102, 102, 102, 102, 102, 102, 102, 102]}}, {"type": "Feature", "geometry": {"type": "Point", "coordinates": [-105.52321, 50.43912]}, "properties": {"twp": "017-26-W2", "prov": "SK", "total": 66, "first": 1882, "cum": [0, 8, 9, 11, 11, 11, 11, 11, 15, 15, 17, 21, 24, 24, 24, 24, 24, 35, 53, 56, 57, 65, 66, 66, 66, 66, 66, 66, 66, 66, 66, 66, 66, 66, 66, 66, 66, 66, 66, 66, 66, 66, 66, 66, 66, 66, 66, 66, 66, 66, 66, 66, 66, 66, 66, 66, 66, 66, 66, 66, 66, 66, 66, 66], "psum": [0, 20.0, 22.5, 30.5, 30.5, 30.5, 30.5, 30.5, 51.5, 51.5, 61.5, 76.5, 85.5, 85.5, 85.5, 85.5, 85.5, 118.5, 176.5, 190.5, 194.5, 246.5, 276.5, 276.5, 276.5, 276.5, 276.5, 276.5, 276.5, 276.5, 276.5, 276.5, 276.5, 276.5, 276.5, 276.5, 276.5, 276.5, 276.5, 276.5, 276.5, 276.5, 276.5, 276.5, 276.5, 276.5, 276.5, 276.5, 276.5, 276.5, 276.5, 276.5, 276.5, 276.5, 276.5, 276.5, 276.5, 276.5, 276.5, 276.5, 276.5, 276.5, 276.5, 276.5], "pcnt": [0, 8, 9, 11, 11, 11, 11, 11, 15, 15, 17, 21, 24, 24, 24, 24, 24, 35, 53, 56, 57, 65, 66, 66, 66, 66, 66, 66, 66, 66, 66, 66, 66, 66, 66, 66, 66, 66, 66, 66, 66, 66, 66, 66, 66, 66, 66, 66, 66, 66, 66, 66, 66, 66, 66, 66, 66, 66, 66, 66, 66, 66, 66, 66]}}, {"type": "Feature", "geometry": {"type": "Point", "coordinates": [-105.38921, 50.44162]}, "properties": {"twp": "017-25-W2", "prov": "SK", "total": 113, "first": 1882, "cum": [0, 17, 17, 17, 17, 17, 17, 17, 19, 19, 19, 19, 19, 20, 20, 20, 20, 20, 22, 38, 41, 65, 78, 84, 94, 98, 98, 98, 103, 107, 113, 113, 113, 113, 113, 113, 113, 113, 113, 113, 113, 113, 113, 113, 113, 113, 113, 113, 113, 113, 113, 113, 113, 113, 113, 113, 113, 113, 113, 113, 113, 113, 113, 113], "psum": [0, 42.5, 42.5, 42.5, 42.5, 42.5, 42.5, 42.5, 50.5, 50.5, 50.5, 50.5, 50.5, 53.5, 53.5, 53.5, 53.5, 53.5, 59.5, 107.5, 116.5, 216.5, 282.5, 317.5, 375.5, 399.5, 399.5, 399.5, 449.5, 515.5, 621.5, 621.5, 621.5, 621.5, 621.5, 621.5, 621.5, 621.5, 621.5, 621.5, 621.5, 621.5, 621.5, 621.5, 621.5, 621.5, 621.5, 621.5, 621.5, 621.5, 621.5, 621.5, 621.5, 621.5, 621.5, 621.5, 621.5, 621.5, 621.5, 621.5, 621.5, 621.5, 621.5, 621.5], "pcnt": [0, 17, 17, 17, 17, 17, 17, 17, 19, 19, 19, 19, 19, 20, 20, 20, 20, 20, 22, 38, 41, 65, 78, 84, 94, 98, 98, 98, 103, 107, 113, 113, 113, 113, 113, 113, 113, 113, 113, 113, 113, 113, 113, 113, 113, 113, 113, 113, 113, 113, 113, 113, 113, 113, 113, 113, 113, 113, 113, 113, 113, 113, 113, 113]}}, {"type": "Feature", "geometry": {"type": "Point", "coordinates": [-105.24501, 50.44628]}, "properties": {"twp": "017-24-W2", "prov": "SK", "total": 107, "first": 1882, "cum": [0, 55, 55, 55, 55, 55, 55, 55, 55, 55, 55, 55, 55, 55, 55, 55, 55, 57, 61, 81, 93, 102, 105, 105, 105, 105, 106, 106, 107, 107, 107, 107, 107, 107, 107, 107, 107, 107, 107, 107, 107, 107, 107, 107, 107, 107, 107, 107, 107, 107, 107, 107, 107, 107, 107, 107, 107, 107, 107, 107, 107, 107, 107, 107], "psum": [0, 137.5, 137.5, 137.5, 137.5, 137.5, 137.5, 137.5, 137.5, 137.5, 137.5, 137.5, 137.5, 137.5, 137.5, 137.5, 137.5, 143.5, 155.2, 215.0, 261.0, 303.5, 321.5, 321.5, 321.5, 321.5, 331.5, 331.5, 341.5, 341.5, 341.5, 341.5, 341.5, 341.5, 341.5, 341.5, 341.5, 341.5, 341.5, 341.5, 341.5, 341.5, 341.5, 341.5, 341.5, 341.5, 341.5, 341.5, 341.5, 341.5, 341.5, 341.5, 341.5, 341.5, 341.5, 341.5, 341.5, 341.5, 341.5, 341.5, 341.5, 341.5, 341.5, 341.5], "pcnt": [0, 55, 55, 55, 55, 55, 55, 55, 55, 55, 55, 55, 55, 55, 55, 55, 55, 57, 61, 81, 93, 102, 105, 105, 105, 105, 106, 106, 107, 107, 107, 107, 107, 107, 107, 107, 107, 107, 107, 107, 107, 107, 107, 107, 107, 107, 107, 107, 107, 107, 107, 107, 107, 107, 107, 107, 107, 107, 107, 107, 107, 107, 107, 107]}}, {"type": "Feature", "geometry": {"type": "Point", "coordinates": [-105.11033, 50.44487]}, "properties": {"twp": "017-23-W2", "prov": "SK", "total": 95, "first": 1882, "cum": [0, 36, 36, 36, 36, 36, 36, 36, 36, 36, 36, 39, 39, 39, 39, 39, 39, 41, 41, 46, 83, 86, 92, 92, 93, 93, 93, 93, 93, 93, 95, 95, 95, 95, 95, 95, 95, 95, 95, 95, 95, 95, 95, 95, 95, 95, 95, 95, 95, 95, 95, 95, 95, 95, 95, 95, 95, 95, 95, 95, 95, 95, 95, 95], "psum": [0, 91.7, 91.7, 91.7, 91.7, 91.7, 91.7, 91.7, 91.7, 91.7, 91.7, 100.7, 100.7, 100.7, 100.7, 100.7, 100.7, 106.7, 106.7, 121.7, 267.7, 279.2, 315.2, 315.2, 322.2, 322.2, 322.2, 322.2, 322.2, 322.2, 402.2, 402.2, 402.2, 402.2, 402.2, 402.2, 402.2, 402.2, 402.2, 402.2, 402.2, 402.2, 402.2, 402.2, 402.2, 402.2, 402.2, 402.2, 402.2, 402.2, 402.2, 402.2, 402.2, 402.2, 402.2, 402.2, 402.2, 402.2, 402.2, 402.2, 402.2, 402.2, 402.2, 402.2], "pcnt": [0, 36, 36, 36, 36, 36, 36, 36, 36, 36, 36, 39, 39, 39, 39, 39, 39, 41, 41, 46, 83, 86, 92, 92, 93, 93, 93, 93, 93, 93, 95, 95, 95, 95, 95, 95, 95, 95, 95, 95, 95, 95, 95, 95, 95, 95, 95, 95, 95, 95, 95, 95, 95, 95, 95, 95, 95, 95, 95, 95, 95, 95, 95, 95]}}, {"type": "Feature", "geometry": {"type": "Point", "coordinates": [-104.82579, 50.43937]}, "properties": {"twp": "017-21-W2", "prov": "SK", "total": 41, "first": 1884, "cum": [0, 0, 0, 16, 16, 16, 16, 16, 16, 16, 16, 16, 16, 20, 20, 20, 20, 20, 28, 28, 38, 41, 41, 41, 41, 41, 41, 41, 41, 41, 41, 41, 41, 41, 41, 41, 41, 41, 41, 41, 41, 41, 41, 41, 41, 41, 41, 41, 41, 41, 41, 41, 41, 41, 41, 41, 41, 41, 41, 41, 41, 41, 41, 41], "psum": [0, 0, 0, 0, 0, 0, 0, 0, 0, 0, 0, 0, 0, 12.0, 12.0, 12.0, 12.0, 12.0, 40.5, 40.5, 76.5, 95.0, 95.0, 95.0, 95.0, 95.0, 95.0, 95.0, 95.0, 95.0, 95.0, 95.0, 95.0, 95.0, 95.0, 95.0, 95.0, 95.0, 95.0, 95.0, 95.0, 95.0, 95.0, 95.0, 95.0, 95.0, 95.0, 95.0, 95.0, 95.0, 95.0, 95.0, 95.0, 95.0, 95.0, 95.0, 95.0, 95.0, 95.0, 95.0, 95.0, 95.0, 95.0, 95.0], "pcnt": [0, 0, 0, 0, 0, 0, 0, 0, 0, 0, 0, 0, 0, 4, 4, 4, 4, 4, 12, 12, 22, 25, 25, 25, 25, 25, 25, 25, 25, 25, 25, 25, 25, 25, 25, 25, 25, 25, 25, 25, 25, 25, 25, 25, 25, 25, 25, 25, 25, 25, 25, 25, 25, 25, 25, 25, 25, 25, 25, 25, 25, 25, 25, 25]}}, {"type": "Feature", "geometry": {"type": "Point", "coordinates": [-104.69622, 50.44764]}, "properties": {"twp": "017-20-W2", "prov": "SK", "total": 53, "first": 1881, "cum": [2, 2, 2, 2, 2, 2, 2, 2, 2, 2, 2, 2, 8, 8, 8, 13, 13, 14, 16, 22, 33, 48, 48, 48, 48, 48, 48, 48, 48, 51, 53, 53, 53, 53, 53, 53, 53, 53, 53, 53, 53, 53, 53, 53, 53, 53, 53, 53, 53, 53, 53, 53, 53, 53, 53, 53, 53, 53, 53, 53, 53, 53, 53, 53], "psum": [5.0, 5.0, 5.0, 5.0, 5.0, 5.0, 5.0, 5.0, 5.0, 5.0, 5.0, 5.0, 41.0, 41.0, 41.0, 44.0, 44.0, 47.0, 63.0, 81.0, 148.5, 289.5, 289.5, 289.5, 289.5, 289.5, 289.5, 289.5, 289.5, 469.5, 1069.5, 1069.5, 1069.5, 1069.5, 1069.5, 1069.5, 1069.5, 1069.5, 1069.5, 1069.5, 1069.5, 1069.5, 1069.5, 1069.5, 1069.5, 1069.5, 1069.5, 1069.5, 1069.5, 1069.5, 1069.5, 1069.5, 1069.5, 1069.5, 1069.5, 1069.5, 1069.5, 1069.5, 1069.5, 1069.5, 1069.5, 1069.5, 1069.5, 1069.5], "pcnt": [2, 2, 2, 2, 2, 2, 2, 2, 2, 2, 2, 2, 8, 8, 8, 9, 9, 10, 12, 18, 29, 44, 44, 44, 44, 44, 44, 44, 44, 47, 49, 49, 49, 49, 49, 49, 49, 49, 49, 49, 49, 49, 49, 49, 49, 49, 49, 49, 49, 49, 49, 49, 49, 49, 49, 49, 49, 49, 49, 49, 49, 49, 49, 49]}}, {"type": "Feature", "geometry": {"type": "Point", "coordinates": [-104.55715, 50.43995]}, "properties": {"twp": "017-19-W2", "prov": "SK", "total": 80, "first": 1882, "cum": [0, 12, 12, 33, 33, 33, 33, 33, 33, 35, 35, 38, 38, 38, 38, 38, 38, 38, 42, 53, 67, 80, 80, 80, 80, 80, 80, 80, 80, 80, 80, 80, 80, 80, 80, 80, 80, 80, 80, 80, 80, 80, 80, 80, 80, 80, 80, 80, 80, 80, 80, 80, 80, 80, 80, 80, 80, 80, 80, 80, 80, 80, 80, 80], "psum": [0, 30.0, 30.0, 52.0, 52.0, 52.0, 52.0, 52.0, 52.0, 72.0, 72.0, 102.0, 102.0, 102.0, 102.0, 102.0, 102.0, 102.0, 118.0, 162.0, 249.6, 355.2, 355.2, 355.2, 355.2, 355.2, 355.2, 355.2, 355.2, 355.2, 355.2, 355.2, 355.2, 355.2, 355.2, 355.2, 355.2, 355.2, 355.2, 355.2, 355.2, 355.2, 355.2, 355.2, 355.2, 355.2, 355.2, 355.2, 355.2, 355.2, 355.2, 355.2, 355.2, 355.2, 355.2, 355.2, 355.2, 355.2, 355.2, 355.2, 355.2, 355.2, 355.2, 355.2], "pcnt": [0, 12, 12, 17, 17, 17, 17, 17, 17, 19, 19, 22, 22, 22, 22, 22, 22, 22, 26, 37, 51, 64, 64, 64, 64, 64, 64, 64, 64, 64, 64, 64, 64, 64, 64, 64, 64, 64, 64, 64, 64, 64, 64, 64, 64, 64, 64, 64, 64, 64, 64, 64, 64, 64, 64, 64, 64, 64, 64, 64, 64, 64, 64, 64]}}, {"type": "Feature", "geometry": {"type": "Point", "coordinates": [-104.44339, 50.43844]}, "properties": {"twp": "017-18-W2", "prov": "SK", "total": 58, "first": 1882, "cum": [0, 12, 16, 16, 16, 16, 16, 16, 16, 16, 16, 16, 17, 21, 21, 21, 21, 22, 22, 24, 46, 46, 54, 54, 54, 54, 54, 54, 54, 58, 58, 58, 58, 58, 58, 58, 58, 58, 58, 58, 58, 58, 58, 58, 58, 58, 58, 58, 58, 58, 58, 58, 58, 58, 58, 58, 58, 58, 58, 58, 58, 58, 58, 58], "psum": [0, 30.0, 62.0, 62.0, 62.0, 62.0, 62.0, 62.0, 62.0, 62.0, 62.0, 62.0, 65.0, 77.0, 77.0, 77.0, 77.0, 80.5, 80.5, 86.0, 154.5, 154.5, 202.5, 202.5, 202.5, 202.5, 202.5, 202.5, 202.5, 242.5, 242.5, 242.5, 242.5, 242.5, 242.5, 242.5, 242.5, 242.5, 242.5, 242.5, 242.5, 242.5, 242.5, 242.5, 242.5, 242.5, 242.5, 242.5, 242.5, 242.5, 242.5, 242.5, 242.5, 242.5, 242.5, 242.5, 242.5, 242.5, 242.5, 242.5, 242.5, 242.5, 242.5, 242.5], "pcnt": [0, 12, 16, 16, 16, 16, 16, 16, 16, 16, 16, 16, 17, 21, 21, 21, 21, 22, 22, 24, 46, 46, 54, 54, 54, 54, 54, 54, 54, 58, 58, 58, 58, 58, 58, 58, 58, 58, 58, 58, 58, 58, 58, 58, 58, 58, 58, 58, 58, 58, 58, 58, 58, 58, 58, 58, 58, 58, 58, 58, 58, 58, 58, 58]}}, {"type": "Feature", "geometry": {"type": "Point", "coordinates": [-104.27167, 50.44664]}, "properties": {"twp": "017-17-W2", "prov": "SK", "total": 98, "first": 1884, "cum": [0, 0, 0, 54, 54, 54, 54, 54, 54, 54, 55, 55, 55, 55, 55, 55, 56, 59, 66, 69, 72, 79, 88, 92, 92, 95, 95, 95, 96, 98, 98, 98, 98, 98, 98, 98, 98, 98, 98, 98, 98, 98, 98, 98, 98, 98, 98, 98, 98, 98, 98, 98, 98, 98, 98, 98, 98, 98, 98, 98, 98, 98, 98, 98], "psum": [0, 0, 0, 192.0, 192.0, 192.0, 192.0, 192.0, 192.0, 192.0, 195.5, 195.5, 195.5, 195.5, 195.5, 195.5, 198.5, 207.5, 228.5, 237.5, 246.5, 276.5, 329.5, 353.5, 353.5, 371.5, 371.5, 371.5, 391.5, 411.5, 411.5, 411.5, 411.5, 411.5, 411.5, 411.5, 411.5, 411.5, 411.5, 411.5, 411.5, 411.5, 411.5, 411.5, 411.5, 411.5, 411.5, 411.5, 411.5, 411.5, 411.5, 411.5, 411.5, 411.5, 411.5, 411.5, 411.5, 411.5, 411.5, 411.5, 411.5, 411.5, 411.5, 411.5], "pcnt": [0, 0, 0, 54, 54, 54, 54, 54, 54, 54, 55, 55, 55, 55, 55, 55, 56, 59, 66, 69, 72, 79, 88, 92, 92, 95, 95, 95, 96, 98, 98, 98, 98, 98, 98, 98, 98, 98, 98, 98, 98, 98, 98, 98, 98, 98, 98, 98, 98, 98, 98, 98, 98, 98, 98, 98, 98, 98, 98, 98, 98, 98, 98, 98]}}, {"type": "Feature", "geometry": {"type": "Point", "coordinates": [-108.08998, 50.47023]}, "properties": {"twp": "017-16-W3", "prov": "SK", "total": 8, "first": 1905, "cum": [0, 0, 0, 0, 0, 0, 0, 0, 0, 0, 0, 0, 0, 0, 0, 0, 0, 0, 0, 0, 0, 0, 0, 0, 8, 8, 8, 8, 8, 8, 8, 8, 8, 8, 8, 8, 8, 8, 8, 8, 8, 8, 8, 8, 8, 8, 8, 8, 8, 8, 8, 8, 8, 8, 8, 8, 8, 8, 8, 8, 8, 8, 8, 8], "psum": [0, 0, 0, 0, 0, 0, 0, 0, 0, 0, 0, 0, 0, 0, 0, 0, 0, 0, 0, 0, 0, 0, 0, 0, 40.0, 40.0, 40.0, 40.0, 40.0, 40.0, 40.0, 40.0, 40.0, 40.0, 40.0, 40.0, 40.0, 40.0, 40.0, 40.0, 40.0, 40.0, 40.0, 40.0, 40.0, 40.0, 40.0, 40.0, 40.0, 40.0, 40.0, 40.0, 40.0, 40.0, 40.0, 40.0, 40.0, 40.0, 40.0, 40.0, 40.0, 40.0, 40.0, 40.0], "pcnt": [0, 0, 0, 0, 0, 0, 0, 0, 0, 0, 0, 0, 0, 0, 0, 0, 0, 0, 0, 0, 0, 0, 0, 0, 8, 8, 8, 8, 8, 8, 8, 8, 8, 8, 8, 8, 8, 8, 8, 8, 8, 8, 8, 8, 8, 8, 8, 8, 8, 8, 8, 8, 8, 8, 8, 8, 8, 8, 8, 8, 8, 8, 8, 8]}}, {"type": "Feature", "geometry": {"type": "Point", "coordinates": [-107.99954, 50.43476]}, "properties": {"twp": "017-15-W3", "prov": "SK", "total": 113, "first": 1905, "cum": [0, 0, 0, 0, 0, 0, 0, 0, 0, 0, 0, 0, 0, 0, 0, 0, 0, 0, 0, 0, 0, 0, 0, 0, 100, 113, 113, 113, 113, 113, 113, 113, 113, 113, 113, 113, 113, 113, 113, 113, 113, 113, 113, 113, 113, 113, 113, 113, 113, 113, 113, 113, 113, 113, 113, 113, 113, 113, 113, 113, 113, 113, 113, 113], "psum": [0, 0, 0, 0, 0, 0, 0, 0, 0, 0, 0, 0, 0, 0, 0, 0, 0, 0, 0, 0, 0, 0, 0, 0, 400.0, 460.0, 460.0, 460.0, 460.0, 460.0, 460.0, 460.0, 460.0, 460.0, 460.0, 460.0, 460.0, 460.0, 460.0, 460.0, 460.0, 460.0, 460.0, 460.0, 460.0, 460.0, 460.0, 460.0, 460.0, 460.0, 460.0, 460.0, 460.0, 460.0, 460.0, 460.0, 460.0, 460.0, 460.0, 460.0, 460.0, 460.0, 460.0, 460.0], "pcnt": [0, 0, 0, 0, 0, 0, 0, 0, 0, 0, 0, 0, 0, 0, 0, 0, 0, 0, 0, 0, 0, 0, 0, 0, 100, 113, 113, 113, 113, 113, 113, 113, 113, 113, 113, 113, 113, 113, 113, 113, 113, 113, 113, 113, 113, 113, 113, 113, 113, 113, 113, 113, 113, 113, 113, 113, 113, 113, 113, 113, 113, 113, 113, 113]}}, {"type": "Feature", "geometry": {"type": "Point", "coordinates": [-107.85891, 50.46496]}, "properties": {"twp": "017-14-W3", "prov": "SK", "total": 48, "first": 1905, "cum": [0, 0, 0, 0, 0, 0, 0, 0, 0, 0, 0, 0, 0, 0, 0, 0, 0, 0, 0, 0, 0, 0, 0, 0, 24, 46, 46, 46, 46, 48, 48, 48, 48, 48, 48, 48, 48, 48, 48, 48, 48, 48, 48, 48, 48, 48, 48, 48, 48, 48, 48, 48, 48, 48, 48, 48, 48, 48, 48, 48, 48, 48, 48, 48], "psum": [0, 0, 0, 0, 0, 0, 0, 0, 0, 0, 0, 0, 0, 0, 0, 0, 0, 0, 0, 0, 0, 0, 0, 0, 96.0, 220.0, 220.0, 220.0, 220.0, 236.0, 236.0, 236.0, 236.0, 236.0, 236.0, 236.0, 236.0, 236.0, 236.0, 236.0, 236.0, 236.0, 236.0, 236.0, 236.0, 236.0, 236.0, 236.0, 236.0, 236.0, 236.0, 236.0, 236.0, 236.0, 236.0, 236.0, 236.0, 236.0, 236.0, 236.0, 236.0, 236.0, 236.0, 236.0], "pcnt": [0, 0, 0, 0, 0, 0, 0, 0, 0, 0, 0, 0, 0, 0, 0, 0, 0, 0, 0, 0, 0, 0, 0, 0, 24, 46, 46, 46, 46, 48, 48, 48, 48, 48, 48, 48, 48, 48, 48, 48, 48, 48, 48, 48, 48, 48, 48, 48, 48, 48, 48, 48, 48, 48, 48, 48, 48, 48, 48, 48, 48, 48, 48, 48]}}, {"type": "Feature", "geometry": {"type": "Point", "coordinates": [-103.43807, 50.46207]}, "properties": {"twp": "017-11-W2", "prov": "SK", "total": 39, "first": 1892, "cum": [0, 0, 0, 0, 0, 0, 0, 0, 0, 0, 0, 1, 5, 5, 5, 5, 8, 18, 21, 23, 32, 34, 39, 39, 39, 39, 39, 39, 39, 39, 39, 39, 39, 39, 39, 39, 39, 39, 39, 39, 39, 39, 39, 39, 39, 39, 39, 39, 39, 39, 39, 39, 39, 39, 39, 39, 39, 39, 39, 39, 39, 39, 39, 39], "psum": [0, 0, 0, 0, 0, 0, 0, 0, 0, 0, 0, 5.0, 17.0, 17.0, 17.0, 17.0, 41.0, 88.0, 99.0, 109.0, 149.0, 157.0, 187.0, 187.0, 187.0, 187.0, 187.0, 187.0, 187.0, 187.0, 187.0, 187.0, 187.0, 187.0, 187.0, 187.0, 187.0, 187.0, 187.0, 187.0, 187.0, 187.0, 187.0, 187.0, 187.0, 187.0, 187.0, 187.0, 187.0, 187.0, 187.0, 187.0, 187.0, 187.0, 187.0, 187.0, 187.0, 187.0, 187.0, 187.0, 187.0, 187.0, 187.0, 187.0], "pcnt": [0, 0, 0, 0, 0, 0, 0, 0, 0, 0, 0, 1, 5, 5, 5, 5, 8, 18, 21, 23, 32, 34, 39, 39, 39, 39, 39, 39, 39, 39, 39, 39, 39, 39, 39, 39, 39, 39, 39, 39, 39, 39, 39, 39, 39, 39, 39, 39, 39, 39, 39, 39, 39, 39, 39, 39, 39, 39, 39, 39, 39, 39, 39, 39]}}, {"type": "Feature", "geometry": {"type": "Point", "coordinates": [-103.32259, 50.44526]}, "properties": {"twp": "017-10-W2", "prov": "SK", "total": 86, "first": 1882, "cum": [0, 24, 25, 35, 35, 35, 35, 35, 35, 37, 37, 37, 38, 38, 38, 38, 44, 44, 46, 53, 61, 71, 72, 81, 81, 86, 86, 86, 86, 86, 86, 86, 86, 86, 86, 86, 86, 86, 86, 86, 86, 86, 86, 86, 86, 86, 86, 86, 86, 86, 86, 86, 86, 86, 86, 86, 86, 86, 86, 86, 86, 86, 86, 86], "psum": [0, 60.0, 66.0, 99.0, 99.0, 99.0, 99.0, 99.0, 99.0, 104.0, 104.0, 104.0, 107.0, 107.0, 107.0, 107.0, 131.0, 131.0, 137.0, 157.5, 184.3, 236.3, 242.3, 271.9, 271.9, 289.9, 289.9, 289.9, 289.9, 289.9, 289.9, 289.9, 289.9, 289.9, 289.9, 289.9, 289.9, 289.9, 289.9, 289.9, 289.9, 289.9, 289.9, 289.9, 289.9, 289.9, 289.9, 289.9, 289.9, 289.9, 289.9, 289.9, 289.9, 289.9, 289.9, 289.9, 289.9, 289.9, 289.9, 289.9, 289.9, 289.9, 289.9, 289.9], "pcnt": [0, 24, 25, 35, 35, 35, 35, 35, 35, 37, 37, 37, 38, 38, 38, 38, 44, 44, 46, 53, 61, 71, 72, 81, 81, 86, 86, 86, 86, 86, 86, 86, 86, 86, 86, 86, 86, 86, 86, 86, 86, 86, 86, 86, 86, 86, 86, 86, 86, 86, 86, 86, 86, 86, 86, 86, 86, 86, 86, 86, 86, 86, 86, 86]}}, {"type": "Feature", "geometry": {"type": "Point", "coordinates": [-103.18623, 50.44768]}, "properties": {"twp": "017-09-W2", "prov": "SK", "total": 82, "first": 1882, "cum": [0, 34, 34, 50, 50, 50, 50, 50, 50, 50, 50, 50, 50, 50, 50, 50, 65, 69, 69, 75, 75, 82, 82, 82, 82, 82, 82, 82, 82, 82, 82, 82, 82, 82, 82, 82, 82, 82, 82, 82, 82, 82, 82, 82, 82, 82, 82, 82, 82, 82, 82, 82, 82, 82, 82, 82, 82, 82, 82, 82, 82, 82, 82, 82], "psum": [0, 85.0, 85.0, 133.0, 133.0, 133.0, 133.0, 133.0, 133.0, 133.0, 133.0, 133.0, 133.0, 133.0, 133.0, 133.0, 180.0, 196.0, 196.0, 223.0, 223.0, 258.0, 258.0, 258.0, 258.0, 258.0, 258.0, 258.0, 258.0, 258.0, 258.0, 258.0, 258.0, 258.0, 258.0, 258.0, 258.0, 258.0, 258.0, 258.0, 258.0, 258.0, 258.0, 258.0, 258.0, 258.0, 258.0, 258.0, 258.0, 258.0, 258.0, 258.0, 258.0, 258.0, 258.0, 258.0, 258.0, 258.0, 258.0, 258.0, 258.0, 258.0, 258.0, 258.0], "pcnt": [0, 34, 34, 50, 50, 50, 50, 50, 50, 50, 50, 50, 50, 50, 50, 50, 65, 69, 69, 75, 75, 82, 82, 82, 82, 82, 82, 82, 82, 82, 82, 82, 82, 82, 82, 82, 82, 82, 82, 82, 82, 82, 82, 82, 82, 82, 82, 82, 82, 82, 82, 82, 82, 82, 82, 82, 82, 82, 82, 82, 82, 82, 82, 82]}}, {"type": "Feature", "geometry": {"type": "Point", "coordinates": [-103.033, 50.43982]}, "properties": {"twp": "017-08-W2", "prov": "SK", "total": 83, "first": 1892, "cum": [0, 0, 0, 0, 0, 0, 0, 0, 0, 0, 0, 4, 12, 14, 14, 14, 20, 40, 45, 47, 52, 64, 73, 78, 82, 83, 83, 83, 83, 83, 83, 83, 83, 83, 83, 83, 83, 83, 83, 83, 83, 83, 83, 83, 83, 83, 83, 83, 83, 83, 83, 83, 83, 83, 83, 83, 83, 83, 83, 83, 83, 83, 83, 83], "psum": [0, 0, 0, 0, 0, 0, 0, 0, 0, 0, 0, 12.0, 36.0, 42.0, 42.0, 42.0, 60.0, 135.6, 150.6, 156.6, 171.6, 215.6, 269.6, 304.6, 332.6, 339.6, 339.6, 339.6, 339.6, 339.6, 339.6, 339.6, 339.6, 339.6, 339.6, 339.6, 339.6, 339.6, 339.6, 339.6, 339.6, 339.6, 339.6, 339.6, 339.6, 339.6, 339.6, 339.6, 339.6, 339.6, 339.6, 339.6, 339.6, 339.6, 339.6, 339.6, 339.6, 339.6, 339.6, 339.6, 339.6, 339.6, 339.6, 339.6], "pcnt": [0, 0, 0, 0, 0, 0, 0, 0, 0, 0, 0, 4, 12, 14, 14, 14, 20, 40, 45, 47, 52, 64, 73, 78, 82, 83, 83, 83, 83, 83, 83, 83, 83, 83, 83, 83, 83, 83, 83, 83, 83, 83, 83, 83, 83, 83, 83, 83, 83, 83, 83, 83, 83, 83, 83, 83, 83, 83, 83, 83, 83, 83, 83, 83]}}, {"type": "Feature", "geometry": {"type": "Point", "coordinates": [-102.89991, 50.4454]}, "properties": {"twp": "017-07-W2", "prov": "SK", "total": 109, "first": 1884, "cum": [0, 0, 0, 11, 11, 11, 14, 14, 14, 14, 14, 17, 31, 31, 32, 32, 32, 36, 37, 39, 39, 65, 69, 73, 95, 109, 109, 109, 109, 109, 109, 109, 109, 109, 109, 109, 109, 109, 109, 109, 109, 109, 109, 109, 109, 109, 109, 109, 109, 109, 109, 109, 109, 109, 109, 109, 109, 109, 109, 109, 109, 109, 109, 109], "psum": [0, 0, 0, 42.0, 42.0, 42.0, 57.5, 57.5, 57.5, 57.5, 57.5, 68.5, 130.4, 130.4, 133.4, 133.4, 133.4, 145.4, 148.4, 156.2, 156.2, 258.2, 284.2, 308.2, 442.2, 550.2, 550.2, 550.2, 550.2, 550.2, 550.2, 550.2, 550.2, 550.2, 550.2, 550.2, 550.2, 550.2, 550.2, 550.2, 550.2, 550.2, 550.2, 550.2, 550.2, 550.2, 550.2, 550.2, 550.2, 550.2, 550.2, 550.2, 550.2, 550.2, 550.2, 550.2, 550.2, 550.2, 550.2, 550.2, 550.2, 550.2, 550.2, 550.2], "pcnt": [0, 0, 0, 11, 11, 11, 14, 14, 14, 14, 14, 17, 31, 31, 32, 32, 32, 36, 37, 39, 39, 65, 69, 73, 95, 109, 109, 109, 109, 109, 109, 109, 109, 109, 109, 109, 109, 109, 109, 109, 109, 109, 109, 109, 109, 109, 109, 109, 109, 109, 109, 109, 109, 109, 109, 109, 109, 109, 109, 109, 109, 109, 109, 109]}}, {"type": "Feature", "geometry": {"type": "Point", "coordinates": [-106.19317, 50.47067]}, "properties": {"twp": "017-02-W3", "prov": "SK", "total": 21, "first": 1905, "cum": [0, 0, 0, 0, 0, 0, 0, 0, 0, 0, 0, 0, 0, 0, 0, 0, 0, 0, 0, 0, 0, 0, 0, 0, 4, 21, 21, 21, 21, 21, 21, 21, 21, 21, 21, 21, 21, 21, 21, 21, 21, 21, 21, 21, 21, 21, 21, 21, 21, 21, 21, 21, 21, 21, 21, 21, 21, 21, 21, 21, 21, 21, 21, 21], "psum": [0, 0, 0, 0, 0, 0, 0, 0, 0, 0, 0, 0, 0, 0, 0, 0, 0, 0, 0, 0, 0, 0, 0, 0, 16.0, 118.0, 118.0, 118.0, 118.0, 118.0, 118.0, 118.0, 118.0, 118.0, 118.0, 118.0, 118.0, 118.0, 118.0, 118.0, 118.0, 118.0, 118.0, 118.0, 118.0, 118.0, 118.0, 118.0, 118.0, 118.0, 118.0, 118.0, 118.0, 118.0, 118.0, 118.0, 118.0, 118.0, 118.0, 118.0, 118.0, 118.0, 118.0, 118.0], "pcnt": [0, 0, 0, 0, 0, 0, 0, 0, 0, 0, 0, 0, 0, 0, 0, 0, 0, 0, 0, 0, 0, 0, 0, 0, 4, 21, 21, 21, 21, 21, 21, 21, 21, 21, 21, 21, 21, 21, 21, 21, 21, 21, 21, 21, 21, 21, 21, 21, 21, 21, 21, 21, 21, 21, 21, 21, 21, 21, 21, 21, 21, 21, 21, 21]}}, {"type": "Feature", "geometry": {"type": "Point", "coordinates": [-101.82297, 50.37228]}, "properties": {"twp": "016-32-W1", "prov": "SK", "total": 65, "first": 1882, "cum": [0, 7, 7, 7, 7, 7, 8, 8, 8, 8, 10, 21, 21, 22, 24, 25, 31, 49, 56, 59, 63, 63, 63, 63, 63, 65, 65, 65, 65, 65, 65, 65, 65, 65, 65, 65, 65, 65, 65, 65, 65, 65, 65, 65, 65, 65, 65, 65, 65, 65, 65, 65, 65, 65, 65, 65, 65, 65, 65, 65, 65, 65, 65, 65], "psum": [0, 17.5, 17.5, 17.5, 17.5, 17.5, 20.0, 20.0, 20.0, 20.0, 26.0, 59.0, 59.0, 62.0, 68.0, 71.0, 89.0, 139.7, 160.7, 169.7, 183.7, 183.7, 183.7, 183.7, 183.7, 195.7, 195.7, 195.7, 195.7, 195.7, 195.7, 195.7, 195.7, 195.7, 195.7, 195.7, 195.7, 195.7, 195.7, 195.7, 195.7, 195.7, 195.7, 195.7, 195.7, 195.7, 195.7, 195.7, 195.7, 195.7, 195.7, 195.7, 195.7, 195.7, 195.7, 195.7, 195.7, 195.7, 195.7, 195.7, 195.7, 195.7, 195.7, 195.7], "pcnt": [0, 7, 7, 7, 7, 7, 8, 8, 8, 8, 10, 21, 21, 22, 24, 25, 31, 48, 55, 58, 62, 62, 62, 62, 62, 64, 64, 64, 64, 64, 64, 64, 64, 64, 64, 64, 64, 64, 64, 64, 64, 64, 64, 64, 64, 64, 64, 64, 64, 64, 64, 64, 64, 64, 64, 64, 64, 64, 64, 64, 64, 64, 64, 64]}}, {"type": "Feature", "geometry": {"type": "Point", "coordinates": [-101.68789, 50.36944]}, "properties": {"twp": "016-31-W1", "prov": "SK", "total": 66, "first": 1882, "cum": [0, 10, 10, 10, 10, 10, 10, 10, 12, 12, 14, 17, 20, 20, 20, 20, 22, 26, 27, 36, 38, 50, 54, 54, 54, 63, 64, 65, 65, 66, 66, 66, 66, 66, 66, 66, 66, 66, 66, 66, 66, 66, 66, 66, 66, 66, 66, 66, 66, 66, 66, 66, 66, 66, 66, 66, 66, 66, 66, 66, 66, 66, 66, 66], "psum": [0, 25.0, 25.0, 25.0, 25.0, 25.0, 25.0, 25.0, 32.0, 32.0, 39.0, 48.0, 57.0, 57.0, 57.0, 57.0, 63.0, 82.0, 85.0, 112.0, 119.0, 173.5, 198.5, 198.5, 198.5, 269.5, 279.5, 288.5, 288.5, 298.5, 298.5, 298.5, 298.5, 298.5, 298.5, 298.5, 298.5, 298.5, 298.5, 298.5, 298.5, 298.5, 298.5, 298.5, 298.5, 298.5, 298.5, 298.5, 298.5, 298.5, 298.5, 298.5, 298.5, 298.5, 298.5, 298.5, 298.5, 298.5, 298.5, 298.5, 298.5, 298.5, 298.5, 298.5], "pcnt": [0, 10, 10, 10, 10, 10, 10, 10, 12, 12, 14, 17, 20, 20, 20, 20, 22, 26, 27, 36, 38, 50, 54, 54, 54, 63, 64, 65, 65, 66, 66, 66, 66, 66, 66, 66, 66, 66, 66, 66, 66, 66, 66, 66, 66, 66, 66, 66, 66, 66, 66, 66, 66, 66, 66, 66, 66, 66, 66, 66, 66, 66, 66, 66]}}, {"type": "Feature", "geometry": {"type": "Point", "coordinates": [-101.55513, 50.37446]}, "properties": {"twp": "016-30-W1", "prov": "SK", "total": 68, "first": 1882, "cum": [0, 6, 6, 6, 6, 6, 6, 6, 6, 6, 6, 8, 8, 9, 9, 9, 9, 12, 12, 19, 24, 33, 47, 48, 49, 53, 57, 58, 61, 65, 68, 68, 68, 68, 68, 68, 68, 68, 68, 68, 68, 68, 68, 68, 68, 68, 68, 68, 68, 68, 68, 68, 68, 68, 68, 68, 68, 68, 68, 68, 68, 68, 68, 68], "psum": [0, 15.0, 15.0, 15.0, 15.0, 15.0, 15.0, 15.0, 15.0, 15.0, 15.0, 21.0, 21.0, 31.0, 31.0, 31.0, 31.0, 40.0, 40.0, 61.0, 78.0, 128.5, 208.0, 214.0, 224.0, 256.0, 295.0, 304.0, 331.0, 366.0, 402.0, 402.0, 402.0, 402.0, 402.0, 402.0, 402.0, 402.0, 402.0, 402.0, 402.0, 402.0, 402.0, 402.0, 402.0, 402.0, 402.0, 402.0, 402.0, 402.0, 402.0, 402.0, 402.0, 402.0, 402.0, 402.0, 402.0, 402.0, 402.0, 402.0, 402.0, 402.0, 402.0, 402.0], "pcnt": [0, 6, 6, 6, 6, 6, 6, 6, 6, 6, 6, 8, 8, 9, 9, 9, 9, 12, 12, 19, 24, 33, 47, 48, 49, 53, 57, 58, 61, 65, 68, 68, 68, 68, 68, 68, 68, 68, 68, 68, 68, 68, 68, 68, 68, 68, 68, 68, 68, 68, 68, 68, 68, 68, 68, 68, 68, 68, 68, 68, 68, 68, 68, 68]}}, {"type": "Feature", "geometry": {"type": "Point", "coordinates": [-105.77881, 50.35892]}, "properties": {"twp": "016-28-W2", "prov": "SK", "total": 118, "first": 1882, "cum": [0, 4, 4, 4, 4, 4, 4, 4, 4, 4, 4, 5, 5, 5, 5, 5, 5, 5, 13, 19, 19, 34, 37, 37, 42, 91, 100, 105, 106, 113, 118, 118, 118, 118, 118, 118, 118, 118, 118, 118, 118, 118, 118, 118, 118, 118, 118, 118, 118, 118, 118, 118, 118, 118, 118, 118, 118, 118, 118, 118, 118, 118, 118, 118], "psum": [0, 10.0, 10.0, 10.0, 10.0, 10.0, 10.0, 10.0, 10.0, 10.0, 10.0, 13.5, 13.5, 13.5, 13.5, 13.5, 13.5, 13.5, 37.5, 55.5, 55.5, 117.1, 132.1, 132.1, 159.1, 453.1, 507.1, 537.1, 547.1, 617.1, 677.1, 677.1, 677.1, 677.1, 677.1, 677.1, 677.1, 677.1, 677.1, 677.1, 677.1, 677.1, 677.1, 677.1, 677.1, 677.1, 677.1, 677.1, 677.1, 677.1, 677.1, 677.1, 677.1, 677.1, 677.1, 677.1, 677.1, 677.1, 677.1, 677.1, 677.1, 677.1, 677.1, 677.1], "pcnt": [0, 4, 4, 4, 4, 4, 4, 4, 4, 4, 4, 5, 5, 5, 5, 5, 5, 5, 13, 19, 19, 34, 37, 37, 42, 91, 100, 105, 106, 113, 118, 118, 118, 118, 118, 118, 118, 118, 118, 118, 118, 118, 118, 118, 118, 118, 118, 118, 118, 118, 118, 118, 118, 118, 118, 118, 118, 118, 118, 118, 118, 118, 118, 118]}}, {"type": "Feature", "geometry": {"type": "Point", "coordinates": [-105.52731, 50.34877]}, "properties": {"twp": "016-26-W2", "prov": "SK", "total": 76, "first": 1882, "cum": [0, 14, 14, 22, 22, 22, 22, 22, 24, 24, 24, 26, 26, 28, 28, 28, 28, 28, 40, 59, 60, 76, 76, 76, 76, 76, 76, 76, 76, 76, 76, 76, 76, 76, 76, 76, 76, 76, 76, 76, 76, 76, 76, 76, 76, 76, 76, 76, 76, 76, 76, 76, 76, 76, 76, 76, 76, 76, 76, 76, 76, 76, 76, 76], "psum": [0, 32.0, 32.0, 42.0, 42.0, 42.0, 42.0, 42.0, 52.0, 52.0, 52.0, 60.0, 60.0, 66.0, 66.0, 66.0, 66.0, 66.0, 102.0, 178.0, 182.0, 270.0, 270.0, 270.0, 270.0, 270.0, 270.0, 270.0, 270.0, 270.0, 270.0, 270.0, 270.0, 270.0, 270.0, 270.0, 270.0, 270.0, 270.0, 270.0, 270.0, 270.0, 270.0, 270.0, 270.0, 270.0, 270.0, 270.0, 270.0, 270.0, 270.0, 270.0, 270.0, 270.0, 270.0, 270.0, 270.0, 270.0, 270.0, 270.0, 270.0, 270.0, 270.0, 270.0], "pcnt": [0, 14, 14, 18, 18, 18, 18, 18, 20, 20, 20, 22, 22, 24, 24, 24, 24, 24, 36, 55, 56, 72, 72, 72, 72, 72, 72, 72, 72, 72, 72, 72, 72, 72, 72, 72, 72, 72, 72, 72, 72, 72, 72, 72, 72, 72, 72, 72, 72, 72, 72, 72, 72, 72, 72, 72, 72, 72, 72, 72, 72, 72, 72, 72]}}, {"type": "Feature", "geometry": {"type": "Point", "coordinates": [-105.39149, 50.3509]}, "properties": {"twp": "016-25-W2", "prov": "SK", "total": 74, "first": 1882, "cum": [0, 8, 8, 8, 8, 8, 8, 8, 8, 8, 8, 8, 8, 8, 8, 8, 8, 8, 21, 54, 71, 71, 71, 71, 71, 73, 73, 73, 74, 74, 74, 74, 74, 74, 74, 74, 74, 74, 74, 74, 74, 74, 74, 74, 74, 74, 74, 74, 74, 74, 74, 74, 74, 74, 74, 74, 74, 74, 74, 74, 74, 74, 74, 74], "psum": [0, 20.0, 20.0, 20.0, 20.0, 20.0, 20.0, 20.0, 20.0, 20.0, 20.0, 20.0, 20.0, 20.0, 20.0, 20.0, 20.0, 20.0, 59.0, 162.0, 222.0, 222.0, 222.0, 222.0, 222.0, 236.0, 236.0, 236.0, 276.0, 276.0, 276.0, 276.0, 276.0, 276.0, 276.0, 276.0, 276.0, 276.0, 276.0, 276.0, 276.0, 276.0, 276.0, 276.0, 276.0, 276.0, 276.0, 276.0, 276.0, 276.0, 276.0, 276.0, 276.0, 276.0, 276.0, 276.0, 276.0, 276.0, 276.0, 276.0, 276.0, 276.0, 276.0, 276.0], "pcnt": [0, 8, 8, 8, 8, 8, 8, 8, 8, 8, 8, 8, 8, 8, 8, 8, 8, 8, 21, 54, 71, 71, 71, 71, 71, 73, 73, 73, 74, 74, 74, 74, 74, 74, 74, 74, 74, 74, 74, 74, 74, 74, 74, 74, 74, 74, 74, 74, 74, 74, 74, 74, 74, 74, 74, 74, 74, 74, 74, 74, 74, 74, 74, 74]}}, {"type": "Feature", "geometry": {"type": "Point", "coordinates": [-105.25199, 50.34269]}, "properties": {"twp": "016-24-W2", "prov": "SK", "total": 123, "first": 1882, "cum": [0, 18, 18, 18, 18, 18, 18, 18, 18, 18, 18, 18, 18, 18, 18, 18, 18, 18, 18, 25, 121, 121, 123, 123, 123, 123, 123, 123, 123, 123, 123, 123, 123, 123, 123, 123, 123, 123, 123, 123, 123, 123, 123, 123, 123, 123, 123, 123, 123, 123, 123, 123, 123, 123, 123, 123, 123, 123, 123, 123, 123, 123, 123, 123], "psum": [0, 47.5, 47.5, 47.5, 47.5, 47.5, 47.5, 47.5, 47.5, 47.5, 47.5, 47.5, 47.5, 47.5, 47.5, 47.5, 47.5, 47.5, 47.5, 68.5, 361.5, 361.5, 373.5, 373.5, 373.5, 373.5, 373.5, 373.5, 373.5, 373.5, 373.5, 373.5, 373.5, 373.5, 373.5, 373.5, 373.5, 373.5, 373.5, 373.5, 373.5, 373.5, 373.5, 373.5, 373.5, 373.5, 373.5, 373.5, 373.5, 373.5, 373.5, 373.5, 373.5, 373.5, 373.5, 373.5, 373.5, 373.5, 373.5, 373.5, 373.5, 373.5, 373.5, 373.5], "pcnt": [0, 18, 18, 18, 18, 18, 18, 18, 18, 18, 18, 18, 18, 18, 18, 18, 18, 18, 18, 25, 121, 121, 123, 123, 123, 123, 123, 123, 123, 123, 123, 123, 123, 123, 123, 123, 123, 123, 123, 123, 123, 123, 123, 123, 123, 123, 123, 123, 123, 123, 123, 123, 123, 123, 123, 123, 123, 123, 123, 123, 123, 123, 123, 123]}}, {"type": "Feature", "geometry": {"type": "Point", "coordinates": [-105.11503, 50.345]}, "properties": {"twp": "016-23-W2", "prov": "SK", "total": 64, "first": 1882, "cum": [0, 12, 12, 12, 12, 12, 12, 12, 12, 12, 12, 12, 12, 16, 16, 16, 16, 16, 16, 16, 64, 64, 64, 64, 64, 64, 64, 64, 64, 64, 64, 64, 64, 64, 64, 64, 64, 64, 64, 64, 64, 64, 64, 64, 64, 64, 64, 64, 64, 64, 64, 64, 64, 64, 64, 64, 64, 64, 64, 64, 64, 64, 64, 64], "psum": [0, 30.0, 30.0, 30.0, 30.0, 30.0, 30.0, 30.0, 30.0, 30.0, 30.0, 30.0, 30.0, 42.0, 42.0, 42.0, 42.0, 42.0, 42.0, 42.0, 204.0, 204.0, 204.0, 204.0, 204.0, 204.0, 204.0, 204.0, 204.0, 204.0, 204.0, 204.0, 204.0, 204.0, 204.0, 204.0, 204.0, 204.0, 204.0, 204.0, 204.0, 204.0, 204.0, 204.0, 204.0, 204.0, 204.0, 204.0, 204.0, 204.0, 204.0, 204.0, 204.0, 204.0, 204.0, 204.0, 204.0, 204.0, 204.0, 204.0, 204.0, 204.0, 204.0, 204.0], "pcnt": [0, 12, 12, 12, 12, 12, 12, 12, 12, 12, 12, 12, 12, 16, 16, 16, 16, 16, 16, 16, 64, 64, 64, 64, 64, 64, 64, 64, 64, 64, 64, 64, 64, 64, 64, 64, 64, 64, 64, 64, 64, 64, 64, 64, 64, 64, 64, 64, 64, 64, 64, 64, 64, 64, 64, 64, 64, 64, 64, 64, 64, 64, 64, 64]}}, {"type": "Feature", "geometry": {"type": "Point", "coordinates": [-104.27108, 50.3554]}, "properties": {"twp": "016-17-W2", "prov": "SK", "total": 70, "first": 1884, "cum": [0, 0, 0, 48, 48, 48, 48, 48, 48, 48, 48, 48, 48, 48, 48, 48, 48, 49, 51, 57, 63, 68, 68, 68, 68, 70, 70, 70, 70, 70, 70, 70, 70, 70, 70, 70, 70, 70, 70, 70, 70, 70, 70, 70, 70, 70, 70, 70, 70, 70, 70, 70, 70, 70, 70, 70, 70, 70, 70, 70, 70, 70, 70, 70], "psum": [0, 0, 0, 192.0, 192.0, 192.0, 192.0, 192.0, 192.0, 192.0, 192.0, 192.0, 192.0, 192.0, 192.0, 192.0, 192.0, 195.0, 201.0, 219.0, 237.0, 262.0, 262.0, 262.0, 262.0, 276.0, 276.0, 276.0, 276.0, 276.0, 276.0, 276.0, 276.0, 276.0, 276.0, 276.0, 276.0, 276.0, 276.0, 276.0, 276.0, 276.0, 276.0, 276.0, 276.0, 276.0, 276.0, 276.0, 276.0, 276.0, 276.0, 276.0, 276.0, 276.0, 276.0, 276.0, 276.0, 276.0, 276.0, 276.0, 276.0, 276.0, 276.0, 276.0], "pcnt": [0, 0, 0, 48, 48, 48, 48, 48, 48, 48, 48, 48, 48, 48, 48, 48, 48, 49, 51, 57, 63, 68, 68, 68, 68, 70, 70, 70, 70, 70, 70, 70, 70, 70, 70, 70, 70, 70, 70, 70, 70, 70, 70, 70, 70, 70, 70, 70, 70, 70, 70, 70, 70, 70, 70, 70, 70, 70, 70, 70, 70, 70, 70, 70]}}, {"type": "Feature", "geometry": {"type": "Point", "coordinates": [-107.73932, 50.35872]}, "properties": {"twp": "016-13-W3", "prov": "SK", "total": 97, "first": 1903, "cum": [0, 0, 0, 0, 0, 0, 0, 0, 0, 0, 0, 0, 0, 0, 0, 0, 0, 0, 0, 0, 0, 0, 94, 94, 94, 94, 94, 94, 94, 97, 97, 97, 97, 97, 97, 97, 97, 97, 97, 97, 97, 97, 97, 97, 97, 97, 97, 97, 97, 97, 97, 97, 97, 97, 97, 97, 97, 97, 97, 97, 97, 97, 97, 97], "psum": [0, 0, 0, 0, 0, 0, 0, 0, 0, 0, 0, 0, 0, 0, 0, 0, 0, 0, 0, 0, 0, 0, 315.0, 315.0, 315.0, 315.0, 315.0, 315.0, 315.0, 339.0, 339.0, 339.0, 339.0, 339.0, 339.0, 339.0, 339.0, 339.0, 339.0, 339.0, 339.0, 339.0, 339.0, 339.0, 339.0, 339.0, 339.0, 339.0, 339.0, 339.0, 339.0, 339.0, 339.0, 339.0, 339.0, 339.0, 339.0, 339.0, 339.0, 339.0, 339.0, 339.0, 339.0, 339.0], "pcnt": [0, 0, 0, 0, 0, 0, 0, 0, 0, 0, 0, 0, 0, 0, 0, 0, 0, 0, 0, 0, 0, 0, 94, 94, 94, 94, 94, 94, 94, 97, 97, 97, 97, 97, 97, 97, 97, 97, 97, 97, 97, 97, 97, 97, 97, 97, 97, 97, 97, 97, 97, 97, 97, 97, 97, 97, 97, 97, 97, 97, 97, 97, 97, 97]}}, {"type": "Feature", "geometry": {"type": "Point", "coordinates": [-107.27735, 50.3895]}, "properties": {"twp": "016-10-W3", "prov": "SK", "total": 14, "first": 1904, "cum": [0, 0, 0, 0, 0, 0, 0, 0, 0, 0, 0, 0, 0, 0, 0, 0, 0, 0, 0, 0, 0, 0, 0, 8, 8, 8, 14, 14, 14, 14, 14, 14, 14, 14, 14, 14, 14, 14, 14, 14, 14, 14, 14, 14, 14, 14, 14, 14, 14, 14, 14, 14, 14, 14, 14, 14, 14, 14, 14, 14, 14, 14, 14, 14], "psum": [0, 0, 0, 0, 0, 0, 0, 0, 0, 0, 0, 0, 0, 0, 0, 0, 0, 0, 0, 0, 0, 0, 0, 28.0, 28.0, 28.0, 49.0, 49.0, 49.0, 49.0, 49.0, 49.0, 49.0, 49.0, 49.0, 49.0, 49.0, 49.0, 49.0, 49.0, 49.0, 49.0, 49.0, 49.0, 49.0, 49.0, 49.0, 49.0, 49.0, 49.0, 49.0, 49.0, 49.0, 49.0, 49.0, 49.0, 49.0, 49.0, 49.0, 49.0, 49.0, 49.0, 49.0, 49.0], "pcnt": [0, 0, 0, 0, 0, 0, 0, 0, 0, 0, 0, 0, 0, 0, 0, 0, 0, 0, 0, 0, 0, 0, 0, 8, 8, 8, 14, 14, 14, 14, 14, 14, 14, 14, 14, 14, 14, 14, 14, 14, 14, 14, 14, 14, 14, 14, 14, 14, 14, 14, 14, 14, 14, 14, 14, 14, 14, 14, 14, 14, 14, 14, 14, 14]}}, {"type": "Feature", "geometry": {"type": "Point", "coordinates": [-103.30649, 50.36575]}, "properties": {"twp": "016-10-W2", "prov": "SK", "total": 40, "first": 1883, "cum": [0, 0, 1, 2, 2, 2, 2, 2, 2, 2, 2, 2, 3, 4, 4, 5, 6, 12, 20, 26, 27, 28, 36, 38, 38, 40, 40, 40, 40, 40, 40, 40, 40, 40, 40, 40, 40, 40, 40, 40, 40, 40, 40, 40, 40, 40, 40, 40, 40, 40, 40, 40, 40, 40, 40, 40, 40, 40, 40, 40, 40, 40, 40, 40], "psum": [0, 0, 4.0, 8.0, 8.0, 8.0, 8.0, 8.0, 8.0, 8.0, 8.0, 8.0, 11.0, 14.0, 14.0, 17.0, 20.0, 37.7, 61.7, 79.7, 82.7, 92.7, 141.2, 157.2, 157.2, 177.2, 177.2, 177.2, 177.2, 177.2, 177.2, 177.2, 177.2, 177.2, 177.2, 177.2, 177.2, 177.2, 177.2, 177.2, 177.2, 177.2, 177.2, 177.2, 177.2, 177.2, 177.2, 177.2, 177.2, 177.2, 177.2, 177.2, 177.2, 177.2, 177.2, 177.2, 177.2, 177.2, 177.2, 177.2, 177.2, 177.2, 177.2, 177.2], "pcnt": [0, 0, 1, 2, 2, 2, 2, 2, 2, 2, 2, 2, 3, 4, 4, 5, 6, 12, 20, 26, 27, 28, 36, 38, 38, 40, 40, 40, 40, 40, 40, 40, 40, 40, 40, 40, 40, 40, 40, 40, 40, 40, 40, 40, 40, 40, 40, 40, 40, 40, 40, 40, 40, 40, 40, 40, 40, 40, 40, 40, 40, 40, 40, 40]}}, {"type": "Feature", "geometry": {"type": "Point", "coordinates": [-103.18077, 50.35252]}, "properties": {"twp": "016-09-W2", "prov": "SK", "total": 47, "first": 1882, "cum": [0, 12, 12, 14, 14, 14, 14, 14, 14, 14, 14, 14, 14, 14, 14, 14, 15, 19, 19, 25, 29, 34, 38, 40, 41, 46, 46, 47, 47, 47, 47, 47, 47, 47, 47, 47, 47, 47, 47, 47, 47, 47, 47, 47, 47, 47, 47, 47, 47, 47, 47, 47, 47, 47, 47, 47, 47, 47, 47, 47, 47, 47, 47, 47], "psum": [0, 30.0, 30.0, 36.0, 36.0, 36.0, 36.0, 36.0, 36.0, 36.0, 36.0, 36.0, 36.0, 36.0, 36.0, 36.0, 39.0, 51.0, 51.0, 69.0, 81.0, 106.0, 130.0, 148.0, 156.0, 216.0, 216.0, 226.0, 226.0, 226.0, 226.0, 226.0, 226.0, 226.0, 226.0, 226.0, 226.0, 226.0, 226.0, 226.0, 226.0, 226.0, 226.0, 226.0, 226.0, 226.0, 226.0, 226.0, 226.0, 226.0, 226.0, 226.0, 226.0, 226.0, 226.0, 226.0, 226.0, 226.0, 226.0, 226.0, 226.0, 226.0, 226.0, 226.0], "pcnt": [0, 12, 12, 14, 14, 14, 14, 14, 14, 14, 14, 14, 14, 14, 14, 14, 15, 19, 19, 25, 29, 34, 38, 40, 41, 46, 46, 47, 47, 47, 47, 47, 47, 47, 47, 47, 47, 47, 47, 47, 47, 47, 47, 47, 47, 47, 47, 47, 47, 47, 47, 47, 47, 47, 47, 47, 47, 47, 47, 47, 47, 47, 47, 47]}}, {"type": "Feature", "geometry": {"type": "Point", "coordinates": [-103.04803, 50.35656]}, "properties": {"twp": "016-08-W2", "prov": "SK", "total": 55, "first": 1882, "cum": [0, 7, 15, 43, 43, 43, 43, 43, 43, 43, 43, 43, 43, 43, 43, 43, 43, 43, 43, 43, 43, 43, 45, 45, 45, 53, 55, 55, 55, 55, 55, 55, 55, 55, 55, 55, 55, 55, 55, 55, 55, 55, 55, 55, 55, 55, 55, 55, 55, 55, 55, 55, 55, 55, 55, 55, 55, 55, 55, 55, 55, 55, 55, 55], "psum": [0, 17.5, 37.5, 109.0, 109.0, 109.0, 109.0, 109.0, 109.0, 109.0, 109.0, 109.0, 109.0, 109.0, 109.0, 109.0, 109.0, 109.0, 109.0, 109.0, 109.0, 109.0, 121.0, 121.0, 121.0, 201.0, 223.0, 223.0, 223.0, 223.0, 223.0, 223.0, 223.0, 223.0, 223.0, 223.0, 223.0, 223.0, 223.0, 223.0, 223.0, 223.0, 223.0, 223.0, 223.0, 223.0, 223.0, 223.0, 223.0, 223.0, 223.0, 223.0, 223.0, 223.0, 223.0, 223.0, 223.0, 223.0, 223.0, 223.0, 223.0, 223.0, 223.0, 223.0], "pcnt": [0, 7, 15, 43, 43, 43, 43, 43, 43, 43, 43, 43, 43, 43, 43, 43, 43, 43, 43, 43, 43, 43, 45, 45, 45, 53, 55, 55, 55, 55, 55, 55, 55, 55, 55, 55, 55, 55, 55, 55, 55, 55, 55, 55, 55, 55, 55, 55, 55, 55, 55, 55, 55, 55, 55, 55, 55, 55, 55, 55, 55, 55, 55, 55]}}, {"type": "Feature", "geometry": {"type": "Point", "coordinates": [-102.90929, 50.35538]}, "properties": {"twp": "016-07-W2", "prov": "SK", "total": 56, "first": 1882, "cum": [0, 16, 19, 19, 19, 19, 19, 19, 23, 27, 27, 27, 28, 28, 28, 28, 31, 35, 37, 43, 46, 46, 47, 47, 52, 55, 55, 55, 56, 56, 56, 56, 56, 56, 56, 56, 56, 56, 56, 56, 56, 56, 56, 56, 56, 56, 56, 56, 56, 56, 56, 56, 56, 56, 56, 56, 56, 56, 56, 56, 56, 56, 56, 56], "psum": [0, 40.0, 55.0, 55.0, 55.0, 55.0, 55.0, 55.0, 69.0, 81.0, 81.0, 81.0, 84.0, 84.0, 84.0, 84.0, 93.0, 105.0, 111.0, 129.0, 138.8, 138.8, 145.8, 145.8, 185.8, 206.8, 206.8, 206.8, 216.8, 216.8, 216.8, 216.8, 216.8, 216.8, 216.8, 216.8, 216.8, 216.8, 216.8, 216.8, 216.8, 216.8, 216.8, 216.8, 216.8, 216.8, 216.8, 216.8, 216.8, 216.8, 216.8, 216.8, 216.8, 216.8, 216.8, 216.8, 216.8, 216.8, 216.8, 216.8, 216.8, 216.8, 216.8, 216.8], "pcnt": [0, 16, 19, 19, 19, 19, 19, 19, 23, 27, 27, 27, 28, 28, 28, 28, 31, 35, 37, 43, 46, 46, 47, 47, 52, 55, 55, 55, 56, 56, 56, 56, 56, 56, 56, 56, 56, 56, 56, 56, 56, 56, 56, 56, 56, 56, 56, 56, 56, 56, 56, 56, 56, 56, 56, 56, 56, 56, 56, 56, 56, 56, 56, 56]}}, {"type": "Feature", "geometry": {"type": "Point", "coordinates": [-102.7681, 50.35909]}, "properties": {"twp": "016-06-W2", "prov": "SK", "total": 38, "first": 1882, "cum": [0, 13, 13, 21, 21, 29, 29, 29, 29, 29, 29, 31, 31, 31, 31, 31, 31, 31, 32, 32, 32, 32, 32, 34, 35, 38, 38, 38, 38, 38, 38, 38, 38, 38, 38, 38, 38, 38, 38, 38, 38, 38, 38, 38, 38, 38, 38, 38, 38, 38, 38, 38, 38, 38, 38, 38, 38, 38, 38, 38, 38, 38, 38, 38], "psum": [0, 32.5, 32.5, 56.5, 56.5, 80.5, 80.5, 80.5, 80.5, 80.5, 80.5, 86.5, 86.5, 86.5, 86.5, 86.5, 86.5, 86.5, 91.5, 91.5, 91.5, 91.5, 91.5, 105.5, 111.5, 137.5, 137.5, 137.5, 137.5, 137.5, 137.5, 137.5, 137.5, 137.5, 137.5, 137.5, 137.5, 137.5, 137.5, 137.5, 137.5, 137.5, 137.5, 137.5, 137.5, 137.5, 137.5, 137.5, 137.5, 137.5, 137.5, 137.5, 137.5, 137.5, 137.5, 137.5, 137.5, 137.5, 137.5, 137.5, 137.5, 137.5, 137.5, 137.5], "pcnt": [0, 13, 13, 21, 21, 29, 29, 29, 29, 29, 29, 31, 31, 31, 31, 31, 31, 31, 32, 32, 32, 32, 32, 34, 35, 38, 38, 38, 38, 38, 38, 38, 38, 38, 38, 38, 38, 38, 38, 38, 38, 38, 38, 38, 38, 38, 38, 38, 38, 38, 38, 38, 38, 38, 38, 38, 38, 38, 38, 38, 38, 38, 38, 38]}}, {"type": "Feature", "geometry": {"type": "Point", "coordinates": [-102.63463, 50.35969]}, "properties": {"twp": "016-05-W2", "prov": "SK", "total": 66, "first": 1882, "cum": [0, 16, 16, 22, 22, 22, 22, 22, 22, 22, 22, 22, 22, 23, 23, 23, 24, 25, 31, 32, 32, 38, 39, 44, 50, 59, 60, 64, 64, 66, 66, 66, 66, 66, 66, 66, 66, 66, 66, 66, 66, 66, 66, 66, 66, 66, 66, 66, 66, 66, 66, 66, 66, 66, 66, 66, 66, 66, 66, 66, 66, 66, 66, 66], "psum": [0, 40.0, 40.0, 58.0, 58.0, 58.0, 58.0, 58.0, 58.0, 58.0, 58.0, 58.0, 58.0, 61.0, 61.0, 61.0, 64.0, 66.5, 89.0, 92.0, 92.0, 118.0, 125.0, 173.0, 254.3, 336.3, 373.8, 463.8, 463.8, 483.8, 483.8, 483.8, 483.8, 483.8, 483.8, 483.8, 483.8, 483.8, 483.8, 483.8, 483.8, 483.8, 483.8, 483.8, 483.8, 483.8, 483.8, 483.8, 483.8, 483.8, 483.8, 483.8, 483.8, 483.8, 483.8, 483.8, 483.8, 483.8, 483.8, 483.8, 483.8, 483.8, 483.8, 483.8], "pcnt": [0, 16, 16, 22, 22, 22, 22, 22, 22, 22, 22, 22, 22, 23, 23, 23, 24, 25, 31, 32, 32, 38, 39, 44, 50, 59, 60, 64, 64, 66, 66, 66, 66, 66, 66, 66, 66, 66, 66, 66, 66, 66, 66, 66, 66, 66, 66, 66, 66, 66, 66, 66, 66, 66, 66, 66, 66, 66, 66, 66, 66, 66, 66, 66]}}, {"type": "Feature", "geometry": {"type": "Point", "coordinates": [-102.35889, 50.35292]}, "properties": {"twp": "016-03-W2", "prov": "SK", "total": 42, "first": 1884, "cum": [0, 0, 0, 20, 20, 20, 20, 20, 20, 20, 20, 20, 20, 20, 20, 20, 20, 22, 23, 23, 23, 39, 39, 39, 40, 42, 42, 42, 42, 42, 42, 42, 42, 42, 42, 42, 42, 42, 42, 42, 42, 42, 42, 42, 42, 42, 42, 42, 42, 42, 42, 42, 42, 42, 42, 42, 42, 42, 42, 42, 42, 42, 42, 42], "psum": [0, 0, 0, 60.0, 60.0, 60.0, 60.0, 60.0, 60.0, 60.0, 60.0, 60.0, 60.0, 60.0, 60.0, 60.0, 60.0, 66.0, 69.0, 69.0, 69.0, 149.0, 149.0, 149.0, 157.0, 173.0, 173.0, 173.0, 173.0, 173.0, 173.0, 173.0, 173.0, 173.0, 173.0, 173.0, 173.0, 173.0, 173.0, 173.0, 173.0, 173.0, 173.0, 173.0, 173.0, 173.0, 173.0, 173.0, 173.0, 173.0, 173.0, 173.0, 173.0, 173.0, 173.0, 173.0, 173.0, 173.0, 173.0, 173.0, 173.0, 173.0, 173.0, 173.0], "pcnt": [0, 0, 0, 20, 20, 20, 20, 20, 20, 20, 20, 20, 20, 20, 20, 20, 20, 22, 23, 23, 23, 39, 39, 39, 40, 42, 42, 42, 42, 42, 42, 42, 42, 42, 42, 42, 42, 42, 42, 42, 42, 42, 42, 42, 42, 42, 42, 42, 42, 42, 42, 42, 42, 42, 42, 42, 42, 42, 42, 42, 42, 42, 42, 42]}}, {"type": "Feature", "geometry": {"type": "Point", "coordinates": [-106.17209, 50.38144]}, "properties": {"twp": "016-02-W3", "prov": "SK", "total": 19, "first": 1903, "cum": [0, 0, 0, 0, 0, 0, 0, 0, 0, 0, 0, 0, 0, 0, 0, 0, 0, 0, 0, 0, 0, 0, 3, 3, 10, 16, 16, 16, 16, 18, 19, 19, 19, 19, 19, 19, 19, 19, 19, 19, 19, 19, 19, 19, 19, 19, 19, 19, 19, 19, 19, 19, 19, 19, 19, 19, 19, 19, 19, 19, 19, 19, 19, 19], "psum": [0, 0, 0, 0, 0, 0, 0, 0, 0, 0, 0, 0, 0, 0, 0, 0, 0, 0, 0, 0, 0, 0, 10.5, 10.5, 38.5, 62.5, 62.5, 62.5, 62.5, 81.5, 93.5, 93.5, 93.5, 93.5, 93.5, 93.5, 93.5, 93.5, 93.5, 93.5, 93.5, 93.5, 93.5, 93.5, 93.5, 93.5, 93.5, 93.5, 93.5, 93.5, 93.5, 93.5, 93.5, 93.5, 93.5, 93.5, 93.5, 93.5, 93.5, 93.5, 93.5, 93.5, 93.5, 93.5], "pcnt": [0, 0, 0, 0, 0, 0, 0, 0, 0, 0, 0, 0, 0, 0, 0, 0, 0, 0, 0, 0, 0, 0, 3, 3, 10, 16, 16, 16, 16, 18, 19, 19, 19, 19, 19, 19, 19, 19, 19, 19, 19, 19, 19, 19, 19, 19, 19, 19, 19, 19, 19, 19, 19, 19, 19, 19, 19, 19, 19, 19, 19, 19, 19, 19]}}, {"type": "Feature", "geometry": {"type": "Point", "coordinates": [-106.07959, 50.37775]}, "properties": {"twp": "016-01-W3", "prov": "SK", "total": 58, "first": 1902, "cum": [0, 0, 0, 0, 0, 0, 0, 0, 0, 0, 0, 0, 0, 0, 0, 0, 0, 0, 0, 0, 0, 30, 54, 54, 56, 58, 58, 58, 58, 58, 58, 58, 58, 58, 58, 58, 58, 58, 58, 58, 58, 58, 58, 58, 58, 58, 58, 58, 58, 58, 58, 58, 58, 58, 58, 58, 58, 58, 58, 58, 58, 58, 58, 58], "psum": [0, 0, 0, 0, 0, 0, 0, 0, 0, 0, 0, 0, 0, 0, 0, 0, 0, 0, 0, 0, 0, 90.0, 168.0, 168.0, 176.0, 188.0, 188.0, 188.0, 188.0, 188.0, 188.0, 188.0, 188.0, 188.0, 188.0, 188.0, 188.0, 188.0, 188.0, 188.0, 188.0, 188.0, 188.0, 188.0, 188.0, 188.0, 188.0, 188.0, 188.0, 188.0, 188.0, 188.0, 188.0, 188.0, 188.0, 188.0, 188.0, 188.0, 188.0, 188.0, 188.0, 188.0, 188.0, 188.0], "pcnt": [0, 0, 0, 0, 0, 0, 0, 0, 0, 0, 0, 0, 0, 0, 0, 0, 0, 0, 0, 0, 0, 30, 54, 54, 56, 58, 58, 58, 58, 58, 58, 58, 58, 58, 58, 58, 58, 58, 58, 58, 58, 58, 58, 58, 58, 58, 58, 58, 58, 58, 58, 58, 58, 58, 58, 58, 58, 58, 58, 58, 58, 58, 58, 58]}}, {"type": "Feature", "geometry": {"type": "Point", "coordinates": [-102.07833, 50.35582]}, "properties": {"twp": "016-01-W2", "prov": "SK", "total": 44, "first": 1884, "cum": [0, 0, 0, 4, 4, 4, 4, 4, 4, 4, 4, 4, 4, 4, 4, 4, 4, 4, 5, 5, 5, 18, 22, 22, 23, 42, 42, 42, 43, 44, 44, 44, 44, 44, 44, 44, 44, 44, 44, 44, 44, 44, 44, 44, 44, 44, 44, 44, 44, 44, 44, 44, 44, 44, 44, 44, 44, 44, 44, 44, 44, 44, 44, 44], "psum": [0, 0, 0, 12.0, 12.0, 12.0, 12.0, 12.0, 12.0, 12.0, 12.0, 12.0, 12.0, 12.0, 12.0, 12.0, 12.0, 12.0, 22.0, 22.0, 22.0, 79.0, 107.0, 107.0, 114.0, 266.0, 266.0, 266.0, 275.5, 285.5, 285.5, 285.5, 285.5, 285.5, 285.5, 285.5, 285.5, 285.5, 285.5, 285.5, 285.5, 285.5, 285.5, 285.5, 285.5, 285.5, 285.5, 285.5, 285.5, 285.5, 285.5, 285.5, 285.5, 285.5, 285.5, 285.5, 285.5, 285.5, 285.5, 285.5, 285.5, 285.5, 285.5, 285.5], "pcnt": [0, 0, 0, 4, 4, 4, 4, 4, 4, 4, 4, 4, 4, 4, 4, 4, 4, 4, 5, 5, 5, 18, 22, 22, 23, 42, 42, 42, 43, 44, 44, 44, 44, 44, 44, 44, 44, 44, 44, 44, 44, 44, 44, 44, 44, 44, 44, 44, 44, 44, 44, 44, 44, 44, 44, 44, 44, 44, 44, 44, 44, 44, 44, 44]}}, {"type": "Feature", "geometry": {"type": "Point", "coordinates": [-101.84279, 50.28367]}, "properties": {"twp": "015-32-W1", "prov": "SK", "total": 61, "first": 1888, "cum": [0, 0, 0, 0, 0, 0, 0, 1, 1, 1, 2, 5, 5, 6, 8, 8, 10, 22, 31, 40, 41, 41, 45, 45, 48, 60, 61, 61, 61, 61, 61, 61, 61, 61, 61, 61, 61, 61, 61, 61, 61, 61, 61, 61, 61, 61, 61, 61, 61, 61, 61, 61, 61, 61, 61, 61, 61, 61, 61, 61, 61, 61, 61, 61], "psum": [0, 0, 0, 0, 0, 0, 0, 2.5, 2.5, 2.5, 6.5, 15.5, 15.5, 18.5, 24.5, 24.5, 30.5, 66.5, 93.5, 120.5, 123.5, 123.5, 143.5, 143.5, 161.5, 237.5, 247.5, 247.5, 247.5, 247.5, 247.5, 247.5, 247.5, 247.5, 247.5, 247.5, 247.5, 247.5, 247.5, 247.5, 247.5, 247.5, 247.5, 247.5, 247.5, 247.5, 247.5, 247.5, 247.5, 247.5, 247.5, 247.5, 247.5, 247.5, 247.5, 247.5, 247.5, 247.5, 247.5, 247.5, 247.5, 247.5, 247.5, 247.5], "pcnt": [0, 0, 0, 0, 0, 0, 0, 1, 1, 1, 2, 5, 5, 6, 8, 8, 10, 22, 31, 40, 41, 41, 45, 45, 48, 60, 61, 61, 61, 61, 61, 61, 61, 61, 61, 61, 61, 61, 61, 61, 61, 61, 61, 61, 61, 61, 61, 61, 61, 61, 61, 61, 61, 61, 61, 61, 61, 61, 61, 61, 61, 61, 61, 61]}}, {"type": "Feature", "geometry": {"type": "Point", "coordinates": [-101.6918, 50.28859]}, "properties": {"twp": "015-31-W1", "prov": "SK", "total": 64, "first": 1882, "cum": [0, 12, 12, 12, 12, 12, 12, 14, 15, 17, 17, 26, 28, 31, 32, 36, 41, 47, 54, 56, 61, 61, 61, 62, 64, 64, 64, 64, 64, 64, 64, 64, 64, 64, 64, 64, 64, 64, 64, 64, 64, 64, 64, 64, 64, 64, 64, 64, 64, 64, 64, 64, 64, 64, 64, 64, 64, 64, 64, 64, 64, 64, 64, 64], "psum": [0, 30.0, 30.0, 30.0, 30.0, 30.0, 30.0, 37.0, 41.0, 49.0, 49.0, 76.5, 82.5, 91.5, 94.5, 106.5, 121.5, 139.5, 160.5, 166.5, 181.5, 181.5, 181.5, 189.5, 205.5, 205.5, 205.5, 205.5, 205.5, 205.5, 205.5, 205.5, 205.5, 205.5, 205.5, 205.5, 205.5, 205.5, 205.5, 205.5, 205.5, 205.5, 205.5, 205.5, 205.5, 205.5, 205.5, 205.5, 205.5, 205.5, 205.5, 205.5, 205.5, 205.5, 205.5, 205.5, 205.5, 205.5, 205.5, 205.5, 205.5, 205.5, 205.5, 205.5], "pcnt": [0, 12, 12, 12, 12, 12, 12, 14, 15, 17, 17, 26, 28, 31, 32, 36, 41, 47, 54, 56, 61, 61, 61, 62, 64, 64, 64, 64, 64, 64, 64, 64, 64, 64, 64, 64, 64, 64, 64, 64, 64, 64, 64, 64, 64, 64, 64, 64, 64, 64, 64, 64, 64, 64, 64, 64, 64, 64, 64, 64, 64, 64, 64, 64]}}, {"type": "Feature", "geometry": {"type": "Point", "coordinates": [-101.55319, 50.28711]}, "properties": {"twp": "015-30-W1", "prov": "SK", "total": 82, "first": 1882, "cum": [0, 10, 10, 10, 10, 10, 10, 10, 12, 12, 12, 12, 12, 12, 12, 12, 16, 27, 40, 50, 53, 57, 73, 74, 77, 81, 81, 81, 81, 82, 82, 82, 82, 82, 82, 82, 82, 82, 82, 82, 82, 82, 82, 82, 82, 82, 82, 82, 82, 82, 82, 82, 82, 82, 82, 82, 82, 82, 82, 82, 82, 82, 82, 82], "psum": [0, 25.0, 25.0, 25.0, 25.0, 25.0, 25.0, 25.0, 34.0, 34.0, 34.0, 34.0, 34.0, 34.0, 34.0, 34.0, 46.0, 79.0, 122.5, 152.0, 161.0, 186.0, 297.0, 304.0, 325.0, 361.0, 361.0, 361.0, 361.0, 373.0, 373.0, 373.0, 373.0, 373.0, 373.0, 373.0, 373.0, 373.0, 373.0, 373.0, 373.0, 373.0, 373.0, 373.0, 373.0, 373.0, 373.0, 373.0, 373.0, 373.0, 373.0, 373.0, 373.0, 373.0, 373.0, 373.0, 373.0, 373.0, 373.0, 373.0, 373.0, 373.0, 373.0, 373.0], "pcnt": [0, 10, 10, 10, 10, 10, 10, 10, 12, 12, 12, 12, 12, 12, 12, 12, 16, 27, 40, 50, 53, 57, 73, 74, 77, 81, 81, 81, 81, 82, 82, 82, 82, 82, 82, 82, 82, 82, 82, 82, 82, 82, 82, 82, 82, 82, 82, 82, 82, 82, 82, 82, 82, 82, 82, 82, 82, 82, 82, 82, 82, 82, 82, 82]}}, {"type": "Feature", "geometry": {"type": "Point", "coordinates": [-105.62552, 50.27053]}, "properties": {"twp": "015-27-W2", "prov": "SK", "total": 75, "first": 1901, "cum": [0, 0, 0, 0, 0, 0, 0, 0, 0, 0, 0, 0, 0, 0, 0, 0, 0, 0, 0, 0, 2, 17, 34, 34, 41, 68, 68, 68, 72, 75, 75, 75, 75, 75, 75, 75, 75, 75, 75, 75, 75, 75, 75, 75, 75, 75, 75, 75, 75, 75, 75, 75, 75, 75, 75, 75, 75, 75, 75, 75, 75, 75, 75, 75], "psum": [0, 0, 0, 0, 0, 0, 0, 0, 0, 0, 0, 0, 0, 0, 0, 0, 0, 0, 0, 0, 6.0, 66.0, 147.0, 147.0, 182.0, 336.0, 336.0, 336.0, 360.0, 392.0, 392.0, 392.0, 392.0, 392.0, 392.0, 392.0, 392.0, 392.0, 392.0, 392.0, 392.0, 392.0, 392.0, 392.0, 392.0, 392.0, 392.0, 392.0, 392.0, 392.0, 392.0, 392.0, 392.0, 392.0, 392.0, 392.0, 392.0, 392.0, 392.0, 392.0, 392.0, 392.0, 392.0, 392.0], "pcnt": [0, 0, 0, 0, 0, 0, 0, 0, 0, 0, 0, 0, 0, 0, 0, 0, 0, 0, 0, 0, 2, 17, 34, 34, 41, 68, 68, 68, 72, 75, 75, 75, 75, 75, 75, 75, 75, 75, 75, 75, 75, 75, 75, 75, 75, 75, 75, 75, 75, 75, 75, 75, 75, 75, 75, 75, 75, 75, 75, 75, 75, 75, 75, 75]}}, {"type": "Feature", "geometry": {"type": "Point", "coordinates": [-105.52383, 50.27055]}, "properties": {"twp": "015-26-W2", "prov": "SK", "total": 73, "first": 1882, "cum": [0, 6, 6, 6, 6, 6, 6, 6, 6, 6, 6, 6, 6, 6, 6, 6, 6, 6, 6, 6, 9, 31, 34, 34, 62, 73, 73, 73, 73, 73, 73, 73, 73, 73, 73, 73, 73, 73, 73, 73, 73, 73, 73, 73, 73, 73, 73, 73, 73, 73, 73, 73, 73, 73, 73, 73, 73, 73, 73, 73, 73, 73, 73, 73], "psum": [0, 15.0, 15.0, 15.0, 15.0, 15.0, 15.0, 15.0, 15.0, 15.0, 15.0, 15.0, 15.0, 15.0, 15.0, 15.0, 15.0, 15.0, 15.0, 15.0, 26.0, 120.0, 132.0, 132.0, 284.0, 350.0, 350.0, 350.0, 350.0, 350.0, 350.0, 350.0, 350.0, 350.0, 350.0, 350.0, 350.0, 350.0, 350.0, 350.0, 350.0, 350.0, 350.0, 350.0, 350.0, 350.0, 350.0, 350.0, 350.0, 350.0, 350.0, 350.0, 350.0, 350.0, 350.0, 350.0, 350.0, 350.0, 350.0, 350.0, 350.0, 350.0, 350.0, 350.0], "pcnt": [0, 6, 6, 6, 6, 6, 6, 6, 6, 6, 6, 6, 6, 6, 6, 6, 6, 6, 6, 6, 9, 31, 34, 34, 62, 73, 73, 73, 73, 73, 73, 73, 73, 73, 73, 73, 73, 73, 73, 73, 73, 73, 73, 73, 73, 73, 73, 73, 73, 73, 73, 73, 73, 73, 73, 73, 73, 73, 73, 73, 73, 73, 73, 73]}}, {"type": "Feature", "geometry": {"type": "Point", "coordinates": [-105.38896, 50.26633]}, "properties": {"twp": "015-25-W2", "prov": "SK", "total": 90, "first": 1882, "cum": [0, 32, 32, 32, 32, 34, 34, 34, 36, 36, 36, 36, 36, 36, 36, 36, 36, 36, 38, 40, 58, 86, 86, 86, 86, 86, 86, 90, 90, 90, 90, 90, 90, 90, 90, 90, 90, 90, 90, 90, 90, 90, 90, 90, 90, 90, 90, 90, 90, 90, 90, 90, 90, 90, 90, 90, 90, 90, 90, 90, 90, 90, 90, 90], "psum": [0, 80.0, 80.0, 80.0, 80.0, 85.0, 85.0, 85.0, 92.5, 92.5, 92.5, 92.5, 92.5, 92.5, 92.5, 92.5, 92.5, 92.5, 98.5, 104.5, 167.0, 279.0, 279.0, 279.0, 279.0, 279.0, 279.0, 327.0, 327.0, 327.0, 327.0, 327.0, 327.0, 327.0, 327.0, 327.0, 327.0, 327.0, 327.0, 327.0, 327.0, 327.0, 327.0, 327.0, 327.0, 327.0, 327.0, 327.0, 327.0, 327.0, 327.0, 327.0, 327.0, 327.0, 327.0, 327.0, 327.0, 327.0, 327.0, 327.0, 327.0, 327.0, 327.0, 327.0], "pcnt": [0, 32, 32, 32, 32, 34, 34, 34, 36, 36, 36, 36, 36, 36, 36, 36, 36, 36, 38, 40, 58, 86, 86, 86, 86, 86, 86, 90, 90, 90, 90, 90, 90, 90, 90, 90, 90, 90, 90, 90, 90, 90, 90, 90, 90, 90, 90, 90, 90, 90, 90, 90, 90, 90, 90, 90, 90, 90, 90, 90, 90, 90, 90, 90]}}, {"type": "Feature", "geometry": {"type": "Point", "coordinates": [-104.97078, 50.26325]}, "properties": {"twp": "015-22-W2", "prov": "SK", "total": 67, "first": 1900, "cum": [0, 0, 0, 0, 0, 0, 0, 0, 0, 0, 0, 0, 0, 0, 0, 0, 0, 0, 0, 2, 59, 67, 67, 67, 67, 67, 67, 67, 67, 67, 67, 67, 67, 67, 67, 67, 67, 67, 67, 67, 67, 67, 67, 67, 67, 67, 67, 67, 67, 67, 67, 67, 67, 67, 67, 67, 67, 67, 67, 67, 67, 67, 67, 67], "psum": [0, 0, 0, 0, 0, 0, 0, 0, 0, 0, 0, 0, 0, 0, 0, 0, 0, 0, 0, 6.0, 165.0, 189.0, 189.0, 189.0, 189.0, 189.0, 189.0, 189.0, 189.0, 189.0, 189.0, 189.0, 189.0, 189.0, 189.0, 189.0, 189.0, 189.0, 189.0, 189.0, 189.0, 189.0, 189.0, 189.0, 189.0, 189.0, 189.0, 189.0, 189.0, 189.0, 189.0, 189.0, 189.0, 189.0, 189.0, 189.0, 189.0, 189.0, 189.0, 189.0, 189.0, 189.0, 189.0, 189.0], "pcnt": [0, 0, 0, 0, 0, 0, 0, 0, 0, 0, 0, 0, 0, 0, 0, 0, 0, 0, 0, 2, 59, 67, 67, 67, 67, 67, 67, 67, 67, 67, 67, 67, 67, 67, 67, 67, 67, 67, 67, 67, 67, 67, 67, 67, 67, 67, 67, 67, 67, 67, 67, 67, 67, 67, 67, 67, 67, 67, 67, 67, 67, 67, 67, 67]}}, {"type": "Feature", "geometry": {"type": "Point", "coordinates": [-104.84148, 50.27403]}, "properties": {"twp": "015-21-W2", "prov": "SK", "total": 49, "first": 1882, "cum": [0, 11, 11, 11, 11, 11, 11, 11, 11, 11, 11, 11, 11, 11, 11, 11, 11, 11, 11, 11, 47, 49, 49, 49, 49, 49, 49, 49, 49, 49, 49, 49, 49, 49, 49, 49, 49, 49, 49, 49, 49, 49, 49, 49, 49, 49, 49, 49, 49, 49, 49, 49, 49, 49, 49, 49, 49, 49, 49, 49, 49, 49, 49, 49], "psum": [0, 27.5, 27.5, 27.5, 27.5, 27.5, 27.5, 27.5, 27.5, 27.5, 27.5, 27.5, 27.5, 27.5, 27.5, 27.5, 27.5, 27.5, 27.5, 27.5, 123.5, 129.5, 129.5, 129.5, 129.5, 129.5, 129.5, 129.5, 129.5, 129.5, 129.5, 129.5, 129.5, 129.5, 129.5, 129.5, 129.5, 129.5, 129.5, 129.5, 129.5, 129.5, 129.5, 129.5, 129.5, 129.5, 129.5, 129.5, 129.5, 129.5, 129.5, 129.5, 129.5, 129.5, 129.5, 129.5, 129.5, 129.5, 129.5, 129.5, 129.5, 129.5, 129.5, 129.5], "pcnt": [0, 11, 11, 11, 11, 11, 11, 11, 11, 11, 11, 11, 11, 11, 11, 11, 11, 11, 11, 11, 47, 49, 49, 49, 49, 49, 49, 49, 49, 49, 49, 49, 49, 49, 49, 49, 49, 49, 49, 49, 49, 49, 49, 49, 49, 49, 49, 49, 49, 49, 49, 49, 49, 49, 49, 49, 49, 49, 49, 49, 49, 49, 49, 49]}}, {"type": "Feature", "geometry": {"type": "Point", "coordinates": [-104.68287, 50.28326]}, "properties": {"twp": "015-20-W2", "prov": "SK", "total": 49, "first": 1882, "cum": [0, 36, 36, 36, 36, 36, 36, 36, 36, 36, 36, 36, 36, 36, 36, 36, 36, 37, 37, 37, 49, 49, 49, 49, 49, 49, 49, 49, 49, 49, 49, 49, 49, 49, 49, 49, 49, 49, 49, 49, 49, 49, 49, 49, 49, 49, 49, 49, 49, 49, 49, 49, 49, 49, 49, 49, 49, 49, 49, 49, 49, 49, 49, 49], "psum": [0, 90.0, 90.0, 90.0, 90.0, 90.0, 90.0, 90.0, 90.0, 90.0, 90.0, 90.0, 90.0, 90.0, 90.0, 90.0, 90.0, 92.5, 92.5, 92.5, 116.5, 116.5, 116.5, 116.5, 116.5, 116.5, 116.5, 116.5, 116.5, 116.5, 116.5, 116.5, 116.5, 116.5, 116.5, 116.5, 116.5, 116.5, 116.5, 116.5, 116.5, 116.5, 116.5, 116.5, 116.5, 116.5, 116.5, 116.5, 116.5, 116.5, 116.5, 116.5, 116.5, 116.5, 116.5, 116.5, 116.5, 116.5, 116.5, 116.5, 116.5, 116.5, 116.5, 116.5], "pcnt": [0, 36, 36, 36, 36, 36, 36, 36, 36, 36, 36, 36, 36, 36, 36, 36, 36, 37, 37, 37, 49, 49, 49, 49, 49, 49, 49, 49, 49, 49, 49, 49, 49, 49, 49, 49, 49, 49, 49, 49, 49, 49, 49, 49, 49, 49, 49, 49, 49, 49, 49, 49, 49, 49, 49, 49, 49, 49, 49, 49, 49, 49, 49, 49]}}, {"type": "Feature", "geometry": {"type": "Point", "coordinates": [-104.27968, 50.25759]}, "properties": {"twp": "015-17-W2", "prov": "SK", "total": 106, "first": 1884, "cum": [0, 0, 0, 44, 44, 44, 44, 44, 44, 44, 44, 44, 48, 48, 48, 48, 48, 48, 49, 49, 49, 98, 102, 102, 106, 106, 106, 106, 106, 106, 106, 106, 106, 106, 106, 106, 106, 106, 106, 106, 106, 106, 106, 106, 106, 106, 106, 106, 106, 106, 106, 106, 106, 106, 106, 106, 106, 106, 106, 106, 106, 106, 106, 106], "psum": [0, 0, 0, 176.0, 176.0, 176.0, 176.0, 176.0, 176.0, 176.0, 176.0, 176.0, 188.0, 188.0, 188.0, 188.0, 188.0, 188.0, 191.0, 191.0, 191.0, 437.0, 465.0, 465.0, 485.0, 485.0, 485.0, 485.0, 485.0, 485.0, 485.0, 485.0, 485.0, 485.0, 485.0, 485.0, 485.0, 485.0, 485.0, 485.0, 485.0, 485.0, 485.0, 485.0, 485.0, 485.0, 485.0, 485.0, 485.0, 485.0, 485.0, 485.0, 485.0, 485.0, 485.0, 485.0, 485.0, 485.0, 485.0, 485.0, 485.0, 485.0, 485.0, 485.0], "pcnt": [0, 0, 0, 44, 44, 44, 44, 44, 44, 44, 44, 44, 48, 48, 48, 48, 48, 48, 49, 49, 49, 98, 102, 102, 106, 106, 106, 106, 106, 106, 106, 106, 106, 106, 106, 106, 106, 106, 106, 106, 106, 106, 106, 106, 106, 106, 106, 106, 106, 106, 106, 106, 106, 106, 106, 106, 106, 106, 106, 106, 106, 106, 106, 106]}}, {"type": "Feature", "geometry": {"type": "Point", "coordinates": [-104.14209, 50.26882]}, "properties": {"twp": "015-16-W2", "prov": "SK", "total": 73, "first": 1897, "cum": [0, 0, 0, 0, 0, 0, 0, 0, 0, 0, 0, 0, 0, 0, 0, 0, 1, 2, 2, 2, 2, 66, 69, 69, 73, 73, 73, 73, 73, 73, 73, 73, 73, 73, 73, 73, 73, 73, 73, 73, 73, 73, 73, 73, 73, 73, 73, 73, 73, 73, 73, 73, 73, 73, 73, 73, 73, 73, 73, 73, 73, 73, 73, 73], "psum": [0, 0, 0, 0, 0, 0, 0, 0, 0, 0, 0, 0, 0, 0, 0, 0, 3.0, 6.0, 6.0, 6.0, 6.0, 244.0, 268.0, 268.0, 308.0, 308.0, 308.0, 308.0, 308.0, 308.0, 308.0, 308.0, 308.0, 308.0, 308.0, 308.0, 308.0, 308.0, 308.0, 308.0, 308.0, 308.0, 308.0, 308.0, 308.0, 308.0, 308.0, 308.0, 308.0, 308.0, 308.0, 308.0, 308.0, 308.0, 308.0, 308.0, 308.0, 308.0, 308.0, 308.0, 308.0, 308.0, 308.0, 308.0], "pcnt": [0, 0, 0, 0, 0, 0, 0, 0, 0, 0, 0, 0, 0, 0, 0, 0, 1, 2, 2, 2, 2, 66, 69, 69, 73, 73, 73, 73, 73, 73, 73, 73, 73, 73, 73, 73, 73, 73, 73, 73, 73, 73, 73, 73, 73, 73, 73, 73, 73, 73, 73, 73, 73, 73, 73, 73, 73, 73, 73, 73, 73, 73, 73, 73]}}, {"type": "Feature", "geometry": {"type": "Point", "coordinates": [-104.01557, 50.26454]}, "properties": {"twp": "015-15-W2", "prov": "SK", "total": 80, "first": 1902, "cum": [0, 0, 0, 0, 0, 0, 0, 0, 0, 0, 0, 0, 0, 0, 0, 0, 0, 0, 0, 0, 0, 67, 73, 73, 73, 73, 73, 73, 73, 80, 80, 80, 80, 80, 80, 80, 80, 80, 80, 80, 80, 80, 80, 80, 80, 80, 80, 80, 80, 80, 80, 80, 80, 80, 80, 80, 80, 80, 80, 80, 80, 80, 80, 80], "psum": [0, 0, 0, 0, 0, 0, 0, 0, 0, 0, 0, 0, 0, 0, 0, 0, 0, 0, 0, 0, 0, 224.0, 264.4, 264.4, 264.4, 264.4, 264.4, 264.4, 264.4, 340.4, 340.4, 340.4, 340.4, 340.4, 340.4, 340.4, 340.4, 340.4, 340.4, 340.4, 340.4, 340.4, 340.4, 340.4, 340.4, 340.4, 340.4, 340.4, 340.4, 340.4, 340.4, 340.4, 340.4, 340.4, 340.4, 340.4, 340.4, 340.4, 340.4, 340.4, 340.4, 340.4, 340.4, 340.4], "pcnt": [0, 0, 0, 0, 0, 0, 0, 0, 0, 0, 0, 0, 0, 0, 0, 0, 0, 0, 0, 0, 0, 67, 73, 73, 73, 73, 73, 73, 73, 80, 80, 80, 80, 80, 80, 80, 80, 80, 80, 80, 80, 80, 80, 80, 80, 80, 80, 80, 80, 80, 80, 80, 80, 80, 80, 80, 80, 80, 80, 80, 80, 80, 80, 80]}}, {"type": "Feature", "geometry": {"type": "Point", "coordinates": [-107.85873, 50.27095]}, "properties": {"twp": "015-14-W3", "prov": "SK", "total": 73, "first": 1888, "cum": [0, 0, 0, 0, 0, 0, 0, 20, 20, 20, 20, 24, 24, 24, 24, 24, 24, 24, 24, 24, 24, 24, 64, 64, 66, 69, 69, 69, 70, 71, 71, 73, 73, 73, 73, 73, 73, 73, 73, 73, 73, 73, 73, 73, 73, 73, 73, 73, 73, 73, 73, 73, 73, 73, 73, 73, 73, 73, 73, 73, 73, 73, 73, 73], "psum": [0, 0, 0, 0, 0, 0, 0, 60.0, 60.0, 60.0, 60.0, 72.0, 72.0, 72.0, 72.0, 72.0, 72.0, 72.0, 72.0, 72.0, 72.0, 72.0, 208.0, 208.0, 218.0, 236.0, 236.0, 236.0, 244.0, 254.0, 254.0, 334.0, 334.0, 334.0, 334.0, 334.0, 334.0, 334.0, 334.0, 334.0, 334.0, 334.0, 334.0, 334.0, 334.0, 334.0, 334.0, 334.0, 334.0, 334.0, 334.0, 334.0, 334.0, 334.0, 334.0, 334.0, 334.0, 334.0, 334.0, 334.0, 334.0, 334.0, 334.0, 334.0], "pcnt": [0, 0, 0, 0, 0, 0, 0, 20, 20, 20, 20, 24, 24, 24, 24, 24, 24, 24, 24, 24, 24, 24, 64, 64, 66, 69, 69, 69, 70, 71, 71, 73, 73, 73, 73, 73, 73, 73, 73, 73, 73, 73, 73, 73, 73, 73, 73, 73, 73, 73, 73, 73, 73, 73, 73, 73, 73, 73, 73, 73, 73, 73, 73, 73]}}, {"type": "Feature", "geometry": {"type": "Point", "coordinates": [-103.86214, 50.26521]}, "properties": {"twp": "015-14-W2", "prov": "SK", "total": 91, "first": 1902, "cum": [0, 0, 0, 0, 0, 0, 0, 0, 0, 0, 0, 0, 0, 0, 0, 0, 0, 0, 0, 0, 0, 50, 54, 71, 71, 88, 89, 89, 89, 89, 91, 91, 91, 91, 91, 91, 91, 91, 91, 91, 91, 91, 91, 91, 91, 91, 91, 91, 91, 91, 91, 91, 91, 91, 91, 91, 91, 91, 91, 91, 91, 91, 91, 91], "psum": [0, 0, 0, 0, 0, 0, 0, 0, 0, 0, 0, 0, 0, 0, 0, 0, 0, 0, 0, 0, 0, 154.0, 180.0, 273.0, 273.0, 404.0, 419.0, 419.0, 419.0, 419.0, 441.0, 441.0, 441.0, 441.0, 441.0, 441.0, 441.0, 441.0, 441.0, 441.0, 441.0, 441.0, 441.0, 441.0, 441.0, 441.0, 441.0, 441.0, 441.0, 441.0, 441.0, 441.0, 441.0, 441.0, 441.0, 441.0, 441.0, 441.0, 441.0, 441.0, 441.0, 441.0, 441.0, 441.0], "pcnt": [0, 0, 0, 0, 0, 0, 0, 0, 0, 0, 0, 0, 0, 0, 0, 0, 0, 0, 0, 0, 0, 50, 54, 71, 71, 88, 89, 89, 89, 89, 91, 91, 91, 91, 91, 91, 91, 91, 91, 91, 91, 91, 91, 91, 91, 91, 91, 91, 91, 91, 91, 91, 91, 91, 91, 91, 91, 91, 91, 91, 91, 91, 91, 91]}}, {"type": "Feature", "geometry": {"type": "Point", "coordinates": [-103.18271, 50.26855]}, "properties": {"twp": "015-09-W2", "prov": "SK", "total": 31, "first": 1884, "cum": [0, 0, 0, 4, 4, 4, 4, 4, 4, 4, 4, 4, 4, 4, 5, 5, 5, 10, 10, 10, 10, 10, 13, 29, 29, 29, 29, 29, 29, 30, 31, 31, 31, 31, 31, 31, 31, 31, 31, 31, 31, 31, 31, 31, 31, 31, 31, 31, 31, 31, 31, 31, 31, 31, 31, 31, 31, 31, 31, 31, 31, 31, 31, 31], "psum": [0, 0, 0, 14.0, 14.0, 14.0, 14.0, 14.0, 14.0, 14.0, 14.0, 14.0, 14.0, 14.0, 17.0, 17.0, 17.0, 32.0, 32.0, 32.0, 32.0, 32.0, 52.0, 171.0, 171.0, 171.0, 171.0, 171.0, 171.0, 186.0, 198.0, 198.0, 198.0, 198.0, 198.0, 198.0, 198.0, 198.0, 198.0, 198.0, 198.0, 198.0, 198.0, 198.0, 198.0, 198.0, 198.0, 198.0, 198.0, 198.0, 198.0, 198.0, 198.0, 198.0, 198.0, 198.0, 198.0, 198.0, 198.0, 198.0, 198.0, 198.0, 198.0, 198.0], "pcnt": [0, 0, 0, 4, 4, 4, 4, 4, 4, 4, 4, 4, 4, 4, 5, 5, 5, 10, 10, 10, 10, 10, 13, 29, 29, 29, 29, 29, 29, 30, 31, 31, 31, 31, 31, 31, 31, 31, 31, 31, 31, 31, 31, 31, 31, 31, 31, 31, 31, 31, 31, 31, 31, 31, 31, 31, 31, 31, 31, 31, 31, 31, 31, 31]}}, {"type": "Feature", "geometry": {"type": "Point", "coordinates": [-103.0313, 50.26026]}, "properties": {"twp": "015-08-W2", "prov": "SK", "total": 27, "first": 1882, "cum": [0, 8, 8, 9, 9, 9, 9, 11, 11, 11, 11, 11, 11, 11, 11, 11, 11, 11, 11, 12, 12, 12, 12, 20, 24, 24, 24, 26, 26, 27, 27, 27, 27, 27, 27, 27, 27, 27, 27, 27, 27, 27, 27, 27, 27, 27, 27, 27, 27, 27, 27, 27, 27, 27, 27, 27, 27, 27, 27, 27, 27, 27, 27, 27], "psum": [0, 20.0, 20.0, 23.0, 23.0, 23.0, 23.0, 28.0, 28.0, 28.0, 28.0, 28.0, 28.0, 28.0, 28.0, 28.0, 28.0, 28.0, 28.0, 31.0, 31.0, 31.0, 31.0, 87.0, 127.0, 127.0, 127.0, 157.0, 157.0, 173.0, 173.0, 173.0, 173.0, 173.0, 173.0, 173.0, 173.0, 173.0, 173.0, 173.0, 173.0, 173.0, 173.0, 173.0, 173.0, 173.0, 173.0, 173.0, 173.0, 173.0, 173.0, 173.0, 173.0, 173.0, 173.0, 173.0, 173.0, 173.0, 173.0, 173.0, 173.0, 173.0, 173.0, 173.0], "pcnt": [0, 8, 8, 9, 9, 9, 9, 11, 11, 11, 11, 11, 11, 11, 11, 11, 11, 11, 11, 12, 12, 12, 12, 20, 24, 24, 24, 26, 26, 27, 27, 27, 27, 27, 27, 27, 27, 27, 27, 27, 27, 27, 27, 27, 27, 27, 27, 27, 27, 27, 27, 27, 27, 27, 27, 27, 27, 27, 27, 27, 27, 27, 27, 27]}}, {"type": "Feature", "geometry": {"type": "Point", "coordinates": [-102.35489, 50.27407]}, "properties": {"twp": "015-03-W2", "prov": "SK", "total": 36, "first": 1884, "cum": [0, 0, 0, 14, 14, 14, 14, 14, 14, 14, 14, 14, 16, 16, 16, 16, 16, 16, 16, 16, 16, 32, 32, 32, 32, 32, 32, 32, 32, 34, 36, 36, 36, 36, 36, 36, 36, 36, 36, 36, 36, 36, 36, 36, 36, 36, 36, 36, 36, 36, 36, 36, 36, 36, 36, 36, 36, 36, 36, 36, 36, 36, 36, 36], "psum": [0, 0, 0, 42.0, 42.0, 42.0, 42.0, 42.0, 42.0, 42.0, 42.0, 42.0, 48.0, 48.0, 48.0, 48.0, 48.0, 48.0, 48.0, 48.0, 48.0, 128.0, 128.0, 128.0, 128.0, 128.0, 128.0, 128.0, 128.0, 148.0, 172.0, 172.0, 172.0, 172.0, 172.0, 172.0, 172.0, 172.0, 172.0, 172.0, 172.0, 172.0, 172.0, 172.0, 172.0, 172.0, 172.0, 172.0, 172.0, 172.0, 172.0, 172.0, 172.0, 172.0, 172.0, 172.0, 172.0, 172.0, 172.0, 172.0, 172.0, 172.0, 172.0, 172.0], "pcnt": [0, 0, 0, 14, 14, 14, 14, 14, 14, 14, 14, 14, 16, 16, 16, 16, 16, 16, 16, 16, 16, 32, 32, 32, 32, 32, 32, 32, 32, 34, 36, 36, 36, 36, 36, 36, 36, 36, 36, 36, 36, 36, 36, 36, 36, 36, 36, 36, 36, 36, 36, 36, 36, 36, 36, 36, 36, 36, 36, 36, 36, 36, 36, 36]}}, {"type": "Feature", "geometry": {"type": "Point", "coordinates": [-102.23174, 50.27083]}, "properties": {"twp": "015-02-W2", "prov": "SK", "total": 42, "first": 1882, "cum": [0, 26, 26, 34, 34, 34, 34, 34, 34, 34, 34, 34, 34, 34, 34, 34, 34, 34, 34, 34, 34, 42, 42, 42, 42, 42, 42, 42, 42, 42, 42, 42, 42, 42, 42, 42, 42, 42, 42, 42, 42, 42, 42, 42, 42, 42, 42, 42, 42, 42, 42, 42, 42, 42, 42, 42, 42, 42, 42, 42, 42, 42, 42, 42], "psum": [0, 65.0, 65.0, 89.0, 89.0, 89.0, 89.0, 89.0, 89.0, 89.0, 89.0, 89.0, 89.0, 89.0, 89.0, 89.0, 89.0, 89.0, 89.0, 89.0, 89.0, 113.0, 113.0, 113.0, 113.0, 113.0, 113.0, 113.0, 113.0, 113.0, 113.0, 113.0, 113.0, 113.0, 113.0, 113.0, 113.0, 113.0, 113.0, 113.0, 113.0, 113.0, 113.0, 113.0, 113.0, 113.0, 113.0, 113.0, 113.0, 113.0, 113.0, 113.0, 113.0, 113.0, 113.0, 113.0, 113.0, 113.0, 113.0, 113.0, 113.0, 113.0, 113.0, 113.0], "pcnt": [0, 26, 26, 34, 34, 34, 34, 34, 34, 34, 34, 34, 34, 34, 34, 34, 34, 34, 34, 34, 34, 42, 42, 42, 42, 42, 42, 42, 42, 42, 42, 42, 42, 42, 42, 42, 42, 42, 42, 42, 42, 42, 42, 42, 42, 42, 42, 42, 42, 42, 42, 42, 42, 42, 42, 42, 42, 42, 42, 42, 42, 42, 42, 42]}}, {"type": "Feature", "geometry": {"type": "Point", "coordinates": [-101.90705, 50.20582]}, "properties": {"twp": "014-33-W1", "prov": "SK", "total": 41, "first": 1898, "cum": [0, 0, 0, 0, 0, 0, 0, 0, 0, 0, 0, 0, 0, 0, 0, 0, 0, 1, 1, 2, 3, 7, 10, 10, 16, 34, 34, 34, 41, 41, 41, 41, 41, 41, 41, 41, 41, 41, 41, 41, 41, 41, 41, 41, 41, 41, 41, 41, 41, 41, 41, 41, 41, 41, 41, 41, 41, 41, 41, 41, 41, 41, 41, 41], "psum": [0, 0, 0, 0, 0, 0, 0, 0, 0, 0, 0, 0, 0, 0, 0, 0, 0, 3.0, 3.0, 6.0, 9.0, 25.0, 43.0, 43.0, 79.0, 198.0, 198.0, 198.0, 250.0, 250.0, 250.0, 250.0, 250.0, 250.0, 250.0, 250.0, 250.0, 250.0, 250.0, 250.0, 250.0, 250.0, 250.0, 250.0, 250.0, 250.0, 250.0, 250.0, 250.0, 250.0, 250.0, 250.0, 250.0, 250.0, 250.0, 250.0, 250.0, 250.0, 250.0, 250.0, 250.0, 250.0, 250.0, 250.0], "pcnt": [0, 0, 0, 0, 0, 0, 0, 0, 0, 0, 0, 0, 0, 0, 0, 0, 0, 1, 1, 2, 3, 7, 10, 10, 16, 34, 34, 34, 41, 41, 41, 41, 41, 41, 41, 41, 41, 41, 41, 41, 41, 41, 41, 41, 41, 41, 41, 41, 41, 41, 41, 41, 41, 41, 41, 41, 41, 41, 41, 41, 41, 41, 41, 41]}}, {"type": "Feature", "geometry": {"type": "Point", "coordinates": [-101.80497, 50.21137]}, "properties": {"twp": "014-32-W1", "prov": "SK", "total": 45, "first": 1884, "cum": [0, 0, 0, 2, 2, 2, 2, 2, 2, 2, 2, 2, 2, 2, 2, 2, 3, 4, 10, 10, 12, 12, 14, 17, 17, 37, 37, 37, 44, 44, 45, 45, 45, 45, 45, 45, 45, 45, 45, 45, 45, 45, 45, 45, 45, 45, 45, 45, 45, 45, 45, 45, 45, 45, 45, 45, 45, 45, 45, 45, 45, 45, 45, 45], "psum": [0, 0, 0, 10.0, 10.0, 10.0, 10.0, 10.0, 10.0, 10.0, 10.0, 10.0, 10.0, 10.0, 10.0, 10.0, 13.0, 16.0, 35.0, 35.0, 41.0, 41.0, 52.0, 70.0, 70.0, 220.0, 220.0, 220.0, 272.0, 272.0, 282.0, 282.0, 282.0, 282.0, 282.0, 282.0, 282.0, 282.0, 282.0, 282.0, 282.0, 282.0, 282.0, 282.0, 282.0, 282.0, 282.0, 282.0, 282.0, 282.0, 282.0, 282.0, 282.0, 282.0, 282.0, 282.0, 282.0, 282.0, 282.0, 282.0, 282.0, 282.0, 282.0, 282.0], "pcnt": [0, 0, 0, 2, 2, 2, 2, 2, 2, 2, 2, 2, 2, 2, 2, 2, 3, 4, 10, 10, 12, 12, 14, 17, 17, 37, 37, 37, 44, 44, 45, 45, 45, 45, 45, 45, 45, 45, 45, 45, 45, 45, 45, 45, 45, 45, 45, 45, 45, 45, 45, 45, 45, 45, 45, 45, 45, 45, 45, 45, 45, 45, 45, 45]}}, {"type": "Feature", "geometry": {"type": "Point", "coordinates": [-101.49984, 50.22464]}, "properties": {"twp": "014-30-W1", "prov": "SK", "total": 36, "first": 1892, "cum": [0, 0, 0, 0, 0, 0, 0, 0, 0, 0, 0, 2, 2, 2, 2, 2, 2, 2, 2, 2, 2, 22, 30, 32, 33, 34, 36, 36, 36, 36, 36, 36, 36, 36, 36, 36, 36, 36, 36, 36, 36, 36, 36, 36, 36, 36, 36, 36, 36, 36, 36, 36, 36, 36, 36, 36, 36, 36, 36, 36, 36, 36, 36, 36], "psum": [0, 0, 0, 0, 0, 0, 0, 0, 0, 0, 0, 7.0, 7.0, 7.0, 7.0, 7.0, 7.0, 7.0, 7.0, 7.0, 7.0, 98.5, 132.5, 144.5, 150.5, 157.5, 175.5, 175.5, 175.5, 175.5, 175.5, 175.5, 175.5, 175.5, 175.5, 175.5, 175.5, 175.5, 175.5, 175.5, 175.5, 175.5, 175.5, 175.5, 175.5, 175.5, 175.5, 175.5, 175.5, 175.5, 175.5, 175.5, 175.5, 175.5, 175.5, 175.5, 175.5, 175.5, 175.5, 175.5, 175.5, 175.5, 175.5, 175.5], "pcnt": [0, 0, 0, 0, 0, 0, 0, 0, 0, 0, 0, 2, 2, 2, 2, 2, 2, 2, 2, 2, 2, 22, 30, 32, 33, 34, 36, 36, 36, 36, 36, 36, 36, 36, 36, 36, 36, 36, 36, 36, 36, 36, 36, 36, 36, 36, 36, 36, 36, 36, 36, 36, 36, 36, 36, 36, 36, 36, 36, 36, 36, 36, 36, 36]}}, {"type": "Feature", "geometry": {"type": "Point", "coordinates": [-105.60252, 50.18914]}, "properties": {"twp": "014-27-W2", "prov": "SK", "total": 53, "first": 1906, "cum": [0, 0, 0, 0, 0, 0, 0, 0, 0, 0, 0, 0, 0, 0, 0, 0, 0, 0, 0, 0, 0, 0, 0, 0, 0, 25, 25, 25, 31, 36, 53, 53, 53, 53, 53, 53, 53, 53, 53, 53, 53, 53, 53, 53, 53, 53, 53, 53, 53, 53, 53, 53, 53, 53, 53, 53, 53, 53, 53, 53, 53, 53, 53, 53], "psum": [0, 0, 0, 0, 0, 0, 0, 0, 0, 0, 0, 0, 0, 0, 0, 0, 0, 0, 0, 0, 0, 0, 0, 0, 0, 150.0, 150.0, 150.0, 210.0, 260.0, 462.0, 462.0, 462.0, 462.0, 462.0, 462.0, 462.0, 462.0, 462.0, 462.0, 462.0, 462.0, 462.0, 462.0, 462.0, 462.0, 462.0, 462.0, 462.0, 462.0, 462.0, 462.0, 462.0, 462.0, 462.0, 462.0, 462.0, 462.0, 462.0, 462.0, 462.0, 462.0, 462.0, 462.0], "pcnt": [0, 0, 0, 0, 0, 0, 0, 0, 0, 0, 0, 0, 0, 0, 0, 0, 0, 0, 0, 0, 0, 0, 0, 0, 0, 25, 25, 25, 31, 36, 53, 53, 53, 53, 53, 53, 53, 53, 53, 53, 53, 53, 53, 53, 53, 53, 53, 53, 53, 53, 53, 53, 53, 53, 53, 53, 53, 53, 53, 53, 53, 53, 53, 53]}}, {"type": "Feature", "geometry": {"type": "Point", "coordinates": [-109.47078, 50.17903]}, "properties": {"twp": "014-26-W3", "prov": "SK", "total": 24, "first": 1901, "cum": [0, 0, 0, 0, 0, 0, 0, 0, 0, 0, 0, 0, 0, 0, 0, 0, 0, 0, 0, 0, 6, 18, 22, 24, 24, 24, 24, 24, 24, 24, 24, 24, 24, 24, 24, 24, 24, 24, 24, 24, 24, 24, 24, 24, 24, 24, 24, 24, 24, 24, 24, 24, 24, 24, 24, 24, 24, 24, 24, 24, 24, 24, 24, 24], "psum": [0, 0, 0, 0, 0, 0, 0, 0, 0, 0, 0, 0, 0, 0, 0, 0, 0, 0, 0, 0, 17.9, 59.9, 72.7, 79.1, 79.1, 79.1, 79.1, 79.1, 79.1, 79.1, 79.1, 79.1, 79.1, 79.1, 79.1, 79.1, 79.1, 79.1, 79.1, 79.1, 79.1, 79.1, 79.1, 79.1, 79.1, 79.1, 79.1, 79.1, 79.1, 79.1, 79.1, 79.1, 79.1, 79.1, 79.1, 79.1, 79.1, 79.1, 79.1, 79.1, 79.1, 79.1, 79.1, 79.1], "pcnt": [0, 0, 0, 0, 0, 0, 0, 0, 0, 0, 0, 0, 0, 0, 0, 0, 0, 0, 0, 0, 6, 18, 22, 24, 24, 24, 24, 24, 24, 24, 24, 24, 24, 24, 24, 24, 24, 24, 24, 24, 24, 24, 24, 24, 24, 24, 24, 24, 24, 24, 24, 24, 24, 24, 24, 24, 24, 24, 24, 24, 24, 24, 24, 24]}}, {"type": "Feature", "geometry": {"type": "Point", "coordinates": [-105.36209, 50.19979]}, "properties": {"twp": "014-25-W2", "prov": "SK", "total": 8, "first": 1902, "cum": [0, 0, 0, 0, 0, 0, 0, 0, 0, 0, 0, 0, 0, 0, 0, 0, 0, 0, 0, 0, 0, 8, 8, 8, 8, 8, 8, 8, 8, 8, 8, 8, 8, 8, 8, 8, 8, 8, 8, 8, 8, 8, 8, 8, 8, 8, 8, 8, 8, 8, 8, 8, 8, 8, 8, 8, 8, 8, 8, 8, 8, 8, 8, 8], "psum": [0, 0, 0, 0, 0, 0, 0, 0, 0, 0, 0, 0, 0, 0, 0, 0, 0, 0, 0, 0, 0, 32.0, 32.0, 32.0, 32.0, 32.0, 32.0, 32.0, 32.0, 32.0, 32.0, 32.0, 32.0, 32.0, 32.0, 32.0, 32.0, 32.0, 32.0, 32.0, 32.0, 32.0, 32.0, 32.0, 32.0, 32.0, 32.0, 32.0, 32.0, 32.0, 32.0, 32.0, 32.0, 32.0, 32.0, 32.0, 32.0, 32.0, 32.0, 32.0, 32.0, 32.0, 32.0, 32.0], "pcnt": [0, 0, 0, 0, 0, 0, 0, 0, 0, 0, 0, 0, 0, 0, 0, 0, 0, 0, 0, 0, 0, 8, 8, 8, 8, 8, 8, 8, 8, 8, 8, 8, 8, 8, 8, 8, 8, 8, 8, 8, 8, 8, 8, 8, 8, 8, 8, 8, 8, 8, 8, 8, 8, 8, 8, 8, 8, 8, 8, 8, 8, 8, 8, 8]}}, {"type": "Feature", "geometry": {"type": "Point", "coordinates": [-105.21491, 50.1893]}, "properties": {"twp": "014-24-W2", "prov": "SK", "total": 57, "first": 1894, "cum": [0, 0, 0, 0, 0, 0, 0, 0, 0, 0, 0, 0, 0, 1, 1, 1, 1, 2, 2, 2, 3, 44, 44, 48, 50, 57, 57, 57, 57, 57, 57, 57, 57, 57, 57, 57, 57, 57, 57, 57, 57, 57, 57, 57, 57, 57, 57, 57, 57, 57, 57, 57, 57, 57, 57, 57, 57, 57, 57, 57, 57, 57, 57, 57], "psum": [0, 0, 0, 0, 0, 0, 0, 0, 0, 0, 0, 0, 0, 3.0, 3.0, 3.0, 3.0, 6.0, 6.0, 6.0, 9.0, 173.0, 173.0, 189.0, 199.0, 254.0, 254.0, 254.0, 254.0, 254.0, 254.0, 254.0, 254.0, 254.0, 254.0, 254.0, 254.0, 254.0, 254.0, 254.0, 254.0, 254.0, 254.0, 254.0, 254.0, 254.0, 254.0, 254.0, 254.0, 254.0, 254.0, 254.0, 254.0, 254.0, 254.0, 254.0, 254.0, 254.0, 254.0, 254.0, 254.0, 254.0, 254.0, 254.0], "pcnt": [0, 0, 0, 0, 0, 0, 0, 0, 0, 0, 0, 0, 0, 1, 1, 1, 1, 2, 2, 2, 3, 44, 44, 48, 50, 57, 57, 57, 57, 57, 57, 57, 57, 57, 57, 57, 57, 57, 57, 57, 57, 57, 57, 57, 57, 57, 57, 57, 57, 57, 57, 57, 57, 57, 57, 57, 57, 57, 57, 57, 57, 57, 57, 57]}}, {"type": "Feature", "geometry": {"type": "Point", "coordinates": [-104.81314, 50.17896]}, "properties": {"twp": "014-21-W2", "prov": "SK", "total": 73, "first": 1901, "cum": [0, 0, 0, 0, 0, 0, 0, 0, 0, 0, 0, 0, 0, 0, 0, 0, 0, 0, 0, 0, 69, 73, 73, 73, 73, 73, 73, 73, 73, 73, 73, 73, 73, 73, 73, 73, 73, 73, 73, 73, 73, 73, 73, 73, 73, 73, 73, 73, 73, 73, 73, 73, 73, 73, 73, 73, 73, 73, 73, 73, 73, 73, 73, 73], "psum": [0, 0, 0, 0, 0, 0, 0, 0, 0, 0, 0, 0, 0, 0, 0, 0, 0, 0, 0, 0, 201.0, 213.0, 213.0, 213.0, 213.0, 213.0, 213.0, 213.0, 213.0, 213.0, 213.0, 213.0, 213.0, 213.0, 213.0, 213.0, 213.0, 213.0, 213.0, 213.0, 213.0, 213.0, 213.0, 213.0, 213.0, 213.0, 213.0, 213.0, 213.0, 213.0, 213.0, 213.0, 213.0, 213.0, 213.0, 213.0, 213.0, 213.0, 213.0, 213.0, 213.0, 213.0, 213.0, 213.0], "pcnt": [0, 0, 0, 0, 0, 0, 0, 0, 0, 0, 0, 0, 0, 0, 0, 0, 0, 0, 0, 0, 69, 73, 73, 73, 73, 73, 73, 73, 73, 73, 73, 73, 73, 73, 73, 73, 73, 73, 73, 73, 73, 73, 73, 73, 73, 73, 73, 73, 73, 73, 73, 73, 73, 73, 73, 73, 73, 73, 73, 73, 73, 73, 73, 73]}}, {"type": "Feature", "geometry": {"type": "Point", "coordinates": [-104.68269, 50.18738]}, "properties": {"twp": "014-20-W2", "prov": "SK", "total": 60, "first": 1901, "cum": [0, 0, 0, 0, 0, 0, 0, 0, 0, 0, 0, 0, 0, 0, 0, 0, 0, 0, 0, 0, 60, 60, 60, 60, 60, 60, 60, 60, 60, 60, 60, 60, 60, 60, 60, 60, 60, 60, 60, 60, 60, 60, 60, 60, 60, 60, 60, 60, 60, 60, 60, 60, 60, 60, 60, 60, 60, 60, 60, 60, 60, 60, 60, 60], "psum": [0, 0, 0, 0, 0, 0, 0, 0, 0, 0, 0, 0, 0, 0, 0, 0, 0, 0, 0, 0, 168.0, 168.0, 168.0, 168.0, 168.0, 168.0, 168.0, 168.0, 168.0, 168.0, 168.0, 168.0, 168.0, 168.0, 168.0, 168.0, 168.0, 168.0, 168.0, 168.0, 168.0, 168.0, 168.0, 168.0, 168.0, 168.0, 168.0, 168.0, 168.0, 168.0, 168.0, 168.0, 168.0, 168.0, 168.0, 168.0, 168.0, 168.0, 168.0, 168.0, 168.0, 168.0, 168.0, 168.0], "pcnt": [0, 0, 0, 0, 0, 0, 0, 0, 0, 0, 0, 0, 0, 0, 0, 0, 0, 0, 0, 0, 60, 60, 60, 60, 60, 60, 60, 60, 60, 60, 60, 60, 60, 60, 60, 60, 60, 60, 60, 60, 60, 60, 60, 60, 60, 60, 60, 60, 60, 60, 60, 60, 60, 60, 60, 60, 60, 60, 60, 60, 60, 60, 60, 60]}}, {"type": "Feature", "geometry": {"type": "Point", "coordinates": [-104.1246, 50.17708]}, "properties": {"twp": "014-16-W2", "prov": "SK", "total": 125, "first": 1901, "cum": [0, 0, 0, 0, 0, 0, 0, 0, 0, 0, 0, 0, 0, 0, 0, 0, 0, 0, 0, 0, 4, 117, 125, 125, 125, 125, 125, 125, 125, 125, 125, 125, 125, 125, 125, 125, 125, 125, 125, 125, 125, 125, 125, 125, 125, 125, 125, 125, 125, 125, 125, 125, 125, 125, 125, 125, 125, 125, 125, 125, 125, 125, 125, 125], "psum": [0, 0, 0, 0, 0, 0, 0, 0, 0, 0, 0, 0, 0, 0, 0, 0, 0, 0, 0, 0, 12.0, 459.0, 501.0, 501.0, 501.0, 501.0, 501.0, 501.0, 501.0, 501.0, 501.0, 501.0, 501.0, 501.0, 501.0, 501.0, 501.0, 501.0, 501.0, 501.0, 501.0, 501.0, 501.0, 501.0, 501.0, 501.0, 501.0, 501.0, 501.0, 501.0, 501.0, 501.0, 501.0, 501.0, 501.0, 501.0, 501.0, 501.0, 501.0, 501.0, 501.0, 501.0, 501.0, 501.0], "pcnt": [0, 0, 0, 0, 0, 0, 0, 0, 0, 0, 0, 0, 0, 0, 0, 0, 0, 0, 0, 0, 4, 117, 125, 125, 125, 125, 125, 125, 125, 125, 125, 125, 125, 125, 125, 125, 125, 125, 125, 125, 125, 125, 125, 125, 125, 125, 125, 125, 125, 125, 125, 125, 125, 125, 125, 125, 125, 125, 125, 125, 125, 125, 125, 125]}}, {"type": "Feature", "geometry": {"type": "Point", "coordinates": [-107.9661, 50.2033]}, "properties": {"twp": "014-15-W3", "prov": "SK", "total": 50, "first": 1903, "cum": [0, 0, 0, 0, 0, 0, 0, 0, 0, 0, 0, 0, 0, 0, 0, 0, 0, 0, 0, 0, 0, 0, 2, 30, 30, 44, 44, 44, 46, 50, 50, 50, 50, 50, 50, 50, 50, 50, 50, 50, 50, 50, 50, 50, 50, 50, 50, 50, 50, 50, 50, 50, 50, 50, 50, 50, 50, 50, 50, 50, 50, 50, 50, 50], "psum": [0, 0, 0, 0, 0, 0, 0, 0, 0, 0, 0, 0, 0, 0, 0, 0, 0, 0, 0, 0, 0, 0, 7.0, 105.0, 105.0, 193.0, 193.0, 193.0, 211.0, 253.0, 253.0, 253.0, 253.0, 253.0, 253.0, 253.0, 253.0, 253.0, 253.0, 253.0, 253.0, 253.0, 253.0, 253.0, 253.0, 253.0, 253.0, 253.0, 253.0, 253.0, 253.0, 253.0, 253.0, 253.0, 253.0, 253.0, 253.0, 253.0, 253.0, 253.0, 253.0, 253.0, 253.0, 253.0], "pcnt": [0, 0, 0, 0, 0, 0, 0, 0, 0, 0, 0, 0, 0, 0, 0, 0, 0, 0, 0, 0, 0, 0, 2, 30, 30, 44, 44, 44, 46, 50, 50, 50, 50, 50, 50, 50, 50, 50, 50, 50, 50, 50, 50, 50, 50, 50, 50, 50, 50, 50, 50, 50, 50, 50, 50, 50, 50, 50, 50, 50, 50, 50, 50, 50]}}, {"type": "Feature", "geometry": {"type": "Point", "coordinates": [-103.99989, 50.17815]}, "properties": {"twp": "014-15-W2", "prov": "SK", "total": 62, "first": 1901, "cum": [0, 0, 0, 0, 0, 0, 0, 0, 0, 0, 0, 0, 0, 0, 0, 0, 0, 0, 0, 0, 7, 29, 52, 52, 52, 61, 61, 61, 62, 62, 62, 62, 62, 62, 62, 62, 62, 62, 62, 62, 62, 62, 62, 62, 62, 62, 62, 62, 62, 62, 62, 62, 62, 62, 62, 62, 62, 62, 62, 62, 62, 62, 62, 62], "psum": [0, 0, 0, 0, 0, 0, 0, 0, 0, 0, 0, 0, 0, 0, 0, 0, 0, 0, 0, 0, 28.0, 118.0, 265.0, 265.0, 265.0, 382.0, 382.0, 382.0, 395.0, 395.0, 395.0, 395.0, 395.0, 395.0, 395.0, 395.0, 395.0, 395.0, 395.0, 395.0, 395.0, 395.0, 395.0, 395.0, 395.0, 395.0, 395.0, 395.0, 395.0, 395.0, 395.0, 395.0, 395.0, 395.0, 395.0, 395.0, 395.0, 395.0, 395.0, 395.0, 395.0, 395.0, 395.0, 395.0], "pcnt": [0, 0, 0, 0, 0, 0, 0, 0, 0, 0, 0, 0, 0, 0, 0, 0, 0, 0, 0, 0, 7, 29, 52, 52, 52, 61, 61, 61, 62, 62, 62, 62, 62, 62, 62, 62, 62, 62, 62, 62, 62, 62, 62, 62, 62, 62, 62, 62, 62, 62, 62, 62, 62, 62, 62, 62, 62, 62, 62, 62, 62, 62, 62, 62]}}, {"type": "Feature", "geometry": {"type": "Point", "coordinates": [-107.8274, 50.18746]}, "properties": {"twp": "014-14-W3", "prov": "SK", "total": 51, "first": 1903, "cum": [0, 0, 0, 0, 0, 0, 0, 0, 0, 0, 0, 0, 0, 0, 0, 0, 0, 0, 0, 0, 0, 0, 28, 34, 43, 47, 47, 48, 48, 50, 51, 51, 51, 51, 51, 51, 51, 51, 51, 51, 51, 51, 51, 51, 51, 51, 51, 51, 51, 51, 51, 51, 51, 51, 51, 51, 51, 51, 51, 51, 51, 51, 51, 51], "psum": [0, 0, 0, 0, 0, 0, 0, 0, 0, 0, 0, 0, 0, 0, 0, 0, 0, 0, 0, 0, 0, 0, 98.0, 119.0, 153.0, 173.0, 173.0, 181.0, 181.0, 197.0, 205.0, 205.0, 205.0, 205.0, 205.0, 205.0, 205.0, 205.0, 205.0, 205.0, 205.0, 205.0, 205.0, 205.0, 205.0, 205.0, 205.0, 205.0, 205.0, 205.0, 205.0, 205.0, 205.0, 205.0, 205.0, 205.0, 205.0, 205.0, 205.0, 205.0, 205.0, 205.0, 205.0, 205.0], "pcnt": [0, 0, 0, 0, 0, 0, 0, 0, 0, 0, 0, 0, 0, 0, 0, 0, 0, 0, 0, 0, 0, 0, 28, 34, 43, 47, 47, 48, 48, 50, 51, 51, 51, 51, 51, 51, 51, 51, 51, 51, 51, 51, 51, 51, 51, 51, 51, 51, 51, 51, 51, 51, 51, 51, 51, 51, 51, 51, 51, 51, 51, 51, 51, 51]}}, {"type": "Feature", "geometry": {"type": "Point", "coordinates": [-103.85897, 50.17397]}, "properties": {"twp": "014-14-W2", "prov": "SK", "total": 93, "first": 1901, "cum": [0, 0, 0, 0, 0, 0, 0, 0, 0, 0, 0, 0, 0, 0, 0, 0, 0, 0, 0, 0, 8, 63, 74, 80, 85, 85, 90, 90, 90, 91, 93, 93, 93, 93, 93, 93, 93, 93, 93, 93, 93, 93, 93, 93, 93, 93, 93, 93, 93, 93, 93, 93, 93, 93, 93, 93, 93, 93, 93, 93, 93, 93, 93, 93], "psum": [0, 0, 0, 0, 0, 0, 0, 0, 0, 0, 0, 0, 0, 0, 0, 0, 0, 0, 0, 0, 32.0, 290.0, 365.5, 407.5, 462.5, 462.5, 492.5, 492.5, 492.5, 505.5, 532.5, 532.5, 532.5, 532.5, 532.5, 532.5, 532.5, 532.5, 532.5, 532.5, 532.5, 532.5, 532.5, 532.5, 532.5, 532.5, 532.5, 532.5, 532.5, 532.5, 532.5, 532.5, 532.5, 532.5, 532.5, 532.5, 532.5, 532.5, 532.5, 532.5, 532.5, 532.5, 532.5, 532.5], "pcnt": [0, 0, 0, 0, 0, 0, 0, 0, 0, 0, 0, 0, 0, 0, 0, 0, 0, 0, 0, 0, 8, 63, 74, 80, 85, 85, 90, 90, 90, 91, 93, 93, 93, 93, 93, 93, 93, 93, 93, 93, 93, 93, 93, 93, 93, 93, 93, 93, 93, 93, 93, 93, 93, 93, 93, 93, 93, 93, 93, 93, 93, 93, 93, 93]}}, {"type": "Feature", "geometry": {"type": "Point", "coordinates": [-107.69904, 50.17673]}, "properties": {"twp": "014-13-W3", "prov": "SK", "total": 113, "first": 1903, "cum": [0, 0, 0, 0, 0, 0, 0, 0, 0, 0, 0, 0, 0, 0, 0, 0, 0, 0, 0, 0, 0, 0, 20, 103, 113, 113, 113, 113, 113, 113, 113, 113, 113, 113, 113, 113, 113, 113, 113, 113, 113, 113, 113, 113, 113, 113, 113, 113, 113, 113, 113, 113, 113, 113, 113, 113, 113, 113, 113, 113, 113, 113, 113, 113], "psum": [0, 0, 0, 0, 0, 0, 0, 0, 0, 0, 0, 0, 0, 0, 0, 0, 0, 0, 0, 0, 0, 0, 70.0, 359.1, 391.4, 391.4, 391.4, 391.4, 391.4, 391.4, 391.4, 391.4, 391.4, 391.4, 391.4, 391.4, 391.4, 391.4, 391.4, 391.4, 391.4, 391.4, 391.4, 391.4, 391.4, 391.4, 391.4, 391.4, 391.4, 391.4, 391.4, 391.4, 391.4, 391.4, 391.4, 391.4, 391.4, 391.4, 391.4, 391.4, 391.4, 391.4, 391.4, 391.4], "pcnt": [0, 0, 0, 0, 0, 0, 0, 0, 0, 0, 0, 0, 0, 0, 0, 0, 0, 0, 0, 0, 0, 0, 20, 103, 113, 113, 113, 113, 113, 113, 113, 113, 113, 113, 113, 113, 113, 113, 113, 113, 113, 113, 113, 113, 113, 113, 113, 113, 113, 113, 113, 113, 113, 113, 113, 113, 113, 113, 113, 113, 113, 113, 113, 113]}}, {"type": "Feature", "geometry": {"type": "Point", "coordinates": [-103.43874, 50.1827]}, "properties": {"twp": "014-11-W2", "prov": "SK", "total": 46, "first": 1899, "cum": [0, 0, 0, 0, 0, 0, 0, 0, 0, 0, 0, 0, 0, 0, 0, 0, 0, 0, 1, 1, 1, 1, 14, 22, 25, 31, 35, 35, 36, 38, 46, 46, 46, 46, 46, 46, 46, 46, 46, 46, 46, 46, 46, 46, 46, 46, 46, 46, 46, 46, 46, 46, 46, 46, 46, 46, 46, 46, 46, 46, 46, 46, 46, 46], "psum": [0, 0, 0, 0, 0, 0, 0, 0, 0, 0, 0, 0, 0, 0, 0, 0, 0, 0, 3.0, 3.0, 3.0, 3.0, 89.0, 145.0, 166.0, 226.0, 266.0, 266.0, 286.0, 316.0, 434.0, 434.0, 434.0, 434.0, 434.0, 434.0, 434.0, 434.0, 434.0, 434.0, 434.0, 434.0, 434.0, 434.0, 434.0, 434.0, 434.0, 434.0, 434.0, 434.0, 434.0, 434.0, 434.0, 434.0, 434.0, 434.0, 434.0, 434.0, 434.0, 434.0, 434.0, 434.0, 434.0, 434.0], "pcnt": [0, 0, 0, 0, 0, 0, 0, 0, 0, 0, 0, 0, 0, 0, 0, 0, 0, 0, 1, 1, 1, 1, 14, 22, 25, 31, 35, 35, 36, 38, 46, 46, 46, 46, 46, 46, 46, 46, 46, 46, 46, 46, 46, 46, 46, 46, 46, 46, 46, 46, 46, 46, 46, 46, 46, 46, 46, 46, 46, 46, 46, 46, 46, 46]}}, {"type": "Feature", "geometry": {"type": "Point", "coordinates": [-103.1692, 50.18583]}, "properties": {"twp": "014-09-W2", "prov": "SK", "total": 51, "first": 1903, "cum": [0, 0, 0, 0, 0, 0, 0, 0, 0, 0, 0, 0, 0, 0, 0, 0, 0, 0, 0, 0, 0, 0, 3, 15, 23, 31, 37, 37, 37, 40, 49, 51, 51, 51, 51, 51, 51, 51, 51, 51, 51, 51, 51, 51, 51, 51, 51, 51, 51, 51, 51, 51, 51, 51, 51, 51, 51, 51, 51, 51, 51, 51, 51, 51], "psum": [0, 0, 0, 0, 0, 0, 0, 0, 0, 0, 0, 0, 0, 0, 0, 0, 0, 0, 0, 0, 0, 0, 20.0, 80.0, 144.0, 234.0, 294.0, 294.0, 294.0, 339.0, 489.0, 520.0, 520.0, 520.0, 520.0, 520.0, 520.0, 520.0, 520.0, 520.0, 520.0, 520.0, 520.0, 520.0, 520.0, 520.0, 520.0, 520.0, 520.0, 520.0, 520.0, 520.0, 520.0, 520.0, 520.0, 520.0, 520.0, 520.0, 520.0, 520.0, 520.0, 520.0, 520.0, 520.0], "pcnt": [0, 0, 0, 0, 0, 0, 0, 0, 0, 0, 0, 0, 0, 0, 0, 0, 0, 0, 0, 0, 0, 0, 3, 15, 23, 31, 37, 37, 37, 40, 49, 51, 51, 51, 51, 51, 51, 51, 51, 51, 51, 51, 51, 51, 51, 51, 51, 51, 51, 51, 51, 51, 51, 51, 51, 51, 51, 51, 51, 51, 51, 51, 51, 51]}}, {"type": "Feature", "geometry": {"type": "Point", "coordinates": [-102.89946, 50.18805]}, "properties": {"twp": "014-07-W2", "prov": "SK", "total": 21, "first": 1904, "cum": [0, 0, 0, 0, 0, 0, 0, 0, 0, 0, 0, 0, 0, 0, 0, 0, 0, 0, 0, 0, 0, 0, 0, 10, 12, 18, 21, 21, 21, 21, 21, 21, 21, 21, 21, 21, 21, 21, 21, 21, 21, 21, 21, 21, 21, 21, 21, 21, 21, 21, 21, 21, 21, 21, 21, 21, 21, 21, 21, 21, 21, 21, 21, 21], "psum": [0, 0, 0, 0, 0, 0, 0, 0, 0, 0, 0, 0, 0, 0, 0, 0, 0, 0, 0, 0, 0, 0, 0, 75.0, 95.0, 155.0, 197.0, 197.0, 197.0, 197.0, 197.0, 197.0, 197.0, 197.0, 197.0, 197.0, 197.0, 197.0, 197.0, 197.0, 197.0, 197.0, 197.0, 197.0, 197.0, 197.0, 197.0, 197.0, 197.0, 197.0, 197.0, 197.0, 197.0, 197.0, 197.0, 197.0, 197.0, 197.0, 197.0, 197.0, 197.0, 197.0, 197.0, 197.0], "pcnt": [0, 0, 0, 0, 0, 0, 0, 0, 0, 0, 0, 0, 0, 0, 0, 0, 0, 0, 0, 0, 0, 0, 0, 10, 12, 18, 21, 21, 21, 21, 21, 21, 21, 21, 21, 21, 21, 21, 21, 21, 21, 21, 21, 21, 21, 21, 21, 21, 21, 21, 21, 21, 21, 21, 21, 21, 21, 21, 21, 21, 21, 21, 21, 21]}}, {"type": "Feature", "geometry": {"type": "Point", "coordinates": [-102.64207, 50.16273]}, "properties": {"twp": "014-05-W2", "prov": "SK", "total": 36, "first": 1883, "cum": [0, 0, 2, 2, 2, 2, 2, 2, 2, 2, 2, 2, 2, 2, 2, 2, 2, 2, 2, 2, 3, 17, 17, 23, 24, 36, 36, 36, 36, 36, 36, 36, 36, 36, 36, 36, 36, 36, 36, 36, 36, 36, 36, 36, 36, 36, 36, 36, 36, 36, 36, 36, 36, 36, 36, 36, 36, 36, 36, 36, 36, 36, 36, 36], "psum": [0, 0, 5.0, 5.0, 5.0, 5.0, 5.0, 5.0, 5.0, 5.0, 5.0, 5.0, 5.0, 5.0, 5.0, 5.0, 5.0, 5.0, 5.0, 5.0, 8.0, 78.0, 78.0, 122.0, 129.3, 223.3, 223.3, 223.3, 223.3, 223.3, 223.3, 223.3, 223.3, 223.3, 223.3, 223.3, 223.3, 223.3, 223.3, 223.3, 223.3, 223.3, 223.3, 223.3, 223.3, 223.3, 223.3, 223.3, 223.3, 223.3, 223.3, 223.3, 223.3, 223.3, 223.3, 223.3, 223.3, 223.3, 223.3, 223.3, 223.3, 223.3, 223.3, 223.3], "pcnt": [0, 0, 2, 2, 2, 2, 2, 2, 2, 2, 2, 2, 2, 2, 2, 2, 2, 2, 2, 2, 3, 17, 17, 23, 24, 36, 36, 36, 36, 36, 36, 36, 36, 36, 36, 36, 36, 36, 36, 36, 36, 36, 36, 36, 36, 36, 36, 36, 36, 36, 36, 36, 36, 36, 36, 36, 36, 36, 36, 36, 36, 36, 36, 36]}}, {"type": "Feature", "geometry": {"type": "Point", "coordinates": [-102.2276, 50.17977]}, "properties": {"twp": "014-02-W2", "prov": "SK", "total": 44, "first": 1882, "cum": [0, 1, 3, 15, 15, 16, 16, 16, 16, 20, 20, 20, 20, 20, 20, 20, 24, 27, 31, 35, 38, 42, 43, 43, 43, 43, 43, 43, 43, 44, 44, 44, 44, 44, 44, 44, 44, 44, 44, 44, 44, 44, 44, 44, 44, 44, 44, 44, 44, 44, 44, 44, 44, 44, 44, 44, 44, 44, 44, 44, 44, 44, 44, 44], "psum": [0, 2.5, 6.0, 42.5, 42.5, 46.0, 46.0, 46.0, 46.0, 56.0, 56.0, 56.0, 56.0, 56.0, 56.0, 56.0, 68.0, 76.7, 95.7, 107.7, 116.7, 136.7, 141.7, 141.7, 141.7, 141.7, 141.7, 141.7, 141.7, 151.7, 151.7, 151.7, 151.7, 151.7, 151.7, 151.7, 151.7, 151.7, 151.7, 151.7, 151.7, 151.7, 151.7, 151.7, 151.7, 151.7, 151.7, 151.7, 151.7, 151.7, 151.7, 151.7, 151.7, 151.7, 151.7, 151.7, 151.7, 151.7, 151.7, 151.7, 151.7, 151.7, 151.7, 151.7], "pcnt": [0, 1, 2, 14, 14, 15, 15, 15, 15, 19, 19, 19, 19, 19, 19, 19, 23, 26, 30, 34, 37, 41, 42, 42, 42, 42, 42, 42, 42, 43, 43, 43, 43, 43, 43, 43, 43, 43, 43, 43, 43, 43, 43, 43, 43, 43, 43, 43, 43, 43, 43, 43, 43, 43, 43, 43, 43, 43, 43, 43, 43, 43, 43, 43]}}, {"type": "Feature", "geometry": {"type": "Point", "coordinates": [-102.08691, 50.17656]}, "properties": {"twp": "014-01-W2", "prov": "SK", "total": 48, "first": 1884, "cum": [0, 0, 0, 22, 22, 22, 22, 22, 22, 22, 22, 22, 22, 22, 22, 22, 22, 26, 27, 27, 37, 38, 41, 44, 44, 46, 47, 47, 47, 47, 48, 48, 48, 48, 48, 48, 48, 48, 48, 48, 48, 48, 48, 48, 48, 48, 48, 48, 48, 48, 48, 48, 48, 48, 48, 48, 48, 48, 48, 48, 48, 48, 48, 48], "psum": [0, 0, 0, 66.0, 66.0, 66.0, 66.0, 66.0, 66.0, 66.0, 66.0, 66.0, 66.0, 66.0, 66.0, 66.0, 66.0, 78.0, 81.0, 81.0, 131.8, 136.8, 153.8, 172.8, 172.8, 184.8, 194.8, 194.8, 194.8, 194.8, 206.8, 206.8, 206.8, 206.8, 206.8, 206.8, 206.8, 206.8, 206.8, 206.8, 206.8, 206.8, 206.8, 206.8, 206.8, 206.8, 206.8, 206.8, 206.8, 206.8, 206.8, 206.8, 206.8, 206.8, 206.8, 206.8, 206.8, 206.8, 206.8, 206.8, 206.8, 206.8, 206.8, 206.8], "pcnt": [0, 0, 0, 22, 22, 22, 22, 22, 22, 22, 22, 22, 22, 22, 22, 22, 22, 26, 27, 27, 37, 38, 41, 44, 44, 46, 47, 47, 47, 47, 48, 48, 48, 48, 48, 48, 48, 48, 48, 48, 48, 48, 48, 48, 48, 48, 48, 48, 48, 48, 48, 48, 48, 48, 48, 48, 48, 48, 48, 48, 48, 48, 48, 48]}}, {"type": "Feature", "geometry": {"type": "Point", "coordinates": [-101.65394, 50.12442]}, "properties": {"twp": "013-31-W1", "prov": "SK", "total": 27, "first": 1884, "cum": [0, 0, 0, 12, 12, 12, 13, 16, 16, 16, 17, 17, 17, 17, 17, 17, 18, 18, 19, 19, 19, 23, 24, 27, 27, 27, 27, 27, 27, 27, 27, 27, 27, 27, 27, 27, 27, 27, 27, 27, 27, 27, 27, 27, 27, 27, 27, 27, 27, 27, 27, 27, 27, 27, 27, 27, 27, 27, 27, 27, 27, 27, 27, 27], "psum": [0, 0, 0, 36.0, 36.0, 36.0, 40.0, 53.0, 53.0, 53.0, 57.2, 57.2, 57.2, 57.2, 57.2, 57.2, 60.3, 60.3, 65.8, 65.8, 65.8, 89.8, 94.4, 112.4, 112.4, 112.4, 112.4, 112.4, 112.4, 112.4, 112.4, 112.4, 112.4, 112.4, 112.4, 112.4, 112.4, 112.4, 112.4, 112.4, 112.4, 112.4, 112.4, 112.4, 112.4, 112.4, 112.4, 112.4, 112.4, 112.4, 112.4, 112.4, 112.4, 112.4, 112.4, 112.4, 112.4, 112.4, 112.4, 112.4, 112.4, 112.4, 112.4, 112.4], "pcnt": [0, 0, 0, 12, 12, 12, 13, 16, 16, 16, 17, 17, 17, 17, 17, 17, 18, 18, 19, 19, 19, 23, 24, 27, 27, 27, 27, 27, 27, 27, 27, 27, 27, 27, 27, 27, 27, 27, 27, 27, 27, 27, 27, 27, 27, 27, 27, 27, 27, 27, 27, 27, 27, 27, 27, 27, 27, 27, 27, 27, 27, 27, 27, 27]}}, {"type": "Feature", "geometry": {"type": "Point", "coordinates": [-105.36802, 50.09807]}, "properties": {"twp": "013-25-W2", "prov": "SK", "total": 76, "first": 1903, "cum": [0, 0, 0, 0, 0, 0, 0, 0, 0, 0, 0, 0, 0, 0, 0, 0, 0, 0, 0, 0, 0, 0, 4, 5, 76, 76, 76, 76, 76, 76, 76, 76, 76, 76, 76, 76, 76, 76, 76, 76, 76, 76, 76, 76, 76, 76, 76, 76, 76, 76, 76, 76, 76, 76, 76, 76, 76, 76, 76, 76, 76, 76, 76, 76], "psum": [0, 0, 0, 0, 0, 0, 0, 0, 0, 0, 0, 0, 0, 0, 0, 0, 0, 0, 0, 0, 0, 0, 16.0, 20.0, 312.0, 312.0, 312.0, 312.0, 312.0, 312.0, 312.0, 312.0, 312.0, 312.0, 312.0, 312.0, 312.0, 312.0, 312.0, 312.0, 312.0, 312.0, 312.0, 312.0, 312.0, 312.0, 312.0, 312.0, 312.0, 312.0, 312.0, 312.0, 312.0, 312.0, 312.0, 312.0, 312.0, 312.0, 312.0, 312.0, 312.0, 312.0, 312.0, 312.0], "pcnt": [0, 0, 0, 0, 0, 0, 0, 0, 0, 0, 0, 0, 0, 0, 0, 0, 0, 0, 0, 0, 0, 0, 4, 5, 76, 76, 76, 76, 76, 76, 76, 76, 76, 76, 76, 76, 76, 76, 76, 76, 76, 76, 76, 76, 76, 76, 76, 76, 76, 76, 76, 76, 76, 76, 76, 76, 76, 76, 76, 76, 76, 76, 76, 76]}}, {"type": "Feature", "geometry": {"type": "Point", "coordinates": [-104.94523, 50.09268]}, "properties": {"twp": "013-22-W2", "prov": "SK", "total": 155, "first": 1901, "cum": [0, 0, 0, 0, 0, 0, 0, 0, 0, 0, 0, 0, 0, 0, 0, 0, 0, 0, 0, 0, 52, 76, 82, 93, 134, 153, 153, 155, 155, 155, 155, 155, 155, 155, 155, 155, 155, 155, 155, 155, 155, 155, 155, 155, 155, 155, 155, 155, 155, 155, 155, 155, 155, 155, 155, 155, 155, 155, 155, 155, 155, 155, 155, 155], "psum": [0, 0, 0, 0, 0, 0, 0, 0, 0, 0, 0, 0, 0, 0, 0, 0, 0, 0, 0, 0, 156.0, 252.0, 282.0, 317.0, 522.0, 652.0, 652.0, 672.0, 672.0, 672.0, 672.0, 672.0, 672.0, 672.0, 672.0, 672.0, 672.0, 672.0, 672.0, 672.0, 672.0, 672.0, 672.0, 672.0, 672.0, 672.0, 672.0, 672.0, 672.0, 672.0, 672.0, 672.0, 672.0, 672.0, 672.0, 672.0, 672.0, 672.0, 672.0, 672.0, 672.0, 672.0, 672.0, 672.0], "pcnt": [0, 0, 0, 0, 0, 0, 0, 0, 0, 0, 0, 0, 0, 0, 0, 0, 0, 0, 0, 0, 52, 76, 82, 93, 134, 153, 153, 155, 155, 155, 155, 155, 155, 155, 155, 155, 155, 155, 155, 155, 155, 155, 155, 155, 155, 155, 155, 155, 155, 155, 155, 155, 155, 155, 155, 155, 155, 155, 155, 155, 155, 155, 155, 155]}}, {"type": "Feature", "geometry": {"type": "Point", "coordinates": [-104.67735, 50.09371]}, "properties": {"twp": "013-20-W2", "prov": "SK", "total": 40, "first": 1901, "cum": [0, 0, 0, 0, 0, 0, 0, 0, 0, 0, 0, 0, 0, 0, 0, 0, 0, 0, 0, 0, 40, 40, 40, 40, 40, 40, 40, 40, 40, 40, 40, 40, 40, 40, 40, 40, 40, 40, 40, 40, 40, 40, 40, 40, 40, 40, 40, 40, 40, 40, 40, 40, 40, 40, 40, 40, 40, 40, 40, 40, 40, 40, 40, 40], "psum": [0, 0, 0, 0, 0, 0, 0, 0, 0, 0, 0, 0, 0, 0, 0, 0, 0, 0, 0, 0, 108.0, 108.0, 108.0, 108.0, 108.0, 108.0, 108.0, 108.0, 108.0, 108.0, 108.0, 108.0, 108.0, 108.0, 108.0, 108.0, 108.0, 108.0, 108.0, 108.0, 108.0, 108.0, 108.0, 108.0, 108.0, 108.0, 108.0, 108.0, 108.0, 108.0, 108.0, 108.0, 108.0, 108.0, 108.0, 108.0, 108.0, 108.0, 108.0, 108.0, 108.0, 108.0, 108.0, 108.0], "pcnt": [0, 0, 0, 0, 0, 0, 0, 0, 0, 0, 0, 0, 0, 0, 0, 0, 0, 0, 0, 0, 40, 40, 40, 40, 40, 40, 40, 40, 40, 40, 40, 40, 40, 40, 40, 40, 40, 40, 40, 40, 40, 40, 40, 40, 40, 40, 40, 40, 40, 40, 40, 40, 40, 40, 40, 40, 40, 40, 40, 40, 40, 40, 40, 40]}}, {"type": "Feature", "geometry": {"type": "Point", "coordinates": [-104.54677, 50.09363]}, "properties": {"twp": "013-19-W2", "prov": "SK", "total": 84, "first": 1901, "cum": [0, 0, 0, 0, 0, 0, 0, 0, 0, 0, 0, 0, 0, 0, 0, 0, 0, 0, 0, 0, 84, 84, 84, 84, 84, 84, 84, 84, 84, 84, 84, 84, 84, 84, 84, 84, 84, 84, 84, 84, 84, 84, 84, 84, 84, 84, 84, 84, 84, 84, 84, 84, 84, 84, 84, 84, 84, 84, 84, 84, 84, 84, 84, 84], "psum": [0, 0, 0, 0, 0, 0, 0, 0, 0, 0, 0, 0, 0, 0, 0, 0, 0, 0, 0, 0, 252.0, 252.0, 252.0, 252.0, 252.0, 252.0, 252.0, 252.0, 252.0, 252.0, 252.0, 252.0, 252.0, 252.0, 252.0, 252.0, 252.0, 252.0, 252.0, 252.0, 252.0, 252.0, 252.0, 252.0, 252.0, 252.0, 252.0, 252.0, 252.0, 252.0, 252.0, 252.0, 252.0, 252.0, 252.0, 252.0, 252.0, 252.0, 252.0, 252.0, 252.0, 252.0, 252.0, 252.0], "pcnt": [0, 0, 0, 0, 0, 0, 0, 0, 0, 0, 0, 0, 0, 0, 0, 0, 0, 0, 0, 0, 84, 84, 84, 84, 84, 84, 84, 84, 84, 84, 84, 84, 84, 84, 84, 84, 84, 84, 84, 84, 84, 84, 84, 84, 84, 84, 84, 84, 84, 84, 84, 84, 84, 84, 84, 84, 84, 84, 84, 84, 84, 84, 84, 84]}}, {"type": "Feature", "geometry": {"type": "Point", "coordinates": [-104.41814, 50.08762]}, "properties": {"twp": "013-18-W2", "prov": "SK", "total": 75, "first": 1901, "cum": [0, 0, 0, 0, 0, 0, 0, 0, 0, 0, 0, 0, 0, 0, 0, 0, 0, 0, 0, 0, 75, 75, 75, 75, 75, 75, 75, 75, 75, 75, 75, 75, 75, 75, 75, 75, 75, 75, 75, 75, 75, 75, 75, 75, 75, 75, 75, 75, 75, 75, 75, 75, 75, 75, 75, 75, 75, 75, 75, 75, 75, 75, 75, 75], "psum": [0, 0, 0, 0, 0, 0, 0, 0, 0, 0, 0, 0, 0, 0, 0, 0, 0, 0, 0, 0, 213.0, 213.0, 213.0, 213.0, 213.0, 213.0, 213.0, 213.0, 213.0, 213.0, 213.0, 213.0, 213.0, 213.0, 213.0, 213.0, 213.0, 213.0, 213.0, 213.0, 213.0, 213.0, 213.0, 213.0, 213.0, 213.0, 213.0, 213.0, 213.0, 213.0, 213.0, 213.0, 213.0, 213.0, 213.0, 213.0, 213.0, 213.0, 213.0, 213.0, 213.0, 213.0, 213.0, 213.0], "pcnt": [0, 0, 0, 0, 0, 0, 0, 0, 0, 0, 0, 0, 0, 0, 0, 0, 0, 0, 0, 0, 75, 75, 75, 75, 75, 75, 75, 75, 75, 75, 75, 75, 75, 75, 75, 75, 75, 75, 75, 75, 75, 75, 75, 75, 75, 75, 75, 75, 75, 75, 75, 75, 75, 75, 75, 75, 75, 75, 75, 75, 75, 75, 75, 75]}}, {"type": "Feature", "geometry": {"type": "Point", "coordinates": [-104.12554, 50.09111]}, "properties": {"twp": "013-16-W2", "prov": "SK", "total": 78, "first": 1901, "cum": [0, 0, 0, 0, 0, 0, 0, 0, 0, 0, 0, 0, 0, 0, 0, 0, 0, 0, 0, 0, 8, 61, 61, 65, 65, 66, 78, 78, 78, 78, 78, 78, 78, 78, 78, 78, 78, 78, 78, 78, 78, 78, 78, 78, 78, 78, 78, 78, 78, 78, 78, 78, 78, 78, 78, 78, 78, 78, 78, 78, 78, 78, 78, 78], "psum": [0, 0, 0, 0, 0, 0, 0, 0, 0, 0, 0, 0, 0, 0, 0, 0, 0, 0, 0, 0, 24.0, 289.0, 289.0, 325.0, 325.0, 336.0, 468.0, 468.0, 468.0, 468.0, 468.0, 468.0, 468.0, 468.0, 468.0, 468.0, 468.0, 468.0, 468.0, 468.0, 468.0, 468.0, 468.0, 468.0, 468.0, 468.0, 468.0, 468.0, 468.0, 468.0, 468.0, 468.0, 468.0, 468.0, 468.0, 468.0, 468.0, 468.0, 468.0, 468.0, 468.0, 468.0, 468.0, 468.0], "pcnt": [0, 0, 0, 0, 0, 0, 0, 0, 0, 0, 0, 0, 0, 0, 0, 0, 0, 0, 0, 0, 8, 61, 61, 65, 65, 66, 78, 78, 78, 78, 78, 78, 78, 78, 78, 78, 78, 78, 78, 78, 78, 78, 78, 78, 78, 78, 78, 78, 78, 78, 78, 78, 78, 78, 78, 78, 78, 78, 78, 78, 78, 78, 78, 78]}}, {"type": "Feature", "geometry": {"type": "Point", "coordinates": [-104.00372, 50.08892]}, "properties": {"twp": "013-15-W2", "prov": "SK", "total": 94, "first": 1900, "cum": [0, 0, 0, 0, 0, 0, 0, 0, 0, 0, 0, 0, 0, 0, 0, 0, 0, 0, 0, 2, 14, 92, 92, 92, 92, 94, 94, 94, 94, 94, 94, 94, 94, 94, 94, 94, 94, 94, 94, 94, 94, 94, 94, 94, 94, 94, 94, 94, 94, 94, 94, 94, 94, 94, 94, 94, 94, 94, 94, 94, 94, 94, 94, 94], "psum": [0, 0, 0, 0, 0, 0, 0, 0, 0, 0, 0, 0, 0, 0, 0, 0, 0, 0, 0, 6.0, 54.0, 398.5, 398.5, 398.5, 398.5, 420.5, 420.5, 420.5, 420.5, 420.5, 420.5, 420.5, 420.5, 420.5, 420.5, 420.5, 420.5, 420.5, 420.5, 420.5, 420.5, 420.5, 420.5, 420.5, 420.5, 420.5, 420.5, 420.5, 420.5, 420.5, 420.5, 420.5, 420.5, 420.5, 420.5, 420.5, 420.5, 420.5, 420.5, 420.5, 420.5, 420.5, 420.5, 420.5], "pcnt": [0, 0, 0, 0, 0, 0, 0, 0, 0, 0, 0, 0, 0, 0, 0, 0, 0, 0, 0, 2, 14, 92, 92, 92, 92, 94, 94, 94, 94, 94, 94, 94, 94, 94, 94, 94, 94, 94, 94, 94, 94, 94, 94, 94, 94, 94, 94, 94, 94, 94, 94, 94, 94, 94, 94, 94, 94, 94, 94, 94, 94, 94, 94, 94]}}, {"type": "Feature", "geometry": {"type": "Point", "coordinates": [-107.80884, 50.09293]}, "properties": {"twp": "013-14-W3", "prov": "SK", "total": 52, "first": 1904, "cum": [0, 0, 0, 0, 0, 0, 0, 0, 0, 0, 0, 0, 0, 0, 0, 0, 0, 0, 0, 0, 0, 0, 0, 39, 46, 48, 48, 48, 48, 48, 52, 52, 52, 52, 52, 52, 52, 52, 52, 52, 52, 52, 52, 52, 52, 52, 52, 52, 52, 52, 52, 52, 52, 52, 52, 52, 52, 52, 52, 52, 52, 52, 52, 52], "psum": [0, 0, 0, 0, 0, 0, 0, 0, 0, 0, 0, 0, 0, 0, 0, 0, 0, 0, 0, 0, 0, 0, 0, 134.8, 157.5, 169.5, 169.5, 169.5, 169.5, 169.5, 201.5, 201.5, 201.5, 201.5, 201.5, 201.5, 201.5, 201.5, 201.5, 201.5, 201.5, 201.5, 201.5, 201.5, 201.5, 201.5, 201.5, 201.5, 201.5, 201.5, 201.5, 201.5, 201.5, 201.5, 201.5, 201.5, 201.5, 201.5, 201.5, 201.5, 201.5, 201.5, 201.5, 201.5], "pcnt": [0, 0, 0, 0, 0, 0, 0, 0, 0, 0, 0, 0, 0, 0, 0, 0, 0, 0, 0, 0, 0, 0, 0, 39, 46, 48, 48, 48, 48, 48, 52, 52, 52, 52, 52, 52, 52, 52, 52, 52, 52, 52, 52, 52, 52, 52, 52, 52, 52, 52, 52, 52, 52, 52, 52, 52, 52, 52, 52, 52, 52, 52, 52, 52]}}, {"type": "Feature", "geometry": {"type": "Point", "coordinates": [-103.86766, 50.08466]}, "properties": {"twp": "013-14-W2", "prov": "SK", "total": 68, "first": 1899, "cum": [0, 0, 0, 0, 0, 0, 0, 0, 0, 0, 0, 0, 0, 0, 0, 0, 0, 0, 6, 12, 20, 68, 68, 68, 68, 68, 68, 68, 68, 68, 68, 68, 68, 68, 68, 68, 68, 68, 68, 68, 68, 68, 68, 68, 68, 68, 68, 68, 68, 68, 68, 68, 68, 68, 68, 68, 68, 68, 68, 68, 68, 68, 68, 68], "psum": [0, 0, 0, 0, 0, 0, 0, 0, 0, 0, 0, 0, 0, 0, 0, 0, 0, 0, 18.0, 36.0, 62.0, 308.5, 308.5, 308.5, 308.5, 308.5, 308.5, 308.5, 308.5, 308.5, 308.5, 308.5, 308.5, 308.5, 308.5, 308.5, 308.5, 308.5, 308.5, 308.5, 308.5, 308.5, 308.5, 308.5, 308.5, 308.5, 308.5, 308.5, 308.5, 308.5, 308.5, 308.5, 308.5, 308.5, 308.5, 308.5, 308.5, 308.5, 308.5, 308.5, 308.5, 308.5, 308.5, 308.5], "pcnt": [0, 0, 0, 0, 0, 0, 0, 0, 0, 0, 0, 0, 0, 0, 0, 0, 0, 0, 6, 12, 20, 68, 68, 68, 68, 68, 68, 68, 68, 68, 68, 68, 68, 68, 68, 68, 68, 68, 68, 68, 68, 68, 68, 68, 68, 68, 68, 68, 68, 68, 68, 68, 68, 68, 68, 68, 68, 68, 68, 68, 68, 68, 68, 68]}}, {"type": "Feature", "geometry": {"type": "Point", "coordinates": [-103.7375, 50.08955]}, "properties": {"twp": "013-13-W2", "prov": "SK", "total": 88, "first": 1902, "cum": [0, 0, 0, 0, 0, 0, 0, 0, 0, 0, 0, 0, 0, 0, 0, 0, 0, 0, 0, 0, 0, 68, 83, 83, 83, 83, 83, 83, 83, 88, 88, 88, 88, 88, 88, 88, 88, 88, 88, 88, 88, 88, 88, 88, 88, 88, 88, 88, 88, 88, 88, 88, 88, 88, 88, 88, 88, 88, 88, 88, 88, 88, 88, 88], "psum": [0, 0, 0, 0, 0, 0, 0, 0, 0, 0, 0, 0, 0, 0, 0, 0, 0, 0, 0, 0, 0, 341.5, 438.5, 438.5, 438.5, 438.5, 438.5, 438.5, 438.5, 503.5, 503.5, 503.5, 503.5, 503.5, 503.5, 503.5, 503.5, 503.5, 503.5, 503.5, 503.5, 503.5, 503.5, 503.5, 503.5, 503.5, 503.5, 503.5, 503.5, 503.5, 503.5, 503.5, 503.5, 503.5, 503.5, 503.5, 503.5, 503.5, 503.5, 503.5, 503.5, 503.5, 503.5, 503.5], "pcnt": [0, 0, 0, 0, 0, 0, 0, 0, 0, 0, 0, 0, 0, 0, 0, 0, 0, 0, 0, 0, 0, 68, 83, 83, 83, 83, 83, 83, 83, 88, 88, 88, 88, 88, 88, 88, 88, 88, 88, 88, 88, 88, 88, 88, 88, 88, 88, 88, 88, 88, 88, 88, 88, 88, 88, 88, 88, 88, 88, 88, 88, 88, 88, 88]}}, {"type": "Feature", "geometry": {"type": "Point", "coordinates": [-103.57426, 50.09231]}, "properties": {"twp": "013-12-W2", "prov": "SK", "total": 80, "first": 1902, "cum": [0, 0, 0, 0, 0, 0, 0, 0, 0, 0, 0, 0, 0, 0, 0, 0, 0, 0, 0, 0, 0, 48, 72, 74, 74, 74, 75, 75, 78, 78, 80, 80, 80, 80, 80, 80, 80, 80, 80, 80, 80, 80, 80, 80, 80, 80, 80, 80, 80, 80, 80, 80, 80, 80, 80, 80, 80, 80, 80, 80, 80, 80, 80, 80], "psum": [0, 0, 0, 0, 0, 0, 0, 0, 0, 0, 0, 0, 0, 0, 0, 0, 0, 0, 0, 0, 0, 278.0, 439.0, 453.0, 453.0, 453.0, 465.0, 465.0, 501.0, 501.0, 529.0, 529.0, 529.0, 529.0, 529.0, 529.0, 529.0, 529.0, 529.0, 529.0, 529.0, 529.0, 529.0, 529.0, 529.0, 529.0, 529.0, 529.0, 529.0, 529.0, 529.0, 529.0, 529.0, 529.0, 529.0, 529.0, 529.0, 529.0, 529.0, 529.0, 529.0, 529.0, 529.0, 529.0], "pcnt": [0, 0, 0, 0, 0, 0, 0, 0, 0, 0, 0, 0, 0, 0, 0, 0, 0, 0, 0, 0, 0, 48, 72, 74, 74, 74, 75, 75, 78, 78, 80, 80, 80, 80, 80, 80, 80, 80, 80, 80, 80, 80, 80, 80, 80, 80, 80, 80, 80, 80, 80, 80, 80, 80, 80, 80, 80, 80, 80, 80, 80, 80, 80, 80]}}, {"type": "Feature", "geometry": {"type": "Point", "coordinates": [-103.43372, 50.10111]}, "properties": {"twp": "013-11-W2", "prov": "SK", "total": 98, "first": 1902, "cum": [0, 0, 0, 0, 0, 0, 0, 0, 0, 0, 0, 0, 0, 0, 0, 0, 0, 0, 0, 0, 0, 36, 66, 70, 86, 98, 98, 98, 98, 98, 98, 98, 98, 98, 98, 98, 98, 98, 98, 98, 98, 98, 98, 98, 98, 98, 98, 98, 98, 98, 98, 98, 98, 98, 98, 98, 98, 98, 98, 98, 98, 98, 98, 98], "psum": [0, 0, 0, 0, 0, 0, 0, 0, 0, 0, 0, 0, 0, 0, 0, 0, 0, 0, 0, 0, 0, 175.0, 340.0, 360.0, 494.0, 554.0, 554.0, 554.0, 554.0, 554.0, 554.0, 554.0, 554.0, 554.0, 554.0, 554.0, 554.0, 554.0, 554.0, 554.0, 554.0, 554.0, 554.0, 554.0, 554.0, 554.0, 554.0, 554.0, 554.0, 554.0, 554.0, 554.0, 554.0, 554.0, 554.0, 554.0, 554.0, 554.0, 554.0, 554.0, 554.0, 554.0, 554.0, 554.0], "pcnt": [0, 0, 0, 0, 0, 0, 0, 0, 0, 0, 0, 0, 0, 0, 0, 0, 0, 0, 0, 0, 0, 36, 66, 70, 86, 98, 98, 98, 98, 98, 98, 98, 98, 98, 98, 98, 98, 98, 98, 98, 98, 98, 98, 98, 98, 98, 98, 98, 98, 98, 98, 98, 98, 98, 98, 98, 98, 98, 98, 98, 98, 98, 98, 98]}}, {"type": "Feature", "geometry": {"type": "Point", "coordinates": [-103.31237, 50.09524]}, "properties": {"twp": "013-10-W2", "prov": "SK", "total": 46, "first": 1903, "cum": [0, 0, 0, 0, 0, 0, 0, 0, 0, 0, 0, 0, 0, 0, 0, 0, 0, 0, 0, 0, 0, 0, 27, 31, 32, 40, 41, 41, 42, 42, 46, 46, 46, 46, 46, 46, 46, 46, 46, 46, 46, 46, 46, 46, 46, 46, 46, 46, 46, 46, 46, 46, 46, 46, 46, 46, 46, 46, 46, 46, 46, 46, 46, 46], "psum": [0, 0, 0, 0, 0, 0, 0, 0, 0, 0, 0, 0, 0, 0, 0, 0, 0, 0, 0, 0, 0, 0, 259.3, 287.3, 295.3, 375.3, 385.3, 385.3, 397.3, 397.3, 445.4, 445.4, 445.4, 445.4, 445.4, 445.4, 445.4, 445.4, 445.4, 445.4, 445.4, 445.4, 445.4, 445.4, 445.4, 445.4, 445.4, 445.4, 445.4, 445.4, 445.4, 445.4, 445.4, 445.4, 445.4, 445.4, 445.4, 445.4, 445.4, 445.4, 445.4, 445.4, 445.4, 445.4], "pcnt": [0, 0, 0, 0, 0, 0, 0, 0, 0, 0, 0, 0, 0, 0, 0, 0, 0, 0, 0, 0, 0, 0, 27, 31, 32, 40, 41, 41, 42, 42, 46, 46, 46, 46, 46, 46, 46, 46, 46, 46, 46, 46, 46, 46, 46, 46, 46, 46, 46, 46, 46, 46, 46, 46, 46, 46, 46, 46, 46, 46, 46, 46, 46, 46]}}, {"type": "Feature", "geometry": {"type": "Point", "coordinates": [-103.16803, 50.0993]}, "properties": {"twp": "013-09-W2", "prov": "SK", "total": 49, "first": 1903, "cum": [0, 0, 0, 0, 0, 0, 0, 0, 0, 0, 0, 0, 0, 0, 0, 0, 0, 0, 0, 0, 0, 0, 22, 22, 23, 36, 37, 37, 39, 47, 49, 49, 49, 49, 49, 49, 49, 49, 49, 49, 49, 49, 49, 49, 49, 49, 49, 49, 49, 49, 49, 49, 49, 49, 49, 49, 49, 49, 49, 49, 49, 49, 49, 49], "psum": [0, 0, 0, 0, 0, 0, 0, 0, 0, 0, 0, 0, 0, 0, 0, 0, 0, 0, 0, 0, 0, 0, 126.0, 126.0, 134.0, 238.0, 248.0, 248.0, 272.0, 370.0, 398.0, 398.0, 398.0, 398.0, 398.0, 398.0, 398.0, 398.0, 398.0, 398.0, 398.0, 398.0, 398.0, 398.0, 398.0, 398.0, 398.0, 398.0, 398.0, 398.0, 398.0, 398.0, 398.0, 398.0, 398.0, 398.0, 398.0, 398.0, 398.0, 398.0, 398.0, 398.0, 398.0, 398.0], "pcnt": [0, 0, 0, 0, 0, 0, 0, 0, 0, 0, 0, 0, 0, 0, 0, 0, 0, 0, 0, 0, 0, 0, 22, 22, 23, 36, 37, 37, 39, 47, 49, 49, 49, 49, 49, 49, 49, 49, 49, 49, 49, 49, 49, 49, 49, 49, 49, 49, 49, 49, 49, 49, 49, 49, 49, 49, 49, 49, 49, 49, 49, 49, 49, 49]}}, {"type": "Feature", "geometry": {"type": "Point", "coordinates": [-102.89013, 50.09461]}, "properties": {"twp": "013-07-W2", "prov": "SK", "total": 26, "first": 1902, "cum": [0, 0, 0, 0, 0, 0, 0, 0, 0, 0, 0, 0, 0, 0, 0, 0, 0, 0, 0, 0, 0, 4, 7, 10, 15, 19, 22, 22, 22, 22, 26, 26, 26, 26, 26, 26, 26, 26, 26, 26, 26, 26, 26, 26, 26, 26, 26, 26, 26, 26, 26, 26, 26, 26, 26, 26, 26, 26, 26, 26, 26, 26, 26, 26], "psum": [0, 0, 0, 0, 0, 0, 0, 0, 0, 0, 0, 0, 0, 0, 0, 0, 0, 0, 0, 0, 0, 16.8, 35.8, 59.8, 105.8, 145.8, 176.8, 176.8, 176.8, 176.8, 238.8, 238.8, 238.8, 238.8, 238.8, 238.8, 238.8, 238.8, 238.8, 238.8, 238.8, 238.8, 238.8, 238.8, 238.8, 238.8, 238.8, 238.8, 238.8, 238.8, 238.8, 238.8, 238.8, 238.8, 238.8, 238.8, 238.8, 238.8, 238.8, 238.8, 238.8, 238.8, 238.8, 238.8], "pcnt": [0, 0, 0, 0, 0, 0, 0, 0, 0, 0, 0, 0, 0, 0, 0, 0, 0, 0, 0, 0, 0, 4, 7, 10, 15, 19, 22, 22, 22, 22, 26, 26, 26, 26, 26, 26, 26, 26, 26, 26, 26, 26, 26, 26, 26, 26, 26, 26, 26, 26, 26, 26, 26, 26, 26, 26, 26, 26, 26, 26, 26, 26, 26, 26]}}, {"type": "Feature", "geometry": {"type": "Point", "coordinates": [-102.76794, 50.09062]}, "properties": {"twp": "013-06-W2", "prov": "SK", "total": 144, "first": 1902, "cum": [0, 0, 0, 0, 0, 0, 0, 0, 0, 0, 0, 0, 0, 0, 0, 0, 0, 0, 0, 0, 0, 100, 142, 142, 142, 144, 144, 144, 144, 144, 144, 144, 144, 144, 144, 144, 144, 144, 144, 144, 144, 144, 144, 144, 144, 144, 144, 144, 144, 144, 144, 144, 144, 144, 144, 144, 144, 144, 144, 144, 144, 144, 144, 144], "psum": [0, 0, 0, 0, 0, 0, 0, 0, 0, 0, 0, 0, 0, 0, 0, 0, 0, 0, 0, 0, 0, 400.0, 568.0, 568.0, 568.0, 576.0, 576.0, 576.0, 576.0, 576.0, 576.0, 576.0, 576.0, 576.0, 576.0, 576.0, 576.0, 576.0, 576.0, 576.0, 576.0, 576.0, 576.0, 576.0, 576.0, 576.0, 576.0, 576.0, 576.0, 576.0, 576.0, 576.0, 576.0, 576.0, 576.0, 576.0, 576.0, 576.0, 576.0, 576.0, 576.0, 576.0, 576.0, 576.0], "pcnt": [0, 0, 0, 0, 0, 0, 0, 0, 0, 0, 0, 0, 0, 0, 0, 0, 0, 0, 0, 0, 0, 100, 142, 142, 142, 144, 144, 144, 144, 144, 144, 144, 144, 144, 144, 144, 144, 144, 144, 144, 144, 144, 144, 144, 144, 144, 144, 144, 144, 144, 144, 144, 144, 144, 144, 144, 144, 144, 144, 144, 144, 144, 144, 144]}}, {"type": "Feature", "geometry": {"type": "Point", "coordinates": [-102.47422, 50.0982]}, "properties": {"twp": "013-04-W2", "prov": "SK", "total": 55, "first": 1882, "cum": [0, 15, 15, 15, 15, 15, 15, 15, 15, 15, 15, 15, 15, 15, 15, 15, 15, 15, 15, 15, 15, 46, 51, 54, 54, 55, 55, 55, 55, 55, 55, 55, 55, 55, 55, 55, 55, 55, 55, 55, 55, 55, 55, 55, 55, 55, 55, 55, 55, 55, 55, 55, 55, 55, 55, 55, 55, 55, 55, 55, 55, 55, 55, 55], "psum": [0, 42.5, 42.5, 42.5, 42.5, 42.5, 42.5, 42.5, 42.5, 42.5, 42.5, 42.5, 42.5, 42.5, 42.5, 42.5, 42.5, 42.5, 42.5, 42.5, 42.5, 200.0, 230.0, 251.0, 251.0, 261.0, 261.0, 261.0, 261.0, 261.0, 261.0, 261.0, 261.0, 261.0, 261.0, 261.0, 261.0, 261.0, 261.0, 261.0, 261.0, 261.0, 261.0, 261.0, 261.0, 261.0, 261.0, 261.0, 261.0, 261.0, 261.0, 261.0, 261.0, 261.0, 261.0, 261.0, 261.0, 261.0, 261.0, 261.0, 261.0, 261.0, 261.0, 261.0], "pcnt": [0, 15, 15, 15, 15, 15, 15, 15, 15, 15, 15, 15, 15, 15, 15, 15, 15, 15, 15, 15, 15, 46, 50, 53, 53, 54, 54, 54, 54, 54, 54, 54, 54, 54, 54, 54, 54, 54, 54, 54, 54, 54, 54, 54, 54, 54, 54, 54, 54, 54, 54, 54, 54, 54, 54, 54, 54, 54, 54, 54, 54, 54, 54, 54]}}, {"type": "Feature", "geometry": {"type": "Point", "coordinates": [-102.34825, 50.09192]}, "properties": {"twp": "013-03-W2", "prov": "SK", "total": 73, "first": 1882, "cum": [0, 64, 64, 64, 64, 64, 64, 64, 64, 64, 64, 64, 64, 64, 64, 64, 65, 65, 66, 66, 68, 73, 73, 73, 73, 73, 73, 73, 73, 73, 73, 73, 73, 73, 73, 73, 73, 73, 73, 73, 73, 73, 73, 73, 73, 73, 73, 73, 73, 73, 73, 73, 73, 73, 73, 73, 73, 73, 73, 73, 73, 73, 73, 73], "psum": [0, 187.0, 187.0, 187.0, 187.0, 187.0, 187.0, 187.0, 187.0, 187.0, 187.0, 187.0, 187.0, 187.0, 187.0, 187.0, 190.0, 190.0, 193.0, 193.0, 199.0, 224.0, 224.0, 224.0, 224.0, 224.0, 224.0, 224.0, 224.0, 224.0, 224.0, 224.0, 224.0, 224.0, 224.0, 224.0, 224.0, 224.0, 224.0, 224.0, 224.0, 224.0, 224.0, 224.0, 224.0, 224.0, 224.0, 224.0, 224.0, 224.0, 224.0, 224.0, 224.0, 224.0, 224.0, 224.0, 224.0, 224.0, 224.0, 224.0, 224.0, 224.0, 224.0, 224.0], "pcnt": [0, 64, 64, 64, 64, 64, 64, 64, 64, 64, 64, 64, 64, 64, 64, 64, 65, 65, 66, 66, 68, 73, 73, 73, 73, 73, 73, 73, 73, 73, 73, 73, 73, 73, 73, 73, 73, 73, 73, 73, 73, 73, 73, 73, 73, 73, 73, 73, 73, 73, 73, 73, 73, 73, 73, 73, 73, 73, 73, 73, 73, 73, 73, 73]}}, {"type": "Feature", "geometry": {"type": "Point", "coordinates": [-101.6411, 50.0167]}, "properties": {"twp": "012-31-W1", "prov": "SK", "total": 24, "first": 1889, "cum": [0, 0, 0, 0, 0, 0, 0, 0, 2, 2, 3, 3, 3, 4, 9, 9, 10, 12, 13, 13, 16, 16, 24, 24, 24, 24, 24, 24, 24, 24, 24, 24, 24, 24, 24, 24, 24, 24, 24, 24, 24, 24, 24, 24, 24, 24, 24, 24, 24, 24, 24, 24, 24, 24, 24, 24, 24, 24, 24, 24, 24, 24, 24, 24], "psum": [0, 0, 0, 0, 0, 0, 0, 0, 6.0, 6.0, 9.5, 9.5, 9.5, 12.5, 27.5, 27.5, 30.5, 36.5, 39.0, 39.0, 58.5, 58.5, 98.5, 98.5, 98.5, 98.5, 98.5, 98.5, 98.5, 98.5, 98.5, 98.5, 98.5, 98.5, 98.5, 98.5, 98.5, 98.5, 98.5, 98.5, 98.5, 98.5, 98.5, 98.5, 98.5, 98.5, 98.5, 98.5, 98.5, 98.5, 98.5, 98.5, 98.5, 98.5, 98.5, 98.5, 98.5, 98.5, 98.5, 98.5, 98.5, 98.5, 98.5, 98.5], "pcnt": [0, 0, 0, 0, 0, 0, 0, 0, 2, 2, 3, 3, 3, 4, 9, 9, 10, 12, 13, 13, 16, 16, 24, 24, 24, 24, 24, 24, 24, 24, 24, 24, 24, 24, 24, 24, 24, 24, 24, 24, 24, 24, 24, 24, 24, 24, 24, 24, 24, 24, 24, 24, 24, 24, 24, 24, 24, 24, 24, 24, 24, 24, 24, 24]}}, {"type": "Feature", "geometry": {"type": "Point", "coordinates": [-109.98256, 50.00501]}, "properties": {"twp": "012-30-W3", "prov": "SK", "total": 36, "first": 1899, "cum": [0, 0, 0, 0, 0, 0, 0, 0, 0, 0, 0, 0, 0, 0, 0, 0, 0, 0, 2, 2, 2, 10, 36, 36, 36, 36, 36, 36, 36, 36, 36, 36, 36, 36, 36, 36, 36, 36, 36, 36, 36, 36, 36, 36, 36, 36, 36, 36, 36, 36, 36, 36, 36, 36, 36, 36, 36, 36, 36, 36, 36, 36, 36, 36], "psum": [0, 0, 0, 0, 0, 0, 0, 0, 0, 0, 0, 0, 0, 0, 0, 0, 0, 0, 5.0, 5.0, 5.0, 33.0, 124.0, 124.0, 124.0, 124.0, 124.0, 124.0, 124.0, 124.0, 124.0, 124.0, 124.0, 124.0, 124.0, 124.0, 124.0, 124.0, 124.0, 124.0, 124.0, 124.0, 124.0, 124.0, 124.0, 124.0, 124.0, 124.0, 124.0, 124.0, 124.0, 124.0, 124.0, 124.0, 124.0, 124.0, 124.0, 124.0, 124.0, 124.0, 124.0, 124.0, 124.0, 124.0], "pcnt": [0, 0, 0, 0, 0, 0, 0, 0, 0, 0, 0, 0, 0, 0, 0, 0, 0, 0, 2, 2, 2, 10, 36, 36, 36, 36, 36, 36, 36, 36, 36, 36, 36, 36, 36, 36, 36, 36, 36, 36, 36, 36, 36, 36, 36, 36, 36, 36, 36, 36, 36, 36, 36, 36, 36, 36, 36, 36, 36, 36, 36, 36, 36, 36]}}, {"type": "Feature", "geometry": {"type": "Point", "coordinates": [-105.16985, 50.03319]}, "properties": {"twp": "012-24-W2", "prov": "SK", "total": 10, "first": 1905, "cum": [0, 0, 0, 0, 0, 0, 0, 0, 0, 0, 0, 0, 0, 0, 0, 0, 0, 0, 0, 0, 0, 0, 0, 0, 8, 10, 10, 10, 10, 10, 10, 10, 10, 10, 10, 10, 10, 10, 10, 10, 10, 10, 10, 10, 10, 10, 10, 10, 10, 10, 10, 10, 10, 10, 10, 10, 10, 10, 10, 10, 10, 10, 10, 10], "psum": [0, 0, 0, 0, 0, 0, 0, 0, 0, 0, 0, 0, 0, 0, 0, 0, 0, 0, 0, 0, 0, 0, 0, 0, 32.0, 44.0, 44.0, 44.0, 44.0, 44.0, 44.0, 44.0, 44.0, 44.0, 44.0, 44.0, 44.0, 44.0, 44.0, 44.0, 44.0, 44.0, 44.0, 44.0, 44.0, 44.0, 44.0, 44.0, 44.0, 44.0, 44.0, 44.0, 44.0, 44.0, 44.0, 44.0, 44.0, 44.0, 44.0, 44.0, 44.0, 44.0, 44.0, 44.0], "pcnt": [0, 0, 0, 0, 0, 0, 0, 0, 0, 0, 0, 0, 0, 0, 0, 0, 0, 0, 0, 0, 0, 0, 0, 0, 8, 10, 10, 10, 10, 10, 10, 10, 10, 10, 10, 10, 10, 10, 10, 10, 10, 10, 10, 10, 10, 10, 10, 10, 10, 10, 10, 10, 10, 10, 10, 10, 10, 10, 10, 10, 10, 10, 10, 10]}}, {"type": "Feature", "geometry": {"type": "Point", "coordinates": [-105.08004, 50.0347]}, "properties": {"twp": "012-23-W2", "prov": "SK", "total": 41, "first": 1902, "cum": [0, 0, 0, 0, 0, 0, 0, 0, 0, 0, 0, 0, 0, 0, 0, 0, 0, 0, 0, 0, 0, 17, 17, 17, 18, 41, 41, 41, 41, 41, 41, 41, 41, 41, 41, 41, 41, 41, 41, 41, 41, 41, 41, 41, 41, 41, 41, 41, 41, 41, 41, 41, 41, 41, 41, 41, 41, 41, 41, 41, 41, 41, 41, 41], "psum": [0, 0, 0, 0, 0, 0, 0, 0, 0, 0, 0, 0, 0, 0, 0, 0, 0, 0, 0, 0, 0, 68.0, 68.0, 68.0, 73.0, 223.0, 223.0, 223.0, 223.0, 223.0, 223.0, 223.0, 223.0, 223.0, 223.0, 223.0, 223.0, 223.0, 223.0, 223.0, 223.0, 223.0, 223.0, 223.0, 223.0, 223.0, 223.0, 223.0, 223.0, 223.0, 223.0, 223.0, 223.0, 223.0, 223.0, 223.0, 223.0, 223.0, 223.0, 223.0, 223.0, 223.0, 223.0, 223.0], "pcnt": [0, 0, 0, 0, 0, 0, 0, 0, 0, 0, 0, 0, 0, 0, 0, 0, 0, 0, 0, 0, 0, 17, 17, 17, 18, 41, 41, 41, 41, 41, 41, 41, 41, 41, 41, 41, 41, 41, 41, 41, 41, 41, 41, 41, 41, 41, 41, 41, 41, 41, 41, 41, 41, 41, 41, 41, 41, 41, 41, 41, 41, 41, 41, 41]}}, {"type": "Feature", "geometry": {"type": "Point", "coordinates": [-104.64919, 50.02913]}, "properties": {"twp": "012-20-W2", "prov": "SK", "total": 18, "first": 1901, "cum": [0, 0, 0, 0, 0, 0, 0, 0, 0, 0, 0, 0, 0, 0, 0, 0, 0, 0, 0, 0, 18, 18, 18, 18, 18, 18, 18, 18, 18, 18, 18, 18, 18, 18, 18, 18, 18, 18, 18, 18, 18, 18, 18, 18, 18, 18, 18, 18, 18, 18, 18, 18, 18, 18, 18, 18, 18, 18, 18, 18, 18, 18, 18, 18], "psum": [0, 0, 0, 0, 0, 0, 0, 0, 0, 0, 0, 0, 0, 0, 0, 0, 0, 0, 0, 0, 42.0, 42.0, 42.0, 42.0, 42.0, 42.0, 42.0, 42.0, 42.0, 42.0, 42.0, 42.0, 42.0, 42.0, 42.0, 42.0, 42.0, 42.0, 42.0, 42.0, 42.0, 42.0, 42.0, 42.0, 42.0, 42.0, 42.0, 42.0, 42.0, 42.0, 42.0, 42.0, 42.0, 42.0, 42.0, 42.0, 42.0, 42.0, 42.0, 42.0, 42.0, 42.0, 42.0, 42.0], "pcnt": [0, 0, 0, 0, 0, 0, 0, 0, 0, 0, 0, 0, 0, 0, 0, 0, 0, 0, 0, 0, 18, 18, 18, 18, 18, 18, 18, 18, 18, 18, 18, 18, 18, 18, 18, 18, 18, 18, 18, 18, 18, 18, 18, 18, 18, 18, 18, 18, 18, 18, 18, 18, 18, 18, 18, 18, 18, 18, 18, 18, 18, 18, 18, 18]}}, {"type": "Feature", "geometry": {"type": "Point", "coordinates": [-108.50376, 50.0357]}, "properties": {"twp": "012-19-W3", "prov": "SK", "total": 12, "first": 1888, "cum": [0, 0, 0, 0, 0, 0, 0, 12, 12, 12, 12, 12, 12, 12, 12, 12, 12, 12, 12, 12, 12, 12, 12, 12, 12, 12, 12, 12, 12, 12, 12, 12, 12, 12, 12, 12, 12, 12, 12, 12, 12, 12, 12, 12, 12, 12, 12, 12, 12, 12, 12, 12, 12, 12, 12, 12, 12, 12, 12, 12, 12, 12, 12, 12], "psum": [0, 0, 0, 0, 0, 0, 0, 36.0, 36.0, 36.0, 36.0, 36.0, 36.0, 36.0, 36.0, 36.0, 36.0, 36.0, 36.0, 36.0, 36.0, 36.0, 36.0, 36.0, 36.0, 36.0, 36.0, 36.0, 36.0, 36.0, 36.0, 36.0, 36.0, 36.0, 36.0, 36.0, 36.0, 36.0, 36.0, 36.0, 36.0, 36.0, 36.0, 36.0, 36.0, 36.0, 36.0, 36.0, 36.0, 36.0, 36.0, 36.0, 36.0, 36.0, 36.0, 36.0, 36.0, 36.0, 36.0, 36.0, 36.0, 36.0, 36.0, 36.0], "pcnt": [0, 0, 0, 0, 0, 0, 0, 12, 12, 12, 12, 12, 12, 12, 12, 12, 12, 12, 12, 12, 12, 12, 12, 12, 12, 12, 12, 12, 12, 12, 12, 12, 12, 12, 12, 12, 12, 12, 12, 12, 12, 12, 12, 12, 12, 12, 12, 12, 12, 12, 12, 12, 12, 12, 12, 12, 12, 12, 12, 12, 12, 12, 12, 12]}}, {"type": "Feature", "geometry": {"type": "Point", "coordinates": [-104.55591, 50.00618]}, "properties": {"twp": "012-19-W2", "prov": "SK", "total": 68, "first": 1899, "cum": [0, 0, 0, 0, 0, 0, 0, 0, 0, 0, 0, 0, 0, 0, 0, 0, 0, 0, 11, 20, 60, 68, 68, 68, 68, 68, 68, 68, 68, 68, 68, 68, 68, 68, 68, 68, 68, 68, 68, 68, 68, 68, 68, 68, 68, 68, 68, 68, 68, 68, 68, 68, 68, 68, 68, 68, 68, 68, 68, 68, 68, 68, 68, 68], "psum": [0, 0, 0, 0, 0, 0, 0, 0, 0, 0, 0, 0, 0, 0, 0, 0, 0, 0, 32.7, 59.7, 179.7, 295.7, 295.7, 295.7, 295.7, 295.7, 295.7, 295.7, 295.7, 295.7, 295.7, 295.7, 295.7, 295.7, 295.7, 295.7, 295.7, 295.7, 295.7, 295.7, 295.7, 295.7, 295.7, 295.7, 295.7, 295.7, 295.7, 295.7, 295.7, 295.7, 295.7, 295.7, 295.7, 295.7, 295.7, 295.7, 295.7, 295.7, 295.7, 295.7, 295.7, 295.7, 295.7, 295.7], "pcnt": [0, 0, 0, 0, 0, 0, 0, 0, 0, 0, 0, 0, 0, 0, 0, 0, 0, 0, 11, 20, 60, 68, 68, 68, 68, 68, 68, 68, 68, 68, 68, 68, 68, 68, 68, 68, 68, 68, 68, 68, 68, 68, 68, 68, 68, 68, 68, 68, 68, 68, 68, 68, 68, 68, 68, 68, 68, 68, 68, 68, 68, 68, 68, 68]}}, {"type": "Feature", "geometry": {"type": "Point", "coordinates": [-104.00309, 50.00369]}, "properties": {"twp": "012-15-W2", "prov": "SK", "total": 60, "first": 1901, "cum": [0, 0, 0, 0, 0, 0, 0, 0, 0, 0, 0, 0, 0, 0, 0, 0, 0, 0, 0, 0, 4, 56, 60, 60, 60, 60, 60, 60, 60, 60, 60, 60, 60, 60, 60, 60, 60, 60, 60, 60, 60, 60, 60, 60, 60, 60, 60, 60, 60, 60, 60, 60, 60, 60, 60, 60, 60, 60, 60, 60, 60, 60, 60, 60], "psum": [0, 0, 0, 0, 0, 0, 0, 0, 0, 0, 0, 0, 0, 0, 0, 0, 0, 0, 0, 0, 12.0, 246.0, 270.0, 270.0, 270.0, 270.0, 270.0, 270.0, 270.0, 270.0, 270.0, 270.0, 270.0, 270.0, 270.0, 270.0, 270.0, 270.0, 270.0, 270.0, 270.0, 270.0, 270.0, 270.0, 270.0, 270.0, 270.0, 270.0, 270.0, 270.0, 270.0, 270.0, 270.0, 270.0, 270.0, 270.0, 270.0, 270.0, 270.0, 270.0, 270.0, 270.0, 270.0, 270.0], "pcnt": [0, 0, 0, 0, 0, 0, 0, 0, 0, 0, 0, 0, 0, 0, 0, 0, 0, 0, 0, 0, 4, 56, 60, 60, 60, 60, 60, 60, 60, 60, 60, 60, 60, 60, 60, 60, 60, 60, 60, 60, 60, 60, 60, 60, 60, 60, 60, 60, 60, 60, 60, 60, 60, 60, 60, 60, 60, 60, 60, 60, 60, 60, 60, 60]}}, {"type": "Feature", "geometry": {"type": "Point", "coordinates": [-103.86393, 50.01131]}, "properties": {"twp": "012-14-W2", "prov": "SK", "total": 42, "first": 1902, "cum": [0, 0, 0, 0, 0, 0, 0, 0, 0, 0, 0, 0, 0, 0, 0, 0, 0, 0, 0, 0, 0, 26, 27, 27, 27, 28, 28, 28, 28, 36, 42, 42, 42, 42, 42, 42, 42, 42, 42, 42, 42, 42, 42, 42, 42, 42, 42, 42, 42, 42, 42, 42, 42, 42, 42, 42, 42, 42, 42, 42, 42, 42, 42, 42], "psum": [0, 0, 0, 0, 0, 0, 0, 0, 0, 0, 0, 0, 0, 0, 0, 0, 0, 0, 0, 0, 0, 124.0, 131.0, 131.0, 131.0, 144.0, 144.0, 144.0, 144.0, 260.0, 350.0, 350.0, 350.0, 350.0, 350.0, 350.0, 350.0, 350.0, 350.0, 350.0, 350.0, 350.0, 350.0, 350.0, 350.0, 350.0, 350.0, 350.0, 350.0, 350.0, 350.0, 350.0, 350.0, 350.0, 350.0, 350.0, 350.0, 350.0, 350.0, 350.0, 350.0, 350.0, 350.0, 350.0], "pcnt": [0, 0, 0, 0, 0, 0, 0, 0, 0, 0, 0, 0, 0, 0, 0, 0, 0, 0, 0, 0, 0, 26, 27, 27, 27, 28, 28, 28, 28, 36, 42, 42, 42, 42, 42, 42, 42, 42, 42, 42, 42, 42, 42, 42, 42, 42, 42, 42, 42, 42, 42, 42, 42, 42, 42, 42, 42, 42, 42, 42, 42, 42, 42, 42]}}, {"type": "Feature", "geometry": {"type": "Point", "coordinates": [-103.70679, 50.00449]}, "properties": {"twp": "012-13-W2", "prov": "SK", "total": 70, "first": 1902, "cum": [0, 0, 0, 0, 0, 0, 0, 0, 0, 0, 0, 0, 0, 0, 0, 0, 0, 0, 0, 0, 0, 42, 51, 52, 52, 69, 69, 69, 69, 70, 70, 70, 70, 70, 70, 70, 70, 70, 70, 70, 70, 70, 70, 70, 70, 70, 70, 70, 70, 70, 70, 70, 70, 70, 70, 70, 70, 70, 70, 70, 70, 70, 70, 70], "psum": [0, 0, 0, 0, 0, 0, 0, 0, 0, 0, 0, 0, 0, 0, 0, 0, 0, 0, 0, 0, 0, 248.0, 308.0, 311.0, 311.0, 502.0, 502.0, 502.0, 502.0, 513.0, 513.0, 513.0, 513.0, 513.0, 513.0, 513.0, 513.0, 513.0, 513.0, 513.0, 513.0, 513.0, 513.0, 513.0, 513.0, 513.0, 513.0, 513.0, 513.0, 513.0, 513.0, 513.0, 513.0, 513.0, 513.0, 513.0, 513.0, 513.0, 513.0, 513.0, 513.0, 513.0, 513.0, 513.0], "pcnt": [0, 0, 0, 0, 0, 0, 0, 0, 0, 0, 0, 0, 0, 0, 0, 0, 0, 0, 0, 0, 0, 42, 51, 52, 52, 69, 69, 69, 69, 70, 70, 70, 70, 70, 70, 70, 70, 70, 70, 70, 70, 70, 70, 70, 70, 70, 70, 70, 70, 70, 70, 70, 70, 70, 70, 70, 70, 70, 70, 70, 70, 70, 70, 70]}}, {"type": "Feature", "geometry": {"type": "Point", "coordinates": [-103.59776, 50.00676]}, "properties": {"twp": "012-12-W2", "prov": "SK", "total": 94, "first": 1901, "cum": [0, 0, 0, 0, 0, 0, 0, 0, 0, 0, 0, 0, 0, 0, 0, 0, 0, 0, 0, 0, 46, 46, 86, 90, 94, 94, 94, 94, 94, 94, 94, 94, 94, 94, 94, 94, 94, 94, 94, 94, 94, 94, 94, 94, 94, 94, 94, 94, 94, 94, 94, 94, 94, 94, 94, 94, 94, 94, 94, 94, 94, 94, 94, 94], "psum": [0, 0, 0, 0, 0, 0, 0, 0, 0, 0, 0, 0, 0, 0, 0, 0, 0, 0, 0, 0, 138.0, 138.0, 258.0, 270.0, 282.0, 282.0, 282.0, 282.0, 282.0, 282.0, 282.0, 282.0, 282.0, 282.0, 282.0, 282.0, 282.0, 282.0, 282.0, 282.0, 282.0, 282.0, 282.0, 282.0, 282.0, 282.0, 282.0, 282.0, 282.0, 282.0, 282.0, 282.0, 282.0, 282.0, 282.0, 282.0, 282.0, 282.0, 282.0, 282.0, 282.0, 282.0, 282.0, 282.0], "pcnt": [0, 0, 0, 0, 0, 0, 0, 0, 0, 0, 0, 0, 0, 0, 0, 0, 0, 0, 0, 0, 46, 46, 86, 90, 94, 94, 94, 94, 94, 94, 94, 94, 94, 94, 94, 94, 94, 94, 94, 94, 94, 94, 94, 94, 94, 94, 94, 94, 94, 94, 94, 94, 94, 94, 94, 94, 94, 94, 94, 94, 94, 94, 94, 94]}}, {"type": "Feature", "geometry": {"type": "Point", "coordinates": [-103.44682, 50.01215]}, "properties": {"twp": "012-11-W2", "prov": "SK", "total": 92, "first": 1901, "cum": [0, 0, 0, 0, 0, 0, 0, 0, 0, 0, 0, 0, 0, 0, 0, 0, 0, 0, 0, 0, 40, 40, 92, 92, 92, 92, 92, 92, 92, 92, 92, 92, 92, 92, 92, 92, 92, 92, 92, 92, 92, 92, 92, 92, 92, 92, 92, 92, 92, 92, 92, 92, 92, 92, 92, 92, 92, 92, 92, 92, 92, 92, 92, 92], "psum": [0, 0, 0, 0, 0, 0, 0, 0, 0, 0, 0, 0, 0, 0, 0, 0, 0, 0, 0, 0, 120.0, 120.0, 276.0, 276.0, 276.0, 276.0, 276.0, 276.0, 276.0, 276.0, 276.0, 276.0, 276.0, 276.0, 276.0, 276.0, 276.0, 276.0, 276.0, 276.0, 276.0, 276.0, 276.0, 276.0, 276.0, 276.0, 276.0, 276.0, 276.0, 276.0, 276.0, 276.0, 276.0, 276.0, 276.0, 276.0, 276.0, 276.0, 276.0, 276.0, 276.0, 276.0, 276.0, 276.0], "pcnt": [0, 0, 0, 0, 0, 0, 0, 0, 0, 0, 0, 0, 0, 0, 0, 0, 0, 0, 0, 0, 40, 40, 92, 92, 92, 92, 92, 92, 92, 92, 92, 92, 92, 92, 92, 92, 92, 92, 92, 92, 92, 92, 92, 92, 92, 92, 92, 92, 92, 92, 92, 92, 92, 92, 92, 92, 92, 92, 92, 92, 92, 92, 92, 92]}}, {"type": "Feature", "geometry": {"type": "Point", "coordinates": [-103.16682, 50.01403]}, "properties": {"twp": "012-09-W2", "prov": "SK", "total": 45, "first": 1902, "cum": [0, 0, 0, 0, 0, 0, 0, 0, 0, 0, 0, 0, 0, 0, 0, 0, 0, 0, 0, 0, 0, 4, 10, 10, 14, 37, 39, 39, 40, 40, 45, 45, 45, 45, 45, 45, 45, 45, 45, 45, 45, 45, 45, 45, 45, 45, 45, 45, 45, 45, 45, 45, 45, 45, 45, 45, 45, 45, 45, 45, 45, 45, 45, 45], "psum": [0, 0, 0, 0, 0, 0, 0, 0, 0, 0, 0, 0, 0, 0, 0, 0, 0, 0, 0, 0, 0, 20.0, 56.0, 56.0, 92.0, 314.0, 334.0, 334.0, 344.0, 344.0, 402.0, 402.0, 402.0, 402.0, 402.0, 402.0, 402.0, 402.0, 402.0, 402.0, 402.0, 402.0, 402.0, 402.0, 402.0, 402.0, 402.0, 402.0, 402.0, 402.0, 402.0, 402.0, 402.0, 402.0, 402.0, 402.0, 402.0, 402.0, 402.0, 402.0, 402.0, 402.0, 402.0, 402.0], "pcnt": [0, 0, 0, 0, 0, 0, 0, 0, 0, 0, 0, 0, 0, 0, 0, 0, 0, 0, 0, 0, 0, 4, 10, 10, 14, 37, 39, 39, 40, 40, 45, 45, 45, 45, 45, 45, 45, 45, 45, 45, 45, 45, 45, 45, 45, 45, 45, 45, 45, 45, 45, 45, 45, 45, 45, 45, 45, 45, 45, 45, 45, 45, 45, 45]}}, {"type": "Feature", "geometry": {"type": "Point", "coordinates": [-103.02806, 50.00334]}, "properties": {"twp": "012-08-W2", "prov": "SK", "total": 30, "first": 1903, "cum": [0, 0, 0, 0, 0, 0, 0, 0, 0, 0, 0, 0, 0, 0, 0, 0, 0, 0, 0, 0, 0, 0, 4, 5, 10, 29, 29, 29, 29, 29, 30, 30, 30, 30, 30, 30, 30, 30, 30, 30, 30, 30, 30, 30, 30, 30, 30, 30, 30, 30, 30, 30, 30, 30, 30, 30, 30, 30, 30, 30, 30, 30, 30, 30], "psum": [0, 0, 0, 0, 0, 0, 0, 0, 0, 0, 0, 0, 0, 0, 0, 0, 0, 0, 0, 0, 0, 0, 24.0, 30.8, 67.8, 269.8, 269.8, 269.8, 269.8, 269.8, 284.8, 284.8, 284.8, 284.8, 284.8, 284.8, 284.8, 284.8, 284.8, 284.8, 284.8, 284.8, 284.8, 284.8, 284.8, 284.8, 284.8, 284.8, 284.8, 284.8, 284.8, 284.8, 284.8, 284.8, 284.8, 284.8, 284.8, 284.8, 284.8, 284.8, 284.8, 284.8, 284.8, 284.8], "pcnt": [0, 0, 0, 0, 0, 0, 0, 0, 0, 0, 0, 0, 0, 0, 0, 0, 0, 0, 0, 0, 0, 0, 4, 5, 10, 29, 29, 29, 29, 29, 30, 30, 30, 30, 30, 30, 30, 30, 30, 30, 30, 30, 30, 30, 30, 30, 30, 30, 30, 30, 30, 30, 30, 30, 30, 30, 30, 30, 30, 30, 30, 30, 30, 30]}}, {"type": "Feature", "geometry": {"type": "Point", "coordinates": [-102.90737, 50.00438]}, "properties": {"twp": "012-07-W2", "prov": "SK", "total": 107, "first": 1902, "cum": [0, 0, 0, 0, 0, 0, 0, 0, 0, 0, 0, 0, 0, 0, 0, 0, 0, 0, 0, 0, 0, 107, 107, 107, 107, 107, 107, 107, 107, 107, 107, 107, 107, 107, 107, 107, 107, 107, 107, 107, 107, 107, 107, 107, 107, 107, 107, 107, 107, 107, 107, 107, 107, 107, 107, 107, 107, 107, 107, 107, 107, 107, 107, 107], "psum": [0, 0, 0, 0, 0, 0, 0, 0, 0, 0, 0, 0, 0, 0, 0, 0, 0, 0, 0, 0, 0, 321.0, 321.0, 321.0, 321.0, 321.0, 321.0, 321.0, 321.0, 321.0, 321.0, 321.0, 321.0, 321.0, 321.0, 321.0, 321.0, 321.0, 321.0, 321.0, 321.0, 321.0, 321.0, 321.0, 321.0, 321.0, 321.0, 321.0, 321.0, 321.0, 321.0, 321.0, 321.0, 321.0, 321.0, 321.0, 321.0, 321.0, 321.0, 321.0, 321.0, 321.0, 321.0, 321.0], "pcnt": [0, 0, 0, 0, 0, 0, 0, 0, 0, 0, 0, 0, 0, 0, 0, 0, 0, 0, 0, 0, 0, 107, 107, 107, 107, 107, 107, 107, 107, 107, 107, 107, 107, 107, 107, 107, 107, 107, 107, 107, 107, 107, 107, 107, 107, 107, 107, 107, 107, 107, 107, 107, 107, 107, 107, 107, 107, 107, 107, 107, 107, 107, 107, 107]}}, {"type": "Feature", "geometry": {"type": "Point", "coordinates": [-102.63262, 50.02361]}, "properties": {"twp": "012-05-W2", "prov": "SK", "total": 30, "first": 1902, "cum": [0, 0, 0, 0, 0, 0, 0, 0, 0, 0, 0, 0, 0, 0, 0, 0, 0, 0, 0, 0, 0, 20, 21, 21, 21, 23, 23, 23, 24, 24, 26, 30, 30, 30, 30, 30, 30, 30, 30, 30, 30, 30, 30, 30, 30, 30, 30, 30, 30, 30, 30, 30, 30, 30, 30, 30, 30, 30, 30, 30, 30, 30, 30, 30], "psum": [0, 0, 0, 0, 0, 0, 0, 0, 0, 0, 0, 0, 0, 0, 0, 0, 0, 0, 0, 0, 0, 80.0, 86.0, 86.0, 86.0, 98.0, 98.0, 98.0, 108.0, 108.0, 136.0, 180.0, 180.0, 180.0, 180.0, 180.0, 180.0, 180.0, 180.0, 180.0, 180.0, 180.0, 180.0, 180.0, 180.0, 180.0, 180.0, 180.0, 180.0, 180.0, 180.0, 180.0, 180.0, 180.0, 180.0, 180.0, 180.0, 180.0, 180.0, 180.0, 180.0, 180.0, 180.0, 180.0], "pcnt": [0, 0, 0, 0, 0, 0, 0, 0, 0, 0, 0, 0, 0, 0, 0, 0, 0, 0, 0, 0, 0, 20, 21, 21, 21, 23, 23, 23, 24, 24, 26, 30, 30, 30, 30, 30, 30, 30, 30, 30, 30, 30, 30, 30, 30, 30, 30, 30, 30, 30, 30, 30, 30, 30, 30, 30, 30, 30, 30, 30, 30, 30, 30, 30]}}, {"type": "Feature", "geometry": {"type": "Point", "coordinates": [-102.47959, 50.0127]}, "properties": {"twp": "012-04-W2", "prov": "SK", "total": 97, "first": 1902, "cum": [0, 0, 0, 0, 0, 0, 0, 0, 0, 0, 0, 0, 0, 0, 0, 0, 0, 0, 0, 0, 0, 54, 77, 78, 81, 93, 93, 93, 93, 94, 97, 97, 97, 97, 97, 97, 97, 97, 97, 97, 97, 97, 97, 97, 97, 97, 97, 97, 97, 97, 97, 97, 97, 97, 97, 97, 97, 97, 97, 97, 97, 97, 97, 97], "psum": [0, 0, 0, 0, 0, 0, 0, 0, 0, 0, 0, 0, 0, 0, 0, 0, 0, 0, 0, 0, 0, 216.0, 312.0, 318.0, 342.0, 422.0, 422.0, 422.0, 422.0, 434.0, 474.0, 474.0, 474.0, 474.0, 474.0, 474.0, 474.0, 474.0, 474.0, 474.0, 474.0, 474.0, 474.0, 474.0, 474.0, 474.0, 474.0, 474.0, 474.0, 474.0, 474.0, 474.0, 474.0, 474.0, 474.0, 474.0, 474.0, 474.0, 474.0, 474.0, 474.0, 474.0, 474.0, 474.0], "pcnt": [0, 0, 0, 0, 0, 0, 0, 0, 0, 0, 0, 0, 0, 0, 0, 0, 0, 0, 0, 0, 0, 54, 77, 78, 81, 93, 93, 93, 93, 94, 97, 97, 97, 97, 97, 97, 97, 97, 97, 97, 97, 97, 97, 97, 97, 97, 97, 97, 97, 97, 97, 97, 97, 97, 97, 97, 97, 97, 97, 97, 97, 97, 97, 97]}}, {"type": "Feature", "geometry": {"type": "Point", "coordinates": [-102.36724, 50.0066]}, "properties": {"twp": "012-03-W2", "prov": "SK", "total": 122, "first": 1902, "cum": [0, 0, 0, 0, 0, 0, 0, 0, 0, 0, 0, 0, 0, 0, 0, 0, 0, 0, 0, 0, 0, 65, 103, 103, 103, 117, 119, 119, 119, 120, 122, 122, 122, 122, 122, 122, 122, 122, 122, 122, 122, 122, 122, 122, 122, 122, 122, 122, 122, 122, 122, 122, 122, 122, 122, 122, 122, 122, 122, 122, 122, 122, 122, 122], "psum": [0, 0, 0, 0, 0, 0, 0, 0, 0, 0, 0, 0, 0, 0, 0, 0, 0, 0, 0, 0, 0, 261.0, 489.0, 489.0, 489.0, 565.0, 585.0, 585.0, 585.0, 597.0, 623.0, 623.0, 623.0, 623.0, 623.0, 623.0, 623.0, 623.0, 623.0, 623.0, 623.0, 623.0, 623.0, 623.0, 623.0, 623.0, 623.0, 623.0, 623.0, 623.0, 623.0, 623.0, 623.0, 623.0, 623.0, 623.0, 623.0, 623.0, 623.0, 623.0, 623.0, 623.0, 623.0, 623.0], "pcnt": [0, 0, 0, 0, 0, 0, 0, 0, 0, 0, 0, 0, 0, 0, 0, 0, 0, 0, 0, 0, 0, 65, 103, 103, 103, 117, 119, 119, 119, 120, 122, 122, 122, 122, 122, 122, 122, 122, 122, 122, 122, 122, 122, 122, 122, 122, 122, 122, 122, 122, 122, 122, 122, 122, 122, 122, 122, 122, 122, 122, 122, 122, 122, 122]}}, {"type": "Feature", "geometry": {"type": "Point", "coordinates": [-102.08865, 50.01389]}, "properties": {"twp": "012-01-W2", "prov": "SK", "total": 12, "first": 1882, "cum": [0, 1, 1, 1, 1, 1, 1, 1, 1, 1, 1, 1, 1, 2, 2, 2, 3, 3, 3, 4, 4, 4, 5, 5, 5, 12, 12, 12, 12, 12, 12, 12, 12, 12, 12, 12, 12, 12, 12, 12, 12, 12, 12, 12, 12, 12, 12, 12, 12, 12, 12, 12, 12, 12, 12, 12, 12, 12, 12, 12, 12, 12, 12, 12], "psum": [0, 2.5, 2.5, 2.5, 2.5, 2.5, 2.5, 2.5, 2.5, 2.5, 2.5, 2.5, 2.5, 5.5, 5.5, 5.5, 8.2, 8.2, 8.2, 11.2, 11.2, 11.2, 16.2, 16.2, 16.2, 82.2, 82.2, 82.2, 82.2, 82.2, 82.2, 82.2, 82.2, 82.2, 82.2, 82.2, 82.2, 82.2, 82.2, 82.2, 82.2, 82.2, 82.2, 82.2, 82.2, 82.2, 82.2, 82.2, 82.2, 82.2, 82.2, 82.2, 82.2, 82.2, 82.2, 82.2, 82.2, 82.2, 82.2, 82.2, 82.2, 82.2, 82.2, 82.2], "pcnt": [0, 1, 1, 1, 1, 1, 1, 1, 1, 1, 1, 1, 1, 2, 2, 2, 3, 3, 3, 4, 4, 4, 5, 5, 5, 12, 12, 12, 12, 12, 12, 12, 12, 12, 12, 12, 12, 12, 12, 12, 12, 12, 12, 12, 12, 12, 12, 12, 12, 12, 12, 12, 12, 12, 12, 12, 12, 12, 12, 12, 12, 12, 12, 12]}}, {"type": "Feature", "geometry": {"type": "Point", "coordinates": [-101.6596, 49.91817]}, "properties": {"twp": "011-31-W1", "prov": "SK", "total": 39, "first": 1889, "cum": [0, 0, 0, 0, 0, 0, 0, 0, 1, 1, 1, 1, 1, 1, 1, 1, 2, 3, 3, 4, 4, 4, 4, 7, 23, 38, 38, 38, 38, 39, 39, 39, 39, 39, 39, 39, 39, 39, 39, 39, 39, 39, 39, 39, 39, 39, 39, 39, 39, 39, 39, 39, 39, 39, 39, 39, 39, 39, 39, 39, 39, 39, 39, 39], "psum": [0, 0, 0, 0, 0, 0, 0, 0, 4.5, 4.5, 4.5, 4.5, 4.5, 4.5, 4.5, 4.5, 7.5, 10.5, 10.5, 13.3, 13.3, 13.3, 13.3, 31.3, 140.3, 255.3, 255.3, 255.3, 255.3, 265.3, 265.3, 265.3, 265.3, 265.3, 265.3, 265.3, 265.3, 265.3, 265.3, 265.3, 265.3, 265.3, 265.3, 265.3, 265.3, 265.3, 265.3, 265.3, 265.3, 265.3, 265.3, 265.3, 265.3, 265.3, 265.3, 265.3, 265.3, 265.3, 265.3, 265.3, 265.3, 265.3, 265.3, 265.3], "pcnt": [0, 0, 0, 0, 0, 0, 0, 0, 1, 1, 1, 1, 1, 1, 1, 1, 2, 3, 3, 4, 4, 4, 4, 7, 23, 38, 38, 38, 38, 39, 39, 39, 39, 39, 39, 39, 39, 39, 39, 39, 39, 39, 39, 39, 39, 39, 39, 39, 39, 39, 39, 39, 39, 39, 39, 39, 39, 39, 39, 39, 39, 39, 39, 39]}}, {"type": "Feature", "geometry": {"type": "Point", "coordinates": [-109.99686, 49.95319]}, "properties": {"twp": "011-30-W3", "prov": "SK", "total": 4, "first": 1903, "cum": [0, 0, 0, 0, 0, 0, 0, 0, 0, 0, 0, 0, 0, 0, 0, 0, 0, 0, 0, 0, 0, 0, 4, 4, 4, 4, 4, 4, 4, 4, 4, 4, 4, 4, 4, 4, 4, 4, 4, 4, 4, 4, 4, 4, 4, 4, 4, 4, 4, 4, 4, 4, 4, 4, 4, 4, 4, 4, 4, 4, 4, 4, 4, 4], "psum": [0, 0, 0, 0, 0, 0, 0, 0, 0, 0, 0, 0, 0, 0, 0, 0, 0, 0, 0, 0, 0, 0, 12.7, 12.7, 12.7, 12.7, 12.7, 12.7, 12.7, 12.7, 12.7, 12.7, 12.7, 12.7, 12.7, 12.7, 12.7, 12.7, 12.7, 12.7, 12.7, 12.7, 12.7, 12.7, 12.7, 12.7, 12.7, 12.7, 12.7, 12.7, 12.7, 12.7, 12.7, 12.7, 12.7, 12.7, 12.7, 12.7, 12.7, 12.7, 12.7, 12.7, 12.7, 12.7], "pcnt": [0, 0, 0, 0, 0, 0, 0, 0, 0, 0, 0, 0, 0, 0, 0, 0, 0, 0, 0, 0, 0, 0, 4, 4, 4, 4, 4, 4, 4, 4, 4, 4, 4, 4, 4, 4, 4, 4, 4, 4, 4, 4, 4, 4, 4, 4, 4, 4, 4, 4, 4, 4, 4, 4, 4, 4, 4, 4, 4, 4, 4, 4, 4, 4]}}, {"type": "Feature", "geometry": {"type": "Point", "coordinates": [-101.53083, 49.9336]}, "properties": {"twp": "011-30-W1", "prov": "SK", "total": 60, "first": 1882, "cum": [0, 3, 3, 3, 3, 3, 3, 3, 4, 4, 7, 11, 12, 12, 13, 13, 14, 16, 17, 17, 23, 35, 54, 54, 55, 58, 58, 59, 59, 60, 60, 60, 60, 60, 60, 60, 60, 60, 60, 60, 60, 60, 60, 60, 60, 60, 60, 60, 60, 60, 60, 60, 60, 60, 60, 60, 60, 60, 60, 60, 60, 60, 60, 60], "psum": [0, 7.5, 7.5, 7.5, 7.5, 7.5, 7.5, 7.5, 10.5, 10.5, 20.5, 32.5, 35.5, 35.5, 38.5, 38.5, 41.5, 47.5, 50.5, 50.5, 68.4, 116.4, 211.4, 211.4, 216.9, 234.9, 234.9, 242.9, 242.9, 252.9, 252.9, 252.9, 252.9, 252.9, 252.9, 252.9, 252.9, 252.9, 252.9, 252.9, 252.9, 252.9, 252.9, 252.9, 252.9, 252.9, 252.9, 252.9, 252.9, 252.9, 252.9, 252.9, 252.9, 252.9, 252.9, 252.9, 252.9, 252.9, 252.9, 252.9, 252.9, 252.9, 252.9, 252.9], "pcnt": [0, 3, 3, 3, 3, 3, 3, 3, 4, 4, 7, 11, 12, 12, 13, 13, 14, 16, 17, 17, 23, 35, 54, 54, 55, 58, 58, 59, 59, 60, 60, 60, 60, 60, 60, 60, 60, 60, 60, 60, 60, 60, 60, 60, 60, 60, 60, 60, 60, 60, 60, 60, 60, 60, 60, 60, 60, 60, 60, 60, 60, 60, 60, 60]}}, {"type": "Feature", "geometry": {"type": "Point", "coordinates": [-109.48206, 49.91612]}, "properties": {"twp": "011-26-W3", "prov": "SK", "total": 72, "first": 1888, "cum": [0, 0, 0, 0, 0, 0, 0, 2, 3, 3, 3, 3, 4, 4, 4, 8, 8, 12, 12, 12, 12, 25, 26, 26, 31, 45, 46, 47, 51, 72, 72, 72, 72, 72, 72, 72, 72, 72, 72, 72, 72, 72, 72, 72, 72, 72, 72, 72, 72, 72, 72, 72, 72, 72, 72, 72, 72, 72, 72, 72, 72, 72, 72, 72], "psum": [0, 0, 0, 0, 0, 0, 0, 6.0, 9.0, 9.0, 9.0, 9.0, 13.0, 13.0, 13.0, 13.0, 13.0, 25.0, 25.0, 25.0, 25.0, 89.6, 94.6, 94.6, 119.6, 192.6, 200.6, 220.6, 252.6, 459.6, 459.6, 459.6, 459.6, 459.6, 459.6, 459.6, 459.6, 459.6, 459.6, 459.6, 459.6, 459.6, 459.6, 459.6, 459.6, 459.6, 459.6, 459.6, 459.6, 459.6, 459.6, 459.6, 459.6, 459.6, 459.6, 459.6, 459.6, 459.6, 459.6, 459.6, 459.6, 459.6, 459.6, 459.6], "pcnt": [0, 0, 0, 0, 0, 0, 0, 2, 3, 3, 3, 3, 4, 4, 4, 4, 4, 8, 8, 8, 8, 21, 22, 22, 27, 41, 42, 43, 47, 68, 68, 68, 68, 68, 68, 68, 68, 68, 68, 68, 68, 68, 68, 68, 68, 68, 68, 68, 68, 68, 68, 68, 68, 68, 68, 68, 68, 68, 68, 68, 68, 68, 68, 68]}}, {"type": "Feature", "geometry": {"type": "Point", "coordinates": [-104.9418, 49.91837]}, "properties": {"twp": "011-22-W2", "prov": "SK", "total": 68, "first": 1904, "cum": [0, 0, 0, 0, 0, 0, 0, 0, 0, 0, 0, 0, 0, 0, 0, 0, 0, 0, 0, 0, 0, 0, 0, 5, 62, 64, 64, 64, 64, 66, 68, 68, 68, 68, 68, 68, 68, 68, 68, 68, 68, 68, 68, 68, 68, 68, 68, 68, 68, 68, 68, 68, 68, 68, 68, 68, 68, 68, 68, 68, 68, 68, 68, 68], "psum": [0, 0, 0, 0, 0, 0, 0, 0, 0, 0, 0, 0, 0, 0, 0, 0, 0, 0, 0, 0, 0, 0, 0, 25.0, 318.0, 331.0, 331.0, 331.0, 331.0, 351.0, 376.0, 376.0, 376.0, 376.0, 376.0, 376.0, 376.0, 376.0, 376.0, 376.0, 376.0, 376.0, 376.0, 376.0, 376.0, 376.0, 376.0, 376.0, 376.0, 376.0, 376.0, 376.0, 376.0, 376.0, 376.0, 376.0, 376.0, 376.0, 376.0, 376.0, 376.0, 376.0, 376.0, 376.0], "pcnt": [0, 0, 0, 0, 0, 0, 0, 0, 0, 0, 0, 0, 0, 0, 0, 0, 0, 0, 0, 0, 0, 0, 0, 5, 62, 64, 64, 64, 64, 66, 68, 68, 68, 68, 68, 68, 68, 68, 68, 68, 68, 68, 68, 68, 68, 68, 68, 68, 68, 68, 68, 68, 68, 68, 68, 68, 68, 68, 68, 68, 68, 68, 68, 68]}}, {"type": "Feature", "geometry": {"type": "Point", "coordinates": [-108.79775, 49.95284]}, "properties": {"twp": "011-21-W3", "prov": "SK", "total": 16, "first": 1902, "cum": [0, 0, 0, 0, 0, 0, 0, 0, 0, 0, 0, 0, 0, 0, 0, 0, 0, 0, 0, 0, 0, 4, 4, 4, 4, 4, 4, 8, 14, 14, 16, 16, 16, 16, 16, 16, 16, 16, 16, 16, 16, 16, 16, 16, 16, 16, 16, 16, 16, 16, 16, 16, 16, 16, 16, 16, 16, 16, 16, 16, 16, 16, 16, 16], "psum": [0, 0, 0, 0, 0, 0, 0, 0, 0, 0, 0, 0, 0, 0, 0, 0, 0, 0, 0, 0, 0, 12.0, 12.0, 12.0, 12.0, 12.0, 12.0, 44.0, 92.0, 92.0, 112.0, 112.0, 112.0, 112.0, 112.0, 112.0, 112.0, 112.0, 112.0, 112.0, 112.0, 112.0, 112.0, 112.0, 112.0, 112.0, 112.0, 112.0, 112.0, 112.0, 112.0, 112.0, 112.0, 112.0, 112.0, 112.0, 112.0, 112.0, 112.0, 112.0, 112.0, 112.0, 112.0, 112.0], "pcnt": [0, 0, 0, 0, 0, 0, 0, 0, 0, 0, 0, 0, 0, 0, 0, 0, 0, 0, 0, 0, 0, 4, 4, 4, 4, 4, 4, 8, 14, 14, 16, 16, 16, 16, 16, 16, 16, 16, 16, 16, 16, 16, 16, 16, 16, 16, 16, 16, 16, 16, 16, 16, 16, 16, 16, 16, 16, 16, 16, 16, 16, 16, 16, 16]}}, {"type": "Feature", "geometry": {"type": "Point", "coordinates": [-104.80847, 49.92818]}, "properties": {"twp": "011-21-W2", "prov": "SK", "total": 24, "first": 1905, "cum": [0, 0, 0, 0, 0, 0, 0, 0, 0, 0, 0, 0, 0, 0, 0, 0, 0, 0, 0, 0, 0, 0, 0, 0, 21, 24, 24, 24, 24, 24, 24, 24, 24, 24, 24, 24, 24, 24, 24, 24, 24, 24, 24, 24, 24, 24, 24, 24, 24, 24, 24, 24, 24, 24, 24, 24, 24, 24, 24, 24, 24, 24, 24, 24], "psum": [0, 0, 0, 0, 0, 0, 0, 0, 0, 0, 0, 0, 0, 0, 0, 0, 0, 0, 0, 0, 0, 0, 0, 0, 106.0, 128.0, 128.0, 128.0, 128.0, 128.0, 128.0, 128.0, 128.0, 128.0, 128.0, 128.0, 128.0, 128.0, 128.0, 128.0, 128.0, 128.0, 128.0, 128.0, 128.0, 128.0, 128.0, 128.0, 128.0, 128.0, 128.0, 128.0, 128.0, 128.0, 128.0, 128.0, 128.0, 128.0, 128.0, 128.0, 128.0, 128.0, 128.0, 128.0], "pcnt": [0, 0, 0, 0, 0, 0, 0, 0, 0, 0, 0, 0, 0, 0, 0, 0, 0, 0, 0, 0, 0, 0, 0, 0, 21, 24, 24, 24, 24, 24, 24, 24, 24, 24, 24, 24, 24, 24, 24, 24, 24, 24, 24, 24, 24, 24, 24, 24, 24, 24, 24, 24, 24, 24, 24, 24, 24, 24, 24, 24, 24, 24, 24, 24]}}, {"type": "Feature", "geometry": {"type": "Point", "coordinates": [-104.38365, 49.93421]}, "properties": {"twp": "011-18-W2", "prov": "SK", "total": 49, "first": 1901, "cum": [0, 0, 0, 0, 0, 0, 0, 0, 0, 0, 0, 0, 0, 0, 0, 0, 0, 0, 0, 0, 49, 49, 49, 49, 49, 49, 49, 49, 49, 49, 49, 49, 49, 49, 49, 49, 49, 49, 49, 49, 49, 49, 49, 49, 49, 49, 49, 49, 49, 49, 49, 49, 49, 49, 49, 49, 49, 49, 49, 49, 49, 49, 49, 49], "psum": [0, 0, 0, 0, 0, 0, 0, 0, 0, 0, 0, 0, 0, 0, 0, 0, 0, 0, 0, 0, 135.0, 135.0, 135.0, 135.0, 135.0, 135.0, 135.0, 135.0, 135.0, 135.0, 135.0, 135.0, 135.0, 135.0, 135.0, 135.0, 135.0, 135.0, 135.0, 135.0, 135.0, 135.0, 135.0, 135.0, 135.0, 135.0, 135.0, 135.0, 135.0, 135.0, 135.0, 135.0, 135.0, 135.0, 135.0, 135.0, 135.0, 135.0, 135.0, 135.0, 135.0, 135.0, 135.0, 135.0], "pcnt": [0, 0, 0, 0, 0, 0, 0, 0, 0, 0, 0, 0, 0, 0, 0, 0, 0, 0, 0, 0, 49, 49, 49, 49, 49, 49, 49, 49, 49, 49, 49, 49, 49, 49, 49, 49, 49, 49, 49, 49, 49, 49, 49, 49, 49, 49, 49, 49, 49, 49, 49, 49, 49, 49, 49, 49, 49, 49, 49, 49, 49, 49, 49, 49]}}, {"type": "Feature", "geometry": {"type": "Point", "coordinates": [-104.0021, 49.90739]}, "properties": {"twp": "011-15-W2", "prov": "SK", "total": 79, "first": 1901, "cum": [0, 0, 0, 0, 0, 0, 0, 0, 0, 0, 0, 0, 0, 0, 0, 0, 0, 0, 0, 0, 46, 73, 73, 73, 73, 74, 74, 74, 74, 77, 79, 79, 79, 79, 79, 79, 79, 79, 79, 79, 79, 79, 79, 79, 79, 79, 79, 79, 79, 79, 79, 79, 79, 79, 79, 79, 79, 79, 79, 79, 79, 79, 79, 79], "psum": [0, 0, 0, 0, 0, 0, 0, 0, 0, 0, 0, 0, 0, 0, 0, 0, 0, 0, 0, 0, 138.0, 247.5, 247.5, 247.5, 247.5, 259.5, 259.5, 259.5, 259.5, 304.5, 334.5, 334.5, 334.5, 334.5, 334.5, 334.5, 334.5, 334.5, 334.5, 334.5, 334.5, 334.5, 334.5, 334.5, 334.5, 334.5, 334.5, 334.5, 334.5, 334.5, 334.5, 334.5, 334.5, 334.5, 334.5, 334.5, 334.5, 334.5, 334.5, 334.5, 334.5, 334.5, 334.5, 334.5], "pcnt": [0, 0, 0, 0, 0, 0, 0, 0, 0, 0, 0, 0, 0, 0, 0, 0, 0, 0, 0, 0, 46, 73, 73, 73, 73, 74, 74, 74, 74, 77, 79, 79, 79, 79, 79, 79, 79, 79, 79, 79, 79, 79, 79, 79, 79, 79, 79, 79, 79, 79, 79, 79, 79, 79, 79, 79, 79, 79, 79, 79, 79, 79, 79, 79]}}, {"type": "Feature", "geometry": {"type": "Point", "coordinates": [-103.86307, 49.91047]}, "properties": {"twp": "011-14-W2", "prov": "SK", "total": 57, "first": 1902, "cum": [0, 0, 0, 0, 0, 0, 0, 0, 0, 0, 0, 0, 0, 0, 0, 0, 0, 0, 0, 0, 0, 13, 13, 17, 17, 37, 39, 46, 52, 53, 57, 57, 57, 57, 57, 57, 57, 57, 57, 57, 57, 57, 57, 57, 57, 57, 57, 57, 57, 57, 57, 57, 57, 57, 57, 57, 57, 57, 57, 57, 57, 57, 57, 57], "psum": [0, 0, 0, 0, 0, 0, 0, 0, 0, 0, 0, 0, 0, 0, 0, 0, 0, 0, 0, 0, 0, 54.0, 54.0, 74.0, 74.0, 334.0, 360.0, 451.0, 529.0, 542.0, 593.0, 593.0, 593.0, 593.0, 593.0, 593.0, 593.0, 593.0, 593.0, 593.0, 593.0, 593.0, 593.0, 593.0, 593.0, 593.0, 593.0, 593.0, 593.0, 593.0, 593.0, 593.0, 593.0, 593.0, 593.0, 593.0, 593.0, 593.0, 593.0, 593.0, 593.0, 593.0, 593.0, 593.0], "pcnt": [0, 0, 0, 0, 0, 0, 0, 0, 0, 0, 0, 0, 0, 0, 0, 0, 0, 0, 0, 0, 0, 13, 13, 17, 17, 37, 39, 46, 52, 53, 57, 57, 57, 57, 57, 57, 57, 57, 57, 57, 57, 57, 57, 57, 57, 57, 57, 57, 57, 57, 57, 57, 57, 57, 57, 57, 57, 57, 57, 57, 57, 57, 57, 57]}}, {"type": "Feature", "geometry": {"type": "Point", "coordinates": [-103.69859, 49.92195]}, "properties": {"twp": "011-13-W2", "prov": "SK", "total": 69, "first": 1902, "cum": [0, 0, 0, 0, 0, 0, 0, 0, 0, 0, 0, 0, 0, 0, 0, 0, 0, 0, 0, 0, 0, 6, 46, 46, 46, 56, 56, 56, 58, 62, 69, 69, 69, 69, 69, 69, 69, 69, 69, 69, 69, 69, 69, 69, 69, 69, 69, 69, 69, 69, 69, 69, 69, 69, 69, 69, 69, 69, 69, 69, 69, 69, 69, 69], "psum": [0, 0, 0, 0, 0, 0, 0, 0, 0, 0, 0, 0, 0, 0, 0, 0, 0, 0, 0, 0, 0, 36.0, 304.0, 304.0, 304.0, 376.0, 376.0, 376.0, 398.0, 442.0, 531.0, 531.0, 531.0, 531.0, 531.0, 531.0, 531.0, 531.0, 531.0, 531.0, 531.0, 531.0, 531.0, 531.0, 531.0, 531.0, 531.0, 531.0, 531.0, 531.0, 531.0, 531.0, 531.0, 531.0, 531.0, 531.0, 531.0, 531.0, 531.0, 531.0, 531.0, 531.0, 531.0, 531.0], "pcnt": [0, 0, 0, 0, 0, 0, 0, 0, 0, 0, 0, 0, 0, 0, 0, 0, 0, 0, 0, 0, 0, 6, 46, 46, 46, 56, 56, 56, 58, 62, 69, 69, 69, 69, 69, 69, 69, 69, 69, 69, 69, 69, 69, 69, 69, 69, 69, 69, 69, 69, 69, 69, 69, 69, 69, 69, 69, 69, 69, 69, 69, 69, 69, 69]}}, {"type": "Feature", "geometry": {"type": "Point", "coordinates": [-103.59738, 49.91325]}, "properties": {"twp": "011-12-W2", "prov": "SK", "total": 70, "first": 1901, "cum": [0, 0, 0, 0, 0, 0, 0, 0, 0, 0, 0, 0, 0, 0, 0, 0, 0, 0, 0, 0, 70, 70, 70, 70, 70, 70, 70, 70, 70, 70, 70, 70, 70, 70, 70, 70, 70, 70, 70, 70, 70, 70, 70, 70, 70, 70, 70, 70, 70, 70, 70, 70, 70, 70, 70, 70, 70, 70, 70, 70, 70, 70, 70, 70], "psum": [0, 0, 0, 0, 0, 0, 0, 0, 0, 0, 0, 0, 0, 0, 0, 0, 0, 0, 0, 0, 210.0, 210.0, 210.0, 210.0, 210.0, 210.0, 210.0, 210.0, 210.0, 210.0, 210.0, 210.0, 210.0, 210.0, 210.0, 210.0, 210.0, 210.0, 210.0, 210.0, 210.0, 210.0, 210.0, 210.0, 210.0, 210.0, 210.0, 210.0, 210.0, 210.0, 210.0, 210.0, 210.0, 210.0, 210.0, 210.0, 210.0, 210.0, 210.0, 210.0, 210.0, 210.0, 210.0, 210.0], "pcnt": [0, 0, 0, 0, 0, 0, 0, 0, 0, 0, 0, 0, 0, 0, 0, 0, 0, 0, 0, 0, 70, 70, 70, 70, 70, 70, 70, 70, 70, 70, 70, 70, 70, 70, 70, 70, 70, 70, 70, 70, 70, 70, 70, 70, 70, 70, 70, 70, 70, 70, 70, 70, 70, 70, 70, 70, 70, 70, 70, 70, 70, 70, 70, 70]}}, {"type": "Feature", "geometry": {"type": "Point", "coordinates": [-103.446, 49.92451]}, "properties": {"twp": "011-11-W2", "prov": "SK", "total": 56, "first": 1901, "cum": [0, 0, 0, 0, 0, 0, 0, 0, 0, 0, 0, 0, 0, 0, 0, 0, 0, 0, 0, 0, 56, 56, 56, 56, 56, 56, 56, 56, 56, 56, 56, 56, 56, 56, 56, 56, 56, 56, 56, 56, 56, 56, 56, 56, 56, 56, 56, 56, 56, 56, 56, 56, 56, 56, 56, 56, 56, 56, 56, 56, 56, 56, 56, 56], "psum": [0, 0, 0, 0, 0, 0, 0, 0, 0, 0, 0, 0, 0, 0, 0, 0, 0, 0, 0, 0, 168.0, 168.0, 168.0, 168.0, 168.0, 168.0, 168.0, 168.0, 168.0, 168.0, 168.0, 168.0, 168.0, 168.0, 168.0, 168.0, 168.0, 168.0, 168.0, 168.0, 168.0, 168.0, 168.0, 168.0, 168.0, 168.0, 168.0, 168.0, 168.0, 168.0, 168.0, 168.0, 168.0, 168.0, 168.0, 168.0, 168.0, 168.0, 168.0, 168.0, 168.0, 168.0, 168.0, 168.0], "pcnt": [0, 0, 0, 0, 0, 0, 0, 0, 0, 0, 0, 0, 0, 0, 0, 0, 0, 0, 0, 0, 56, 56, 56, 56, 56, 56, 56, 56, 56, 56, 56, 56, 56, 56, 56, 56, 56, 56, 56, 56, 56, 56, 56, 56, 56, 56, 56, 56, 56, 56, 56, 56, 56, 56, 56, 56, 56, 56, 56, 56, 56, 56, 56, 56]}}, {"type": "Feature", "geometry": {"type": "Point", "coordinates": [-103.32477, 49.91531]}, "properties": {"twp": "011-10-W2", "prov": "SK", "total": 95, "first": 1901, "cum": [0, 0, 0, 0, 0, 0, 0, 0, 0, 0, 0, 0, 0, 0, 0, 0, 0, 0, 0, 0, 91, 91, 91, 91, 91, 93, 93, 93, 93, 95, 95, 95, 95, 95, 95, 95, 95, 95, 95, 95, 95, 95, 95, 95, 95, 95, 95, 95, 95, 95, 95, 95, 95, 95, 95, 95, 95, 95, 95, 95, 95, 95, 95, 95], "psum": [0, 0, 0, 0, 0, 0, 0, 0, 0, 0, 0, 0, 0, 0, 0, 0, 0, 0, 0, 0, 273.0, 273.0, 273.0, 273.0, 273.0, 299.0, 299.0, 299.0, 299.0, 325.0, 325.0, 325.0, 325.0, 325.0, 325.0, 325.0, 325.0, 325.0, 325.0, 325.0, 325.0, 325.0, 325.0, 325.0, 325.0, 325.0, 325.0, 325.0, 325.0, 325.0, 325.0, 325.0, 325.0, 325.0, 325.0, 325.0, 325.0, 325.0, 325.0, 325.0, 325.0, 325.0, 325.0, 325.0], "pcnt": [0, 0, 0, 0, 0, 0, 0, 0, 0, 0, 0, 0, 0, 0, 0, 0, 0, 0, 0, 0, 91, 91, 91, 91, 91, 93, 93, 93, 93, 95, 95, 95, 95, 95, 95, 95, 95, 95, 95, 95, 95, 95, 95, 95, 95, 95, 95, 95, 95, 95, 95, 95, 95, 95, 95, 95, 95, 95, 95, 95, 95, 95, 95, 95]}}, {"type": "Feature", "geometry": {"type": "Point", "coordinates": [-102.88692, 49.92836]}, "properties": {"twp": "011-07-W2", "prov": "SK", "total": 32, "first": 1902, "cum": [0, 0, 0, 0, 0, 0, 0, 0, 0, 0, 0, 0, 0, 0, 0, 0, 0, 0, 0, 0, 0, 6, 8, 8, 17, 26, 26, 26, 26, 31, 32, 32, 32, 32, 32, 32, 32, 32, 32, 32, 32, 32, 32, 32, 32, 32, 32, 32, 32, 32, 32, 32, 32, 32, 32, 32, 32, 32, 32, 32, 32, 32, 32, 32], "psum": [0, 0, 0, 0, 0, 0, 0, 0, 0, 0, 0, 0, 0, 0, 0, 0, 0, 0, 0, 0, 0, 30.0, 41.0, 41.0, 113.0, 202.0, 202.0, 202.0, 202.0, 267.0, 282.0, 282.0, 282.0, 282.0, 282.0, 282.0, 282.0, 282.0, 282.0, 282.0, 282.0, 282.0, 282.0, 282.0, 282.0, 282.0, 282.0, 282.0, 282.0, 282.0, 282.0, 282.0, 282.0, 282.0, 282.0, 282.0, 282.0, 282.0, 282.0, 282.0, 282.0, 282.0, 282.0, 282.0], "pcnt": [0, 0, 0, 0, 0, 0, 0, 0, 0, 0, 0, 0, 0, 0, 0, 0, 0, 0, 0, 0, 0, 6, 8, 8, 17, 26, 26, 26, 26, 31, 32, 32, 32, 32, 32, 32, 32, 32, 32, 32, 32, 32, 32, 32, 32, 32, 32, 32, 32, 32, 32, 32, 32, 32, 32, 32, 32, 32, 32, 32, 32, 32, 32, 32]}}, {"type": "Feature", "geometry": {"type": "Point", "coordinates": [-102.07322, 49.90396]}, "properties": {"twp": "011-01-W2", "prov": "SK", "total": 119, "first": 1897, "cum": [0, 0, 0, 0, 0, 0, 0, 0, 0, 0, 0, 0, 0, 0, 0, 0, 1, 1, 1, 1, 1, 2, 111, 111, 111, 112, 116, 116, 116, 117, 119, 119, 119, 119, 119, 119, 119, 119, 119, 119, 119, 119, 119, 119, 119, 119, 119, 119, 119, 119, 119, 119, 119, 119, 119, 119, 119, 119, 119, 119, 119, 119, 119, 119], "psum": [0, 0, 0, 0, 0, 0, 0, 0, 0, 0, 0, 0, 0, 0, 0, 0, 3.0, 3.0, 3.0, 3.0, 3.0, 8.0, 553.0, 553.0, 553.0, 565.0, 605.0, 605.0, 605.0, 615.0, 639.0, 639.0, 639.0, 639.0, 639.0, 639.0, 639.0, 639.0, 639.0, 639.0, 639.0, 639.0, 639.0, 639.0, 639.0, 639.0, 639.0, 639.0, 639.0, 639.0, 639.0, 639.0, 639.0, 639.0, 639.0, 639.0, 639.0, 639.0, 639.0, 639.0, 639.0, 639.0, 639.0, 639.0], "pcnt": [0, 0, 0, 0, 0, 0, 0, 0, 0, 0, 0, 0, 0, 0, 0, 0, 1, 1, 1, 1, 1, 2, 111, 111, 111, 112, 116, 116, 116, 117, 119, 119, 119, 119, 119, 119, 119, 119, 119, 119, 119, 119, 119, 119, 119, 119, 119, 119, 119, 119, 119, 119, 119, 119, 119, 119, 119, 119, 119, 119, 119, 119, 119, 119]}}, {"type": "Feature", "geometry": {"type": "Point", "coordinates": [-109.96859, 49.83099]}, "properties": {"twp": "010-30-W3", "prov": "SK", "total": 62, "first": 1903, "cum": [0, 0, 0, 0, 0, 0, 0, 0, 0, 0, 0, 0, 0, 0, 0, 0, 0, 0, 0, 0, 0, 0, 58, 58, 58, 58, 62, 62, 62, 62, 62, 62, 62, 62, 62, 62, 62, 62, 62, 62, 62, 62, 62, 62, 62, 62, 62, 62, 62, 62, 62, 62, 62, 62, 62, 62, 62, 62, 62, 62, 62, 62, 62, 62], "psum": [0, 0, 0, 0, 0, 0, 0, 0, 0, 0, 0, 0, 0, 0, 0, 0, 0, 0, 0, 0, 0, 0, 201.0, 201.0, 201.0, 201.0, 233.0, 233.0, 233.0, 233.0, 233.0, 233.0, 233.0, 233.0, 233.0, 233.0, 233.0, 233.0, 233.0, 233.0, 233.0, 233.0, 233.0, 233.0, 233.0, 233.0, 233.0, 233.0, 233.0, 233.0, 233.0, 233.0, 233.0, 233.0, 233.0, 233.0, 233.0, 233.0, 233.0, 233.0, 233.0, 233.0, 233.0, 233.0], "pcnt": [0, 0, 0, 0, 0, 0, 0, 0, 0, 0, 0, 0, 0, 0, 0, 0, 0, 0, 0, 0, 0, 0, 58, 58, 58, 58, 62, 62, 62, 62, 62, 62, 62, 62, 62, 62, 62, 62, 62, 62, 62, 62, 62, 62, 62, 62, 62, 62, 62, 62, 62, 62, 62, 62, 62, 62, 62, 62, 62, 62, 62, 62, 62, 62]}}, {"type": "Feature", "geometry": {"type": "Point", "coordinates": [-101.45185, 49.87195]}, "properties": {"twp": "010-30-W1", "prov": "SK", "total": 4, "first": 1889, "cum": [0, 0, 0, 0, 0, 0, 0, 0, 1, 1, 3, 3, 3, 3, 3, 3, 3, 3, 4, 4, 4, 4, 4, 4, 4, 4, 4, 4, 4, 4, 4, 4, 4, 4, 4, 4, 4, 4, 4, 4, 4, 4, 4, 4, 4, 4, 4, 4, 4, 4, 4, 4, 4, 4, 4, 4, 4, 4, 4, 4, 4, 4, 4, 4], "psum": [0, 0, 0, 0, 0, 0, 0, 0, 2.5, 2.5, 8.5, 8.5, 8.5, 8.5, 8.5, 8.5, 8.5, 8.5, 11.2, 11.2, 11.2, 11.2, 11.2, 11.2, 11.2, 11.2, 11.2, 11.2, 11.2, 11.2, 11.2, 11.2, 11.2, 11.2, 11.2, 11.2, 11.2, 11.2, 11.2, 11.2, 11.2, 11.2, 11.2, 11.2, 11.2, 11.2, 11.2, 11.2, 11.2, 11.2, 11.2, 11.2, 11.2, 11.2, 11.2, 11.2, 11.2, 11.2, 11.2, 11.2, 11.2, 11.2, 11.2, 11.2], "pcnt": [0, 0, 0, 0, 0, 0, 0, 0, 1, 1, 3, 3, 3, 3, 3, 3, 3, 3, 4, 4, 4, 4, 4, 4, 4, 4, 4, 4, 4, 4, 4, 4, 4, 4, 4, 4, 4, 4, 4, 4, 4, 4, 4, 4, 4, 4, 4, 4, 4, 4, 4, 4, 4, 4, 4, 4, 4, 4, 4, 4, 4, 4, 4, 4]}}, {"type": "Feature", "geometry": {"type": "Point", "coordinates": [-109.58269, 49.84543]}, "properties": {"twp": "010-27-W3", "prov": "SK", "total": 10, "first": 1886, "cum": [0, 0, 0, 0, 0, 1, 1, 1, 1, 1, 1, 1, 2, 2, 2, 2, 2, 2, 2, 2, 2, 2, 4, 9, 9, 9, 10, 10, 10, 10, 10, 10, 10, 10, 10, 10, 10, 10, 10, 10, 10, 10, 10, 10, 10, 10, 10, 10, 10, 10, 10, 10, 10, 10, 10, 10, 10, 10, 10, 10, 10, 10, 10, 10], "psum": [0, 0, 0, 0, 0, 2.5, 2.5, 2.5, 2.5, 2.5, 2.5, 2.5, 5.0, 5.0, 5.0, 5.0, 5.0, 5.0, 5.0, 5.0, 5.0, 5.0, 12.0, 29.5, 29.5, 29.5, 37.5, 37.5, 37.5, 37.5, 37.5, 37.5, 37.5, 37.5, 37.5, 37.5, 37.5, 37.5, 37.5, 37.5, 37.5, 37.5, 37.5, 37.5, 37.5, 37.5, 37.5, 37.5, 37.5, 37.5, 37.5, 37.5, 37.5, 37.5, 37.5, 37.5, 37.5, 37.5, 37.5, 37.5, 37.5, 37.5, 37.5, 37.5], "pcnt": [0, 0, 0, 0, 0, 1, 1, 1, 1, 1, 1, 1, 2, 2, 2, 2, 2, 2, 2, 2, 2, 2, 4, 9, 9, 9, 10, 10, 10, 10, 10, 10, 10, 10, 10, 10, 10, 10, 10, 10, 10, 10, 10, 10, 10, 10, 10, 10, 10, 10, 10, 10, 10, 10, 10, 10, 10, 10, 10, 10, 10, 10, 10, 10]}}, {"type": "Feature", "geometry": {"type": "Point", "coordinates": [-104.90426, 49.82794]}, "properties": {"twp": "010-22-W2", "prov": "SK", "total": 19, "first": 1905, "cum": [0, 0, 0, 0, 0, 0, 0, 0, 0, 0, 0, 0, 0, 0, 0, 0, 0, 0, 0, 0, 0, 0, 0, 0, 10, 18, 18, 18, 18, 18, 19, 19, 19, 19, 19, 19, 19, 19, 19, 19, 19, 19, 19, 19, 19, 19, 19, 19, 19, 19, 19, 19, 19, 19, 19, 19, 19, 19, 19, 19, 19, 19, 19, 19], "psum": [0, 0, 0, 0, 0, 0, 0, 0, 0, 0, 0, 0, 0, 0, 0, 0, 0, 0, 0, 0, 0, 0, 0, 0, 40.0, 88.0, 88.0, 88.0, 88.0, 88.0, 108.0, 108.0, 108.0, 108.0, 108.0, 108.0, 108.0, 108.0, 108.0, 108.0, 108.0, 108.0, 108.0, 108.0, 108.0, 108.0, 108.0, 108.0, 108.0, 108.0, 108.0, 108.0, 108.0, 108.0, 108.0, 108.0, 108.0, 108.0, 108.0, 108.0, 108.0, 108.0, 108.0, 108.0], "pcnt": [0, 0, 0, 0, 0, 0, 0, 0, 0, 0, 0, 0, 0, 0, 0, 0, 0, 0, 0, 0, 0, 0, 0, 0, 10, 18, 18, 18, 18, 18, 19, 19, 19, 19, 19, 19, 19, 19, 19, 19, 19, 19, 19, 19, 19, 19, 19, 19, 19, 19, 19, 19, 19, 19, 19, 19, 19, 19, 19, 19, 19, 19, 19, 19]}}, {"type": "Feature", "geometry": {"type": "Point", "coordinates": [-104.78121, 49.84483]}, "properties": {"twp": "010-21-W2", "prov": "SK", "total": 60, "first": 1904, "cum": [0, 0, 0, 0, 0, 0, 0, 0, 0, 0, 0, 0, 0, 0, 0, 0, 0, 0, 0, 0, 0, 0, 0, 14, 50, 56, 56, 56, 57, 60, 60, 60, 60, 60, 60, 60, 60, 60, 60, 60, 60, 60, 60, 60, 60, 60, 60, 60, 60, 60, 60, 60, 60, 60, 60, 60, 60, 60, 60, 60, 60, 60, 60, 60], "psum": [0, 0, 0, 0, 0, 0, 0, 0, 0, 0, 0, 0, 0, 0, 0, 0, 0, 0, 0, 0, 0, 0, 0, 56.0, 200.0, 246.0, 246.0, 246.0, 256.0, 292.0, 292.0, 292.0, 292.0, 292.0, 292.0, 292.0, 292.0, 292.0, 292.0, 292.0, 292.0, 292.0, 292.0, 292.0, 292.0, 292.0, 292.0, 292.0, 292.0, 292.0, 292.0, 292.0, 292.0, 292.0, 292.0, 292.0, 292.0, 292.0, 292.0, 292.0, 292.0, 292.0, 292.0, 292.0], "pcnt": [0, 0, 0, 0, 0, 0, 0, 0, 0, 0, 0, 0, 0, 0, 0, 0, 0, 0, 0, 0, 0, 0, 0, 14, 50, 56, 56, 56, 57, 60, 60, 60, 60, 60, 60, 60, 60, 60, 60, 60, 60, 60, 60, 60, 60, 60, 60, 60, 60, 60, 60, 60, 60, 60, 60, 60, 60, 60, 60, 60, 60, 60, 60, 60]}}, {"type": "Feature", "geometry": {"type": "Point", "coordinates": [-104.64474, 49.83115]}, "properties": {"twp": "010-20-W2", "prov": "SK", "total": 56, "first": 1904, "cum": [0, 0, 0, 0, 0, 0, 0, 0, 0, 0, 0, 0, 0, 0, 0, 0, 0, 0, 0, 0, 0, 0, 0, 2, 28, 37, 37, 40, 41, 50, 56, 56, 56, 56, 56, 56, 56, 56, 56, 56, 56, 56, 56, 56, 56, 56, 56, 56, 56, 56, 56, 56, 56, 56, 56, 56, 56, 56, 56, 56, 56, 56, 56, 56], "psum": [0, 0, 0, 0, 0, 0, 0, 0, 0, 0, 0, 0, 0, 0, 0, 0, 0, 0, 0, 0, 0, 0, 0, 10.0, 140.0, 200.0, 200.0, 230.0, 240.0, 338.0, 402.0, 402.0, 402.0, 402.0, 402.0, 402.0, 402.0, 402.0, 402.0, 402.0, 402.0, 402.0, 402.0, 402.0, 402.0, 402.0, 402.0, 402.0, 402.0, 402.0, 402.0, 402.0, 402.0, 402.0, 402.0, 402.0, 402.0, 402.0, 402.0, 402.0, 402.0, 402.0, 402.0, 402.0], "pcnt": [0, 0, 0, 0, 0, 0, 0, 0, 0, 0, 0, 0, 0, 0, 0, 0, 0, 0, 0, 0, 0, 0, 0, 2, 28, 37, 37, 40, 41, 50, 56, 56, 56, 56, 56, 56, 56, 56, 56, 56, 56, 56, 56, 56, 56, 56, 56, 56, 56, 56, 56, 56, 56, 56, 56, 56, 56, 56, 56, 56, 56, 56, 56, 56]}}, {"type": "Feature", "geometry": {"type": "Point", "coordinates": [-104.3776, 49.82573]}, "properties": {"twp": "010-18-W2", "prov": "SK", "total": 96, "first": 1901, "cum": [0, 0, 0, 0, 0, 0, 0, 0, 0, 0, 0, 0, 0, 0, 0, 0, 0, 0, 0, 0, 46, 86, 90, 90, 92, 96, 96, 96, 96, 96, 96, 96, 96, 96, 96, 96, 96, 96, 96, 96, 96, 96, 96, 96, 96, 96, 96, 96, 96, 96, 96, 96, 96, 96, 96, 96, 96, 96, 96, 96, 96, 96, 96, 96], "psum": [0, 0, 0, 0, 0, 0, 0, 0, 0, 0, 0, 0, 0, 0, 0, 0, 0, 0, 0, 0, 146.0, 306.0, 326.0, 326.0, 338.0, 362.0, 362.0, 362.0, 362.0, 362.0, 362.0, 362.0, 362.0, 362.0, 362.0, 362.0, 362.0, 362.0, 362.0, 362.0, 362.0, 362.0, 362.0, 362.0, 362.0, 362.0, 362.0, 362.0, 362.0, 362.0, 362.0, 362.0, 362.0, 362.0, 362.0, 362.0, 362.0, 362.0, 362.0, 362.0, 362.0, 362.0, 362.0, 362.0], "pcnt": [0, 0, 0, 0, 0, 0, 0, 0, 0, 0, 0, 0, 0, 0, 0, 0, 0, 0, 0, 0, 46, 86, 90, 90, 92, 96, 96, 96, 96, 96, 96, 96, 96, 96, 96, 96, 96, 96, 96, 96, 96, 96, 96, 96, 96, 96, 96, 96, 96, 96, 96, 96, 96, 96, 96, 96, 96, 96, 96, 96, 96, 96, 96, 96]}}, {"type": "Feature", "geometry": {"type": "Point", "coordinates": [-104.25686, 49.82575]}, "properties": {"twp": "010-17-W2", "prov": "SK", "total": 54, "first": 1891, "cum": [0, 0, 0, 0, 0, 0, 0, 0, 0, 0, 1, 1, 1, 1, 1, 1, 1, 1, 6, 13, 38, 47, 47, 49, 50, 51, 51, 51, 51, 51, 54, 54, 54, 54, 54, 54, 54, 54, 54, 54, 54, 54, 54, 54, 54, 54, 54, 54, 54, 54, 54, 54, 54, 54, 54, 54, 54, 54, 54, 54, 54, 54, 54, 54], "psum": [0, 0, 0, 0, 0, 0, 0, 0, 0, 0, 3.0, 3.0, 3.0, 3.0, 3.0, 3.0, 3.0, 3.0, 18.0, 39.0, 129.0, 177.0, 177.0, 187.0, 193.0, 198.0, 198.0, 198.0, 198.0, 198.0, 234.0, 234.0, 234.0, 234.0, 234.0, 234.0, 234.0, 234.0, 234.0, 234.0, 234.0, 234.0, 234.0, 234.0, 234.0, 234.0, 234.0, 234.0, 234.0, 234.0, 234.0, 234.0, 234.0, 234.0, 234.0, 234.0, 234.0, 234.0, 234.0, 234.0, 234.0, 234.0, 234.0, 234.0], "pcnt": [0, 0, 0, 0, 0, 0, 0, 0, 0, 0, 1, 1, 1, 1, 1, 1, 1, 1, 6, 13, 38, 47, 47, 49, 50, 51, 51, 51, 51, 51, 54, 54, 54, 54, 54, 54, 54, 54, 54, 54, 54, 54, 54, 54, 54, 54, 54, 54, 54, 54, 54, 54, 54, 54, 54, 54, 54, 54, 54, 54, 54, 54, 54, 54]}}, {"type": "Feature", "geometry": {"type": "Point", "coordinates": [-104.10523, 49.82881]}, "properties": {"twp": "010-16-W2", "prov": "SK", "total": 50, "first": 1898, "cum": [0, 0, 0, 0, 0, 0, 0, 0, 0, 0, 0, 0, 0, 0, 0, 0, 0, 5, 14, 23, 34, 46, 46, 46, 47, 47, 47, 47, 47, 47, 50, 50, 50, 50, 50, 50, 50, 50, 50, 50, 50, 50, 50, 50, 50, 50, 50, 50, 50, 50, 50, 50, 50, 50, 50, 50, 50, 50, 50, 50, 50, 50, 50, 50], "psum": [0, 0, 0, 0, 0, 0, 0, 0, 0, 0, 0, 0, 0, 0, 0, 0, 0, 15.0, 42.0, 69.0, 109.0, 173.0, 173.0, 173.0, 193.0, 193.0, 193.0, 193.0, 193.0, 193.0, 223.0, 223.0, 223.0, 223.0, 223.0, 223.0, 223.0, 223.0, 223.0, 223.0, 223.0, 223.0, 223.0, 223.0, 223.0, 223.0, 223.0, 223.0, 223.0, 223.0, 223.0, 223.0, 223.0, 223.0, 223.0, 223.0, 223.0, 223.0, 223.0, 223.0, 223.0, 223.0, 223.0, 223.0], "pcnt": [0, 0, 0, 0, 0, 0, 0, 0, 0, 0, 0, 0, 0, 0, 0, 0, 0, 5, 14, 23, 34, 46, 46, 46, 47, 47, 47, 47, 47, 47, 50, 50, 50, 50, 50, 50, 50, 50, 50, 50, 50, 50, 50, 50, 50, 50, 50, 50, 50, 50, 50, 50, 50, 50, 50, 50, 50, 50, 50, 50, 50, 50, 50, 50]}}, {"type": "Feature", "geometry": {"type": "Point", "coordinates": [-103.98123, 49.82737]}, "properties": {"twp": "010-15-W2", "prov": "SK", "total": 64, "first": 1899, "cum": [0, 0, 0, 0, 0, 0, 0, 0, 0, 0, 0, 0, 0, 0, 0, 0, 0, 0, 19, 39, 56, 60, 60, 60, 64, 64, 64, 64, 64, 64, 64, 64, 64, 64, 64, 64, 64, 64, 64, 64, 64, 64, 64, 64, 64, 64, 64, 64, 64, 64, 64, 64, 64, 64, 64, 64, 64, 64, 64, 64, 64, 64, 64, 64], "psum": [0, 0, 0, 0, 0, 0, 0, 0, 0, 0, 0, 0, 0, 0, 0, 0, 0, 0, 57.0, 117.0, 172.0, 196.0, 196.0, 196.0, 240.0, 240.0, 240.0, 240.0, 240.0, 240.0, 240.0, 240.0, 240.0, 240.0, 240.0, 240.0, 240.0, 240.0, 240.0, 240.0, 240.0, 240.0, 240.0, 240.0, 240.0, 240.0, 240.0, 240.0, 240.0, 240.0, 240.0, 240.0, 240.0, 240.0, 240.0, 240.0, 240.0, 240.0, 240.0, 240.0, 240.0, 240.0, 240.0, 240.0], "pcnt": [0, 0, 0, 0, 0, 0, 0, 0, 0, 0, 0, 0, 0, 0, 0, 0, 0, 0, 19, 39, 56, 60, 60, 60, 64, 64, 64, 64, 64, 64, 64, 64, 64, 64, 64, 64, 64, 64, 64, 64, 64, 64, 64, 64, 64, 64, 64, 64, 64, 64, 64, 64, 64, 64, 64, 64, 64, 64, 64, 64, 64, 64, 64, 64]}}, {"type": "Feature", "geometry": {"type": "Point", "coordinates": [-103.86041, 49.82274]}, "properties": {"twp": "010-14-W2", "prov": "SK", "total": 46, "first": 1901, "cum": [0, 0, 0, 0, 0, 0, 0, 0, 0, 0, 0, 0, 0, 0, 0, 0, 0, 0, 0, 0, 20, 37, 37, 37, 37, 38, 38, 39, 43, 43, 46, 46, 46, 46, 46, 46, 46, 46, 46, 46, 46, 46, 46, 46, 46, 46, 46, 46, 46, 46, 46, 46, 46, 46, 46, 46, 46, 46, 46, 46, 46, 46, 46, 46], "psum": [0, 0, 0, 0, 0, 0, 0, 0, 0, 0, 0, 0, 0, 0, 0, 0, 0, 0, 0, 0, 60.0, 162.0, 162.0, 162.0, 162.0, 171.0, 171.0, 181.0, 225.0, 225.0, 276.0, 276.0, 276.0, 276.0, 276.0, 276.0, 276.0, 276.0, 276.0, 276.0, 276.0, 276.0, 276.0, 276.0, 276.0, 276.0, 276.0, 276.0, 276.0, 276.0, 276.0, 276.0, 276.0, 276.0, 276.0, 276.0, 276.0, 276.0, 276.0, 276.0, 276.0, 276.0, 276.0, 276.0], "pcnt": [0, 0, 0, 0, 0, 0, 0, 0, 0, 0, 0, 0, 0, 0, 0, 0, 0, 0, 0, 0, 20, 37, 37, 37, 37, 38, 38, 39, 43, 43, 46, 46, 46, 46, 46, 46, 46, 46, 46, 46, 46, 46, 46, 46, 46, 46, 46, 46, 46, 46, 46, 46, 46, 46, 46, 46, 46, 46, 46, 46, 46, 46, 46, 46]}}, {"type": "Feature", "geometry": {"type": "Point", "coordinates": [-103.71516, 49.82125]}, "properties": {"twp": "010-13-W2", "prov": "SK", "total": 57, "first": 1901, "cum": [0, 0, 0, 0, 0, 0, 0, 0, 0, 0, 0, 0, 0, 0, 0, 0, 0, 0, 0, 0, 34, 57, 57, 57, 57, 57, 57, 57, 57, 57, 57, 57, 57, 57, 57, 57, 57, 57, 57, 57, 57, 57, 57, 57, 57, 57, 57, 57, 57, 57, 57, 57, 57, 57, 57, 57, 57, 57, 57, 57, 57, 57, 57, 57], "psum": [0, 0, 0, 0, 0, 0, 0, 0, 0, 0, 0, 0, 0, 0, 0, 0, 0, 0, 0, 0, 118.0, 215.0, 215.0, 215.0, 215.0, 215.0, 215.0, 215.0, 215.0, 215.0, 215.0, 215.0, 215.0, 215.0, 215.0, 215.0, 215.0, 215.0, 215.0, 215.0, 215.0, 215.0, 215.0, 215.0, 215.0, 215.0, 215.0, 215.0, 215.0, 215.0, 215.0, 215.0, 215.0, 215.0, 215.0, 215.0, 215.0, 215.0, 215.0, 215.0, 215.0, 215.0, 215.0, 215.0], "pcnt": [0, 0, 0, 0, 0, 0, 0, 0, 0, 0, 0, 0, 0, 0, 0, 0, 0, 0, 0, 0, 34, 57, 57, 57, 57, 57, 57, 57, 57, 57, 57, 57, 57, 57, 57, 57, 57, 57, 57, 57, 57, 57, 57, 57, 57, 57, 57, 57, 57, 57, 57, 57, 57, 57, 57, 57, 57, 57, 57, 57, 57, 57, 57, 57]}}, {"type": "Feature", "geometry": {"type": "Point", "coordinates": [-103.58728, 49.83881]}, "properties": {"twp": "010-12-W2", "prov": "SK", "total": 56, "first": 1901, "cum": [0, 0, 0, 0, 0, 0, 0, 0, 0, 0, 0, 0, 0, 0, 0, 0, 0, 0, 0, 0, 8, 56, 56, 56, 56, 56, 56, 56, 56, 56, 56, 56, 56, 56, 56, 56, 56, 56, 56, 56, 56, 56, 56, 56, 56, 56, 56, 56, 56, 56, 56, 56, 56, 56, 56, 56, 56, 56, 56, 56, 56, 56, 56, 56], "psum": [0, 0, 0, 0, 0, 0, 0, 0, 0, 0, 0, 0, 0, 0, 0, 0, 0, 0, 0, 0, 24.0, 240.0, 240.0, 240.0, 240.0, 240.0, 240.0, 240.0, 240.0, 240.0, 240.0, 240.0, 240.0, 240.0, 240.0, 240.0, 240.0, 240.0, 240.0, 240.0, 240.0, 240.0, 240.0, 240.0, 240.0, 240.0, 240.0, 240.0, 240.0, 240.0, 240.0, 240.0, 240.0, 240.0, 240.0, 240.0, 240.0, 240.0, 240.0, 240.0, 240.0, 240.0, 240.0, 240.0], "pcnt": [0, 0, 0, 0, 0, 0, 0, 0, 0, 0, 0, 0, 0, 0, 0, 0, 0, 0, 0, 0, 8, 56, 56, 56, 56, 56, 56, 56, 56, 56, 56, 56, 56, 56, 56, 56, 56, 56, 56, 56, 56, 56, 56, 56, 56, 56, 56, 56, 56, 56, 56, 56, 56, 56, 56, 56, 56, 56, 56, 56, 56, 56, 56, 56]}}, {"type": "Feature", "geometry": {"type": "Point", "coordinates": [-103.44504, 49.82994]}, "properties": {"twp": "010-11-W2", "prov": "SK", "total": 98, "first": 1901, "cum": [0, 0, 0, 0, 0, 0, 0, 0, 0, 0, 0, 0, 0, 0, 0, 0, 0, 0, 0, 0, 98, 98, 98, 98, 98, 98, 98, 98, 98, 98, 98, 98, 98, 98, 98, 98, 98, 98, 98, 98, 98, 98, 98, 98, 98, 98, 98, 98, 98, 98, 98, 98, 98, 98, 98, 98, 98, 98, 98, 98, 98, 98, 98, 98], "psum": [0, 0, 0, 0, 0, 0, 0, 0, 0, 0, 0, 0, 0, 0, 0, 0, 0, 0, 0, 0, 294.0, 294.0, 294.0, 294.0, 294.0, 294.0, 294.0, 294.0, 294.0, 294.0, 294.0, 294.0, 294.0, 294.0, 294.0, 294.0, 294.0, 294.0, 294.0, 294.0, 294.0, 294.0, 294.0, 294.0, 294.0, 294.0, 294.0, 294.0, 294.0, 294.0, 294.0, 294.0, 294.0, 294.0, 294.0, 294.0, 294.0, 294.0, 294.0, 294.0, 294.0, 294.0, 294.0, 294.0], "pcnt": [0, 0, 0, 0, 0, 0, 0, 0, 0, 0, 0, 0, 0, 0, 0, 0, 0, 0, 0, 0, 98, 98, 98, 98, 98, 98, 98, 98, 98, 98, 98, 98, 98, 98, 98, 98, 98, 98, 98, 98, 98, 98, 98, 98, 98, 98, 98, 98, 98, 98, 98, 98, 98, 98, 98, 98, 98, 98, 98, 98, 98, 98, 98, 98]}}, {"type": "Feature", "geometry": {"type": "Point", "coordinates": [-103.30387, 49.82442]}, "properties": {"twp": "010-10-W2", "prov": "SK", "total": 63, "first": 1901, "cum": [0, 0, 0, 0, 0, 0, 0, 0, 0, 0, 0, 0, 0, 0, 0, 0, 0, 0, 0, 0, 44, 46, 48, 49, 55, 58, 58, 58, 59, 59, 63, 63, 63, 63, 63, 63, 63, 63, 63, 63, 63, 63, 63, 63, 63, 63, 63, 63, 63, 63, 63, 63, 63, 63, 63, 63, 63, 63, 63, 63, 63, 63, 63, 63], "psum": [0, 0, 0, 0, 0, 0, 0, 0, 0, 0, 0, 0, 0, 0, 0, 0, 0, 0, 0, 0, 132.0, 140.0, 152.0, 155.0, 211.0, 235.0, 235.0, 235.0, 255.0, 255.0, 339.0, 339.0, 339.0, 339.0, 339.0, 339.0, 339.0, 339.0, 339.0, 339.0, 339.0, 339.0, 339.0, 339.0, 339.0, 339.0, 339.0, 339.0, 339.0, 339.0, 339.0, 339.0, 339.0, 339.0, 339.0, 339.0, 339.0, 339.0, 339.0, 339.0, 339.0, 339.0, 339.0, 339.0], "pcnt": [0, 0, 0, 0, 0, 0, 0, 0, 0, 0, 0, 0, 0, 0, 0, 0, 0, 0, 0, 0, 44, 46, 48, 49, 55, 58, 58, 58, 59, 59, 63, 63, 63, 63, 63, 63, 63, 63, 63, 63, 63, 63, 63, 63, 63, 63, 63, 63, 63, 63, 63, 63, 63, 63, 63, 63, 63, 63, 63, 63, 63, 63, 63, 63]}}, {"type": "Feature", "geometry": {"type": "Point", "coordinates": [-103.14953, 49.82231]}, "properties": {"twp": "010-09-W2", "prov": "SK", "total": 24, "first": 1901, "cum": [0, 0, 0, 0, 0, 0, 0, 0, 0, 0, 0, 0, 0, 0, 0, 0, 0, 0, 0, 0, 6, 6, 15, 15, 18, 18, 21, 21, 21, 21, 24, 24, 24, 24, 24, 24, 24, 24, 24, 24, 24, 24, 24, 24, 24, 24, 24, 24, 24, 24, 24, 24, 24, 24, 24, 24, 24, 24, 24, 24, 24, 24, 24, 24], "psum": [0, 0, 0, 0, 0, 0, 0, 0, 0, 0, 0, 0, 0, 0, 0, 0, 0, 0, 0, 0, 20.0, 20.0, 92.0, 92.0, 119.0, 119.0, 152.0, 152.0, 152.0, 152.0, 191.0, 191.0, 191.0, 191.0, 191.0, 191.0, 191.0, 191.0, 191.0, 191.0, 191.0, 191.0, 191.0, 191.0, 191.0, 191.0, 191.0, 191.0, 191.0, 191.0, 191.0, 191.0, 191.0, 191.0, 191.0, 191.0, 191.0, 191.0, 191.0, 191.0, 191.0, 191.0, 191.0, 191.0], "pcnt": [0, 0, 0, 0, 0, 0, 0, 0, 0, 0, 0, 0, 0, 0, 0, 0, 0, 0, 0, 0, 6, 6, 15, 15, 18, 18, 21, 21, 21, 21, 24, 24, 24, 24, 24, 24, 24, 24, 24, 24, 24, 24, 24, 24, 24, 24, 24, 24, 24, 24, 24, 24, 24, 24, 24, 24, 24, 24, 24, 24, 24, 24, 24, 24]}}, {"type": "Feature", "geometry": {"type": "Point", "coordinates": [-102.89396, 49.82017]}, "properties": {"twp": "010-07-W2", "prov": "SK", "total": 8, "first": 1904, "cum": [0, 0, 0, 0, 0, 0, 0, 0, 0, 0, 0, 0, 0, 0, 0, 0, 0, 0, 0, 0, 0, 0, 0, 2, 2, 6, 8, 8, 8, 8, 8, 8, 8, 8, 8, 8, 8, 8, 8, 8, 8, 8, 8, 8, 8, 8, 8, 8, 8, 8, 8, 8, 8, 8, 8, 8, 8, 8, 8, 8, 8, 8, 8, 8], "psum": [0, 0, 0, 0, 0, 0, 0, 0, 0, 0, 0, 0, 0, 0, 0, 0, 0, 0, 0, 0, 0, 0, 0, 12.0, 12.0, 44.0, 64.0, 64.0, 64.0, 64.0, 64.0, 64.0, 64.0, 64.0, 64.0, 64.0, 64.0, 64.0, 64.0, 64.0, 64.0, 64.0, 64.0, 64.0, 64.0, 64.0, 64.0, 64.0, 64.0, 64.0, 64.0, 64.0, 64.0, 64.0, 64.0, 64.0, 64.0, 64.0, 64.0, 64.0, 64.0, 64.0, 64.0, 64.0], "pcnt": [0, 0, 0, 0, 0, 0, 0, 0, 0, 0, 0, 0, 0, 0, 0, 0, 0, 0, 0, 0, 0, 0, 0, 2, 2, 6, 8, 8, 8, 8, 8, 8, 8, 8, 8, 8, 8, 8, 8, 8, 8, 8, 8, 8, 8, 8, 8, 8, 8, 8, 8, 8, 8, 8, 8, 8, 8, 8, 8, 8, 8, 8, 8, 8]}}, {"type": "Feature", "geometry": {"type": "Point", "coordinates": [-102.05869, 49.83925]}, "properties": {"twp": "010-01-W2", "prov": "SK", "total": 106, "first": 1888, "cum": [0, 0, 0, 0, 0, 0, 0, 2, 3, 3, 3, 11, 12, 12, 12, 12, 12, 12, 16, 17, 19, 26, 105, 105, 105, 105, 106, 106, 106, 106, 106, 106, 106, 106, 106, 106, 106, 106, 106, 106, 106, 106, 106, 106, 106, 106, 106, 106, 106, 106, 106, 106, 106, 106, 106, 106, 106, 106, 106, 106, 106, 106, 106, 106], "psum": [0, 0, 0, 0, 0, 0, 0, 6.0, 8.5, 8.5, 8.5, 32.5, 35.5, 35.5, 35.5, 35.5, 35.5, 35.5, 47.5, 57.5, 63.5, 92.5, 495.0, 495.0, 495.0, 495.0, 505.0, 505.0, 505.0, 505.0, 505.0, 505.0, 505.0, 505.0, 505.0, 505.0, 505.0, 505.0, 505.0, 505.0, 505.0, 505.0, 505.0, 505.0, 505.0, 505.0, 505.0, 505.0, 505.0, 505.0, 505.0, 505.0, 505.0, 505.0, 505.0, 505.0, 505.0, 505.0, 505.0, 505.0, 505.0, 505.0, 505.0, 505.0], "pcnt": [0, 0, 0, 0, 0, 0, 0, 2, 3, 3, 3, 11, 12, 12, 12, 12, 12, 12, 16, 17, 19, 26, 105, 105, 105, 105, 106, 106, 106, 106, 106, 106, 106, 106, 106, 106, 106, 106, 106, 106, 106, 106, 106, 106, 106, 106, 106, 106, 106, 106, 106, 106, 106, 106, 106, 106, 106, 106, 106, 106, 106, 106, 106, 106]}}, {"type": "Feature", "geometry": {"type": "Point", "coordinates": [-109.95479, 49.75666]}, "properties": {"twp": "009-30-W3", "prov": "SK", "total": 16, "first": 1903, "cum": [0, 0, 0, 0, 0, 0, 0, 0, 0, 0, 0, 0, 0, 0, 0, 0, 0, 0, 0, 0, 0, 0, 8, 8, 16, 16, 16, 16, 16, 16, 16, 16, 16, 16, 16, 16, 16, 16, 16, 16, 16, 16, 16, 16, 16, 16, 16, 16, 16, 16, 16, 16, 16, 16, 16, 16, 16, 16, 16, 16, 16, 16, 16, 16], "psum": [0, 0, 0, 0, 0, 0, 0, 0, 0, 0, 0, 0, 0, 0, 0, 0, 0, 0, 0, 0, 0, 0, 28.0, 28.0, 56.0, 56.0, 56.0, 56.0, 56.0, 56.0, 56.0, 56.0, 56.0, 56.0, 56.0, 56.0, 56.0, 56.0, 56.0, 56.0, 56.0, 56.0, 56.0, 56.0, 56.0, 56.0, 56.0, 56.0, 56.0, 56.0, 56.0, 56.0, 56.0, 56.0, 56.0, 56.0, 56.0, 56.0, 56.0, 56.0, 56.0, 56.0, 56.0, 56.0], "pcnt": [0, 0, 0, 0, 0, 0, 0, 0, 0, 0, 0, 0, 0, 0, 0, 0, 0, 0, 0, 0, 0, 0, 8, 8, 16, 16, 16, 16, 16, 16, 16, 16, 16, 16, 16, 16, 16, 16, 16, 16, 16, 16, 16, 16, 16, 16, 16, 16, 16, 16, 16, 16, 16, 16, 16, 16, 16, 16, 16, 16, 16, 16, 16, 16]}}, {"type": "Feature", "geometry": {"type": "Point", "coordinates": [-104.77279, 49.76534]}, "properties": {"twp": "009-21-W2", "prov": "SK", "total": 48, "first": 1903, "cum": [0, 0, 0, 0, 0, 0, 0, 0, 0, 0, 0, 0, 0, 0, 0, 0, 0, 0, 0, 0, 0, 0, 4, 4, 48, 48, 48, 48, 48, 48, 48, 48, 48, 48, 48, 48, 48, 48, 48, 48, 48, 48, 48, 48, 48, 48, 48, 48, 48, 48, 48, 48, 48, 48, 48, 48, 48, 48, 48, 48, 48, 48, 48, 48], "psum": [0, 0, 0, 0, 0, 0, 0, 0, 0, 0, 0, 0, 0, 0, 0, 0, 0, 0, 0, 0, 0, 0, 20.0, 20.0, 196.0, 196.0, 196.0, 196.0, 196.0, 196.0, 196.0, 196.0, 196.0, 196.0, 196.0, 196.0, 196.0, 196.0, 196.0, 196.0, 196.0, 196.0, 196.0, 196.0, 196.0, 196.0, 196.0, 196.0, 196.0, 196.0, 196.0, 196.0, 196.0, 196.0, 196.0, 196.0, 196.0, 196.0, 196.0, 196.0, 196.0, 196.0, 196.0, 196.0], "pcnt": [0, 0, 0, 0, 0, 0, 0, 0, 0, 0, 0, 0, 0, 0, 0, 0, 0, 0, 0, 0, 0, 0, 4, 4, 48, 48, 48, 48, 48, 48, 48, 48, 48, 48, 48, 48, 48, 48, 48, 48, 48, 48, 48, 48, 48, 48, 48, 48, 48, 48, 48, 48, 48, 48, 48, 48, 48, 48, 48, 48, 48, 48, 48, 48]}}, {"type": "Feature", "geometry": {"type": "Point", "coordinates": [-104.66915, 49.73951]}, "properties": {"twp": "009-20-W2", "prov": "SK", "total": 70, "first": 1905, "cum": [0, 0, 0, 0, 0, 0, 0, 0, 0, 0, 0, 0, 0, 0, 0, 0, 0, 0, 0, 0, 0, 0, 0, 0, 52, 58, 58, 58, 58, 65, 70, 70, 70, 70, 70, 70, 70, 70, 70, 70, 70, 70, 70, 70, 70, 70, 70, 70, 70, 70, 70, 70, 70, 70, 70, 70, 70, 70, 70, 70, 70, 70, 70, 70], "psum": [0, 0, 0, 0, 0, 0, 0, 0, 0, 0, 0, 0, 0, 0, 0, 0, 0, 0, 0, 0, 0, 0, 0, 0, 211.0, 4411.0, 4411.0, 4411.0, 4411.0, 4481.0, 4531.0, 4531.0, 4531.0, 4531.0, 4531.0, 4531.0, 4531.0, 4531.0, 4531.0, 4531.0, 4531.0, 4531.0, 4531.0, 4531.0, 4531.0, 4531.0, 4531.0, 4531.0, 4531.0, 4531.0, 4531.0, 4531.0, 4531.0, 4531.0, 4531.0, 4531.0, 4531.0, 4531.0, 4531.0, 4531.0, 4531.0, 4531.0, 4531.0, 4531.0], "pcnt": [0, 0, 0, 0, 0, 0, 0, 0, 0, 0, 0, 0, 0, 0, 0, 0, 0, 0, 0, 0, 0, 0, 0, 0, 52, 58, 58, 58, 58, 65, 70, 70, 70, 70, 70, 70, 70, 70, 70, 70, 70, 70, 70, 70, 70, 70, 70, 70, 70, 70, 70, 70, 70, 70, 70, 70, 70, 70, 70, 70, 70, 70, 70, 70]}}, {"type": "Feature", "geometry": {"type": "Point", "coordinates": [-104.51277, 49.75833]}, "properties": {"twp": "009-19-W2", "prov": "SK", "total": 47, "first": 1905, "cum": [0, 0, 0, 0, 0, 0, 0, 0, 0, 0, 0, 0, 0, 0, 0, 0, 0, 0, 0, 0, 0, 0, 0, 0, 22, 32, 44, 44, 44, 46, 47, 47, 47, 47, 47, 47, 47, 47, 47, 47, 47, 47, 47, 47, 47, 47, 47, 47, 47, 47, 47, 47, 47, 47, 47, 47, 47, 47, 47, 47, 47, 47, 47, 47], "psum": [0, 0, 0, 0, 0, 0, 0, 0, 0, 0, 0, 0, 0, 0, 0, 0, 0, 0, 0, 0, 0, 0, 0, 0, 118.0, 186.0, 258.0, 258.0, 258.0, 280.0, 292.0, 292.0, 292.0, 292.0, 292.0, 292.0, 292.0, 292.0, 292.0, 292.0, 292.0, 292.0, 292.0, 292.0, 292.0, 292.0, 292.0, 292.0, 292.0, 292.0, 292.0, 292.0, 292.0, 292.0, 292.0, 292.0, 292.0, 292.0, 292.0, 292.0, 292.0, 292.0, 292.0, 292.0], "pcnt": [0, 0, 0, 0, 0, 0, 0, 0, 0, 0, 0, 0, 0, 0, 0, 0, 0, 0, 0, 0, 0, 0, 0, 0, 22, 32, 44, 44, 44, 46, 47, 47, 47, 47, 47, 47, 47, 47, 47, 47, 47, 47, 47, 47, 47, 47, 47, 47, 47, 47, 47, 47, 47, 47, 47, 47, 47, 47, 47, 47, 47, 47, 47, 47]}}, {"type": "Feature", "geometry": {"type": "Point", "coordinates": [-104.3874, 49.73575]}, "properties": {"twp": "009-18-W2", "prov": "SK", "total": 68, "first": 1903, "cum": [0, 0, 0, 0, 0, 0, 0, 0, 0, 0, 0, 0, 0, 0, 0, 0, 0, 0, 0, 0, 0, 0, 1, 2, 2, 65, 68, 68, 68, 68, 68, 68, 68, 68, 68, 68, 68, 68, 68, 68, 68, 68, 68, 68, 68, 68, 68, 68, 68, 68, 68, 68, 68, 68, 68, 68, 68, 68, 68, 68, 68, 68, 68, 68], "psum": [0, 0, 0, 0, 0, 0, 0, 0, 0, 0, 0, 0, 0, 0, 0, 0, 0, 0, 0, 0, 0, 0, 5.0, 10.0, 10.0, 416.0, 434.0, 434.0, 434.0, 434.0, 434.0, 434.0, 434.0, 434.0, 434.0, 434.0, 434.0, 434.0, 434.0, 434.0, 434.0, 434.0, 434.0, 434.0, 434.0, 434.0, 434.0, 434.0, 434.0, 434.0, 434.0, 434.0, 434.0, 434.0, 434.0, 434.0, 434.0, 434.0, 434.0, 434.0, 434.0, 434.0, 434.0, 434.0], "pcnt": [0, 0, 0, 0, 0, 0, 0, 0, 0, 0, 0, 0, 0, 0, 0, 0, 0, 0, 0, 0, 0, 0, 1, 2, 2, 65, 68, 68, 68, 68, 68, 68, 68, 68, 68, 68, 68, 68, 68, 68, 68, 68, 68, 68, 68, 68, 68, 68, 68, 68, 68, 68, 68, 68, 68, 68, 68, 68, 68, 68, 68, 68, 68, 68]}}, {"type": "Feature", "geometry": {"type": "Point", "coordinates": [-104.24918, 49.73891]}, "properties": {"twp": "009-17-W2", "prov": "SK", "total": 124, "first": 1901, "cum": [0, 0, 0, 0, 0, 0, 0, 0, 0, 0, 0, 0, 0, 0, 0, 0, 0, 0, 0, 0, 4, 8, 15, 25, 118, 121, 121, 121, 123, 123, 124, 124, 124, 124, 124, 124, 124, 124, 124, 124, 124, 124, 124, 124, 124, 124, 124, 124, 124, 124, 124, 124, 124, 124, 124, 124, 124, 124, 124, 124, 124, 124, 124, 124], "psum": [0, 0, 0, 0, 0, 0, 0, 0, 0, 0, 0, 0, 0, 0, 0, 0, 0, 0, 0, 0, 12.0, 28.0, 63.0, 109.0, 574.0, 589.0, 589.0, 589.0, 609.0, 609.0, 619.0, 619.0, 619.0, 619.0, 619.0, 619.0, 619.0, 619.0, 619.0, 619.0, 619.0, 619.0, 619.0, 619.0, 619.0, 619.0, 619.0, 619.0, 619.0, 619.0, 619.0, 619.0, 619.0, 619.0, 619.0, 619.0, 619.0, 619.0, 619.0, 619.0, 619.0, 619.0, 619.0, 619.0], "pcnt": [0, 0, 0, 0, 0, 0, 0, 0, 0, 0, 0, 0, 0, 0, 0, 0, 0, 0, 0, 0, 4, 8, 15, 25, 118, 121, 121, 121, 123, 123, 124, 124, 124, 124, 124, 124, 124, 124, 124, 124, 124, 124, 124, 124, 124, 124, 124, 124, 124, 124, 124, 124, 124, 124, 124, 124, 124, 124, 124, 124, 124, 124, 124, 124]}}, {"type": "Feature", "geometry": {"type": "Point", "coordinates": [-104.12567, 49.73069]}, "properties": {"twp": "009-16-W2", "prov": "SK", "total": 71, "first": 1899, "cum": [0, 0, 0, 0, 0, 0, 0, 0, 0, 0, 0, 0, 0, 0, 0, 0, 0, 0, 1, 2, 16, 18, 19, 19, 61, 67, 67, 67, 67, 67, 71, 71, 71, 71, 71, 71, 71, 71, 71, 71, 71, 71, 71, 71, 71, 71, 71, 71, 71, 71, 71, 71, 71, 71, 71, 71, 71, 71, 71, 71, 71, 71, 71, 71], "psum": [0, 0, 0, 0, 0, 0, 0, 0, 0, 0, 0, 0, 0, 0, 0, 0, 0, 0, 3.0, 6.0, 58.0, 68.0, 73.0, 73.0, 294.0, 324.0, 324.0, 324.0, 324.0, 324.0, 364.0, 364.0, 364.0, 364.0, 364.0, 364.0, 364.0, 364.0, 364.0, 364.0, 364.0, 364.0, 364.0, 364.0, 364.0, 364.0, 364.0, 364.0, 364.0, 364.0, 364.0, 364.0, 364.0, 364.0, 364.0, 364.0, 364.0, 364.0, 364.0, 364.0, 364.0, 364.0, 364.0, 364.0], "pcnt": [0, 0, 0, 0, 0, 0, 0, 0, 0, 0, 0, 0, 0, 0, 0, 0, 0, 0, 1, 2, 16, 18, 19, 19, 61, 67, 67, 67, 67, 67, 71, 71, 71, 71, 71, 71, 71, 71, 71, 71, 71, 71, 71, 71, 71, 71, 71, 71, 71, 71, 71, 71, 71, 71, 71, 71, 71, 71, 71, 71, 71, 71, 71, 71]}}, {"type": "Feature", "geometry": {"type": "Point", "coordinates": [-103.98706, 49.74309]}, "properties": {"twp": "009-15-W2", "prov": "SK", "total": 57, "first": 1898, "cum": [0, 0, 0, 0, 0, 0, 0, 0, 0, 0, 0, 0, 0, 0, 0, 0, 0, 1, 10, 14, 42, 54, 54, 54, 54, 57, 57, 57, 57, 57, 57, 57, 57, 57, 57, 57, 57, 57, 57, 57, 57, 57, 57, 57, 57, 57, 57, 57, 57, 57, 57, 57, 57, 57, 57, 57, 57, 57, 57, 57, 57, 57, 57, 57], "psum": [0, 0, 0, 0, 0, 0, 0, 0, 0, 0, 0, 0, 0, 0, 0, 0, 0, 3.0, 30.0, 42.0, 140.0, 207.0, 207.0, 207.0, 207.0, 222.0, 222.0, 222.0, 222.0, 222.0, 222.0, 222.0, 222.0, 222.0, 222.0, 222.0, 222.0, 222.0, 222.0, 222.0, 222.0, 222.0, 222.0, 222.0, 222.0, 222.0, 222.0, 222.0, 222.0, 222.0, 222.0, 222.0, 222.0, 222.0, 222.0, 222.0, 222.0, 222.0, 222.0, 222.0, 222.0, 222.0, 222.0, 222.0], "pcnt": [0, 0, 0, 0, 0, 0, 0, 0, 0, 0, 0, 0, 0, 0, 0, 0, 0, 1, 10, 14, 42, 54, 54, 54, 54, 57, 57, 57, 57, 57, 57, 57, 57, 57, 57, 57, 57, 57, 57, 57, 57, 57, 57, 57, 57, 57, 57, 57, 57, 57, 57, 57, 57, 57, 57, 57, 57, 57, 57, 57, 57, 57, 57, 57]}}, {"type": "Feature", "geometry": {"type": "Point", "coordinates": [-103.70378, 49.74413]}, "properties": {"twp": "009-13-W2", "prov": "SK", "total": 62, "first": 1901, "cum": [0, 0, 0, 0, 0, 0, 0, 0, 0, 0, 0, 0, 0, 0, 0, 0, 0, 0, 0, 0, 32, 40, 46, 46, 56, 56, 56, 56, 56, 62, 62, 62, 62, 62, 62, 62, 62, 62, 62, 62, 62, 62, 62, 62, 62, 62, 62, 62, 62, 62, 62, 62, 62, 62, 62, 62, 62, 62, 62, 62, 62, 62, 62, 62], "psum": [0, 0, 0, 0, 0, 0, 0, 0, 0, 0, 0, 0, 0, 0, 0, 0, 0, 0, 0, 0, 98.0, 130.0, 148.0, 148.0, 214.0, 214.0, 214.0, 214.0, 214.0, 276.0, 276.0, 276.0, 276.0, 276.0, 276.0, 276.0, 276.0, 276.0, 276.0, 276.0, 276.0, 276.0, 276.0, 276.0, 276.0, 276.0, 276.0, 276.0, 276.0, 276.0, 276.0, 276.0, 276.0, 276.0, 276.0, 276.0, 276.0, 276.0, 276.0, 276.0, 276.0, 276.0, 276.0, 276.0], "pcnt": [0, 0, 0, 0, 0, 0, 0, 0, 0, 0, 0, 0, 0, 0, 0, 0, 0, 0, 0, 0, 32, 40, 46, 46, 56, 56, 56, 56, 56, 62, 62, 62, 62, 62, 62, 62, 62, 62, 62, 62, 62, 62, 62, 62, 62, 62, 62, 62, 62, 62, 62, 62, 62, 62, 62, 62, 62, 62, 62, 62, 62, 62, 62, 62]}}, {"type": "Feature", "geometry": {"type": "Point", "coordinates": [-103.56842, 49.7419]}, "properties": {"twp": "009-12-W2", "prov": "SK", "total": 72, "first": 1902, "cum": [0, 0, 0, 0, 0, 0, 0, 0, 0, 0, 0, 0, 0, 0, 0, 0, 0, 0, 0, 0, 0, 72, 72, 72, 72, 72, 72, 72, 72, 72, 72, 72, 72, 72, 72, 72, 72, 72, 72, 72, 72, 72, 72, 72, 72, 72, 72, 72, 72, 72, 72, 72, 72, 72, 72, 72, 72, 72, 72, 72, 72, 72, 72, 72], "psum": [0, 0, 0, 0, 0, 0, 0, 0, 0, 0, 0, 0, 0, 0, 0, 0, 0, 0, 0, 0, 0, 324.0, 324.0, 324.0, 324.0, 324.0, 324.0, 324.0, 324.0, 324.0, 324.0, 324.0, 324.0, 324.0, 324.0, 324.0, 324.0, 324.0, 324.0, 324.0, 324.0, 324.0, 324.0, 324.0, 324.0, 324.0, 324.0, 324.0, 324.0, 324.0, 324.0, 324.0, 324.0, 324.0, 324.0, 324.0, 324.0, 324.0, 324.0, 324.0, 324.0, 324.0, 324.0, 324.0], "pcnt": [0, 0, 0, 0, 0, 0, 0, 0, 0, 0, 0, 0, 0, 0, 0, 0, 0, 0, 0, 0, 0, 72, 72, 72, 72, 72, 72, 72, 72, 72, 72, 72, 72, 72, 72, 72, 72, 72, 72, 72, 72, 72, 72, 72, 72, 72, 72, 72, 72, 72, 72, 72, 72, 72, 72, 72, 72, 72, 72, 72, 72, 72, 72, 72]}}, {"type": "Feature", "geometry": {"type": "Point", "coordinates": [-103.30222, 49.73659]}, "properties": {"twp": "009-10-W2", "prov": "SK", "total": 74, "first": 1902, "cum": [0, 0, 0, 0, 0, 0, 0, 0, 0, 0, 0, 0, 0, 0, 0, 0, 0, 0, 0, 0, 0, 4, 5, 5, 13, 49, 51, 52, 52, 59, 74, 74, 74, 74, 74, 74, 74, 74, 74, 74, 74, 74, 74, 74, 74, 74, 74, 74, 74, 74, 74, 74, 74, 74, 74, 74, 74, 74, 74, 74, 74, 74, 74, 74], "psum": [0, 0, 0, 0, 0, 0, 0, 0, 0, 0, 0, 0, 0, 0, 0, 0, 0, 0, 0, 0, 0, 16.0, 24.0, 24.0, 96.0, 494.0, 524.0, 535.0, 535.0, 593.0, 796.0, 796.0, 796.0, 796.0, 796.0, 796.0, 796.0, 796.0, 796.0, 796.0, 796.0, 796.0, 796.0, 796.0, 796.0, 796.0, 796.0, 796.0, 796.0, 796.0, 796.0, 796.0, 796.0, 796.0, 796.0, 796.0, 796.0, 796.0, 796.0, 796.0, 796.0, 796.0, 796.0, 796.0], "pcnt": [0, 0, 0, 0, 0, 0, 0, 0, 0, 0, 0, 0, 0, 0, 0, 0, 0, 0, 0, 0, 0, 4, 5, 5, 13, 49, 51, 52, 52, 59, 74, 74, 74, 74, 74, 74, 74, 74, 74, 74, 74, 74, 74, 74, 74, 74, 74, 74, 74, 74, 74, 74, 74, 74, 74, 74, 74, 74, 74, 74, 74, 74, 74, 74]}}, {"type": "Feature", "geometry": {"type": "Point", "coordinates": [-103.16071, 49.74486]}, "properties": {"twp": "009-09-W2", "prov": "SK", "total": 69, "first": 1900, "cum": [0, 0, 0, 0, 0, 0, 0, 0, 0, 0, 0, 0, 0, 0, 0, 0, 0, 0, 0, 3, 50, 56, 65, 67, 69, 69, 69, 69, 69, 69, 69, 69, 69, 69, 69, 69, 69, 69, 69, 69, 69, 69, 69, 69, 69, 69, 69, 69, 69, 69, 69, 69, 69, 69, 69, 69, 69, 69, 69, 69, 69, 69, 69, 69], "psum": [0, 0, 0, 0, 0, 0, 0, 0, 0, 0, 0, 0, 0, 0, 0, 0, 0, 0, 0, 9.0, 152.0, 176.8, 218.8, 224.9, 242.9, 242.9, 242.9, 242.9, 242.9, 242.9, 242.9, 242.9, 242.9, 242.9, 242.9, 242.9, 242.9, 242.9, 242.9, 242.9, 242.9, 242.9, 242.9, 242.9, 242.9, 242.9, 242.9, 242.9, 242.9, 242.9, 242.9, 242.9, 242.9, 242.9, 242.9, 242.9, 242.9, 242.9, 242.9, 242.9, 242.9, 242.9, 242.9, 242.9], "pcnt": [0, 0, 0, 0, 0, 0, 0, 0, 0, 0, 0, 0, 0, 0, 0, 0, 0, 0, 0, 3, 50, 56, 65, 67, 69, 69, 69, 69, 69, 69, 69, 69, 69, 69, 69, 69, 69, 69, 69, 69, 69, 69, 69, 69, 69, 69, 69, 69, 69, 69, 69, 69, 69, 69, 69, 69, 69, 69, 69, 69, 69, 69, 69, 69]}}, {"type": "Feature", "geometry": {"type": "Point", "coordinates": [-102.8989, 49.72805]}, "properties": {"twp": "009-07-W2", "prov": "SK", "total": 42, "first": 1901, "cum": [0, 0, 0, 0, 0, 0, 0, 0, 0, 0, 0, 0, 0, 0, 0, 0, 0, 0, 0, 0, 8, 9, 13, 15, 25, 35, 38, 38, 38, 42, 42, 42, 42, 42, 42, 42, 42, 42, 42, 42, 42, 42, 42, 42, 42, 42, 42, 42, 42, 42, 42, 42, 42, 42, 42, 42, 42, 42, 42, 42, 42, 42, 42, 42], "psum": [0, 0, 0, 0, 0, 0, 0, 0, 0, 0, 0, 0, 0, 0, 0, 0, 0, 0, 0, 0, 24.0, 28.0, 52.0, 64.0, 136.0, 220.0, 250.0, 250.0, 250.0, 282.0, 282.0, 282.0, 282.0, 282.0, 282.0, 282.0, 282.0, 282.0, 282.0, 282.0, 282.0, 282.0, 282.0, 282.0, 282.0, 282.0, 282.0, 282.0, 282.0, 282.0, 282.0, 282.0, 282.0, 282.0, 282.0, 282.0, 282.0, 282.0, 282.0, 282.0, 282.0, 282.0, 282.0, 282.0], "pcnt": [0, 0, 0, 0, 0, 0, 0, 0, 0, 0, 0, 0, 0, 0, 0, 0, 0, 0, 0, 0, 8, 9, 13, 15, 25, 35, 38, 38, 38, 42, 42, 42, 42, 42, 42, 42, 42, 42, 42, 42, 42, 42, 42, 42, 42, 42, 42, 42, 42, 42, 42, 42, 42, 42, 42, 42, 42, 42, 42, 42, 42, 42, 42, 42]}}, {"type": "Feature", "geometry": {"type": "Point", "coordinates": [-104.23607, 49.67349]}, "properties": {"twp": "008-17-W2", "prov": "SK", "total": 27, "first": 1902, "cum": [0, 0, 0, 0, 0, 0, 0, 0, 0, 0, 0, 0, 0, 0, 0, 0, 0, 0, 0, 0, 0, 1, 1, 1, 18, 24, 24, 24, 24, 24, 25, 27, 27, 27, 27, 27, 27, 27, 27, 27, 27, 27, 27, 27, 27, 27, 27, 27, 27, 27, 27, 27, 27, 27, 27, 27, 27, 27, 27, 27, 27, 27, 27, 27], "psum": [0, 0, 0, 0, 0, 0, 0, 0, 0, 0, 0, 0, 0, 0, 0, 0, 0, 0, 0, 0, 0, 5.0, 5.0, 5.0, 90.0, 126.0, 126.0, 126.0, 126.0, 126.0, 136.0, 136.0, 136.0, 136.0, 136.0, 136.0, 136.0, 136.0, 136.0, 136.0, 136.0, 136.0, 136.0, 136.0, 136.0, 136.0, 136.0, 136.0, 136.0, 136.0, 136.0, 136.0, 136.0, 136.0, 136.0, 136.0, 136.0, 136.0, 136.0, 136.0, 136.0, 136.0, 136.0, 136.0], "pcnt": [0, 0, 0, 0, 0, 0, 0, 0, 0, 0, 0, 0, 0, 0, 0, 0, 0, 0, 0, 0, 0, 1, 1, 1, 18, 24, 24, 24, 24, 24, 25, 25, 25, 25, 25, 25, 25, 25, 25, 25, 25, 25, 25, 25, 25, 25, 25, 25, 25, 25, 25, 25, 25, 25, 25, 25, 25, 25, 25, 25, 25, 25, 25, 25]}}, {"type": "Feature", "geometry": {"type": "Point", "coordinates": [-103.84804, 49.65513]}, "properties": {"twp": "008-14-W2", "prov": "SK", "total": 68, "first": 1898, "cum": [0, 0, 0, 0, 0, 0, 0, 0, 0, 0, 0, 0, 0, 0, 0, 0, 0, 21, 28, 38, 52, 55, 56, 57, 61, 61, 61, 63, 64, 68, 68, 68, 68, 68, 68, 68, 68, 68, 68, 68, 68, 68, 68, 68, 68, 68, 68, 68, 68, 68, 68, 68, 68, 68, 68, 68, 68, 68, 68, 68, 68, 68, 68, 68], "psum": [0, 0, 0, 0, 0, 0, 0, 0, 0, 0, 0, 0, 0, 0, 0, 0, 0, 63.0, 84.0, 114.0, 553.0, 573.0, 608.0, 633.0, 653.0, 653.0, 653.0, 698.0, 708.0, 868.0, 868.0, 868.0, 868.0, 868.0, 868.0, 868.0, 868.0, 868.0, 868.0, 868.0, 868.0, 868.0, 868.0, 868.0, 868.0, 868.0, 868.0, 868.0, 868.0, 868.0, 868.0, 868.0, 868.0, 868.0, 868.0, 868.0, 868.0, 868.0, 868.0, 868.0, 868.0, 868.0, 868.0, 868.0], "pcnt": [0, 0, 0, 0, 0, 0, 0, 0, 0, 0, 0, 0, 0, 0, 0, 0, 0, 21, 28, 38, 52, 55, 56, 57, 61, 61, 61, 63, 64, 68, 68, 68, 68, 68, 68, 68, 68, 68, 68, 68, 68, 68, 68, 68, 68, 68, 68, 68, 68, 68, 68, 68, 68, 68, 68, 68, 68, 68, 68, 68, 68, 68, 68, 68]}}, {"type": "Feature", "geometry": {"type": "Point", "coordinates": [-103.70634, 49.64844]}, "properties": {"twp": "008-13-W2", "prov": "SK", "total": 102, "first": 1901, "cum": [0, 0, 0, 0, 0, 0, 0, 0, 0, 0, 0, 0, 0, 0, 0, 0, 0, 0, 0, 0, 17, 71, 92, 92, 92, 93, 100, 100, 101, 101, 102, 102, 102, 102, 102, 102, 102, 102, 102, 102, 102, 102, 102, 102, 102, 102, 102, 102, 102, 102, 102, 102, 102, 102, 102, 102, 102, 102, 102, 102, 102, 102, 102, 102], "psum": [0, 0, 0, 0, 0, 0, 0, 0, 0, 0, 0, 0, 0, 0, 0, 0, 0, 0, 0, 0, 51.0, 282.0, 408.0, 408.0, 408.0, 420.0, 504.0, 504.0, 516.0, 516.0, 533.0, 533.0, 533.0, 533.0, 533.0, 533.0, 533.0, 533.0, 533.0, 533.0, 533.0, 533.0, 533.0, 533.0, 533.0, 533.0, 533.0, 533.0, 533.0, 533.0, 533.0, 533.0, 533.0, 533.0, 533.0, 533.0, 533.0, 533.0, 533.0, 533.0, 533.0, 533.0, 533.0, 533.0], "pcnt": [0, 0, 0, 0, 0, 0, 0, 0, 0, 0, 0, 0, 0, 0, 0, 0, 0, 0, 0, 0, 17, 71, 92, 92, 92, 93, 100, 100, 101, 101, 102, 102, 102, 102, 102, 102, 102, 102, 102, 102, 102, 102, 102, 102, 102, 102, 102, 102, 102, 102, 102, 102, 102, 102, 102, 102, 102, 102, 102, 102, 102, 102, 102, 102]}}, {"type": "Feature", "geometry": {"type": "Point", "coordinates": [-103.57505, 49.64801]}, "properties": {"twp": "008-12-W2", "prov": "SK", "total": 90, "first": 1902, "cum": [0, 0, 0, 0, 0, 0, 0, 0, 0, 0, 0, 0, 0, 0, 0, 0, 0, 0, 0, 0, 0, 16, 34, 37, 63, 75, 86, 86, 86, 88, 90, 90, 90, 90, 90, 90, 90, 90, 90, 90, 90, 90, 90, 90, 90, 90, 90, 90, 90, 90, 90, 90, 90, 90, 90, 90, 90, 90, 90, 90, 90, 90, 90, 90], "psum": [0, 0, 0, 0, 0, 0, 0, 0, 0, 0, 0, 0, 0, 0, 0, 0, 0, 0, 0, 0, 0, 48.0, 156.0, 177.0, 362.0, 500.0, 613.0, 613.0, 613.0, 643.0, 671.0, 671.0, 671.0, 671.0, 671.0, 671.0, 671.0, 671.0, 671.0, 671.0, 671.0, 671.0, 671.0, 671.0, 671.0, 671.0, 671.0, 671.0, 671.0, 671.0, 671.0, 671.0, 671.0, 671.0, 671.0, 671.0, 671.0, 671.0, 671.0, 671.0, 671.0, 671.0, 671.0, 671.0], "pcnt": [0, 0, 0, 0, 0, 0, 0, 0, 0, 0, 0, 0, 0, 0, 0, 0, 0, 0, 0, 0, 0, 16, 34, 37, 63, 75, 86, 86, 86, 88, 90, 90, 90, 90, 90, 90, 90, 90, 90, 90, 90, 90, 90, 90, 90, 90, 90, 90, 90, 90, 90, 90, 90, 90, 90, 90, 90, 90, 90, 90, 90, 90, 90, 90]}}, {"type": "Feature", "geometry": {"type": "Point", "coordinates": [-103.30713, 49.65367]}, "properties": {"twp": "008-10-W2", "prov": "SK", "total": 40, "first": 1901, "cum": [0, 0, 0, 0, 0, 0, 0, 0, 0, 0, 0, 0, 0, 0, 0, 0, 0, 0, 0, 0, 4, 12, 12, 13, 36, 40, 40, 40, 40, 40, 40, 40, 40, 40, 40, 40, 40, 40, 40, 40, 40, 40, 40, 40, 40, 40, 40, 40, 40, 40, 40, 40, 40, 40, 40, 40, 40, 40, 40, 40, 40, 40, 40, 40], "psum": [0, 0, 0, 0, 0, 0, 0, 0, 0, 0, 0, 0, 0, 0, 0, 0, 0, 0, 0, 0, 10.0, 30.0, 30.0, 32.5, 93.6, 103.6, 103.6, 103.6, 103.6, 103.6, 103.6, 103.6, 103.6, 103.6, 103.6, 103.6, 103.6, 103.6, 103.6, 103.6, 103.6, 103.6, 103.6, 103.6, 103.6, 103.6, 103.6, 103.6, 103.6, 103.6, 103.6, 103.6, 103.6, 103.6, 103.6, 103.6, 103.6, 103.6, 103.6, 103.6, 103.6, 103.6, 103.6, 103.6], "pcnt": [0, 0, 0, 0, 0, 0, 0, 0, 0, 0, 0, 0, 0, 0, 0, 0, 0, 0, 0, 0, 4, 12, 12, 13, 36, 40, 40, 40, 40, 40, 40, 40, 40, 40, 40, 40, 40, 40, 40, 40, 40, 40, 40, 40, 40, 40, 40, 40, 40, 40, 40, 40, 40, 40, 40, 40, 40, 40, 40, 40, 40, 40, 40, 40]}}, {"type": "Feature", "geometry": {"type": "Point", "coordinates": [-103.16935, 49.65224]}, "properties": {"twp": "008-09-W2", "prov": "SK", "total": 40, "first": 1900, "cum": [0, 0, 0, 0, 0, 0, 0, 0, 0, 0, 0, 0, 0, 0, 0, 0, 0, 0, 0, 2, 10, 14, 14, 16, 35, 40, 40, 40, 40, 40, 40, 40, 40, 40, 40, 40, 40, 40, 40, 40, 40, 40, 40, 40, 40, 40, 40, 40, 40, 40, 40, 40, 40, 40, 40, 40, 40, 40, 40, 40, 40, 40, 40, 40], "psum": [0, 0, 0, 0, 0, 0, 0, 0, 0, 0, 0, 0, 0, 0, 0, 0, 0, 0, 0, 6.0, 28.0, 38.0, 38.0, 43.0, 94.1, 106.6, 106.6, 106.6, 106.6, 106.6, 106.6, 106.6, 106.6, 106.6, 106.6, 106.6, 106.6, 106.6, 106.6, 106.6, 106.6, 106.6, 106.6, 106.6, 106.6, 106.6, 106.6, 106.6, 106.6, 106.6, 106.6, 106.6, 106.6, 106.6, 106.6, 106.6, 106.6, 106.6, 106.6, 106.6, 106.6, 106.6, 106.6, 106.6], "pcnt": [0, 0, 0, 0, 0, 0, 0, 0, 0, 0, 0, 0, 0, 0, 0, 0, 0, 0, 0, 2, 10, 14, 14, 16, 35, 40, 40, 40, 40, 40, 40, 40, 40, 40, 40, 40, 40, 40, 40, 40, 40, 40, 40, 40, 40, 40, 40, 40, 40, 40, 40, 40, 40, 40, 40, 40, 40, 40, 40, 40, 40, 40, 40, 40]}}, {"type": "Feature", "geometry": {"type": "Point", "coordinates": [-103.03122, 49.65027]}, "properties": {"twp": "008-08-W2", "prov": "SK", "total": 68, "first": 1900, "cum": [0, 0, 0, 0, 0, 0, 0, 0, 0, 0, 0, 0, 0, 0, 0, 0, 0, 0, 0, 2, 18, 26, 33, 39, 42, 62, 63, 66, 67, 68, 68, 68, 68, 68, 68, 68, 68, 68, 68, 68, 68, 68, 68, 68, 68, 68, 68, 68, 68, 68, 68, 68, 68, 68, 68, 68, 68, 68, 68, 68, 68, 68, 68, 68], "psum": [0, 0, 0, 0, 0, 0, 0, 0, 0, 0, 0, 0, 0, 0, 0, 0, 0, 0, 0, 6.0, 54.0, 86.0, 148.2, 202.2, 235.2, 450.2, 462.2, 495.2, 507.2, 519.2, 519.2, 519.2, 519.2, 519.2, 519.2, 519.2, 519.2, 519.2, 519.2, 519.2, 519.2, 519.2, 519.2, 519.2, 519.2, 519.2, 519.2, 519.2, 519.2, 519.2, 519.2, 519.2, 519.2, 519.2, 519.2, 519.2, 519.2, 519.2, 519.2, 519.2, 519.2, 519.2, 519.2, 519.2], "pcnt": [0, 0, 0, 0, 0, 0, 0, 0, 0, 0, 0, 0, 0, 0, 0, 0, 0, 0, 0, 2, 18, 26, 33, 39, 42, 62, 63, 66, 67, 68, 68, 68, 68, 68, 68, 68, 68, 68, 68, 68, 68, 68, 68, 68, 68, 68, 68, 68, 68, 68, 68, 68, 68, 68, 68, 68, 68, 68, 68, 68, 68, 68, 68, 68]}}, {"type": "Feature", "geometry": {"type": "Point", "coordinates": [-102.89133, 49.6571]}, "properties": {"twp": "008-07-W2", "prov": "SK", "total": 68, "first": 1892, "cum": [0, 0, 0, 0, 0, 0, 0, 0, 0, 0, 0, 2, 8, 8, 8, 8, 9, 16, 18, 19, 23, 24, 30, 44, 58, 66, 66, 66, 66, 68, 68, 68, 68, 68, 68, 68, 68, 68, 68, 68, 68, 68, 68, 68, 68, 68, 68, 68, 68, 68, 68, 68, 68, 68, 68, 68, 68, 68, 68, 68, 68, 68, 68, 68], "psum": [0, 0, 0, 0, 0, 0, 0, 0, 0, 0, 0, 6.0, 24.0, 24.0, 24.0, 24.0, 27.0, 48.0, 54.0, 57.0, 69.0, 73.6, 121.6, 243.6, 358.6, 426.6, 426.6, 426.6, 426.6, 444.6, 444.6, 444.6, 444.6, 444.6, 444.6, 444.6, 444.6, 444.6, 444.6, 444.6, 444.6, 444.6, 444.6, 444.6, 444.6, 444.6, 444.6, 444.6, 444.6, 444.6, 444.6, 444.6, 444.6, 444.6, 444.6, 444.6, 444.6, 444.6, 444.6, 444.6, 444.6, 444.6, 444.6, 444.6], "pcnt": [0, 0, 0, 0, 0, 0, 0, 0, 0, 0, 0, 2, 8, 8, 8, 8, 9, 16, 18, 19, 23, 24, 30, 44, 58, 66, 66, 66, 66, 68, 68, 68, 68, 68, 68, 68, 68, 68, 68, 68, 68, 68, 68, 68, 68, 68, 68, 68, 68, 68, 68, 68, 68, 68, 68, 68, 68, 68, 68, 68, 68, 68, 68, 68]}}, {"type": "Feature", "geometry": {"type": "Point", "coordinates": [-102.74692, 49.66022]}, "properties": {"twp": "008-06-W2", "prov": "SK", "total": 42, "first": 1898, "cum": [0, 0, 0, 0, 0, 0, 0, 0, 0, 0, 0, 0, 0, 0, 0, 0, 0, 6, 10, 10, 10, 11, 18, 18, 24, 32, 33, 38, 41, 42, 42, 42, 42, 42, 42, 42, 42, 42, 42, 42, 42, 42, 42, 42, 42, 42, 42, 42, 42, 42, 42, 42, 42, 42, 42, 42, 42, 42, 42, 42, 42, 42, 42, 42], "psum": [0, 0, 0, 0, 0, 0, 0, 0, 0, 0, 0, 0, 0, 0, 0, 0, 0, 18.0, 34.0, 34.0, 34.0, 39.0, 95.0, 95.0, 143.0, 212.0, 222.0, 272.0, 302.0, 312.0, 312.0, 312.0, 312.0, 312.0, 312.0, 312.0, 312.0, 312.0, 312.0, 312.0, 312.0, 312.0, 312.0, 312.0, 312.0, 312.0, 312.0, 312.0, 312.0, 312.0, 312.0, 312.0, 312.0, 312.0, 312.0, 312.0, 312.0, 312.0, 312.0, 312.0, 312.0, 312.0, 312.0, 312.0], "pcnt": [0, 0, 0, 0, 0, 0, 0, 0, 0, 0, 0, 0, 0, 0, 0, 0, 0, 6, 10, 10, 10, 11, 18, 18, 24, 32, 33, 38, 41, 42, 42, 42, 42, 42, 42, 42, 42, 42, 42, 42, 42, 42, 42, 42, 42, 42, 42, 42, 42, 42, 42, 42, 42, 42, 42, 42, 42, 42, 42, 42, 42, 42, 42, 42]}}, {"type": "Feature", "geometry": {"type": "Point", "coordinates": [-102.63512, 49.65224]}, "properties": {"twp": "008-05-W2", "prov": "SK", "total": 42, "first": 1889, "cum": [0, 0, 0, 0, 0, 0, 0, 0, 4, 4, 4, 4, 4, 5, 5, 5, 6, 9, 15, 15, 15, 17, 18, 18, 27, 28, 28, 28, 28, 28, 42, 42, 42, 42, 42, 42, 42, 42, 42, 42, 42, 42, 42, 42, 42, 42, 42, 42, 42, 42, 42, 42, 42, 42, 42, 42, 42, 42, 42, 42, 42, 42, 42, 42], "psum": [0, 0, 0, 0, 0, 0, 0, 0, 12.0, 12.0, 12.0, 12.0, 12.0, 13.5, 13.5, 13.5, 16.5, 25.5, 43.0, 43.0, 43.0, 55.0, 62.0, 62.0, 141.9, 151.9, 151.9, 151.9, 151.9, 151.9, 319.9, 319.9, 319.9, 319.9, 319.9, 319.9, 319.9, 319.9, 319.9, 319.9, 319.9, 319.9, 319.9, 319.9, 319.9, 319.9, 319.9, 319.9, 319.9, 319.9, 319.9, 319.9, 319.9, 319.9, 319.9, 319.9, 319.9, 319.9, 319.9, 319.9, 319.9, 319.9, 319.9, 319.9], "pcnt": [0, 0, 0, 0, 0, 0, 0, 0, 4, 4, 4, 4, 4, 5, 5, 5, 6, 9, 15, 15, 15, 17, 18, 18, 27, 28, 28, 28, 28, 28, 42, 42, 42, 42, 42, 42, 42, 42, 42, 42, 42, 42, 42, 42, 42, 42, 42, 42, 42, 42, 42, 42, 42, 42, 42, 42, 42, 42, 42, 42, 42, 42, 42, 42]}}, {"type": "Feature", "geometry": {"type": "Point", "coordinates": [-102.4825, 49.6544]}, "properties": {"twp": "008-04-W2", "prov": "SK", "total": 43, "first": 1882, "cum": [0, 7, 7, 7, 7, 7, 7, 7, 7, 10, 10, 13, 14, 14, 14, 14, 19, 25, 25, 26, 30, 32, 32, 32, 40, 40, 43, 43, 43, 43, 43, 43, 43, 43, 43, 43, 43, 43, 43, 43, 43, 43, 43, 43, 43, 43, 43, 43, 43, 43, 43, 43, 43, 43, 43, 43, 43, 43, 43, 43, 43, 43, 43, 43], "psum": [0, 24.0, 24.0, 24.0, 24.0, 24.0, 24.0, 24.0, 24.0, 35.0, 35.0, 44.0, 47.0, 47.0, 47.0, 47.0, 62.0, 78.4, 78.4, 82.4, 98.4, 108.4, 108.4, 108.4, 204.4, 204.4, 240.4, 240.4, 240.4, 240.4, 240.4, 240.4, 240.4, 240.4, 240.4, 240.4, 240.4, 240.4, 240.4, 240.4, 240.4, 240.4, 240.4, 240.4, 240.4, 240.4, 240.4, 240.4, 240.4, 240.4, 240.4, 240.4, 240.4, 240.4, 240.4, 240.4, 240.4, 240.4, 240.4, 240.4, 240.4, 240.4, 240.4, 240.4], "pcnt": [0, 6, 6, 6, 6, 6, 6, 6, 6, 9, 9, 12, 13, 13, 13, 13, 18, 24, 24, 25, 29, 31, 31, 31, 39, 39, 42, 42, 42, 42, 42, 42, 42, 42, 42, 42, 42, 42, 42, 42, 42, 42, 42, 42, 42, 42, 42, 42, 42, 42, 42, 42, 42, 42, 42, 42, 42, 42, 42, 42, 42, 42, 42, 42]}}, {"type": "Feature", "geometry": {"type": "Point", "coordinates": [-102.34645, 49.65852]}, "properties": {"twp": "008-03-W2", "prov": "SK", "total": 39, "first": 1892, "cum": [0, 0, 0, 0, 0, 0, 0, 0, 0, 0, 0, 3, 3, 6, 6, 7, 8, 13, 31, 32, 35, 36, 36, 36, 39, 39, 39, 39, 39, 39, 39, 39, 39, 39, 39, 39, 39, 39, 39, 39, 39, 39, 39, 39, 39, 39, 39, 39, 39, 39, 39, 39, 39, 39, 39, 39, 39, 39, 39, 39, 39, 39, 39, 39], "psum": [0, 0, 0, 0, 0, 0, 0, 0, 0, 0, 0, 9.0, 9.0, 18.0, 18.0, 21.0, 24.0, 39.0, 111.0, 116.0, 920.0, 927.0, 927.0, 927.0, 944.5, 944.5, 944.5, 944.5, 944.5, 944.5, 944.5, 944.5, 944.5, 944.5, 944.5, 944.5, 944.5, 944.5, 944.5, 944.5, 944.5, 944.5, 944.5, 944.5, 944.5, 944.5, 944.5, 944.5, 944.5, 944.5, 944.5, 944.5, 944.5, 944.5, 944.5, 944.5, 944.5, 944.5, 944.5, 944.5, 944.5, 944.5, 944.5, 944.5], "pcnt": [0, 0, 0, 0, 0, 0, 0, 0, 0, 0, 0, 3, 3, 6, 6, 7, 8, 13, 31, 32, 35, 36, 36, 36, 39, 39, 39, 39, 39, 39, 39, 39, 39, 39, 39, 39, 39, 39, 39, 39, 39, 39, 39, 39, 39, 39, 39, 39, 39, 39, 39, 39, 39, 39, 39, 39, 39, 39, 39, 39, 39, 39, 39, 39]}}, {"type": "Feature", "geometry": {"type": "Point", "coordinates": [-102.21921, 49.65702]}, "properties": {"twp": "008-02-W2", "prov": "SK", "total": 61, "first": 1893, "cum": [0, 0, 0, 0, 0, 0, 0, 0, 0, 0, 0, 0, 1, 1, 1, 1, 1, 5, 13, 27, 37, 53, 60, 61, 61, 61, 61, 61, 61, 61, 61, 61, 61, 61, 61, 61, 61, 61, 61, 61, 61, 61, 61, 61, 61, 61, 61, 61, 61, 61, 61, 61, 61, 61, 61, 61, 61, 61, 61, 61, 61, 61, 61, 61], "psum": [0, 0, 0, 0, 0, 0, 0, 0, 0, 0, 0, 0, 3.0, 3.0, 3.0, 3.0, 3.0, 15.0, 45.0, 100.0, 140.0, 227.8, 269.8, 279.8, 279.8, 279.8, 279.8, 279.8, 279.8, 279.8, 279.8, 279.8, 279.8, 279.8, 279.8, 279.8, 279.8, 279.8, 279.8, 279.8, 279.8, 279.8, 279.8, 279.8, 279.8, 279.8, 279.8, 279.8, 279.8, 279.8, 279.8, 279.8, 279.8, 279.8, 279.8, 279.8, 279.8, 279.8, 279.8, 279.8, 279.8, 279.8, 279.8, 279.8], "pcnt": [0, 0, 0, 0, 0, 0, 0, 0, 0, 0, 0, 0, 1, 1, 1, 1, 1, 5, 13, 27, 37, 53, 60, 61, 61, 61, 61, 61, 61, 61, 61, 61, 61, 61, 61, 61, 61, 61, 61, 61, 61, 61, 61, 61, 61, 61, 61, 61, 61, 61, 61, 61, 61, 61, 61, 61, 61, 61, 61, 61, 61, 61, 61, 61]}}, {"type": "Feature", "geometry": {"type": "Point", "coordinates": [-102.0899, 49.65272]}, "properties": {"twp": "008-01-W2", "prov": "SK", "total": 66, "first": 1898, "cum": [0, 0, 0, 0, 0, 0, 0, 0, 0, 0, 0, 0, 0, 0, 0, 0, 0, 1, 1, 2, 13, 53, 65, 66, 66, 66, 66, 66, 66, 66, 66, 66, 66, 66, 66, 66, 66, 66, 66, 66, 66, 66, 66, 66, 66, 66, 66, 66, 66, 66, 66, 66, 66, 66, 66, 66, 66, 66, 66, 66, 66, 66, 66, 66], "psum": [0, 0, 0, 0, 0, 0, 0, 0, 0, 0, 0, 0, 0, 0, 0, 0, 0, 3.0, 3.0, 7.0, 59.0, 266.2, 336.2, 344.2, 344.2, 344.2, 344.2, 344.2, 344.2, 344.2, 344.2, 344.2, 344.2, 344.2, 344.2, 344.2, 344.2, 344.2, 344.2, 344.2, 344.2, 344.2, 344.2, 344.2, 344.2, 344.2, 344.2, 344.2, 344.2, 344.2, 344.2, 344.2, 344.2, 344.2, 344.2, 344.2, 344.2, 344.2, 344.2, 344.2, 344.2, 344.2, 344.2, 344.2], "pcnt": [0, 0, 0, 0, 0, 0, 0, 0, 0, 0, 0, 0, 0, 0, 0, 0, 0, 1, 1, 2, 13, 53, 65, 66, 66, 66, 66, 66, 66, 66, 66, 66, 66, 66, 66, 66, 66, 66, 66, 66, 66, 66, 66, 66, 66, 66, 66, 66, 66, 66, 66, 66, 66, 66, 66, 66, 66, 66, 66, 66, 66, 66, 66, 66]}}, {"type": "Feature", "geometry": {"type": "Point", "coordinates": [-101.73896, 49.58266]}, "properties": {"twp": "007-32-W1", "prov": "SK", "total": 32, "first": 1902, "cum": [0, 0, 0, 0, 0, 0, 0, 0, 0, 0, 0, 0, 0, 0, 0, 0, 0, 0, 0, 0, 0, 32, 32, 32, 32, 32, 32, 32, 32, 32, 32, 32, 32, 32, 32, 32, 32, 32, 32, 32, 32, 32, 32, 32, 32, 32, 32, 32, 32, 32, 32, 32, 32, 32, 32, 32, 32, 32, 32, 32, 32, 32, 32, 32], "psum": [0, 0, 0, 0, 0, 0, 0, 0, 0, 0, 0, 0, 0, 0, 0, 0, 0, 0, 0, 0, 0, 96.0, 96.0, 96.0, 96.0, 96.0, 96.0, 96.0, 96.0, 96.0, 96.0, 96.0, 96.0, 96.0, 96.0, 96.0, 96.0, 96.0, 96.0, 96.0, 96.0, 96.0, 96.0, 96.0, 96.0, 96.0, 96.0, 96.0, 96.0, 96.0, 96.0, 96.0, 96.0, 96.0, 96.0, 96.0, 96.0, 96.0, 96.0, 96.0, 96.0, 96.0, 96.0, 96.0], "pcnt": [0, 0, 0, 0, 0, 0, 0, 0, 0, 0, 0, 0, 0, 0, 0, 0, 0, 0, 0, 0, 0, 32, 32, 32, 32, 32, 32, 32, 32, 32, 32, 32, 32, 32, 32, 32, 32, 32, 32, 32, 32, 32, 32, 32, 32, 32, 32, 32, 32, 32, 32, 32, 32, 32, 32, 32, 32, 32, 32, 32, 32, 32, 32, 32]}}, {"type": "Feature", "geometry": {"type": "Point", "coordinates": [-104.24399, 49.5703]}, "properties": {"twp": "007-17-W2", "prov": "SK", "total": 104, "first": 1903, "cum": [0, 0, 0, 0, 0, 0, 0, 0, 0, 0, 0, 0, 0, 0, 0, 0, 0, 0, 0, 0, 0, 0, 5, 5, 31, 100, 100, 104, 104, 104, 104, 104, 104, 104, 104, 104, 104, 104, 104, 104, 104, 104, 104, 104, 104, 104, 104, 104, 104, 104, 104, 104, 104, 104, 104, 104, 104, 104, 104, 104, 104, 104, 104, 104], "psum": [0, 0, 0, 0, 0, 0, 0, 0, 0, 0, 0, 0, 0, 0, 0, 0, 0, 0, 0, 0, 0, 0, 25.0, 25.0, 155.0, 678.0, 678.0, 698.0, 698.0, 698.0, 698.0, 698.0, 698.0, 698.0, 698.0, 698.0, 698.0, 698.0, 698.0, 698.0, 698.0, 698.0, 698.0, 698.0, 698.0, 698.0, 698.0, 698.0, 698.0, 698.0, 698.0, 698.0, 698.0, 698.0, 698.0, 698.0, 698.0, 698.0, 698.0, 698.0, 698.0, 698.0, 698.0, 698.0], "pcnt": [0, 0, 0, 0, 0, 0, 0, 0, 0, 0, 0, 0, 0, 0, 0, 0, 0, 0, 0, 0, 0, 0, 5, 5, 31, 100, 100, 104, 104, 104, 104, 104, 104, 104, 104, 104, 104, 104, 104, 104, 104, 104, 104, 104, 104, 104, 104, 104, 104, 104, 104, 104, 104, 104, 104, 104, 104, 104, 104, 104, 104, 104, 104, 104]}}, {"type": "Feature", "geometry": {"type": "Point", "coordinates": [-104.10894, 49.57012]}, "properties": {"twp": "007-16-W2", "prov": "SK", "total": 58, "first": 1903, "cum": [0, 0, 0, 0, 0, 0, 0, 0, 0, 0, 0, 0, 0, 0, 0, 0, 0, 0, 0, 0, 0, 0, 17, 17, 52, 56, 56, 56, 58, 58, 58, 58, 58, 58, 58, 58, 58, 58, 58, 58, 58, 58, 58, 58, 58, 58, 58, 58, 58, 58, 58, 58, 58, 58, 58, 58, 58, 58, 58, 58, 58, 58, 58, 58], "psum": [0, 0, 0, 0, 0, 0, 0, 0, 0, 0, 0, 0, 0, 0, 0, 0, 0, 0, 0, 0, 0, 0, 85.0, 85.0, 264.0, 296.0, 296.0, 296.0, 316.0, 316.0, 316.0, 316.0, 316.0, 316.0, 316.0, 316.0, 316.0, 316.0, 316.0, 316.0, 316.0, 316.0, 316.0, 316.0, 316.0, 316.0, 316.0, 316.0, 316.0, 316.0, 316.0, 316.0, 316.0, 316.0, 316.0, 316.0, 316.0, 316.0, 316.0, 316.0, 316.0, 316.0, 316.0, 316.0], "pcnt": [0, 0, 0, 0, 0, 0, 0, 0, 0, 0, 0, 0, 0, 0, 0, 0, 0, 0, 0, 0, 0, 0, 17, 17, 52, 56, 56, 56, 58, 58, 58, 58, 58, 58, 58, 58, 58, 58, 58, 58, 58, 58, 58, 58, 58, 58, 58, 58, 58, 58, 58, 58, 58, 58, 58, 58, 58, 58, 58, 58, 58, 58, 58, 58]}}, {"type": "Feature", "geometry": {"type": "Point", "coordinates": [-103.85797, 49.56951]}, "properties": {"twp": "007-14-W2", "prov": "SK", "total": 85, "first": 1898, "cum": [0, 0, 0, 0, 0, 0, 0, 0, 0, 0, 0, 0, 0, 0, 0, 0, 0, 1, 1, 19, 70, 75, 75, 75, 75, 85, 85, 85, 85, 85, 85, 85, 85, 85, 85, 85, 85, 85, 85, 85, 85, 85, 85, 85, 85, 85, 85, 85, 85, 85, 85, 85, 85, 85, 85, 85, 85, 85, 85, 85, 85, 85, 85, 85], "psum": [0, 0, 0, 0, 0, 0, 0, 0, 0, 0, 0, 0, 0, 0, 0, 0, 0, 3.0, 3.0, 57.0, 235.0, 249.8, 249.8, 249.8, 249.8, 309.8, 309.8, 309.8, 309.8, 309.8, 309.8, 309.8, 309.8, 309.8, 309.8, 309.8, 309.8, 309.8, 309.8, 309.8, 309.8, 309.8, 309.8, 309.8, 309.8, 309.8, 309.8, 309.8, 309.8, 309.8, 309.8, 309.8, 309.8, 309.8, 309.8, 309.8, 309.8, 309.8, 309.8, 309.8, 309.8, 309.8, 309.8, 309.8], "pcnt": [0, 0, 0, 0, 0, 0, 0, 0, 0, 0, 0, 0, 0, 0, 0, 0, 0, 1, 1, 19, 70, 75, 75, 75, 75, 85, 85, 85, 85, 85, 85, 85, 85, 85, 85, 85, 85, 85, 85, 85, 85, 85, 85, 85, 85, 85, 85, 85, 85, 85, 85, 85, 85, 85, 85, 85, 85, 85, 85, 85, 85, 85, 85, 85]}}, {"type": "Feature", "geometry": {"type": "Point", "coordinates": [-103.69971, 49.57354]}, "properties": {"twp": "007-13-W2", "prov": "SK", "total": 41, "first": 1901, "cum": [0, 0, 0, 0, 0, 0, 0, 0, 0, 0, 0, 0, 0, 0, 0, 0, 0, 0, 0, 0, 12, 28, 28, 28, 31, 37, 37, 37, 37, 39, 41, 41, 41, 41, 41, 41, 41, 41, 41, 41, 41, 41, 41, 41, 41, 41, 41, 41, 41, 41, 41, 41, 41, 41, 41, 41, 41, 41, 41, 41, 41, 41, 41, 41], "psum": [0, 0, 0, 0, 0, 0, 0, 0, 0, 0, 0, 0, 0, 0, 0, 0, 0, 0, 0, 0, 44.0, 92.0, 92.0, 92.0, 110.0, 146.0, 146.0, 146.0, 146.0, 166.0, 190.0, 190.0, 190.0, 190.0, 190.0, 190.0, 190.0, 190.0, 190.0, 190.0, 190.0, 190.0, 190.0, 190.0, 190.0, 190.0, 190.0, 190.0, 190.0, 190.0, 190.0, 190.0, 190.0, 190.0, 190.0, 190.0, 190.0, 190.0, 190.0, 190.0, 190.0, 190.0, 190.0, 190.0], "pcnt": [0, 0, 0, 0, 0, 0, 0, 0, 0, 0, 0, 0, 0, 0, 0, 0, 0, 0, 0, 0, 12, 28, 28, 28, 31, 37, 37, 37, 37, 39, 41, 41, 41, 41, 41, 41, 41, 41, 41, 41, 41, 41, 41, 41, 41, 41, 41, 41, 41, 41, 41, 41, 41, 41, 41, 41, 41, 41, 41, 41, 41, 41, 41, 41]}}, {"type": "Feature", "geometry": {"type": "Point", "coordinates": [-103.5643, 49.5729]}, "properties": {"twp": "007-12-W2", "prov": "SK", "total": 87, "first": 1901, "cum": [0, 0, 0, 0, 0, 0, 0, 0, 0, 0, 0, 0, 0, 0, 0, 0, 0, 0, 0, 0, 23, 43, 43, 55, 81, 84, 84, 84, 87, 87, 87, 87, 87, 87, 87, 87, 87, 87, 87, 87, 87, 87, 87, 87, 87, 87, 87, 87, 87, 87, 87, 87, 87, 87, 87, 87, 87, 87, 87, 87, 87, 87, 87, 87], "psum": [0, 0, 0, 0, 0, 0, 0, 0, 0, 0, 0, 0, 0, 0, 0, 0, 0, 0, 0, 0, 69.0, 129.0, 129.0, 159.0, 263.3, 288.3, 288.3, 288.3, 296.7, 296.7, 296.7, 296.7, 296.7, 296.7, 296.7, 296.7, 296.7, 296.7, 296.7, 296.7, 296.7, 296.7, 296.7, 296.7, 296.7, 296.7, 296.7, 296.7, 296.7, 296.7, 296.7, 296.7, 296.7, 296.7, 296.7, 296.7, 296.7, 296.7, 296.7, 296.7, 296.7, 296.7, 296.7, 296.7], "pcnt": [0, 0, 0, 0, 0, 0, 0, 0, 0, 0, 0, 0, 0, 0, 0, 0, 0, 0, 0, 0, 23, 43, 43, 55, 81, 84, 84, 84, 87, 87, 87, 87, 87, 87, 87, 87, 87, 87, 87, 87, 87, 87, 87, 87, 87, 87, 87, 87, 87, 87, 87, 87, 87, 87, 87, 87, 87, 87, 87, 87, 87, 87, 87, 87]}}, {"type": "Feature", "geometry": {"type": "Point", "coordinates": [-103.3049, 49.57358]}, "properties": {"twp": "007-10-W2", "prov": "SK", "total": 20, "first": 1901, "cum": [0, 0, 0, 0, 0, 0, 0, 0, 0, 0, 0, 0, 0, 0, 0, 0, 0, 0, 0, 0, 4, 4, 10, 10, 16, 20, 20, 20, 20, 20, 20, 20, 20, 20, 20, 20, 20, 20, 20, 20, 20, 20, 20, 20, 20, 20, 20, 20, 20, 20, 20, 20, 20, 20, 20, 20, 20, 20, 20, 20, 20, 20, 20, 20], "psum": [0, 0, 0, 0, 0, 0, 0, 0, 0, 0, 0, 0, 0, 0, 0, 0, 0, 0, 0, 0, 10.0, 10.0, 25.0, 25.0, 40.0, 50.0, 50.0, 50.0, 50.0, 50.0, 50.0, 50.0, 50.0, 50.0, 50.0, 50.0, 50.0, 50.0, 50.0, 50.0, 50.0, 50.0, 50.0, 50.0, 50.0, 50.0, 50.0, 50.0, 50.0, 50.0, 50.0, 50.0, 50.0, 50.0, 50.0, 50.0, 50.0, 50.0, 50.0, 50.0, 50.0, 50.0, 50.0, 50.0], "pcnt": [0, 0, 0, 0, 0, 0, 0, 0, 0, 0, 0, 0, 0, 0, 0, 0, 0, 0, 0, 0, 4, 4, 10, 10, 16, 20, 20, 20, 20, 20, 20, 20, 20, 20, 20, 20, 20, 20, 20, 20, 20, 20, 20, 20, 20, 20, 20, 20, 20, 20, 20, 20, 20, 20, 20, 20, 20, 20, 20, 20, 20, 20, 20, 20]}}, {"type": "Feature", "geometry": {"type": "Point", "coordinates": [-103.156, 49.57792]}, "properties": {"twp": "007-09-W2", "prov": "SK", "total": 28, "first": 1902, "cum": [0, 0, 0, 0, 0, 0, 0, 0, 0, 0, 0, 0, 0, 0, 0, 0, 0, 0, 0, 0, 0, 4, 7, 7, 22, 28, 28, 28, 28, 28, 28, 28, 28, 28, 28, 28, 28, 28, 28, 28, 28, 28, 28, 28, 28, 28, 28, 28, 28, 28, 28, 28, 28, 28, 28, 28, 28, 28, 28, 28, 28, 28, 28, 28], "psum": [0, 0, 0, 0, 0, 0, 0, 0, 0, 0, 0, 0, 0, 0, 0, 0, 0, 0, 0, 0, 0, 10.0, 17.5, 17.5, 55.0, 70.0, 70.0, 70.0, 70.0, 70.0, 70.0, 70.0, 70.0, 70.0, 70.0, 70.0, 70.0, 70.0, 70.0, 70.0, 70.0, 70.0, 70.0, 70.0, 70.0, 70.0, 70.0, 70.0, 70.0, 70.0, 70.0, 70.0, 70.0, 70.0, 70.0, 70.0, 70.0, 70.0, 70.0, 70.0, 70.0, 70.0, 70.0, 70.0], "pcnt": [0, 0, 0, 0, 0, 0, 0, 0, 0, 0, 0, 0, 0, 0, 0, 0, 0, 0, 0, 0, 0, 4, 7, 7, 22, 28, 28, 28, 28, 28, 28, 28, 28, 28, 28, 28, 28, 28, 28, 28, 28, 28, 28, 28, 28, 28, 28, 28, 28, 28, 28, 28, 28, 28, 28, 28, 28, 28, 28, 28, 28, 28, 28, 28]}}, {"type": "Feature", "geometry": {"type": "Point", "coordinates": [-103.03231, 49.57156]}, "properties": {"twp": "007-08-W2", "prov": "SK", "total": 58, "first": 1901, "cum": [0, 0, 0, 0, 0, 0, 0, 0, 0, 0, 0, 0, 0, 0, 0, 0, 0, 0, 0, 0, 16, 40, 40, 40, 50, 57, 57, 57, 58, 58, 58, 58, 58, 58, 58, 58, 58, 58, 58, 58, 58, 58, 58, 58, 58, 58, 58, 58, 58, 58, 58, 58, 58, 58, 58, 58, 58, 58, 58, 58, 58, 58, 58, 58], "psum": [0, 0, 0, 0, 0, 0, 0, 0, 0, 0, 0, 0, 0, 0, 0, 0, 0, 0, 0, 0, 49.3, 143.3, 143.3, 143.3, 168.3, 222.3, 222.3, 222.3, 232.3, 232.3, 232.3, 232.3, 232.3, 232.3, 232.3, 232.3, 232.3, 232.3, 232.3, 232.3, 232.3, 232.3, 232.3, 232.3, 232.3, 232.3, 232.3, 232.3, 232.3, 232.3, 232.3, 232.3, 232.3, 232.3, 232.3, 232.3, 232.3, 232.3, 232.3, 232.3, 232.3, 232.3, 232.3, 232.3], "pcnt": [0, 0, 0, 0, 0, 0, 0, 0, 0, 0, 0, 0, 0, 0, 0, 0, 0, 0, 0, 0, 16, 40, 40, 40, 50, 57, 57, 57, 58, 58, 58, 58, 58, 58, 58, 58, 58, 58, 58, 58, 58, 58, 58, 58, 58, 58, 58, 58, 58, 58, 58, 58, 58, 58, 58, 58, 58, 58, 58, 58, 58, 58, 58, 58]}}, {"type": "Feature", "geometry": {"type": "Point", "coordinates": [-102.88888, 49.57046]}, "properties": {"twp": "007-07-W2", "prov": "SK", "total": 55, "first": 1902, "cum": [0, 0, 0, 0, 0, 0, 0, 0, 0, 0, 0, 0, 0, 0, 0, 0, 0, 0, 0, 0, 0, 21, 27, 45, 47, 55, 55, 55, 55, 55, 55, 55, 55, 55, 55, 55, 55, 55, 55, 55, 55, 55, 55, 55, 55, 55, 55, 55, 55, 55, 55, 55, 55, 55, 55, 55, 55, 55, 55, 55, 55, 55, 55, 55], "psum": [0, 0, 0, 0, 0, 0, 0, 0, 0, 0, 0, 0, 0, 0, 0, 0, 0, 0, 0, 0, 0, 93.0, 125.0, 237.0, 251.0, 307.0, 307.0, 307.0, 307.0, 307.0, 307.0, 307.0, 307.0, 307.0, 307.0, 307.0, 307.0, 307.0, 307.0, 307.0, 307.0, 307.0, 307.0, 307.0, 307.0, 307.0, 307.0, 307.0, 307.0, 307.0, 307.0, 307.0, 307.0, 307.0, 307.0, 307.0, 307.0, 307.0, 307.0, 307.0, 307.0, 307.0, 307.0, 307.0], "pcnt": [0, 0, 0, 0, 0, 0, 0, 0, 0, 0, 0, 0, 0, 0, 0, 0, 0, 0, 0, 0, 0, 21, 27, 45, 47, 55, 55, 55, 55, 55, 55, 55, 55, 55, 55, 55, 55, 55, 55, 55, 55, 55, 55, 55, 55, 55, 55, 55, 55, 55, 55, 55, 55, 55, 55, 55, 55, 55, 55, 55, 55, 55, 55, 55]}}, {"type": "Feature", "geometry": {"type": "Point", "coordinates": [-102.7639, 49.56526]}, "properties": {"twp": "007-06-W2", "prov": "SK", "total": 56, "first": 1892, "cum": [0, 0, 0, 0, 0, 0, 0, 0, 0, 0, 0, 1, 1, 1, 1, 1, 1, 12, 14, 18, 23, 38, 40, 42, 46, 56, 56, 56, 56, 56, 56, 56, 56, 56, 56, 56, 56, 56, 56, 56, 56, 56, 56, 56, 56, 56, 56, 56, 56, 56, 56, 56, 56, 56, 56, 56, 56, 56, 56, 56, 56, 56, 56, 56], "psum": [0, 0, 0, 0, 0, 0, 0, 0, 0, 0, 0, 3.0, 3.0, 3.0, 3.0, 3.0, 3.0, 36.0, 44.0, 59.0, 78.0, 141.0, 153.0, 167.0, 196.0, 266.0, 266.0, 266.0, 266.0, 266.0, 266.0, 266.0, 266.0, 266.0, 266.0, 266.0, 266.0, 266.0, 266.0, 266.0, 266.0, 266.0, 266.0, 266.0, 266.0, 266.0, 266.0, 266.0, 266.0, 266.0, 266.0, 266.0, 266.0, 266.0, 266.0, 266.0, 266.0, 266.0, 266.0, 266.0, 266.0, 266.0, 266.0, 266.0], "pcnt": [0, 0, 0, 0, 0, 0, 0, 0, 0, 0, 0, 1, 1, 1, 1, 1, 1, 12, 14, 18, 23, 38, 40, 42, 46, 56, 56, 56, 56, 56, 56, 56, 56, 56, 56, 56, 56, 56, 56, 56, 56, 56, 56, 56, 56, 56, 56, 56, 56, 56, 56, 56, 56, 56, 56, 56, 56, 56, 56, 56, 56, 56, 56, 56]}}, {"type": "Feature", "geometry": {"type": "Point", "coordinates": [-102.35849, 49.56784]}, "properties": {"twp": "007-03-W2", "prov": "SK", "total": 77, "first": 1882, "cum": [0, 2, 2, 2, 2, 2, 2, 2, 2, 2, 2, 5, 12, 12, 12, 12, 12, 16, 33, 44, 58, 66, 68, 73, 76, 77, 77, 77, 77, 77, 77, 77, 77, 77, 77, 77, 77, 77, 77, 77, 77, 77, 77, 77, 77, 77, 77, 77, 77, 77, 77, 77, 77, 77, 77, 77, 77, 77, 77, 77, 77, 77, 77, 77], "psum": [0, 10.0, 10.0, 10.0, 10.0, 10.0, 10.0, 10.0, 10.0, 10.0, 10.0, 19.0, 40.0, 40.0, 40.0, 40.0, 40.0, 52.0, 103.0, 139.0, 196.0, 236.0, 250.0, 280.0, 298.0, 304.0, 304.0, 304.0, 304.0, 304.0, 304.0, 304.0, 304.0, 304.0, 304.0, 304.0, 304.0, 304.0, 304.0, 304.0, 304.0, 304.0, 304.0, 304.0, 304.0, 304.0, 304.0, 304.0, 304.0, 304.0, 304.0, 304.0, 304.0, 304.0, 304.0, 304.0, 304.0, 304.0, 304.0, 304.0, 304.0, 304.0, 304.0, 304.0], "pcnt": [0, 2, 2, 2, 2, 2, 2, 2, 2, 2, 2, 5, 12, 12, 12, 12, 12, 16, 33, 44, 58, 66, 68, 73, 76, 77, 77, 77, 77, 77, 77, 77, 77, 77, 77, 77, 77, 77, 77, 77, 77, 77, 77, 77, 77, 77, 77, 77, 77, 77, 77, 77, 77, 77, 77, 77, 77, 77, 77, 77, 77, 77, 77, 77]}}, {"type": "Feature", "geometry": {"type": "Point", "coordinates": [-102.21777, 49.56626]}, "properties": {"twp": "007-02-W2", "prov": "SK", "total": 77, "first": 1882, "cum": [0, 1, 1, 1, 1, 1, 1, 1, 1, 1, 1, 1, 1, 1, 1, 1, 1, 9, 37, 39, 53, 72, 72, 72, 72, 77, 77, 77, 77, 77, 77, 77, 77, 77, 77, 77, 77, 77, 77, 77, 77, 77, 77, 77, 77, 77, 77, 77, 77, 77, 77, 77, 77, 77, 77, 77, 77, 77, 77, 77, 77, 77, 77, 77], "psum": [0, 4.0, 4.0, 4.0, 4.0, 4.0, 4.0, 4.0, 4.0, 4.0, 4.0, 4.0, 4.0, 4.0, 4.0, 4.0, 4.0, 27.7, 130.4, 136.4, 185.6, 280.6, 280.6, 280.6, 280.6, 310.6, 310.6, 310.6, 310.6, 310.6, 310.6, 310.6, 310.6, 310.6, 310.6, 310.6, 310.6, 310.6, 310.6, 310.6, 310.6, 310.6, 310.6, 310.6, 310.6, 310.6, 310.6, 310.6, 310.6, 310.6, 310.6, 310.6, 310.6, 310.6, 310.6, 310.6, 310.6, 310.6, 310.6, 310.6, 310.6, 310.6, 310.6, 310.6], "pcnt": [0, 1, 1, 1, 1, 1, 1, 1, 1, 1, 1, 1, 1, 1, 1, 1, 1, 9, 37, 39, 53, 72, 72, 72, 72, 77, 77, 77, 77, 77, 77, 77, 77, 77, 77, 77, 77, 77, 77, 77, 77, 77, 77, 77, 77, 77, 77, 77, 77, 77, 77, 77, 77, 77, 77, 77, 77, 77, 77, 77, 77, 77, 77, 77]}}, {"type": "Feature", "geometry": {"type": "Point", "coordinates": [-102.08837, 49.56567]}, "properties": {"twp": "007-01-W2", "prov": "SK", "total": 70, "first": 1898, "cum": [0, 0, 0, 0, 0, 0, 0, 0, 0, 0, 0, 0, 0, 0, 0, 0, 0, 1, 4, 18, 47, 56, 65, 67, 67, 70, 70, 70, 70, 70, 70, 70, 70, 70, 70, 70, 70, 70, 70, 70, 70, 70, 70, 70, 70, 70, 70, 70, 70, 70, 70, 70, 70, 70, 70, 70, 70, 70, 70, 70, 70, 70, 70, 70], "psum": [0, 0, 0, 0, 0, 0, 0, 0, 0, 0, 0, 0, 0, 0, 0, 0, 0, 3.0, 12.0, 57.9, 174.9, 221.9, 275.9, 287.9, 287.9, 309.9, 309.9, 309.9, 309.9, 309.9, 309.9, 309.9, 309.9, 309.9, 309.9, 309.9, 309.9, 309.9, 309.9, 309.9, 309.9, 309.9, 309.9, 309.9, 309.9, 309.9, 309.9, 309.9, 309.9, 309.9, 309.9, 309.9, 309.9, 309.9, 309.9, 309.9, 309.9, 309.9, 309.9, 309.9, 309.9, 309.9, 309.9, 309.9], "pcnt": [0, 0, 0, 0, 0, 0, 0, 0, 0, 0, 0, 0, 0, 0, 0, 0, 0, 1, 4, 18, 47, 56, 65, 67, 67, 70, 70, 70, 70, 70, 70, 70, 70, 70, 70, 70, 70, 70, 70, 70, 70, 70, 70, 70, 70, 70, 70, 70, 70, 70, 70, 70, 70, 70, 70, 70, 70, 70, 70, 70, 70, 70, 70, 70]}}, {"type": "Feature", "geometry": {"type": "Point", "coordinates": [-101.70348, 49.52126]}, "properties": {"twp": "006-32-W1", "prov": "SK", "total": 1, "first": 1902, "cum": [0, 0, 0, 0, 0, 0, 0, 0, 0, 0, 0, 0, 0, 0, 0, 0, 0, 0, 0, 0, 0, 1, 1, 1, 1, 1, 1, 1, 1, 1, 1, 1, 1, 1, 1, 1, 1, 1, 1, 1, 1, 1, 1, 1, 1, 1, 1, 1, 1, 1, 1, 1, 1, 1, 1, 1, 1, 1, 1, 1, 1, 1, 1, 1], "psum": [0, 0, 0, 0, 0, 0, 0, 0, 0, 0, 0, 0, 0, 0, 0, 0, 0, 0, 0, 0, 0, 2.8, 2.8, 2.8, 2.8, 2.8, 2.8, 2.8, 2.8, 2.8, 2.8, 2.8, 2.8, 2.8, 2.8, 2.8, 2.8, 2.8, 2.8, 2.8, 2.8, 2.8, 2.8, 2.8, 2.8, 2.8, 2.8, 2.8, 2.8, 2.8, 2.8, 2.8, 2.8, 2.8, 2.8, 2.8, 2.8, 2.8, 2.8, 2.8, 2.8, 2.8, 2.8, 2.8], "pcnt": [0, 0, 0, 0, 0, 0, 0, 0, 0, 0, 0, 0, 0, 0, 0, 0, 0, 0, 0, 0, 0, 1, 1, 1, 1, 1, 1, 1, 1, 1, 1, 1, 1, 1, 1, 1, 1, 1, 1, 1, 1, 1, 1, 1, 1, 1, 1, 1, 1, 1, 1, 1, 1, 1, 1, 1, 1, 1, 1, 1, 1, 1, 1, 1]}}, {"type": "Feature", "geometry": {"type": "Point", "coordinates": [-104.07354, 49.49253]}, "properties": {"twp": "006-16-W2", "prov": "SK", "total": 53, "first": 1905, "cum": [0, 0, 0, 0, 0, 0, 0, 0, 0, 0, 0, 0, 0, 0, 0, 0, 0, 0, 0, 0, 0, 0, 0, 0, 37, 42, 44, 45, 45, 50, 53, 53, 53, 53, 53, 53, 53, 53, 53, 53, 53, 53, 53, 53, 53, 53, 53, 53, 53, 53, 53, 53, 53, 53, 53, 53, 53, 53, 53, 53, 53, 53, 53, 53], "psum": [0, 0, 0, 0, 0, 0, 0, 0, 0, 0, 0, 0, 0, 0, 0, 0, 0, 0, 0, 0, 0, 0, 0, 0, 183.3, 230.3, 250.3, 260.3, 260.3, 310.3, 340.3, 340.3, 340.3, 340.3, 340.3, 340.3, 340.3, 340.3, 340.3, 340.3, 340.3, 340.3, 340.3, 340.3, 340.3, 340.3, 340.3, 340.3, 340.3, 340.3, 340.3, 340.3, 340.3, 340.3, 340.3, 340.3, 340.3, 340.3, 340.3, 340.3, 340.3, 340.3, 340.3, 340.3], "pcnt": [0, 0, 0, 0, 0, 0, 0, 0, 0, 0, 0, 0, 0, 0, 0, 0, 0, 0, 0, 0, 0, 0, 0, 0, 37, 42, 44, 45, 45, 50, 53, 53, 53, 53, 53, 53, 53, 53, 53, 53, 53, 53, 53, 53, 53, 53, 53, 53, 53, 53, 53, 53, 53, 53, 53, 53, 53, 53, 53, 53, 53, 53, 53, 53]}}, {"type": "Feature", "geometry": {"type": "Point", "coordinates": [-103.97276, 49.48014]}, "properties": {"twp": "006-15-W2", "prov": "SK", "total": 58, "first": 1902, "cum": [0, 0, 0, 0, 0, 0, 0, 0, 0, 0, 0, 0, 0, 0, 0, 0, 0, 0, 0, 0, 0, 24, 36, 39, 49, 56, 58, 58, 58, 58, 58, 58, 58, 58, 58, 58, 58, 58, 58, 58, 58, 58, 58, 58, 58, 58, 58, 58, 58, 58, 58, 58, 58, 58, 58, 58, 58, 58, 58, 58, 58, 58, 58, 58], "psum": [0, 0, 0, 0, 0, 0, 0, 0, 0, 0, 0, 0, 0, 0, 0, 0, 0, 0, 0, 0, 0, 99.0, 167.0, 183.5, 243.0, 299.0, 319.0, 319.0, 319.0, 319.0, 319.0, 319.0, 319.0, 319.0, 319.0, 319.0, 319.0, 319.0, 319.0, 319.0, 319.0, 319.0, 319.0, 319.0, 319.0, 319.0, 319.0, 319.0, 319.0, 319.0, 319.0, 319.0, 319.0, 319.0, 319.0, 319.0, 319.0, 319.0, 319.0, 319.0, 319.0, 319.0, 319.0, 319.0], "pcnt": [0, 0, 0, 0, 0, 0, 0, 0, 0, 0, 0, 0, 0, 0, 0, 0, 0, 0, 0, 0, 0, 24, 36, 39, 49, 56, 58, 58, 58, 58, 58, 58, 58, 58, 58, 58, 58, 58, 58, 58, 58, 58, 58, 58, 58, 58, 58, 58, 58, 58, 58, 58, 58, 58, 58, 58, 58, 58, 58, 58, 58, 58, 58, 58]}}, {"type": "Feature", "geometry": {"type": "Point", "coordinates": [-103.84504, 49.49372]}, "properties": {"twp": "006-14-W2", "prov": "SK", "total": 24, "first": 1901, "cum": [0, 0, 0, 0, 0, 0, 0, 0, 0, 0, 0, 0, 0, 0, 0, 0, 0, 0, 0, 0, 8, 24, 24, 24, 24, 24, 24, 24, 24, 24, 24, 24, 24, 24, 24, 24, 24, 24, 24, 24, 24, 24, 24, 24, 24, 24, 24, 24, 24, 24, 24, 24, 24, 24, 24, 24, 24, 24, 24, 24, 24, 24, 24, 24], "psum": [0, 0, 0, 0, 0, 0, 0, 0, 0, 0, 0, 0, 0, 0, 0, 0, 0, 0, 0, 0, 24.0, 82.0, 82.0, 82.0, 82.0, 82.0, 82.0, 82.0, 82.0, 82.0, 82.0, 82.0, 82.0, 82.0, 82.0, 82.0, 82.0, 82.0, 82.0, 82.0, 82.0, 82.0, 82.0, 82.0, 82.0, 82.0, 82.0, 82.0, 82.0, 82.0, 82.0, 82.0, 82.0, 82.0, 82.0, 82.0, 82.0, 82.0, 82.0, 82.0, 82.0, 82.0, 82.0, 82.0], "pcnt": [0, 0, 0, 0, 0, 0, 0, 0, 0, 0, 0, 0, 0, 0, 0, 0, 0, 0, 0, 0, 8, 24, 24, 24, 24, 24, 24, 24, 24, 24, 24, 24, 24, 24, 24, 24, 24, 24, 24, 24, 24, 24, 24, 24, 24, 24, 24, 24, 24, 24, 24, 24, 24, 24, 24, 24, 24, 24, 24, 24, 24, 24, 24, 24]}}, {"type": "Feature", "geometry": {"type": "Point", "coordinates": [-103.55305, 49.47634]}, "properties": {"twp": "006-12-W2", "prov": "SK", "total": 52, "first": 1901, "cum": [0, 0, 0, 0, 0, 0, 0, 0, 0, 0, 0, 0, 0, 0, 0, 0, 0, 0, 0, 0, 9, 14, 19, 30, 44, 52, 52, 52, 52, 52, 52, 52, 52, 52, 52, 52, 52, 52, 52, 52, 52, 52, 52, 52, 52, 52, 52, 52, 52, 52, 52, 52, 52, 52, 52, 52, 52, 52, 52, 52, 52, 52, 52, 52], "psum": [0, 0, 0, 0, 0, 0, 0, 0, 0, 0, 0, 0, 0, 0, 0, 0, 0, 0, 0, 0, 25.0, 37.5, 50.0, 77.5, 112.4, 132.4, 132.4, 132.4, 132.4, 132.4, 132.4, 132.4, 132.4, 132.4, 132.4, 132.4, 132.4, 132.4, 132.4, 132.4, 132.4, 132.4, 132.4, 132.4, 132.4, 132.4, 132.4, 132.4, 132.4, 132.4, 132.4, 132.4, 132.4, 132.4, 132.4, 132.4, 132.4, 132.4, 132.4, 132.4, 132.4, 132.4, 132.4, 132.4], "pcnt": [0, 0, 0, 0, 0, 0, 0, 0, 0, 0, 0, 0, 0, 0, 0, 0, 0, 0, 0, 0, 9, 14, 19, 30, 44, 52, 52, 52, 52, 52, 52, 52, 52, 52, 52, 52, 52, 52, 52, 52, 52, 52, 52, 52, 52, 52, 52, 52, 52, 52, 52, 52, 52, 52, 52, 52, 52, 52, 52, 52, 52, 52, 52, 52]}}, {"type": "Feature", "geometry": {"type": "Point", "coordinates": [-103.41685, 49.48935]}, "properties": {"twp": "006-11-W2", "prov": "SK", "total": 40, "first": 1901, "cum": [0, 0, 0, 0, 0, 0, 0, 0, 0, 0, 0, 0, 0, 0, 0, 0, 0, 0, 0, 0, 4, 4, 12, 18, 35, 35, 35, 35, 40, 40, 40, 40, 40, 40, 40, 40, 40, 40, 40, 40, 40, 40, 40, 40, 40, 40, 40, 40, 40, 40, 40, 40, 40, 40, 40, 40, 40, 40, 40, 40, 40, 40, 40, 40], "psum": [0, 0, 0, 0, 0, 0, 0, 0, 0, 0, 0, 0, 0, 0, 0, 0, 0, 0, 0, 0, 10.0, 10.0, 30.0, 45.0, 87.5, 87.5, 87.5, 87.5, 101.5, 101.5, 101.5, 101.5, 101.5, 101.5, 101.5, 101.5, 101.5, 101.5, 101.5, 101.5, 101.5, 101.5, 101.5, 101.5, 101.5, 101.5, 101.5, 101.5, 101.5, 101.5, 101.5, 101.5, 101.5, 101.5, 101.5, 101.5, 101.5, 101.5, 101.5, 101.5, 101.5, 101.5, 101.5, 101.5], "pcnt": [0, 0, 0, 0, 0, 0, 0, 0, 0, 0, 0, 0, 0, 0, 0, 0, 0, 0, 0, 0, 4, 4, 12, 18, 35, 35, 35, 35, 40, 40, 40, 40, 40, 40, 40, 40, 40, 40, 40, 40, 40, 40, 40, 40, 40, 40, 40, 40, 40, 40, 40, 40, 40, 40, 40, 40, 40, 40, 40, 40, 40, 40, 40, 40]}}, {"type": "Feature", "geometry": {"type": "Point", "coordinates": [-103.28127, 49.47876]}, "properties": {"twp": "006-10-W2", "prov": "SK", "total": 68, "first": 1901, "cum": [0, 0, 0, 0, 0, 0, 0, 0, 0, 0, 0, 0, 0, 0, 0, 0, 0, 0, 0, 0, 4, 8, 19, 28, 61, 67, 67, 67, 68, 68, 68, 68, 68, 68, 68, 68, 68, 68, 68, 68, 68, 68, 68, 68, 68, 68, 68, 68, 68, 68, 68, 68, 68, 68, 68, 68, 68, 68, 68, 68, 68, 68, 68, 68], "psum": [0, 0, 0, 0, 0, 0, 0, 0, 0, 0, 0, 0, 0, 0, 0, 0, 0, 0, 0, 0, 10.0, 20.0, 47.5, 70.0, 152.5, 167.5, 167.5, 167.5, 170.3, 170.3, 170.3, 170.3, 170.3, 170.3, 170.3, 170.3, 170.3, 170.3, 170.3, 170.3, 170.3, 170.3, 170.3, 170.3, 170.3, 170.3, 170.3, 170.3, 170.3, 170.3, 170.3, 170.3, 170.3, 170.3, 170.3, 170.3, 170.3, 170.3, 170.3, 170.3, 170.3, 170.3, 170.3, 170.3], "pcnt": [0, 0, 0, 0, 0, 0, 0, 0, 0, 0, 0, 0, 0, 0, 0, 0, 0, 0, 0, 0, 4, 8, 19, 28, 61, 67, 67, 67, 68, 68, 68, 68, 68, 68, 68, 68, 68, 68, 68, 68, 68, 68, 68, 68, 68, 68, 68, 68, 68, 68, 68, 68, 68, 68, 68, 68, 68, 68, 68, 68, 68, 68, 68, 68]}}, {"type": "Feature", "geometry": {"type": "Point", "coordinates": [-103.1517, 49.48223]}, "properties": {"twp": "006-09-W2", "prov": "SK", "total": 56, "first": 1901, "cum": [0, 0, 0, 0, 0, 0, 0, 0, 0, 0, 0, 0, 0, 0, 0, 0, 0, 0, 0, 0, 4, 8, 14, 30, 42, 56, 56, 56, 56, 56, 56, 56, 56, 56, 56, 56, 56, 56, 56, 56, 56, 56, 56, 56, 56, 56, 56, 56, 56, 56, 56, 56, 56, 56, 56, 56, 56, 56, 56, 56, 56, 56, 56, 56], "psum": [0, 0, 0, 0, 0, 0, 0, 0, 0, 0, 0, 0, 0, 0, 0, 0, 0, 0, 0, 0, 10.0, 20.0, 35.0, 75.0, 105.0, 140.0, 140.0, 140.0, 140.0, 140.0, 140.0, 140.0, 140.0, 140.0, 140.0, 140.0, 140.0, 140.0, 140.0, 140.0, 140.0, 140.0, 140.0, 140.0, 140.0, 140.0, 140.0, 140.0, 140.0, 140.0, 140.0, 140.0, 140.0, 140.0, 140.0, 140.0, 140.0, 140.0, 140.0, 140.0, 140.0, 140.0, 140.0, 140.0], "pcnt": [0, 0, 0, 0, 0, 0, 0, 0, 0, 0, 0, 0, 0, 0, 0, 0, 0, 0, 0, 0, 4, 8, 14, 30, 42, 56, 56, 56, 56, 56, 56, 56, 56, 56, 56, 56, 56, 56, 56, 56, 56, 56, 56, 56, 56, 56, 56, 56, 56, 56, 56, 56, 56, 56, 56, 56, 56, 56, 56, 56, 56, 56, 56, 56]}}, {"type": "Feature", "geometry": {"type": "Point", "coordinates": [-103.01924, 49.49264]}, "properties": {"twp": "006-08-W2", "prov": "SK", "total": 41, "first": 1901, "cum": [0, 0, 0, 0, 0, 0, 0, 0, 0, 0, 0, 0, 0, 0, 0, 0, 0, 0, 0, 0, 4, 8, 18, 18, 29, 41, 41, 41, 41, 41, 41, 41, 41, 41, 41, 41, 41, 41, 41, 41, 41, 41, 41, 41, 41, 41, 41, 41, 41, 41, 41, 41, 41, 41, 41, 41, 41, 41, 41, 41, 41, 41, 41, 41], "psum": [0, 0, 0, 0, 0, 0, 0, 0, 0, 0, 0, 0, 0, 0, 0, 0, 0, 0, 0, 0, 10.0, 20.0, 45.0, 45.0, 72.5, 102.5, 102.5, 102.5, 102.5, 102.5, 102.5, 102.5, 102.5, 102.5, 102.5, 102.5, 102.5, 102.5, 102.5, 102.5, 102.5, 102.5, 102.5, 102.5, 102.5, 102.5, 102.5, 102.5, 102.5, 102.5, 102.5, 102.5, 102.5, 102.5, 102.5, 102.5, 102.5, 102.5, 102.5, 102.5, 102.5, 102.5, 102.5, 102.5], "pcnt": [0, 0, 0, 0, 0, 0, 0, 0, 0, 0, 0, 0, 0, 0, 0, 0, 0, 0, 0, 0, 4, 8, 18, 18, 29, 41, 41, 41, 41, 41, 41, 41, 41, 41, 41, 41, 41, 41, 41, 41, 41, 41, 41, 41, 41, 41, 41, 41, 41, 41, 41, 41, 41, 41, 41, 41, 41, 41, 41, 41, 41, 41, 41, 41]}}, {"type": "Feature", "geometry": {"type": "Point", "coordinates": [-102.88477, 49.47832]}, "properties": {"twp": "006-07-W2", "prov": "SK", "total": 36, "first": 1901, "cum": [0, 0, 0, 0, 0, 0, 0, 0, 0, 0, 0, 0, 0, 0, 0, 0, 0, 0, 0, 0, 1, 36, 36, 36, 36, 36, 36, 36, 36, 36, 36, 36, 36, 36, 36, 36, 36, 36, 36, 36, 36, 36, 36, 36, 36, 36, 36, 36, 36, 36, 36, 36, 36, 36, 36, 36, 36, 36, 36, 36, 36, 36, 36, 36], "psum": [0, 0, 0, 0, 0, 0, 0, 0, 0, 0, 0, 0, 0, 0, 0, 0, 0, 0, 0, 0, 3.0, 90.5, 90.5, 90.5, 90.5, 90.5, 90.5, 90.5, 90.5, 90.5, 90.5, 90.5, 90.5, 90.5, 90.5, 90.5, 90.5, 90.5, 90.5, 90.5, 90.5, 90.5, 90.5, 90.5, 90.5, 90.5, 90.5, 90.5, 90.5, 90.5, 90.5, 90.5, 90.5, 90.5, 90.5, 90.5, 90.5, 90.5, 90.5, 90.5, 90.5, 90.5, 90.5, 90.5], "pcnt": [0, 0, 0, 0, 0, 0, 0, 0, 0, 0, 0, 0, 0, 0, 0, 0, 0, 0, 0, 0, 1, 36, 36, 36, 36, 36, 36, 36, 36, 36, 36, 36, 36, 36, 36, 36, 36, 36, 36, 36, 36, 36, 36, 36, 36, 36, 36, 36, 36, 36, 36, 36, 36, 36, 36, 36, 36, 36, 36, 36, 36, 36, 36, 36]}}, {"type": "Feature", "geometry": {"type": "Point", "coordinates": [-102.75696, 49.47804]}, "properties": {"twp": "006-06-W2", "prov": "SK", "total": 46, "first": 1901, "cum": [0, 0, 0, 0, 0, 0, 0, 0, 0, 0, 0, 0, 0, 0, 0, 0, 0, 0, 0, 0, 10, 46, 46, 46, 46, 46, 46, 46, 46, 46, 46, 46, 46, 46, 46, 46, 46, 46, 46, 46, 46, 46, 46, 46, 46, 46, 46, 46, 46, 46, 46, 46, 46, 46, 46, 46, 46, 46, 46, 46, 46, 46, 46, 46], "psum": [0, 0, 0, 0, 0, 0, 0, 0, 0, 0, 0, 0, 0, 0, 0, 0, 0, 0, 0, 0, 31.0, 127.0, 127.0, 127.0, 127.0, 127.0, 127.0, 127.0, 127.0, 127.0, 127.0, 127.0, 127.0, 127.0, 127.0, 127.0, 127.0, 127.0, 127.0, 127.0, 127.0, 127.0, 127.0, 127.0, 127.0, 127.0, 127.0, 127.0, 127.0, 127.0, 127.0, 127.0, 127.0, 127.0, 127.0, 127.0, 127.0, 127.0, 127.0, 127.0, 127.0, 127.0, 127.0, 127.0], "pcnt": [0, 0, 0, 0, 0, 0, 0, 0, 0, 0, 0, 0, 0, 0, 0, 0, 0, 0, 0, 0, 10, 46, 46, 46, 46, 46, 46, 46, 46, 46, 46, 46, 46, 46, 46, 46, 46, 46, 46, 46, 46, 46, 46, 46, 46, 46, 46, 46, 46, 46, 46, 46, 46, 46, 46, 46, 46, 46, 46, 46, 46, 46, 46, 46]}}, {"type": "Feature", "geometry": {"type": "Point", "coordinates": [-102.50147, 49.4751]}, "properties": {"twp": "006-04-W2", "prov": "SK", "total": 46, "first": 1900, "cum": [0, 0, 0, 0, 0, 0, 0, 0, 0, 0, 0, 0, 0, 0, 0, 0, 0, 0, 0, 5, 46, 46, 46, 46, 46, 46, 46, 46, 46, 46, 46, 46, 46, 46, 46, 46, 46, 46, 46, 46, 46, 46, 46, 46, 46, 46, 46, 46, 46, 46, 46, 46, 46, 46, 46, 46, 46, 46, 46, 46, 46, 46, 46, 46], "psum": [0, 0, 0, 0, 0, 0, 0, 0, 0, 0, 0, 0, 0, 0, 0, 0, 0, 0, 0, 15.0, 140.0, 140.0, 140.0, 140.0, 140.0, 140.0, 140.0, 140.0, 140.0, 140.0, 140.0, 140.0, 140.0, 140.0, 140.0, 140.0, 140.0, 140.0, 140.0, 140.0, 140.0, 140.0, 140.0, 140.0, 140.0, 140.0, 140.0, 140.0, 140.0, 140.0, 140.0, 140.0, 140.0, 140.0, 140.0, 140.0, 140.0, 140.0, 140.0, 140.0, 140.0, 140.0, 140.0, 140.0], "pcnt": [0, 0, 0, 0, 0, 0, 0, 0, 0, 0, 0, 0, 0, 0, 0, 0, 0, 0, 0, 5, 46, 46, 46, 46, 46, 46, 46, 46, 46, 46, 46, 46, 46, 46, 46, 46, 46, 46, 46, 46, 46, 46, 46, 46, 46, 46, 46, 46, 46, 46, 46, 46, 46, 46, 46, 46, 46, 46, 46, 46, 46, 46, 46, 46]}}, {"type": "Feature", "geometry": {"type": "Point", "coordinates": [-103.79967, 49.42059]}, "properties": {"twp": "005-14-W2", "prov": "SK", "total": 11, "first": 1902, "cum": [0, 0, 0, 0, 0, 0, 0, 0, 0, 0, 0, 0, 0, 0, 0, 0, 0, 0, 0, 0, 0, 5, 6, 8, 8, 8, 8, 8, 11, 11, 11, 11, 11, 11, 11, 11, 11, 11, 11, 11, 11, 11, 11, 11, 11, 11, 11, 11, 11, 11, 11, 11, 11, 11, 11, 11, 11, 11, 11, 11, 11, 11, 11, 11], "psum": [0, 0, 0, 0, 0, 0, 0, 0, 0, 0, 0, 0, 0, 0, 0, 0, 0, 0, 0, 0, 0, 27.5, 31.8, 43.8, 43.8, 43.8, 43.8, 43.8, 73.8, 73.8, 73.8, 73.8, 73.8, 73.8, 73.8, 73.8, 73.8, 73.8, 73.8, 73.8, 73.8, 73.8, 73.8, 73.8, 73.8, 73.8, 73.8, 73.8, 73.8, 73.8, 73.8, 73.8, 73.8, 73.8, 73.8, 73.8, 73.8, 73.8, 73.8, 73.8, 73.8, 73.8, 73.8, 73.8], "pcnt": [0, 0, 0, 0, 0, 0, 0, 0, 0, 0, 0, 0, 0, 0, 0, 0, 0, 0, 0, 0, 0, 5, 6, 8, 8, 8, 8, 8, 11, 11, 11, 11, 11, 11, 11, 11, 11, 11, 11, 11, 11, 11, 11, 11, 11, 11, 11, 11, 11, 11, 11, 11, 11, 11, 11, 11, 11, 11, 11, 11, 11, 11, 11, 11]}}, {"type": "Feature", "geometry": {"type": "Point", "coordinates": [-103.53696, 49.40442]}, "properties": {"twp": "005-12-W2", "prov": "SK", "total": 42, "first": 1902, "cum": [0, 0, 0, 0, 0, 0, 0, 0, 0, 0, 0, 0, 0, 0, 0, 0, 0, 0, 0, 0, 0, 4, 4, 9, 40, 40, 40, 40, 42, 42, 42, 42, 42, 42, 42, 42, 42, 42, 42, 42, 42, 42, 42, 42, 42, 42, 42, 42, 42, 42, 42, 42, 42, 42, 42, 42, 42, 42, 42, 42, 42, 42, 42, 42], "psum": [0, 0, 0, 0, 0, 0, 0, 0, 0, 0, 0, 0, 0, 0, 0, 0, 0, 0, 0, 0, 0, 16.4, 16.4, 41.4, 198.4, 198.4, 198.4, 198.4, 218.4, 218.4, 218.4, 218.4, 218.4, 218.4, 218.4, 218.4, 218.4, 218.4, 218.4, 218.4, 218.4, 218.4, 218.4, 218.4, 218.4, 218.4, 218.4, 218.4, 218.4, 218.4, 218.4, 218.4, 218.4, 218.4, 218.4, 218.4, 218.4, 218.4, 218.4, 218.4, 218.4, 218.4, 218.4, 218.4], "pcnt": [0, 0, 0, 0, 0, 0, 0, 0, 0, 0, 0, 0, 0, 0, 0, 0, 0, 0, 0, 0, 0, 4, 4, 9, 40, 40, 40, 40, 42, 42, 42, 42, 42, 42, 42, 42, 42, 42, 42, 42, 42, 42, 42, 42, 42, 42, 42, 42, 42, 42, 42, 42, 42, 42, 42, 42, 42, 42, 42, 42, 42, 42, 42, 42]}}, {"type": "Feature", "geometry": {"type": "Point", "coordinates": [-103.42724, 49.41766]}, "properties": {"twp": "005-11-W2", "prov": "SK", "total": 17, "first": 1901, "cum": [0, 0, 0, 0, 0, 0, 0, 0, 0, 0, 0, 0, 0, 0, 0, 0, 0, 0, 0, 0, 4, 8, 8, 12, 15, 17, 17, 17, 17, 17, 17, 17, 17, 17, 17, 17, 17, 17, 17, 17, 17, 17, 17, 17, 17, 17, 17, 17, 17, 17, 17, 17, 17, 17, 17, 17, 17, 17, 17, 17, 17, 17, 17, 17], "psum": [0, 0, 0, 0, 0, 0, 0, 0, 0, 0, 0, 0, 0, 0, 0, 0, 0, 0, 0, 0, 10.0, 20.0, 20.0, 30.0, 38.1, 43.1, 43.1, 43.1, 43.1, 43.1, 43.1, 43.1, 43.1, 43.1, 43.1, 43.1, 43.1, 43.1, 43.1, 43.1, 43.1, 43.1, 43.1, 43.1, 43.1, 43.1, 43.1, 43.1, 43.1, 43.1, 43.1, 43.1, 43.1, 43.1, 43.1, 43.1, 43.1, 43.1, 43.1, 43.1, 43.1, 43.1, 43.1, 43.1], "pcnt": [0, 0, 0, 0, 0, 0, 0, 0, 0, 0, 0, 0, 0, 0, 0, 0, 0, 0, 0, 0, 4, 8, 8, 12, 15, 17, 17, 17, 17, 17, 17, 17, 17, 17, 17, 17, 17, 17, 17, 17, 17, 17, 17, 17, 17, 17, 17, 17, 17, 17, 17, 17, 17, 17, 17, 17, 17, 17, 17, 17, 17, 17, 17, 17]}}, {"type": "Feature", "geometry": {"type": "Point", "coordinates": [-103.29792, 49.39178]}, "properties": {"twp": "005-10-W2", "prov": "SK", "total": 40, "first": 1901, "cum": [0, 0, 0, 0, 0, 0, 0, 0, 0, 0, 0, 0, 0, 0, 0, 0, 0, 0, 0, 0, 4, 12, 12, 18, 35, 35, 35, 35, 40, 40, 40, 40, 40, 40, 40, 40, 40, 40, 40, 40, 40, 40, 40, 40, 40, 40, 40, 40, 40, 40, 40, 40, 40, 40, 40, 40, 40, 40, 40, 40, 40, 40, 40, 40], "psum": [0, 0, 0, 0, 0, 0, 0, 0, 0, 0, 0, 0, 0, 0, 0, 0, 0, 0, 0, 0, 10.0, 30.0, 30.0, 45.0, 87.5, 87.5, 87.5, 87.5, 101.5, 101.5, 101.5, 101.5, 101.5, 101.5, 101.5, 101.5, 101.5, 101.5, 101.5, 101.5, 101.5, 101.5, 101.5, 101.5, 101.5, 101.5, 101.5, 101.5, 101.5, 101.5, 101.5, 101.5, 101.5, 101.5, 101.5, 101.5, 101.5, 101.5, 101.5, 101.5, 101.5, 101.5, 101.5, 101.5], "pcnt": [0, 0, 0, 0, 0, 0, 0, 0, 0, 0, 0, 0, 0, 0, 0, 0, 0, 0, 0, 0, 4, 12, 12, 18, 35, 35, 35, 35, 40, 40, 40, 40, 40, 40, 40, 40, 40, 40, 40, 40, 40, 40, 40, 40, 40, 40, 40, 40, 40, 40, 40, 40, 40, 40, 40, 40, 40, 40, 40, 40, 40, 40, 40, 40]}}, {"type": "Feature", "geometry": {"type": "Point", "coordinates": [-103.16349, 49.39176]}, "properties": {"twp": "005-09-W2", "prov": "SK", "total": 40, "first": 1901, "cum": [0, 0, 0, 0, 0, 0, 0, 0, 0, 0, 0, 0, 0, 0, 0, 0, 0, 0, 0, 0, 4, 12, 12, 36, 39, 40, 40, 40, 40, 40, 40, 40, 40, 40, 40, 40, 40, 40, 40, 40, 40, 40, 40, 40, 40, 40, 40, 40, 40, 40, 40, 40, 40, 40, 40, 40, 40, 40, 40, 40, 40, 40, 40, 40], "psum": [0, 0, 0, 0, 0, 0, 0, 0, 0, 0, 0, 0, 0, 0, 0, 0, 0, 0, 0, 0, 10.0, 30.0, 30.0, 90.0, 97.5, 100.0, 100.0, 100.0, 100.0, 100.0, 100.0, 100.0, 100.0, 100.0, 100.0, 100.0, 100.0, 100.0, 100.0, 100.0, 100.0, 100.0, 100.0, 100.0, 100.0, 100.0, 100.0, 100.0, 100.0, 100.0, 100.0, 100.0, 100.0, 100.0, 100.0, 100.0, 100.0, 100.0, 100.0, 100.0, 100.0, 100.0, 100.0, 100.0], "pcnt": [0, 0, 0, 0, 0, 0, 0, 0, 0, 0, 0, 0, 0, 0, 0, 0, 0, 0, 0, 0, 4, 12, 12, 36, 39, 40, 40, 40, 40, 40, 40, 40, 40, 40, 40, 40, 40, 40, 40, 40, 40, 40, 40, 40, 40, 40, 40, 40, 40, 40, 40, 40, 40, 40, 40, 40, 40, 40, 40, 40, 40, 40, 40, 40]}}, {"type": "Feature", "geometry": {"type": "Point", "coordinates": [-103.02895, 49.39176]}, "properties": {"twp": "005-08-W2", "prov": "SK", "total": 40, "first": 1901, "cum": [0, 0, 0, 0, 0, 0, 0, 0, 0, 0, 0, 0, 0, 0, 0, 0, 0, 0, 0, 0, 8, 12, 12, 34, 34, 40, 40, 40, 40, 40, 40, 40, 40, 40, 40, 40, 40, 40, 40, 40, 40, 40, 40, 40, 40, 40, 40, 40, 40, 40, 40, 40, 40, 40, 40, 40, 40, 40, 40, 40, 40, 40, 40, 40], "psum": [0, 0, 0, 0, 0, 0, 0, 0, 0, 0, 0, 0, 0, 0, 0, 0, 0, 0, 0, 0, 20.0, 30.0, 30.0, 85.0, 85.0, 100.0, 100.0, 100.0, 100.0, 100.0, 100.0, 100.0, 100.0, 100.0, 100.0, 100.0, 100.0, 100.0, 100.0, 100.0, 100.0, 100.0, 100.0, 100.0, 100.0, 100.0, 100.0, 100.0, 100.0, 100.0, 100.0, 100.0, 100.0, 100.0, 100.0, 100.0, 100.0, 100.0, 100.0, 100.0, 100.0, 100.0, 100.0, 100.0], "pcnt": [0, 0, 0, 0, 0, 0, 0, 0, 0, 0, 0, 0, 0, 0, 0, 0, 0, 0, 0, 0, 8, 12, 12, 34, 34, 40, 40, 40, 40, 40, 40, 40, 40, 40, 40, 40, 40, 40, 40, 40, 40, 40, 40, 40, 40, 40, 40, 40, 40, 40, 40, 40, 40, 40, 40, 40, 40, 40, 40, 40, 40, 40, 40, 40]}}, {"type": "Feature", "geometry": {"type": "Point", "coordinates": [-102.89446, 49.39178]}, "properties": {"twp": "005-07-W2", "prov": "SK", "total": 40, "first": 1902, "cum": [0, 0, 0, 0, 0, 0, 0, 0, 0, 0, 0, 0, 0, 0, 0, 0, 0, 0, 0, 0, 0, 40, 40, 40, 40, 40, 40, 40, 40, 40, 40, 40, 40, 40, 40, 40, 40, 40, 40, 40, 40, 40, 40, 40, 40, 40, 40, 40, 40, 40, 40, 40, 40, 40, 40, 40, 40, 40, 40, 40, 40, 40, 40, 40], "psum": [0, 0, 0, 0, 0, 0, 0, 0, 0, 0, 0, 0, 0, 0, 0, 0, 0, 0, 0, 0, 0, 100.0, 100.0, 100.0, 100.0, 100.0, 100.0, 100.0, 100.0, 100.0, 100.0, 100.0, 100.0, 100.0, 100.0, 100.0, 100.0, 100.0, 100.0, 100.0, 100.0, 100.0, 100.0, 100.0, 100.0, 100.0, 100.0, 100.0, 100.0, 100.0, 100.0, 100.0, 100.0, 100.0, 100.0, 100.0, 100.0, 100.0, 100.0, 100.0, 100.0, 100.0, 100.0, 100.0], "pcnt": [0, 0, 0, 0, 0, 0, 0, 0, 0, 0, 0, 0, 0, 0, 0, 0, 0, 0, 0, 0, 0, 40, 40, 40, 40, 40, 40, 40, 40, 40, 40, 40, 40, 40, 40, 40, 40, 40, 40, 40, 40, 40, 40, 40, 40, 40, 40, 40, 40, 40, 40, 40, 40, 40, 40, 40, 40, 40, 40, 40, 40, 40, 40, 40]}}, {"type": "Feature", "geometry": {"type": "Point", "coordinates": [-102.76218, 49.39035]}, "properties": {"twp": "005-06-W2", "prov": "SK", "total": 40, "first": 1900, "cum": [0, 0, 0, 0, 0, 0, 0, 0, 0, 0, 0, 0, 0, 0, 0, 0, 0, 0, 0, 1, 1, 40, 40, 40, 40, 40, 40, 40, 40, 40, 40, 40, 40, 40, 40, 40, 40, 40, 40, 40, 40, 40, 40, 40, 40, 40, 40, 40, 40, 40, 40, 40, 40, 40, 40, 40, 40, 40, 40, 40, 40, 40, 40, 40], "psum": [0, 0, 0, 0, 0, 0, 0, 0, 0, 0, 0, 0, 0, 0, 0, 0, 0, 0, 0, 3.0, 3.0, 100.5, 100.5, 100.5, 100.5, 100.5, 100.5, 100.5, 100.5, 100.5, 100.5, 100.5, 100.5, 100.5, 100.5, 100.5, 100.5, 100.5, 100.5, 100.5, 100.5, 100.5, 100.5, 100.5, 100.5, 100.5, 100.5, 100.5, 100.5, 100.5, 100.5, 100.5, 100.5, 100.5, 100.5, 100.5, 100.5, 100.5, 100.5, 100.5, 100.5, 100.5, 100.5, 100.5], "pcnt": [0, 0, 0, 0, 0, 0, 0, 0, 0, 0, 0, 0, 0, 0, 0, 0, 0, 0, 0, 1, 1, 40, 40, 40, 40, 40, 40, 40, 40, 40, 40, 40, 40, 40, 40, 40, 40, 40, 40, 40, 40, 40, 40, 40, 40, 40, 40, 40, 40, 40, 40, 40, 40, 40, 40, 40, 40, 40, 40, 40, 40, 40, 40, 40]}}, {"type": "Feature", "geometry": {"type": "Point", "coordinates": [-102.442, 49.3931]}, "properties": {"twp": "005-04-W2", "prov": "SK", "total": 30, "first": 1900, "cum": [0, 0, 0, 0, 0, 0, 0, 0, 0, 0, 0, 0, 0, 0, 0, 0, 0, 0, 0, 8, 18, 30, 30, 30, 30, 30, 30, 30, 30, 30, 30, 30, 30, 30, 30, 30, 30, 30, 30, 30, 30, 30, 30, 30, 30, 30, 30, 30, 30, 30, 30, 30, 30, 30, 30, 30, 30, 30, 30, 30, 30, 30, 30, 30], "psum": [0, 0, 0, 0, 0, 0, 0, 0, 0, 0, 0, 0, 0, 0, 0, 0, 0, 0, 0, 24.0, 54.0, 89.5, 89.5, 89.5, 89.5, 89.5, 89.5, 89.5, 89.5, 89.5, 89.5, 89.5, 89.5, 89.5, 89.5, 89.5, 89.5, 89.5, 89.5, 89.5, 89.5, 89.5, 89.5, 89.5, 89.5, 89.5, 89.5, 89.5, 89.5, 89.5, 89.5, 89.5, 89.5, 89.5, 89.5, 89.5, 89.5, 89.5, 89.5, 89.5, 89.5, 89.5, 89.5, 89.5], "pcnt": [0, 0, 0, 0, 0, 0, 0, 0, 0, 0, 0, 0, 0, 0, 0, 0, 0, 0, 0, 8, 18, 30, 30, 30, 30, 30, 30, 30, 30, 30, 30, 30, 30, 30, 30, 30, 30, 30, 30, 30, 30, 30, 30, 30, 30, 30, 30, 30, 30, 30, 30, 30, 30, 30, 30, 30, 30, 30, 30, 30, 30, 30, 30, 30]}}, {"type": "Feature", "geometry": {"type": "Point", "coordinates": [-103.95658, 49.32185]}, "properties": {"twp": "004-15-W2", "prov": "SK", "total": 11, "first": 1906, "cum": [0, 0, 0, 0, 0, 0, 0, 0, 0, 0, 0, 0, 0, 0, 0, 0, 0, 0, 0, 0, 0, 0, 0, 0, 0, 5, 5, 5, 9, 11, 11, 11, 11, 11, 11, 11, 11, 11, 11, 11, 11, 11, 11, 11, 11, 11, 11, 11, 11, 11, 11, 11, 11, 11, 11, 11, 11, 11, 11, 11, 11, 11, 11, 11], "psum": [0, 0, 0, 0, 0, 0, 0, 0, 0, 0, 0, 0, 0, 0, 0, 0, 0, 0, 0, 0, 0, 0, 0, 0, 0, 48.0, 48.0, 48.0, 88.0, 108.0, 108.0, 108.0, 108.0, 108.0, 108.0, 108.0, 108.0, 108.0, 108.0, 108.0, 108.0, 108.0, 108.0, 108.0, 108.0, 108.0, 108.0, 108.0, 108.0, 108.0, 108.0, 108.0, 108.0, 108.0, 108.0, 108.0, 108.0, 108.0, 108.0, 108.0, 108.0, 108.0, 108.0, 108.0], "pcnt": [0, 0, 0, 0, 0, 0, 0, 0, 0, 0, 0, 0, 0, 0, 0, 0, 0, 0, 0, 0, 0, 0, 0, 0, 0, 5, 5, 5, 9, 11, 11, 11, 11, 11, 11, 11, 11, 11, 11, 11, 11, 11, 11, 11, 11, 11, 11, 11, 11, 11, 11, 11, 11, 11, 11, 11, 11, 11, 11, 11, 11, 11, 11, 11]}}, {"type": "Feature", "geometry": {"type": "Point", "coordinates": [-103.79337, 49.32525]}, "properties": {"twp": "004-14-W2", "prov": "SK", "total": 19, "first": 1903, "cum": [0, 0, 0, 0, 0, 0, 0, 0, 0, 0, 0, 0, 0, 0, 0, 0, 0, 0, 0, 0, 0, 0, 1, 1, 19, 19, 19, 19, 19, 19, 19, 19, 19, 19, 19, 19, 19, 19, 19, 19, 19, 19, 19, 19, 19, 19, 19, 19, 19, 19, 19, 19, 19, 19, 19, 19, 19, 19, 19, 19, 19, 19, 19, 19], "psum": [0, 0, 0, 0, 0, 0, 0, 0, 0, 0, 0, 0, 0, 0, 0, 0, 0, 0, 0, 0, 0, 0, 5.0, 5.0, 103.0, 103.0, 103.0, 103.0, 103.0, 103.0, 103.0, 103.0, 103.0, 103.0, 103.0, 103.0, 103.0, 103.0, 103.0, 103.0, 103.0, 103.0, 103.0, 103.0, 103.0, 103.0, 103.0, 103.0, 103.0, 103.0, 103.0, 103.0, 103.0, 103.0, 103.0, 103.0, 103.0, 103.0, 103.0, 103.0, 103.0, 103.0, 103.0, 103.0], "pcnt": [0, 0, 0, 0, 0, 0, 0, 0, 0, 0, 0, 0, 0, 0, 0, 0, 0, 0, 0, 0, 0, 0, 1, 1, 19, 19, 19, 19, 19, 19, 19, 19, 19, 19, 19, 19, 19, 19, 19, 19, 19, 19, 19, 19, 19, 19, 19, 19, 19, 19, 19, 19, 19, 19, 19, 19, 19, 19, 19, 19, 19, 19, 19, 19]}}, {"type": "Feature", "geometry": {"type": "Point", "coordinates": [-103.41884, 49.32854]}, "properties": {"twp": "004-11-W2", "prov": "SK", "total": 24, "first": 1902, "cum": [0, 0, 0, 0, 0, 0, 0, 0, 0, 0, 0, 0, 0, 0, 0, 0, 0, 0, 0, 0, 0, 24, 24, 24, 24, 24, 24, 24, 24, 24, 24, 24, 24, 24, 24, 24, 24, 24, 24, 24, 24, 24, 24, 24, 24, 24, 24, 24, 24, 24, 24, 24, 24, 24, 24, 24, 24, 24, 24, 24, 24, 24, 24, 24], "psum": [0, 0, 0, 0, 0, 0, 0, 0, 0, 0, 0, 0, 0, 0, 0, 0, 0, 0, 0, 0, 0, 60.0, 60.0, 60.0, 60.0, 60.0, 60.0, 60.0, 60.0, 60.0, 60.0, 60.0, 60.0, 60.0, 60.0, 60.0, 60.0, 60.0, 60.0, 60.0, 60.0, 60.0, 60.0, 60.0, 60.0, 60.0, 60.0, 60.0, 60.0, 60.0, 60.0, 60.0, 60.0, 60.0, 60.0, 60.0, 60.0, 60.0, 60.0, 60.0, 60.0, 60.0, 60.0, 60.0], "pcnt": [0, 0, 0, 0, 0, 0, 0, 0, 0, 0, 0, 0, 0, 0, 0, 0, 0, 0, 0, 0, 0, 24, 24, 24, 24, 24, 24, 24, 24, 24, 24, 24, 24, 24, 24, 24, 24, 24, 24, 24, 24, 24, 24, 24, 24, 24, 24, 24, 24, 24, 24, 24, 24, 24, 24, 24, 24, 24, 24, 24, 24, 24, 24, 24]}}, {"type": "Feature", "geometry": {"type": "Point", "coordinates": [-103.01765, 49.2993]}, "properties": {"twp": "004-08-W2", "prov": "SK", "total": 53, "first": 1901, "cum": [0, 0, 0, 0, 0, 0, 0, 0, 0, 0, 0, 0, 0, 0, 0, 0, 0, 0, 0, 0, 2, 53, 53, 53, 53, 53, 53, 53, 53, 53, 53, 53, 53, 53, 53, 53, 53, 53, 53, 53, 53, 53, 53, 53, 53, 53, 53, 53, 53, 53, 53, 53, 53, 53, 53, 53, 53, 53, 53, 53, 53, 53, 53, 53], "psum": [0, 0, 0, 0, 0, 0, 0, 0, 0, 0, 0, 0, 0, 0, 0, 0, 0, 0, 0, 0, 6.0, 66.0, 66.0, 66.0, 66.0, 66.0, 66.0, 66.0, 66.0, 66.0, 66.0, 66.0, 66.0, 66.0, 66.0, 66.0, 66.0, 66.0, 66.0, 66.0, 66.0, 66.0, 66.0, 66.0, 66.0, 66.0, 66.0, 66.0, 66.0, 66.0, 66.0, 66.0, 66.0, 66.0, 66.0, 66.0, 66.0, 66.0, 66.0, 66.0, 66.0, 66.0, 66.0, 66.0], "pcnt": [0, 0, 0, 0, 0, 0, 0, 0, 0, 0, 0, 0, 0, 0, 0, 0, 0, 0, 0, 0, 2, 24, 24, 24, 24, 24, 24, 24, 24, 24, 24, 24, 24, 24, 24, 24, 24, 24, 24, 24, 24, 24, 24, 24, 24, 24, 24, 24, 24, 24, 24, 24, 24, 24, 24, 24, 24, 24, 24, 24, 24, 24, 24, 24]}}, {"type": "Feature", "geometry": {"type": "Point", "coordinates": [-102.88354, 49.29943]}, "properties": {"twp": "004-07-W2", "prov": "SK", "total": 52, "first": 1902, "cum": [0, 0, 0, 0, 0, 0, 0, 0, 0, 0, 0, 0, 0, 0, 0, 0, 0, 0, 0, 0, 0, 52, 52, 52, 52, 52, 52, 52, 52, 52, 52, 52, 52, 52, 52, 52, 52, 52, 52, 52, 52, 52, 52, 52, 52, 52, 52, 52, 52, 52, 52, 52, 52, 52, 52, 52, 52, 52, 52, 52, 52, 52, 52, 52], "psum": [0, 0, 0, 0, 0, 0, 0, 0, 0, 0, 0, 0, 0, 0, 0, 0, 0, 0, 0, 0, 0, 50.0, 50.0, 50.0, 50.0, 50.0, 50.0, 50.0, 50.0, 50.0, 50.0, 50.0, 50.0, 50.0, 50.0, 50.0, 50.0, 50.0, 50.0, 50.0, 50.0, 50.0, 50.0, 50.0, 50.0, 50.0, 50.0, 50.0, 50.0, 50.0, 50.0, 50.0, 50.0, 50.0, 50.0, 50.0, 50.0, 50.0, 50.0, 50.0, 50.0, 50.0, 50.0, 50.0], "pcnt": [0, 0, 0, 0, 0, 0, 0, 0, 0, 0, 0, 0, 0, 0, 0, 0, 0, 0, 0, 0, 0, 20, 20, 20, 20, 20, 20, 20, 20, 20, 20, 20, 20, 20, 20, 20, 20, 20, 20, 20, 20, 20, 20, 20, 20, 20, 20, 20, 20, 20, 20, 20, 20, 20, 20, 20, 20, 20, 20, 20, 20, 20, 20, 20]}}, {"type": "Feature", "geometry": {"type": "Point", "coordinates": [-102.74674, 49.29748]}, "properties": {"twp": "004-06-W2", "prov": "SK", "total": 63, "first": 1901, "cum": [0, 0, 0, 0, 0, 0, 0, 0, 0, 0, 0, 0, 0, 0, 0, 0, 0, 0, 0, 0, 32, 63, 63, 63, 63, 63, 63, 63, 63, 63, 63, 63, 63, 63, 63, 63, 63, 63, 63, 63, 63, 63, 63, 63, 63, 63, 63, 63, 63, 63, 63, 63, 63, 63, 63, 63, 63, 63, 63, 63, 63, 63, 63, 63], "psum": [0, 0, 0, 0, 0, 0, 0, 0, 0, 0, 0, 0, 0, 0, 0, 0, 0, 0, 0, 0, 96.0, 169.0, 169.0, 169.0, 169.0, 169.0, 169.0, 169.0, 169.0, 169.0, 169.0, 169.0, 169.0, 169.0, 169.0, 169.0, 169.0, 169.0, 169.0, 169.0, 169.0, 169.0, 169.0, 169.0, 169.0, 169.0, 169.0, 169.0, 169.0, 169.0, 169.0, 169.0, 169.0, 169.0, 169.0, 169.0, 169.0, 169.0, 169.0, 169.0, 169.0, 169.0, 169.0, 169.0], "pcnt": [0, 0, 0, 0, 0, 0, 0, 0, 0, 0, 0, 0, 0, 0, 0, 0, 0, 0, 0, 0, 32, 59, 59, 59, 59, 59, 59, 59, 59, 59, 59, 59, 59, 59, 59, 59, 59, 59, 59, 59, 59, 59, 59, 59, 59, 59, 59, 59, 59, 59, 59, 59, 59, 59, 59, 59, 59, 59, 59, 59, 59, 59, 59, 59]}}, {"type": "Feature", "geometry": {"type": "Point", "coordinates": [-102.61457, 49.29949]}, "properties": {"twp": "004-05-W2", "prov": "SK", "total": 52, "first": 1900, "cum": [0, 0, 0, 0, 0, 0, 0, 0, 0, 0, 0, 0, 0, 0, 0, 0, 0, 0, 0, 2, 10, 52, 52, 52, 52, 52, 52, 52, 52, 52, 52, 52, 52, 52, 52, 52, 52, 52, 52, 52, 52, 52, 52, 52, 52, 52, 52, 52, 52, 52, 52, 52, 52, 52, 52, 52, 52, 52, 52, 52, 52, 52, 52, 52], "psum": [0, 0, 0, 0, 0, 0, 0, 0, 0, 0, 0, 0, 0, 0, 0, 0, 0, 0, 0, 6.0, 30.0, 80.0, 80.0, 80.0, 80.0, 80.0, 80.0, 80.0, 80.0, 80.0, 80.0, 80.0, 80.0, 80.0, 80.0, 80.0, 80.0, 80.0, 80.0, 80.0, 80.0, 80.0, 80.0, 80.0, 80.0, 80.0, 80.0, 80.0, 80.0, 80.0, 80.0, 80.0, 80.0, 80.0, 80.0, 80.0, 80.0, 80.0, 80.0, 80.0, 80.0, 80.0, 80.0, 80.0], "pcnt": [0, 0, 0, 0, 0, 0, 0, 0, 0, 0, 0, 0, 0, 0, 0, 0, 0, 0, 0, 2, 10, 30, 30, 30, 30, 30, 30, 30, 30, 30, 30, 30, 30, 30, 30, 30, 30, 30, 30, 30, 30, 30, 30, 30, 30, 30, 30, 30, 30, 30, 30, 30, 30, 30, 30, 30, 30, 30, 30, 30, 30, 30, 30, 30]}}, {"type": "Feature", "geometry": {"type": "Point", "coordinates": [-102.4792, 49.29928]}, "properties": {"twp": "004-04-W2", "prov": "SK", "total": 58, "first": 1899, "cum": [0, 0, 0, 0, 0, 0, 0, 0, 0, 0, 0, 0, 0, 0, 0, 0, 0, 0, 6, 17, 43, 57, 57, 57, 58, 58, 58, 58, 58, 58, 58, 58, 58, 58, 58, 58, 58, 58, 58, 58, 58, 58, 58, 58, 58, 58, 58, 58, 58, 58, 58, 58, 58, 58, 58, 58, 58, 58, 58, 58, 58, 58, 58, 58], "psum": [0, 0, 0, 0, 0, 0, 0, 0, 0, 0, 0, 0, 0, 0, 0, 0, 0, 0, 18.0, 51.0, 129.0, 157.0, 157.0, 157.0, 165.0, 165.0, 165.0, 165.0, 165.0, 165.0, 165.0, 165.0, 165.0, 165.0, 165.0, 165.0, 165.0, 165.0, 165.0, 165.0, 165.0, 165.0, 165.0, 165.0, 165.0, 165.0, 165.0, 165.0, 165.0, 165.0, 165.0, 165.0, 165.0, 165.0, 165.0, 165.0, 165.0, 165.0, 165.0, 165.0, 165.0, 165.0, 165.0, 165.0], "pcnt": [0, 0, 0, 0, 0, 0, 0, 0, 0, 0, 0, 0, 0, 0, 0, 0, 0, 0, 6, 17, 43, 53, 53, 53, 54, 54, 54, 54, 54, 54, 54, 54, 54, 54, 54, 54, 54, 54, 54, 54, 54, 54, 54, 54, 54, 54, 54, 54, 54, 54, 54, 54, 54, 54, 54, 54, 54, 54, 54, 54, 54, 54, 54, 54]}}, {"type": "Feature", "geometry": {"type": "Point", "coordinates": [-102.34276, 49.29991]}, "properties": {"twp": "004-03-W2", "prov": "SK", "total": 78, "first": 1892, "cum": [0, 0, 0, 0, 0, 0, 0, 0, 0, 0, 0, 11, 11, 11, 12, 12, 12, 23, 33, 70, 77, 78, 78, 78, 78, 78, 78, 78, 78, 78, 78, 78, 78, 78, 78, 78, 78, 78, 78, 78, 78, 78, 78, 78, 78, 78, 78, 78, 78, 78, 78, 78, 78, 78, 78, 78, 78, 78, 78, 78, 78, 78, 78, 78], "psum": [0, 0, 0, 0, 0, 0, 0, 0, 0, 0, 0, 38.0, 38.0, 38.0, 41.0, 41.0, 41.0, 74.0, 103.0, 214.0, 238.5, 241.0, 241.0, 241.0, 241.0, 241.0, 241.0, 241.0, 241.0, 241.0, 241.0, 241.0, 241.0, 241.0, 241.0, 241.0, 241.0, 241.0, 241.0, 241.0, 241.0, 241.0, 241.0, 241.0, 241.0, 241.0, 241.0, 241.0, 241.0, 241.0, 241.0, 241.0, 241.0, 241.0, 241.0, 241.0, 241.0, 241.0, 241.0, 241.0, 241.0, 241.0, 241.0, 241.0], "pcnt": [0, 0, 0, 0, 0, 0, 0, 0, 0, 0, 0, 11, 11, 11, 12, 12, 12, 23, 32, 69, 76, 77, 77, 77, 77, 77, 77, 77, 77, 77, 77, 77, 77, 77, 77, 77, 77, 77, 77, 77, 77, 77, 77, 77, 77, 77, 77, 77, 77, 77, 77, 77, 77, 77, 77, 77, 77, 77, 77, 77, 77, 77, 77, 77]}}, {"type": "Feature", "geometry": {"type": "Point", "coordinates": [-101.96599, 49.21368]}, "properties": {"twp": "003-34-W1", "prov": "SK", "total": 46, "first": 1892, "cum": [0, 0, 0, 0, 0, 0, 0, 0, 0, 0, 0, 12, 12, 12, 12, 12, 12, 13, 14, 18, 42, 44, 44, 44, 44, 46, 46, 46, 46, 46, 46, 46, 46, 46, 46, 46, 46, 46, 46, 46, 46, 46, 46, 46, 46, 46, 46, 46, 46, 46, 46, 46, 46, 46, 46, 46, 46, 46, 46, 46, 46, 46, 46, 46], "psum": [0, 0, 0, 0, 0, 0, 0, 0, 0, 0, 0, 44.0, 44.0, 44.0, 44.0, 44.0, 44.0, 47.0, 50.0, 63.0, 150.0, 158.0, 158.0, 158.0, 158.0, 178.0, 178.0, 178.0, 178.0, 178.0, 178.0, 178.0, 178.0, 178.0, 178.0, 178.0, 178.0, 178.0, 178.0, 178.0, 178.0, 178.0, 178.0, 178.0, 178.0, 178.0, 178.0, 178.0, 178.0, 178.0, 178.0, 178.0, 178.0, 178.0, 178.0, 178.0, 178.0, 178.0, 178.0, 178.0, 178.0, 178.0, 178.0, 178.0], "pcnt": [0, 0, 0, 0, 0, 0, 0, 0, 0, 0, 0, 12, 12, 12, 12, 12, 12, 13, 14, 18, 42, 44, 44, 44, 44, 46, 46, 46, 46, 46, 46, 46, 46, 46, 46, 46, 46, 46, 46, 46, 46, 46, 46, 46, 46, 46, 46, 46, 46, 46, 46, 46, 46, 46, 46, 46, 46, 46, 46, 46, 46, 46, 46, 46]}}, {"type": "Feature", "geometry": {"type": "Point", "coordinates": [-101.86835, 49.21995]}, "properties": {"twp": "003-33-W1", "prov": "SK", "total": 119, "first": 1888, "cum": [0, 0, 0, 0, 0, 0, 0, 2, 2, 2, 4, 45, 47, 47, 47, 54, 66, 76, 85, 102, 110, 118, 119, 119, 119, 119, 119, 119, 119, 119, 119, 119, 119, 119, 119, 119, 119, 119, 119, 119, 119, 119, 119, 119, 119, 119, 119, 119, 119, 119, 119, 119, 119, 119, 119, 119, 119, 119, 119, 119, 119, 119, 119, 119], "psum": [0, 0, 0, 0, 0, 0, 0, 6.0, 6.0, 6.0, 15.0, 180.0, 187.0, 187.0, 187.0, 210.0, 254.0, 287.5, 309.5, 378.5, 411.5, 439.5, 445.5, 445.5, 445.5, 445.5, 445.5, 445.5, 445.5, 445.5, 445.5, 445.5, 445.5, 445.5, 445.5, 445.5, 445.5, 445.5, 445.5, 445.5, 445.5, 445.5, 445.5, 445.5, 445.5, 445.5, 445.5, 445.5, 445.5, 445.5, 445.5, 445.5, 445.5, 445.5, 445.5, 445.5, 445.5, 445.5, 445.5, 445.5, 445.5, 445.5, 445.5, 445.5], "pcnt": [0, 0, 0, 0, 0, 0, 0, 2, 2, 2, 4, 45, 47, 47, 47, 54, 66, 76, 82, 99, 107, 115, 116, 116, 116, 116, 116, 116, 116, 116, 116, 116, 116, 116, 116, 116, 116, 116, 116, 116, 116, 116, 116, 116, 116, 116, 116, 116, 116, 116, 116, 116, 116, 116, 116, 116, 116, 116, 116, 116, 116, 116, 116, 116]}}, {"type": "Feature", "geometry": {"type": "Point", "coordinates": [-101.73335, 49.22387]}, "properties": {"twp": "003-32-W1", "prov": "SK", "total": 133, "first": 1889, "cum": [0, 0, 0, 0, 0, 0, 0, 0, 4, 4, 21, 63, 66, 66, 66, 66, 82, 94, 104, 115, 130, 130, 133, 133, 133, 133, 133, 133, 133, 133, 133, 133, 133, 133, 133, 133, 133, 133, 133, 133, 133, 133, 133, 133, 133, 133, 133, 133, 133, 133, 133, 133, 133, 133, 133, 133, 133, 133, 133, 133, 133, 133, 133, 133], "psum": [0, 0, 0, 0, 0, 0, 0, 0, 11.0, 11.0, 89.0, 246.5, 258.0, 258.0, 258.0, 258.0, 313.8, 351.8, 382.8, 400.8, 468.0, 468.0, 486.0, 486.0, 486.0, 486.0, 486.0, 486.0, 486.0, 486.0, 486.0, 486.0, 486.0, 486.0, 486.0, 486.0, 486.0, 486.0, 486.0, 486.0, 486.0, 486.0, 486.0, 486.0, 486.0, 486.0, 486.0, 486.0, 486.0, 486.0, 486.0, 486.0, 486.0, 486.0, 486.0, 486.0, 486.0, 486.0, 486.0, 486.0, 486.0, 486.0, 486.0, 486.0], "pcnt": [0, 0, 0, 0, 0, 0, 0, 0, 4, 4, 21, 63, 66, 66, 66, 66, 82, 94, 104, 109, 124, 124, 127, 127, 127, 127, 127, 127, 127, 127, 127, 127, 127, 127, 127, 127, 127, 127, 127, 127, 127, 127, 127, 127, 127, 127, 127, 127, 127, 127, 127, 127, 127, 127, 127, 127, 127, 127, 127, 127, 127, 127, 127, 127]}}, {"type": "Feature", "geometry": {"type": "Point", "coordinates": [-103.12967, 49.24081]}, "properties": {"twp": "003-09-W2", "prov": "SK", "total": 13, "first": 1892, "cum": [0, 0, 0, 0, 0, 0, 0, 0, 0, 0, 0, 1, 1, 1, 1, 1, 1, 1, 1, 1, 7, 12, 12, 12, 12, 12, 12, 13, 13, 13, 13, 13, 13, 13, 13, 13, 13, 13, 13, 13, 13, 13, 13, 13, 13, 13, 13, 13, 13, 13, 13, 13, 13, 13, 13, 13, 13, 13, 13, 13, 13, 13, 13, 13], "psum": [0, 0, 0, 0, 0, 0, 0, 0, 0, 0, 0, 3.0, 3.0, 3.0, 3.0, 3.0, 3.0, 3.0, 3.0, 3.0, 21.0, 37.0, 37.0, 37.0, 37.0, 37.0, 37.0, 37.0, 37.0, 37.0, 37.0, 37.0, 37.0, 37.0, 37.0, 37.0, 37.0, 37.0, 37.0, 37.0, 37.0, 37.0, 37.0, 37.0, 37.0, 37.0, 37.0, 37.0, 37.0, 37.0, 37.0, 37.0, 37.0, 37.0, 37.0, 37.0, 37.0, 37.0, 37.0, 37.0, 37.0, 37.0, 37.0, 37.0], "pcnt": [0, 0, 0, 0, 0, 0, 0, 0, 0, 0, 0, 1, 1, 1, 1, 1, 1, 1, 1, 1, 7, 12, 12, 12, 12, 12, 12, 12, 12, 12, 12, 12, 12, 12, 12, 12, 12, 12, 12, 12, 12, 12, 12, 12, 12, 12, 12, 12, 12, 12, 12, 12, 12, 12, 12, 12, 12, 12, 12, 12, 12, 12, 12, 12]}}, {"type": "Feature", "geometry": {"type": "Point", "coordinates": [-103.00781, 49.22434]}, "properties": {"twp": "003-08-W2", "prov": "SK", "total": 98, "first": 1892, "cum": [0, 0, 0, 0, 0, 0, 0, 0, 0, 0, 0, 14, 14, 14, 14, 14, 14, 14, 14, 14, 53, 92, 92, 92, 96, 98, 98, 98, 98, 98, 98, 98, 98, 98, 98, 98, 98, 98, 98, 98, 98, 98, 98, 98, 98, 98, 98, 98, 98, 98, 98, 98, 98, 98, 98, 98, 98, 98, 98, 98, 98, 98, 98, 98], "psum": [0, 0, 0, 0, 0, 0, 0, 0, 0, 0, 0, 52.0, 52.0, 52.0, 52.0, 52.0, 52.0, 52.0, 52.0, 52.0, 172.0, 286.0, 286.0, 286.0, 318.0, 324.0, 324.0, 324.0, 324.0, 324.0, 324.0, 324.0, 324.0, 324.0, 324.0, 324.0, 324.0, 324.0, 324.0, 324.0, 324.0, 324.0, 324.0, 324.0, 324.0, 324.0, 324.0, 324.0, 324.0, 324.0, 324.0, 324.0, 324.0, 324.0, 324.0, 324.0, 324.0, 324.0, 324.0, 324.0, 324.0, 324.0, 324.0, 324.0], "pcnt": [0, 0, 0, 0, 0, 0, 0, 0, 0, 0, 0, 14, 14, 14, 14, 14, 14, 14, 14, 14, 53, 83, 83, 83, 87, 89, 89, 89, 89, 89, 89, 89, 89, 89, 89, 89, 89, 89, 89, 89, 89, 89, 89, 89, 89, 89, 89, 89, 89, 89, 89, 89, 89, 89, 89, 89, 89, 89, 89, 89, 89, 89, 89, 89]}}, {"type": "Feature", "geometry": {"type": "Point", "coordinates": [-102.87733, 49.21732]}, "properties": {"twp": "003-07-W2", "prov": "SK", "total": 82, "first": 1892, "cum": [0, 0, 0, 0, 0, 0, 0, 0, 0, 0, 0, 12, 12, 12, 12, 12, 12, 12, 12, 12, 22, 82, 82, 82, 82, 82, 82, 82, 82, 82, 82, 82, 82, 82, 82, 82, 82, 82, 82, 82, 82, 82, 82, 82, 82, 82, 82, 82, 82, 82, 82, 82, 82, 82, 82, 82, 82, 82, 82, 82, 82, 82, 82, 82], "psum": [0, 0, 0, 0, 0, 0, 0, 0, 0, 0, 0, 39.5, 39.5, 39.5, 39.5, 39.5, 39.5, 39.5, 39.5, 39.5, 69.5, 119.5, 119.5, 119.5, 119.5, 119.5, 119.5, 119.5, 119.5, 119.5, 119.5, 119.5, 119.5, 119.5, 119.5, 119.5, 119.5, 119.5, 119.5, 119.5, 119.5, 119.5, 119.5, 119.5, 119.5, 119.5, 119.5, 119.5, 119.5, 119.5, 119.5, 119.5, 119.5, 119.5, 119.5, 119.5, 119.5, 119.5, 119.5, 119.5, 119.5, 119.5, 119.5, 119.5], "pcnt": [0, 0, 0, 0, 0, 0, 0, 0, 0, 0, 0, 12, 12, 12, 12, 12, 12, 12, 12, 12, 22, 32, 32, 32, 32, 32, 32, 32, 32, 32, 32, 32, 32, 32, 32, 32, 32, 32, 32, 32, 32, 32, 32, 32, 32, 32, 32, 32, 32, 32, 32, 32, 32, 32, 32, 32, 32, 32, 32, 32, 32, 32, 32, 32]}}, {"type": "Feature", "geometry": {"type": "Point", "coordinates": [-102.7491, 49.21393]}, "properties": {"twp": "003-06-W2", "prov": "SK", "total": 84, "first": 1892, "cum": [0, 0, 0, 0, 0, 0, 0, 0, 0, 0, 0, 3, 3, 3, 3, 3, 3, 3, 3, 3, 45, 84, 84, 84, 84, 84, 84, 84, 84, 84, 84, 84, 84, 84, 84, 84, 84, 84, 84, 84, 84, 84, 84, 84, 84, 84, 84, 84, 84, 84, 84, 84, 84, 84, 84, 84, 84, 84, 84, 84, 84, 84, 84, 84], "psum": [0, 0, 0, 0, 0, 0, 0, 0, 0, 0, 0, 10.5, 10.5, 10.5, 10.5, 10.5, 10.5, 10.5, 10.5, 10.5, 136.5, 169.5, 169.5, 169.5, 169.5, 169.5, 169.5, 169.5, 169.5, 169.5, 169.5, 169.5, 169.5, 169.5, 169.5, 169.5, 169.5, 169.5, 169.5, 169.5, 169.5, 169.5, 169.5, 169.5, 169.5, 169.5, 169.5, 169.5, 169.5, 169.5, 169.5, 169.5, 169.5, 169.5, 169.5, 169.5, 169.5, 169.5, 169.5, 169.5, 169.5, 169.5, 169.5, 169.5], "pcnt": [0, 0, 0, 0, 0, 0, 0, 0, 0, 0, 0, 3, 3, 3, 3, 3, 3, 3, 3, 3, 45, 56, 56, 56, 56, 56, 56, 56, 56, 56, 56, 56, 56, 56, 56, 56, 56, 56, 56, 56, 56, 56, 56, 56, 56, 56, 56, 56, 56, 56, 56, 56, 56, 56, 56, 56, 56, 56, 56, 56, 56, 56, 56, 56]}}, {"type": "Feature", "geometry": {"type": "Point", "coordinates": [-102.61186, 49.21994]}, "properties": {"twp": "003-05-W2", "prov": "SK", "total": 61, "first": 1893, "cum": [0, 0, 0, 0, 0, 0, 0, 0, 0, 0, 0, 0, 1, 1, 1, 1, 1, 1, 1, 1, 33, 61, 61, 61, 61, 61, 61, 61, 61, 61, 61, 61, 61, 61, 61, 61, 61, 61, 61, 61, 61, 61, 61, 61, 61, 61, 61, 61, 61, 61, 61, 61, 61, 61, 61, 61, 61, 61, 61, 61, 61, 61, 61, 61], "psum": [0, 0, 0, 0, 0, 0, 0, 0, 0, 0, 0, 0, 3.0, 3.0, 3.0, 3.0, 3.0, 3.0, 3.0, 3.0, 99.0, 99.0, 99.0, 99.0, 99.0, 99.0, 99.0, 99.0, 99.0, 99.0, 99.0, 99.0, 99.0, 99.0, 99.0, 99.0, 99.0, 99.0, 99.0, 99.0, 99.0, 99.0, 99.0, 99.0, 99.0, 99.0, 99.0, 99.0, 99.0, 99.0, 99.0, 99.0, 99.0, 99.0, 99.0, 99.0, 99.0, 99.0, 99.0, 99.0, 99.0, 99.0, 99.0, 99.0], "pcnt": [0, 0, 0, 0, 0, 0, 0, 0, 0, 0, 0, 0, 1, 1, 1, 1, 1, 1, 1, 1, 33, 33, 33, 33, 33, 33, 33, 33, 33, 33, 33, 33, 33, 33, 33, 33, 33, 33, 33, 33, 33, 33, 33, 33, 33, 33, 33, 33, 33, 33, 33, 33, 33, 33, 33, 33, 33, 33, 33, 33, 33, 33, 33, 33]}}, {"type": "Feature", "geometry": {"type": "Point", "coordinates": [-102.47031, 49.21734]}, "properties": {"twp": "003-04-W2", "prov": "SK", "total": 84, "first": 1892, "cum": [0, 0, 0, 0, 0, 0, 0, 0, 0, 0, 0, 13, 13, 13, 13, 13, 13, 13, 20, 40, 70, 84, 84, 84, 84, 84, 84, 84, 84, 84, 84, 84, 84, 84, 84, 84, 84, 84, 84, 84, 84, 84, 84, 84, 84, 84, 84, 84, 84, 84, 84, 84, 84, 84, 84, 84, 84, 84, 84, 84, 84, 84, 84, 84], "psum": [0, 0, 0, 0, 0, 0, 0, 0, 0, 0, 0, 45.0, 45.0, 45.0, 45.0, 45.0, 45.0, 45.0, 67.0, 127.0, 217.0, 217.0, 217.0, 217.0, 217.0, 217.0, 217.0, 217.0, 217.0, 217.0, 217.0, 217.0, 217.0, 217.0, 217.0, 217.0, 217.0, 217.0, 217.0, 217.0, 217.0, 217.0, 217.0, 217.0, 217.0, 217.0, 217.0, 217.0, 217.0, 217.0, 217.0, 217.0, 217.0, 217.0, 217.0, 217.0, 217.0, 217.0, 217.0, 217.0, 217.0, 217.0, 217.0, 217.0], "pcnt": [0, 0, 0, 0, 0, 0, 0, 0, 0, 0, 0, 13, 13, 13, 13, 13, 13, 13, 20, 40, 70, 70, 70, 70, 70, 70, 70, 70, 70, 70, 70, 70, 70, 70, 70, 70, 70, 70, 70, 70, 70, 70, 70, 70, 70, 70, 70, 70, 70, 70, 70, 70, 70, 70, 70, 70, 70, 70, 70, 70, 70, 70, 70, 70]}}, {"type": "Feature", "geometry": {"type": "Point", "coordinates": [-102.33891, 49.22072]}, "properties": {"twp": "003-03-W2", "prov": "SK", "total": 120, "first": 1888, "cum": [0, 0, 0, 0, 0, 0, 0, 3, 9, 9, 9, 41, 41, 41, 41, 42, 45, 61, 81, 102, 117, 120, 120, 120, 120, 120, 120, 120, 120, 120, 120, 120, 120, 120, 120, 120, 120, 120, 120, 120, 120, 120, 120, 120, 120, 120, 120, 120, 120, 120, 120, 120, 120, 120, 120, 120, 120, 120, 120, 120, 120, 120, 120, 120], "psum": [0, 0, 0, 0, 0, 0, 0, 7.5, 24.2, 24.2, 24.2, 140.2, 140.2, 140.2, 140.2, 144.2, 150.2, 198.8, 260.8, 324.2, 372.2, 372.2, 372.2, 372.2, 372.2, 372.2, 372.2, 372.2, 372.2, 372.2, 372.2, 372.2, 372.2, 372.2, 372.2, 372.2, 372.2, 372.2, 372.2, 372.2, 372.2, 372.2, 372.2, 372.2, 372.2, 372.2, 372.2, 372.2, 372.2, 372.2, 372.2, 372.2, 372.2, 372.2, 372.2, 372.2, 372.2, 372.2, 372.2, 372.2, 372.2, 372.2, 372.2, 372.2], "pcnt": [0, 0, 0, 0, 0, 0, 0, 3, 8, 8, 8, 40, 40, 40, 40, 41, 43, 59, 79, 100, 114, 114, 114, 114, 114, 114, 114, 114, 114, 114, 114, 114, 114, 114, 114, 114, 114, 114, 114, 114, 114, 114, 114, 114, 114, 114, 114, 114, 114, 114, 114, 114, 114, 114, 114, 114, 114, 114, 114, 114, 114, 114, 114, 114]}}, {"type": "Feature", "geometry": {"type": "Point", "coordinates": [-102.20684, 49.21904]}, "properties": {"twp": "003-02-W2", "prov": "SK", "total": 102, "first": 1888, "cum": [0, 0, 0, 0, 0, 0, 0, 3, 20, 20, 20, 47, 47, 47, 47, 47, 59, 66, 77, 86, 96, 101, 101, 101, 102, 102, 102, 102, 102, 102, 102, 102, 102, 102, 102, 102, 102, 102, 102, 102, 102, 102, 102, 102, 102, 102, 102, 102, 102, 102, 102, 102, 102, 102, 102, 102, 102, 102, 102, 102, 102, 102, 102, 102], "psum": [0, 0, 0, 0, 0, 0, 0, 8.5, 62.0, 62.0, 62.0, 166.0, 166.0, 166.0, 166.0, 166.0, 205.0, 225.0, 266.0, 294.0, 328.5, 362.5, 362.5, 362.5, 368.5, 368.5, 368.5, 368.5, 368.5, 368.5, 368.5, 368.5, 368.5, 368.5, 368.5, 368.5, 368.5, 368.5, 368.5, 368.5, 368.5, 368.5, 368.5, 368.5, 368.5, 368.5, 368.5, 368.5, 368.5, 368.5, 368.5, 368.5, 368.5, 368.5, 368.5, 368.5, 368.5, 368.5, 368.5, 368.5, 368.5, 368.5, 368.5, 368.5], "pcnt": [0, 0, 0, 0, 0, 0, 0, 3, 20, 20, 20, 47, 47, 47, 47, 47, 59, 65, 76, 85, 95, 100, 100, 100, 101, 101, 101, 101, 101, 101, 101, 101, 101, 101, 101, 101, 101, 101, 101, 101, 101, 101, 101, 101, 101, 101, 101, 101, 101, 101, 101, 101, 101, 101, 101, 101, 101, 101, 101, 101, 101, 101, 101, 101]}}, {"type": "Feature", "geometry": {"type": "Point", "coordinates": [-102.08719, 49.22078]}, "properties": {"twp": "003-01-W2", "prov": "SK", "total": 124, "first": 1891, "cum": [0, 0, 0, 0, 0, 0, 0, 0, 0, 0, 1, 49, 49, 49, 49, 49, 51, 60, 84, 113, 123, 123, 123, 123, 124, 124, 124, 124, 124, 124, 124, 124, 124, 124, 124, 124, 124, 124, 124, 124, 124, 124, 124, 124, 124, 124, 124, 124, 124, 124, 124, 124, 124, 124, 124, 124, 124, 124, 124, 124, 124, 124, 124, 124], "psum": [0, 0, 0, 0, 0, 0, 0, 0, 0, 0, 4.0, 174.0, 174.0, 174.0, 174.0, 174.0, 180.0, 206.0, 272.0, 359.0, 392.0, 392.0, 392.0, 392.0, 392.0, 392.0, 392.0, 392.0, 392.0, 392.0, 392.0, 392.0, 392.0, 392.0, 392.0, 392.0, 392.0, 392.0, 392.0, 392.0, 392.0, 392.0, 392.0, 392.0, 392.0, 392.0, 392.0, 392.0, 392.0, 392.0, 392.0, 392.0, 392.0, 392.0, 392.0, 392.0, 392.0, 392.0, 392.0, 392.0, 392.0, 392.0, 392.0, 392.0], "pcnt": [0, 0, 0, 0, 0, 0, 0, 0, 0, 0, 1, 49, 49, 49, 49, 49, 51, 60, 82, 111, 121, 121, 121, 121, 121, 121, 121, 121, 121, 121, 121, 121, 121, 121, 121, 121, 121, 121, 121, 121, 121, 121, 121, 121, 121, 121, 121, 121, 121, 121, 121, 121, 121, 121, 121, 121, 121, 121, 121, 121, 121, 121, 121, 121]}}, {"type": "Feature", "geometry": {"type": "Point", "coordinates": [-101.93742, 49.13543]}, "properties": {"twp": "002-34-W1", "prov": "SK", "total": 62, "first": 1892, "cum": [0, 0, 0, 0, 0, 0, 0, 0, 0, 0, 0, 15, 15, 15, 15, 15, 16, 21, 26, 29, 56, 62, 62, 62, 62, 62, 62, 62, 62, 62, 62, 62, 62, 62, 62, 62, 62, 62, 62, 62, 62, 62, 62, 62, 62, 62, 62, 62, 62, 62, 62, 62, 62, 62, 62, 62, 62, 62, 62, 62, 62, 62, 62, 62], "psum": [0, 0, 0, 0, 0, 0, 0, 0, 0, 0, 0, 51.0, 51.0, 51.0, 51.0, 51.0, 54.0, 69.0, 84.0, 93.0, 184.0, 205.0, 205.0, 205.0, 205.0, 205.0, 205.0, 205.0, 205.0, 205.0, 205.0, 205.0, 205.0, 205.0, 205.0, 205.0, 205.0, 205.0, 205.0, 205.0, 205.0, 205.0, 205.0, 205.0, 205.0, 205.0, 205.0, 205.0, 205.0, 205.0, 205.0, 205.0, 205.0, 205.0, 205.0, 205.0, 205.0, 205.0, 205.0, 205.0, 205.0, 205.0, 205.0, 205.0], "pcnt": [0, 0, 0, 0, 0, 0, 0, 0, 0, 0, 0, 15, 15, 15, 15, 15, 16, 21, 26, 29, 56, 62, 62, 62, 62, 62, 62, 62, 62, 62, 62, 62, 62, 62, 62, 62, 62, 62, 62, 62, 62, 62, 62, 62, 62, 62, 62, 62, 62, 62, 62, 62, 62, 62, 62, 62, 62, 62, 62, 62, 62, 62, 62, 62]}}, {"type": "Feature", "geometry": {"type": "Point", "coordinates": [-101.83713, 49.13365]}, "properties": {"twp": "002-33-W1", "prov": "SK", "total": 133, "first": 1889, "cum": [0, 0, 0, 0, 0, 0, 0, 0, 1, 3, 7, 55, 55, 57, 57, 57, 57, 60, 90, 99, 125, 129, 130, 131, 131, 133, 133, 133, 133, 133, 133, 133, 133, 133, 133, 133, 133, 133, 133, 133, 133, 133, 133, 133, 133, 133, 133, 133, 133, 133, 133, 133, 133, 133, 133, 133, 133, 133, 133, 133, 133, 133, 133, 133], "psum": [0, 0, 0, 0, 0, 0, 0, 0, 3.0, 11.0, 28.0, 232.5, 232.5, 236.5, 236.5, 236.5, 236.5, 247.5, 346.5, 375.5, 473.0, 487.0, 507.0, 527.0, 527.0, 557.0, 557.0, 557.0, 557.0, 557.0, 557.0, 557.0, 557.0, 557.0, 557.0, 557.0, 557.0, 557.0, 557.0, 557.0, 557.0, 557.0, 557.0, 557.0, 557.0, 557.0, 557.0, 557.0, 557.0, 557.0, 557.0, 557.0, 557.0, 557.0, 557.0, 557.0, 557.0, 557.0, 557.0, 557.0, 557.0, 557.0, 557.0, 557.0], "pcnt": [0, 0, 0, 0, 0, 0, 0, 0, 1, 3, 7, 55, 55, 57, 57, 57, 57, 60, 90, 99, 125, 129, 130, 131, 131, 133, 133, 133, 133, 133, 133, 133, 133, 133, 133, 133, 133, 133, 133, 133, 133, 133, 133, 133, 133, 133, 133, 133, 133, 133, 133, 133, 133, 133, 133, 133, 133, 133, 133, 133, 133, 133, 133, 133]}}, {"type": "Feature", "geometry": {"type": "Point", "coordinates": [-101.68867, 49.13179]}, "properties": {"twp": "002-32-W1", "prov": "SK", "total": 83, "first": 1890, "cum": [0, 0, 0, 0, 0, 0, 0, 0, 0, 1, 9, 46, 46, 46, 46, 47, 48, 52, 57, 64, 83, 83, 83, 83, 83, 83, 83, 83, 83, 83, 83, 83, 83, 83, 83, 83, 83, 83, 83, 83, 83, 83, 83, 83, 83, 83, 83, 83, 83, 83, 83, 83, 83, 83, 83, 83, 83, 83, 83, 83, 83, 83, 83, 83], "psum": [0, 0, 0, 0, 0, 0, 0, 0, 0, 4.0, 36.0, 192.5, 192.5, 192.5, 192.5, 195.8, 199.8, 218.8, 235.8, 258.8, 303.8, 303.8, 303.8, 303.8, 303.8, 303.8, 303.8, 303.8, 303.8, 303.8, 303.8, 303.8, 303.8, 303.8, 303.8, 303.8, 303.8, 303.8, 303.8, 303.8, 303.8, 303.8, 303.8, 303.8, 303.8, 303.8, 303.8, 303.8, 303.8, 303.8, 303.8, 303.8, 303.8, 303.8, 303.8, 303.8, 303.8, 303.8, 303.8, 303.8, 303.8, 303.8, 303.8, 303.8], "pcnt": [0, 0, 0, 0, 0, 0, 0, 0, 0, 1, 9, 46, 46, 46, 46, 47, 48, 52, 57, 64, 75, 75, 75, 75, 75, 75, 75, 75, 75, 75, 75, 75, 75, 75, 75, 75, 75, 75, 75, 75, 75, 75, 75, 75, 75, 75, 75, 75, 75, 75, 75, 75, 75, 75, 75, 75, 75, 75, 75, 75, 75, 75, 75, 75]}}, {"type": "Feature", "geometry": {"type": "Point", "coordinates": [-101.56659, 49.13442]}, "properties": {"twp": "002-31-W1", "prov": "SK", "total": 126, "first": 1890, "cum": [0, 0, 0, 0, 0, 0, 0, 0, 0, 1, 5, 40, 40, 40, 40, 41, 53, 77, 88, 98, 109, 118, 122, 122, 122, 122, 122, 122, 126, 126, 126, 126, 126, 126, 126, 126, 126, 126, 126, 126, 126, 126, 126, 126, 126, 126, 126, 126, 126, 126, 126, 126, 126, 126, 126, 126, 126, 126, 126, 126, 126, 126, 126, 126], "psum": [0, 0, 0, 0, 0, 0, 0, 0, 0, 4.0, 20.0, 173.0, 173.0, 173.0, 173.0, 181.0, 220.0, 317.5, 359.5, 399.0, 443.5, 487.5, 511.5, 511.5, 511.5, 511.5, 511.5, 511.5, 611.5, 611.5, 611.5, 611.5, 611.5, 611.5, 611.5, 611.5, 611.5, 611.5, 611.5, 611.5, 611.5, 611.5, 611.5, 611.5, 611.5, 611.5, 611.5, 611.5, 611.5, 611.5, 611.5, 611.5, 611.5, 611.5, 611.5, 611.5, 611.5, 611.5, 611.5, 611.5, 611.5, 611.5, 611.5, 611.5], "pcnt": [0, 0, 0, 0, 0, 0, 0, 0, 0, 1, 5, 40, 40, 40, 40, 41, 51, 75, 86, 95, 105, 114, 118, 118, 118, 118, 118, 118, 122, 122, 122, 122, 122, 122, 122, 122, 122, 122, 122, 122, 122, 122, 122, 122, 122, 122, 122, 122, 122, 122, 122, 122, 122, 122, 122, 122, 122, 122, 122, 122, 122, 122, 122, 122]}}, {"type": "Feature", "geometry": {"type": "Point", "coordinates": [-102.61094, 49.15377]}, "properties": {"twp": "002-05-W2", "prov": "SK", "total": 32, "first": 1902, "cum": [0, 0, 0, 0, 0, 0, 0, 0, 0, 0, 0, 0, 0, 0, 0, 0, 0, 0, 0, 0, 0, 32, 32, 32, 32, 32, 32, 32, 32, 32, 32, 32, 32, 32, 32, 32, 32, 32, 32, 32, 32, 32, 32, 32, 32, 32, 32, 32, 32, 32, 32, 32, 32, 32, 32, 32, 32, 32, 32, 32, 32, 32, 32, 32], "psum": [0, 0, 0, 0, 0, 0, 0, 0, 0, 0, 0, 0, 0, 0, 0, 0, 0, 0, 0, 0, 0, 0, 0, 0, 0, 0, 0, 0, 0, 0, 0, 0, 0, 0, 0, 0, 0, 0, 0, 0, 0, 0, 0, 0, 0, 0, 0, 0, 0, 0, 0, 0, 0, 0, 0, 0, 0, 0, 0, 0, 0, 0, 0, 0], "pcnt": [0, 0, 0, 0, 0, 0, 0, 0, 0, 0, 0, 0, 0, 0, 0, 0, 0, 0, 0, 0, 0, 0, 0, 0, 0, 0, 0, 0, 0, 0, 0, 0, 0, 0, 0, 0, 0, 0, 0, 0, 0, 0, 0, 0, 0, 0, 0, 0, 0, 0, 0, 0, 0, 0, 0, 0, 0, 0, 0, 0, 0, 0, 0, 0]}}, {"type": "Feature", "geometry": {"type": "Point", "coordinates": [-102.47518, 49.13125]}, "properties": {"twp": "002-04-W2", "prov": "SK", "total": 61, "first": 1894, "cum": [0, 0, 0, 0, 0, 0, 0, 0, 0, 0, 0, 0, 0, 1, 1, 1, 1, 1, 1, 3, 24, 61, 61, 61, 61, 61, 61, 61, 61, 61, 61, 61, 61, 61, 61, 61, 61, 61, 61, 61, 61, 61, 61, 61, 61, 61, 61, 61, 61, 61, 61, 61, 61, 61, 61, 61, 61, 61, 61, 61, 61, 61, 61, 61], "psum": [0, 0, 0, 0, 0, 0, 0, 0, 0, 0, 0, 0, 0, 3.0, 3.0, 3.0, 3.0, 3.0, 3.0, 9.0, 72.0, 72.0, 72.0, 72.0, 72.0, 72.0, 72.0, 72.0, 72.0, 72.0, 72.0, 72.0, 72.0, 72.0, 72.0, 72.0, 72.0, 72.0, 72.0, 72.0, 72.0, 72.0, 72.0, 72.0, 72.0, 72.0, 72.0, 72.0, 72.0, 72.0, 72.0, 72.0, 72.0, 72.0, 72.0, 72.0, 72.0, 72.0, 72.0, 72.0, 72.0, 72.0, 72.0, 72.0], "pcnt": [0, 0, 0, 0, 0, 0, 0, 0, 0, 0, 0, 0, 0, 1, 1, 1, 1, 1, 1, 3, 24, 24, 24, 24, 24, 24, 24, 24, 24, 24, 24, 24, 24, 24, 24, 24, 24, 24, 24, 24, 24, 24, 24, 24, 24, 24, 24, 24, 24, 24, 24, 24, 24, 24, 24, 24, 24, 24, 24, 24, 24, 24, 24, 24]}}, {"type": "Feature", "geometry": {"type": "Point", "coordinates": [-102.33538, 49.12927]}, "properties": {"twp": "002-03-W2", "prov": "SK", "total": 92, "first": 1900, "cum": [0, 0, 0, 0, 0, 0, 0, 0, 0, 0, 0, 0, 0, 0, 0, 0, 0, 0, 0, 1, 80, 92, 92, 92, 92, 92, 92, 92, 92, 92, 92, 92, 92, 92, 92, 92, 92, 92, 92, 92, 92, 92, 92, 92, 92, 92, 92, 92, 92, 92, 92, 92, 92, 92, 92, 92, 92, 92, 92, 92, 92, 92, 92, 92], "psum": [0, 0, 0, 0, 0, 0, 0, 0, 0, 0, 0, 0, 0, 0, 0, 0, 0, 0, 0, 3.0, 259.0, 259.0, 259.0, 259.0, 259.0, 259.0, 259.0, 259.0, 259.0, 259.0, 259.0, 259.0, 259.0, 259.0, 259.0, 259.0, 259.0, 259.0, 259.0, 259.0, 259.0, 259.0, 259.0, 259.0, 259.0, 259.0, 259.0, 259.0, 259.0, 259.0, 259.0, 259.0, 259.0, 259.0, 259.0, 259.0, 259.0, 259.0, 259.0, 259.0, 259.0, 259.0, 259.0, 259.0], "pcnt": [0, 0, 0, 0, 0, 0, 0, 0, 0, 0, 0, 0, 0, 0, 0, 0, 0, 0, 0, 1, 80, 80, 80, 80, 80, 80, 80, 80, 80, 80, 80, 80, 80, 80, 80, 80, 80, 80, 80, 80, 80, 80, 80, 80, 80, 80, 80, 80, 80, 80, 80, 80, 80, 80, 80, 80, 80, 80, 80, 80, 80, 80, 80, 80]}}, {"type": "Feature", "geometry": {"type": "Point", "coordinates": [-102.1947, 49.13699]}, "properties": {"twp": "002-02-W2", "prov": "SK", "total": 97, "first": 1889, "cum": [0, 0, 0, 0, 0, 0, 0, 0, 2, 2, 2, 34, 34, 34, 34, 34, 43, 54, 72, 85, 97, 97, 97, 97, 97, 97, 97, 97, 97, 97, 97, 97, 97, 97, 97, 97, 97, 97, 97, 97, 97, 97, 97, 97, 97, 97, 97, 97, 97, 97, 97, 97, 97, 97, 97, 97, 97, 97, 97, 97, 97, 97, 97, 97], "psum": [0, 0, 0, 0, 0, 0, 0, 0, 7.0, 7.0, 7.0, 109.0, 109.0, 109.0, 109.0, 109.0, 133.0, 166.0, 220.0, 256.0, 295.5, 295.5, 295.5, 295.5, 295.5, 295.5, 295.5, 295.5, 295.5, 295.5, 295.5, 295.5, 295.5, 295.5, 295.5, 295.5, 295.5, 295.5, 295.5, 295.5, 295.5, 295.5, 295.5, 295.5, 295.5, 295.5, 295.5, 295.5, 295.5, 295.5, 295.5, 295.5, 295.5, 295.5, 295.5, 295.5, 295.5, 295.5, 295.5, 295.5, 295.5, 295.5, 295.5, 295.5], "pcnt": [0, 0, 0, 0, 0, 0, 0, 0, 2, 2, 2, 34, 34, 34, 34, 34, 42, 53, 71, 83, 95, 95, 95, 95, 95, 95, 95, 95, 95, 95, 95, 95, 95, 95, 95, 95, 95, 95, 95, 95, 95, 95, 95, 95, 95, 95, 95, 95, 95, 95, 95, 95, 95, 95, 95, 95, 95, 95, 95, 95, 95, 95, 95, 95]}}, {"type": "Feature", "geometry": {"type": "Point", "coordinates": [-101.82848, 49.05028]}, "properties": {"twp": "001-33-W1", "prov": "SK", "total": 75, "first": 1892, "cum": [0, 0, 0, 0, 0, 0, 0, 0, 0, 0, 0, 9, 9, 9, 9, 9, 9, 10, 12, 28, 57, 75, 75, 75, 75, 75, 75, 75, 75, 75, 75, 75, 75, 75, 75, 75, 75, 75, 75, 75, 75, 75, 75, 75, 75, 75, 75, 75, 75, 75, 75, 75, 75, 75, 75, 75, 75, 75, 75, 75, 75, 75, 75, 75], "psum": [0, 0, 0, 0, 0, 0, 0, 0, 0, 0, 0, 27.0, 27.0, 27.0, 27.0, 27.0, 27.0, 30.0, 36.0, 84.0, 187.0, 254.0, 254.0, 254.0, 254.0, 254.0, 254.0, 254.0, 254.0, 254.0, 254.0, 254.0, 254.0, 254.0, 254.0, 254.0, 254.0, 254.0, 254.0, 254.0, 254.0, 254.0, 254.0, 254.0, 254.0, 254.0, 254.0, 254.0, 254.0, 254.0, 254.0, 254.0, 254.0, 254.0, 254.0, 254.0, 254.0, 254.0, 254.0, 254.0, 254.0, 254.0, 254.0, 254.0], "pcnt": [0, 0, 0, 0, 0, 0, 0, 0, 0, 0, 0, 9, 9, 9, 9, 9, 9, 10, 12, 28, 57, 75, 75, 75, 75, 75, 75, 75, 75, 75, 75, 75, 75, 75, 75, 75, 75, 75, 75, 75, 75, 75, 75, 75, 75, 75, 75, 75, 75, 75, 75, 75, 75, 75, 75, 75, 75, 75, 75, 75, 75, 75, 75, 75]}}, {"type": "Feature", "geometry": {"type": "Point", "coordinates": [-101.69176, 49.04429]}, "properties": {"twp": "001-32-W1", "prov": "SK", "total": 106, "first": 1892, "cum": [0, 0, 0, 0, 0, 0, 0, 0, 0, 0, 0, 9, 11, 11, 11, 11, 12, 22, 48, 72, 101, 106, 106, 106, 106, 106, 106, 106, 106, 106, 106, 106, 106, 106, 106, 106, 106, 106, 106, 106, 106, 106, 106, 106, 106, 106, 106, 106, 106, 106, 106, 106, 106, 106, 106, 106, 106, 106, 106, 106, 106, 106, 106, 106], "psum": [0, 0, 0, 0, 0, 0, 0, 0, 0, 0, 0, 27.0, 33.0, 33.0, 33.0, 33.0, 36.0, 66.0, 144.0, 216.0, 305.5, 323.0, 323.0, 323.0, 323.0, 323.0, 323.0, 323.0, 323.0, 323.0, 323.0, 323.0, 323.0, 323.0, 323.0, 323.0, 323.0, 323.0, 323.0, 323.0, 323.0, 323.0, 323.0, 323.0, 323.0, 323.0, 323.0, 323.0, 323.0, 323.0, 323.0, 323.0, 323.0, 323.0, 323.0, 323.0, 323.0, 323.0, 323.0, 323.0, 323.0, 323.0, 323.0, 323.0], "pcnt": [0, 0, 0, 0, 0, 0, 0, 0, 0, 0, 0, 9, 11, 11, 11, 11, 12, 22, 48, 72, 99, 104, 104, 104, 104, 104, 104, 104, 104, 104, 104, 104, 104, 104, 104, 104, 104, 104, 104, 104, 104, 104, 104, 104, 104, 104, 104, 104, 104, 104, 104, 104, 104, 104, 104, 104, 104, 104, 104, 104, 104, 104, 104, 104]}}, {"type": "Feature", "geometry": {"type": "Point", "coordinates": [-101.57121, 49.04628]}, "properties": {"twp": "001-31-W1", "prov": "SK", "total": 90, "first": 1888, "cum": [0, 0, 0, 0, 0, 0, 0, 3, 5, 5, 6, 21, 22, 22, 22, 22, 37, 54, 64, 77, 88, 88, 88, 90, 90, 90, 90, 90, 90, 90, 90, 90, 90, 90, 90, 90, 90, 90, 90, 90, 90, 90, 90, 90, 90, 90, 90, 90, 90, 90, 90, 90, 90, 90, 90, 90, 90, 90, 90, 90, 90, 90, 90, 90], "psum": [0, 0, 0, 0, 0, 0, 0, 10.5, 18.0, 18.0, 22.0, 73.5, 77.0, 77.0, 77.0, 77.0, 124.5, 180.0, 205.5, 240.0, 277.5, 277.5, 277.5, 283.5, 283.5, 283.5, 283.5, 283.5, 283.5, 283.5, 283.5, 283.5, 283.5, 283.5, 283.5, 283.5, 283.5, 283.5, 283.5, 283.5, 283.5, 283.5, 283.5, 283.5, 283.5, 283.5, 283.5, 283.5, 283.5, 283.5, 283.5, 283.5, 283.5, 283.5, 283.5, 283.5, 283.5, 283.5, 283.5, 283.5, 283.5, 283.5, 283.5, 283.5], "pcnt": [0, 0, 0, 0, 0, 0, 0, 3, 5, 5, 6, 21, 22, 22, 22, 22, 37, 54, 62, 73, 84, 84, 84, 86, 86, 86, 86, 86, 86, 86, 86, 86, 86, 86, 86, 86, 86, 86, 86, 86, 86, 86, 86, 86, 86, 86, 86, 86, 86, 86, 86, 86, 86, 86, 86, 86, 86, 86, 86, 86, 86, 86, 86, 86]}}, {"type": "Feature", "geometry": {"type": "Point", "coordinates": [-102.1968, 49.04565]}, "properties": {"twp": "001-02-W2", "prov": "SK", "total": 91, "first": 1889, "cum": [0, 0, 0, 0, 0, 0, 0, 0, 8, 8, 8, 46, 46, 46, 46, 48, 59, 66, 74, 77, 91, 91, 91, 91, 91, 91, 91, 91, 91, 91, 91, 91, 91, 91, 91, 91, 91, 91, 91, 91, 91, 91, 91, 91, 91, 91, 91, 91, 91, 91, 91, 91, 91, 91, 91, 91, 91, 91, 91, 91, 91, 91, 91, 91], "psum": [0, 0, 0, 0, 0, 0, 0, 0, 29.0, 29.0, 29.0, 154.0, 154.0, 154.0, 154.0, 160.0, 193.0, 214.0, 238.0, 244.0, 294.5, 294.5, 294.5, 294.5, 294.5, 294.5, 294.5, 294.5, 294.5, 294.5, 294.5, 294.5, 294.5, 294.5, 294.5, 294.5, 294.5, 294.5, 294.5, 294.5, 294.5, 294.5, 294.5, 294.5, 294.5, 294.5, 294.5, 294.5, 294.5, 294.5, 294.5, 294.5, 294.5, 294.5, 294.5, 294.5, 294.5, 294.5, 294.5, 294.5, 294.5, 294.5, 294.5, 294.5], "pcnt": [0, 0, 0, 0, 0, 0, 0, 0, 8, 8, 8, 46, 46, 46, 46, 48, 59, 66, 74, 76, 90, 90, 90, 90, 90, 90, 90, 90, 90, 90, 90, 90, 90, 90, 90, 90, 90, 90, 90, 90, 90, 90, 90, 90, 90, 90, 90, 90, 90, 90, 90, 90, 90, 90, 90, 90, 90, 90, 90, 90, 90, 90, 90, 90]}}, {"type": "Feature", "geometry": {"type": "Point", "coordinates": [-102.06794, 49.06319]}, "properties": {"twp": "001-01-W2", "prov": "SK", "total": 45, "first": 1891, "cum": [0, 0, 0, 0, 0, 0, 0, 0, 0, 0, 4, 24, 24, 24, 24, 24, 26, 32, 39, 42, 45, 45, 45, 45, 45, 45, 45, 45, 45, 45, 45, 45, 45, 45, 45, 45, 45, 45, 45, 45, 45, 45, 45, 45, 45, 45, 45, 45, 45, 45, 45, 45, 45, 45, 45, 45, 45, 45, 45, 45, 45, 45, 45, 45], "psum": [0, 0, 0, 0, 0, 0, 0, 0, 0, 0, 16.0, 79.5, 79.5, 79.5, 79.5, 79.5, 92.5, 107.5, 125.5, 134.5, 144.5, 144.5, 144.5, 144.5, 144.5, 144.5, 144.5, 144.5, 144.5, 144.5, 144.5, 144.5, 144.5, 144.5, 144.5, 144.5, 144.5, 144.5, 144.5, 144.5, 144.5, 144.5, 144.5, 144.5, 144.5, 144.5, 144.5, 144.5, 144.5, 144.5, 144.5, 144.5, 144.5, 144.5, 144.5, 144.5, 144.5, 144.5, 144.5, 144.5, 144.5, 144.5, 144.5, 144.5], "pcnt": [0, 0, 0, 0, 0, 0, 0, 0, 0, 0, 4, 24, 24, 24, 24, 24, 26, 31, 37, 40, 43, 43, 43, 43, 43, 43, 43, 43, 43, 43, 43, 43, 43, 43, 43, 43, 43, 43, 43, 43, 43, 43, 43, 43, 43, 43, 43, 43, 43, 43, 43, 43, 43, 43, 43, 43, 43, 43, 43, 43, 43, 43, 43, 43]}}, {"type": "Feature", "geometry": {"type": "Point", "coordinates": [-102.77834, 49.93565]}, "properties": {"twp": "011-06-W2", "prov": "SK", "total": 40, "first": 1903, "cum": [0, 0, 0, 0, 0, 0, 0, 0, 0, 0, 0, 0, 0, 0, 0, 0, 0, 0, 0, 0, 0, 0, 1, 1, 1, 16, 19, 19, 19, 20, 39, 40, 40, 40, 40, 40, 40, 40, 40, 40, 40, 40, 40, 40, 40, 40, 40, 40, 40, 40, 40, 40, 40, 40, 40, 40, 40, 40, 40, 40, 40, 40, 40, 40], "psum": [0, 0, 0, 0, 0, 0, 0, 0, 0, 0, 0, 0, 0, 0, 0, 0, 0, 0, 0, 0, 0, 0, 3.0, 3.0, 3.0, 112.0, 148.0, 148.0, 148.0, 158.0, 416.0, 428.0, 428.0, 428.0, 428.0, 428.0, 428.0, 428.0, 428.0, 428.0, 428.0, 428.0, 428.0, 428.0, 428.0, 428.0, 428.0, 428.0, 428.0, 428.0, 428.0, 428.0, 428.0, 428.0, 428.0, 428.0, 428.0, 428.0, 428.0, 428.0, 428.0, 428.0, 428.0, 428.0], "pcnt": [0, 0, 0, 0, 0, 0, 0, 0, 0, 0, 0, 0, 0, 0, 0, 0, 0, 0, 0, 0, 0, 0, 1, 1, 1, 16, 19, 19, 19, 20, 39, 40, 40, 40, 40, 40, 40, 40, 40, 40, 40, 40, 40, 40, 40, 40, 40, 40, 40, 40, 40, 40, 40, 40, 40, 40, 40, 40, 40, 40, 40, 40, 40, 40]}}, {"type": "Feature", "geometry": {"type": "Point", "coordinates": [-102.36325, 49.92635]}, "properties": {"twp": "011-03-W2", "prov": "SK", "total": 19, "first": 1896, "cum": [0, 0, 0, 0, 0, 0, 0, 0, 0, 0, 0, 0, 0, 0, 0, 1, 1, 1, 2, 2, 2, 4, 7, 7, 7, 12, 14, 15, 16, 16, 19, 19, 19, 19, 19, 19, 19, 19, 19, 19, 19, 19, 19, 19, 19, 19, 19, 19, 19, 19, 19, 19, 19, 19, 19, 19, 19, 19, 19, 19, 19, 19, 19, 19], "psum": [0, 0, 0, 0, 0, 0, 0, 0, 0, 0, 0, 0, 0, 0, 0, 10.0, 10.0, 10.0, 13.0, 13.0, 13.0, 23.0, 40.5, 40.5, 40.5, 80.0, 100.0, 110.0, 120.0, 120.0, 156.0, 156.0, 156.0, 156.0, 156.0, 156.0, 156.0, 156.0, 156.0, 156.0, 156.0, 156.0, 156.0, 156.0, 156.0, 156.0, 156.0, 156.0, 156.0, 156.0, 156.0, 156.0, 156.0, 156.0, 156.0, 156.0, 156.0, 156.0, 156.0, 156.0, 156.0, 156.0, 156.0, 156.0], "pcnt": [0, 0, 0, 0, 0, 0, 0, 0, 0, 0, 0, 0, 0, 0, 0, 1, 1, 1, 2, 2, 2, 4, 7, 7, 7, 12, 14, 15, 16, 16, 19, 19, 19, 19, 19, 19, 19, 19, 19, 19, 19, 19, 19, 19, 19, 19, 19, 19, 19, 19, 19, 19, 19, 19, 19, 19, 19, 19, 19, 19, 19, 19, 19, 19]}}, {"type": "Feature", "geometry": {"type": "Point", "coordinates": [-109.34127, 53.61712]}, "properties": {"twp": "053-23-W3", "prov": "SK", "total": 1, "first": 1909, "cum": [0, 0, 0, 0, 0, 0, 0, 0, 0, 0, 0, 0, 0, 0, 0, 0, 0, 0, 0, 0, 0, 0, 0, 0, 0, 0, 0, 0, 1, 1, 1, 1, 1, 1, 1, 1, 1, 1, 1, 1, 1, 1, 1, 1, 1, 1, 1, 1, 1, 1, 1, 1, 1, 1, 1, 1, 1, 1, 1, 1, 1, 1, 1, 1], "psum": [0, 0, 0, 0, 0, 0, 0, 0, 0, 0, 0, 0, 0, 0, 0, 0, 0, 0, 0, 0, 0, 0, 0, 0, 0, 0, 0, 0, 10.0, 10.0, 10.0, 10.0, 10.0, 10.0, 10.0, 10.0, 10.0, 10.0, 10.0, 10.0, 10.0, 10.0, 10.0, 10.0, 10.0, 10.0, 10.0, 10.0, 10.0, 10.0, 10.0, 10.0, 10.0, 10.0, 10.0, 10.0, 10.0, 10.0, 10.0, 10.0, 10.0, 10.0, 10.0, 10.0], "pcnt": [0, 0, 0, 0, 0, 0, 0, 0, 0, 0, 0, 0, 0, 0, 0, 0, 0, 0, 0, 0, 0, 0, 0, 0, 0, 0, 0, 0, 1, 1, 1, 1, 1, 1, 1, 1, 1, 1, 1, 1, 1, 1, 1, 1, 1, 1, 1, 1, 1, 1, 1, 1, 1, 1, 1, 1, 1, 1, 1, 1, 1, 1, 1, 1]}}, {"type": "Feature", "geometry": {"type": "Point", "coordinates": [-109.60149, 53.22312]}, "properties": {"twp": "049-25-W3", "prov": "SK", "total": 38, "first": 1902, "cum": [0, 0, 0, 0, 0, 0, 0, 0, 0, 0, 0, 0, 0, 0, 0, 0, 0, 0, 0, 0, 0, 28, 28, 28, 30, 32, 33, 33, 37, 38, 38, 38, 38, 38, 38, 38, 38, 38, 38, 38, 38, 38, 38, 38, 38, 38, 38, 38, 38, 38, 38, 38, 38, 38, 38, 38, 38, 38, 38, 38, 38, 38, 38, 38], "psum": [0, 0, 0, 0, 0, 0, 0, 0, 0, 0, 0, 0, 0, 0, 0, 0, 0, 0, 0, 0, 0, 98.0, 98.0, 98.0, 112.0, 132.0, 147.0, 147.0, 197.0, 209.0, 209.0, 209.0, 209.0, 209.0, 209.0, 209.0, 209.0, 209.0, 209.0, 209.0, 209.0, 209.0, 209.0, 209.0, 209.0, 209.0, 209.0, 209.0, 209.0, 209.0, 209.0, 209.0, 209.0, 209.0, 209.0, 209.0, 209.0, 209.0, 209.0, 209.0, 209.0, 209.0, 209.0, 209.0], "pcnt": [0, 0, 0, 0, 0, 0, 0, 0, 0, 0, 0, 0, 0, 0, 0, 0, 0, 0, 0, 0, 0, 28, 28, 28, 30, 32, 33, 33, 37, 38, 38, 38, 38, 38, 38, 38, 38, 38, 38, 38, 38, 38, 38, 38, 38, 38, 38, 38, 38, 38, 38, 38, 38, 38, 38, 38, 38, 38, 38, 38, 38, 38, 38, 38]}}, {"type": "Feature", "geometry": {"type": "Point", "coordinates": [-109.28443, 53.22835]}, "properties": {"twp": "049-23-W3", "prov": "SK", "total": 12, "first": 1903, "cum": [0, 0, 0, 0, 0, 0, 0, 0, 0, 0, 0, 0, 0, 0, 0, 0, 0, 0, 0, 0, 0, 0, 2, 2, 2, 2, 3, 4, 4, 8, 12, 12, 12, 12, 12, 12, 12, 12, 12, 12, 12, 12, 12, 12, 12, 12, 12, 12, 12, 12, 12, 12, 12, 12, 12, 12, 12, 12, 12, 12, 12, 12, 12, 12], "psum": [0, 0, 0, 0, 0, 0, 0, 0, 0, 0, 0, 0, 0, 0, 0, 0, 0, 0, 0, 0, 0, 0, 11.0, 11.0, 11.0, 11.0, 21.0, 31.0, 31.0, 76.0, 138.0, 138.0, 138.0, 138.0, 138.0, 138.0, 138.0, 138.0, 138.0, 138.0, 138.0, 138.0, 138.0, 138.0, 138.0, 138.0, 138.0, 138.0, 138.0, 138.0, 138.0, 138.0, 138.0, 138.0, 138.0, 138.0, 138.0, 138.0, 138.0, 138.0, 138.0, 138.0, 138.0, 138.0], "pcnt": [0, 0, 0, 0, 0, 0, 0, 0, 0, 0, 0, 0, 0, 0, 0, 0, 0, 0, 0, 0, 0, 0, 2, 2, 2, 2, 3, 4, 4, 8, 12, 12, 12, 12, 12, 12, 12, 12, 12, 12, 12, 12, 12, 12, 12, 12, 12, 12, 12, 12, 12, 12, 12, 12, 12, 12, 12, 12, 12, 12, 12, 12, 12, 12]}}, {"type": "Feature", "geometry": {"type": "Point", "coordinates": [-108.74099, 53.06157]}, "properties": {"twp": "047-19-W3", "prov": "SK", "total": 16, "first": 1910, "cum": [0, 0, 0, 0, 0, 0, 0, 0, 0, 0, 0, 0, 0, 0, 0, 0, 0, 0, 0, 0, 0, 0, 0, 0, 0, 0, 0, 0, 0, 13, 16, 16, 16, 16, 16, 16, 16, 16, 16, 16, 16, 16, 16, 16, 16, 16, 16, 16, 16, 16, 16, 16, 16, 16, 16, 16, 16, 16, 16, 16, 16, 16, 16, 16], "psum": [0, 0, 0, 0, 0, 0, 0, 0, 0, 0, 0, 0, 0, 0, 0, 0, 0, 0, 0, 0, 0, 0, 0, 0, 0, 0, 0, 0, 0, 135.0, 173.0, 173.0, 173.0, 173.0, 173.0, 173.0, 173.0, 173.0, 173.0, 173.0, 173.0, 173.0, 173.0, 173.0, 173.0, 173.0, 173.0, 173.0, 173.0, 173.0, 173.0, 173.0, 173.0, 173.0, 173.0, 173.0, 173.0, 173.0, 173.0, 173.0, 173.0, 173.0, 173.0, 173.0], "pcnt": [0, 0, 0, 0, 0, 0, 0, 0, 0, 0, 0, 0, 0, 0, 0, 0, 0, 0, 0, 0, 0, 0, 0, 0, 0, 0, 0, 0, 0, 13, 16, 16, 16, 16, 16, 16, 16, 16, 16, 16, 16, 16, 16, 16, 16, 16, 16, 16, 16, 16, 16, 16, 16, 16, 16, 16, 16, 16, 16, 16, 16, 16, 16, 16]}}, {"type": "Feature", "geometry": {"type": "Point", "coordinates": [-108.25509, 52.97053]}, "properties": {"twp": "046-16-W3", "prov": "SK", "total": 30, "first": 1897, "cum": [0, 0, 0, 0, 0, 0, 0, 0, 0, 0, 0, 0, 0, 0, 0, 0, 1, 1, 1, 1, 1, 9, 25, 25, 25, 27, 27, 27, 27, 29, 30, 30, 30, 30, 30, 30, 30, 30, 30, 30, 30, 30, 30, 30, 30, 30, 30, 30, 30, 30, 30, 30, 30, 30, 30, 30, 30, 30, 30, 30, 30, 30, 30, 30], "psum": [0, 0, 0, 0, 0, 0, 0, 0, 0, 0, 0, 0, 0, 0, 0, 0, 3.0, 3.0, 3.0, 3.0, 3.0, 18.0, 110.0, 110.0, 110.0, 123.0, 123.0, 123.0, 123.0, 135.0, 149.0, 149.0, 149.0, 149.0, 149.0, 149.0, 149.0, 149.0, 149.0, 149.0, 149.0, 149.0, 149.0, 149.0, 149.0, 149.0, 149.0, 149.0, 149.0, 149.0, 149.0, 149.0, 149.0, 149.0, 149.0, 149.0, 149.0, 149.0, 149.0, 149.0, 149.0, 149.0, 149.0, 149.0], "pcnt": [0, 0, 0, 0, 0, 0, 0, 0, 0, 0, 0, 0, 0, 0, 0, 0, 1, 1, 1, 1, 1, 5, 21, 21, 21, 23, 23, 23, 23, 25, 26, 26, 26, 26, 26, 26, 26, 26, 26, 26, 26, 26, 26, 26, 26, 26, 26, 26, 26, 26, 26, 26, 26, 26, 26, 26, 26, 26, 26, 26, 26, 26, 26, 26]}}, {"type": "Feature", "geometry": {"type": "Point", "coordinates": [-108.87128, 52.91358]}, "properties": {"twp": "045-20-W3", "prov": "SK", "total": 9, "first": 1904, "cum": [0, 0, 0, 0, 0, 0, 0, 0, 0, 0, 0, 0, 0, 0, 0, 0, 0, 0, 0, 0, 0, 0, 0, 1, 1, 1, 1, 1, 1, 7, 9, 9, 9, 9, 9, 9, 9, 9, 9, 9, 9, 9, 9, 9, 9, 9, 9, 9, 9, 9, 9, 9, 9, 9, 9, 9, 9, 9, 9, 9, 9, 9, 9, 9], "psum": [0, 0, 0, 0, 0, 0, 0, 0, 0, 0, 0, 0, 0, 0, 0, 0, 0, 0, 0, 0, 0, 0, 0, 5.5, 5.5, 5.5, 5.5, 5.5, 5.5, 55.5, 77.5, 77.5, 77.5, 77.5, 77.5, 77.5, 77.5, 77.5, 77.5, 77.5, 77.5, 77.5, 77.5, 77.5, 77.5, 77.5, 77.5, 77.5, 77.5, 77.5, 77.5, 77.5, 77.5, 77.5, 77.5, 77.5, 77.5, 77.5, 77.5, 77.5, 77.5, 77.5, 77.5, 77.5], "pcnt": [0, 0, 0, 0, 0, 0, 0, 0, 0, 0, 0, 0, 0, 0, 0, 0, 0, 0, 0, 0, 0, 0, 0, 1, 1, 1, 1, 1, 1, 7, 9, 9, 9, 9, 9, 9, 9, 9, 9, 9, 9, 9, 9, 9, 9, 9, 9, 9, 9, 9, 9, 9, 9, 9, 9, 9, 9, 9, 9, 9, 9, 9, 9, 9]}}, {"type": "Feature", "geometry": {"type": "Point", "coordinates": [-108.28212, 52.88692]}, "properties": {"twp": "045-16-W3", "prov": "SK", "total": 45, "first": 1902, "cum": [0, 0, 0, 0, 0, 0, 0, 0, 0, 0, 0, 0, 0, 0, 0, 0, 0, 0, 0, 0, 0, 39, 42, 42, 45, 45, 45, 45, 45, 45, 45, 45, 45, 45, 45, 45, 45, 45, 45, 45, 45, 45, 45, 45, 45, 45, 45, 45, 45, 45, 45, 45, 45, 45, 45, 45, 45, 45, 45, 45, 45, 45, 45, 45], "psum": [0, 0, 0, 0, 0, 0, 0, 0, 0, 0, 0, 0, 0, 0, 0, 0, 0, 0, 0, 0, 0, 156.0, 168.0, 168.0, 186.0, 186.0, 186.0, 186.0, 186.0, 186.0, 186.0, 186.0, 186.0, 186.0, 186.0, 186.0, 186.0, 186.0, 186.0, 186.0, 186.0, 186.0, 186.0, 186.0, 186.0, 186.0, 186.0, 186.0, 186.0, 186.0, 186.0, 186.0, 186.0, 186.0, 186.0, 186.0, 186.0, 186.0, 186.0, 186.0, 186.0, 186.0, 186.0, 186.0], "pcnt": [0, 0, 0, 0, 0, 0, 0, 0, 0, 0, 0, 0, 0, 0, 0, 0, 0, 0, 0, 0, 0, 39, 42, 42, 45, 45, 45, 45, 45, 45, 45, 45, 45, 45, 45, 45, 45, 45, 45, 45, 45, 45, 45, 45, 45, 45, 45, 45, 45, 45, 45, 45, 45, 45, 45, 45, 45, 45, 45, 45, 45, 45, 45, 45]}}, {"type": "Feature", "geometry": {"type": "Point", "coordinates": [-109.83204, 52.81844]}, "properties": {"twp": "044-27-W3", "prov": "SK", "total": 4, "first": 1910, "cum": [0, 0, 0, 0, 0, 0, 0, 0, 0, 0, 0, 0, 0, 0, 0, 0, 0, 0, 0, 0, 0, 0, 0, 0, 0, 0, 0, 0, 0, 4, 4, 4, 4, 4, 4, 4, 4, 4, 4, 4, 4, 4, 4, 4, 4, 4, 4, 4, 4, 4, 4, 4, 4, 4, 4, 4, 4, 4, 4, 4, 4, 4, 4, 4], "psum": [0, 0, 0, 0, 0, 0, 0, 0, 0, 0, 0, 0, 0, 0, 0, 0, 0, 0, 0, 0, 0, 0, 0, 0, 0, 0, 0, 0, 0, 57.0, 57.0, 57.0, 57.0, 57.0, 57.0, 57.0, 57.0, 57.0, 57.0, 57.0, 57.0, 57.0, 57.0, 57.0, 57.0, 57.0, 57.0, 57.0, 57.0, 57.0, 57.0, 57.0, 57.0, 57.0, 57.0, 57.0, 57.0, 57.0, 57.0, 57.0, 57.0, 57.0, 57.0, 57.0], "pcnt": [0, 0, 0, 0, 0, 0, 0, 0, 0, 0, 0, 0, 0, 0, 0, 0, 0, 0, 0, 0, 0, 0, 0, 0, 0, 0, 0, 0, 0, 4, 4, 4, 4, 4, 4, 4, 4, 4, 4, 4, 4, 4, 4, 4, 4, 4, 4, 4, 4, 4, 4, 4, 4, 4, 4, 4, 4, 4, 4, 4, 4, 4, 4, 4]}}, {"type": "Feature", "geometry": {"type": "Point", "coordinates": [-108.83509, 52.71699]}, "properties": {"twp": "043-20-W3", "prov": "SK", "total": 58, "first": 1903, "cum": [0, 0, 0, 0, 0, 0, 0, 0, 0, 0, 0, 0, 0, 0, 0, 0, 0, 0, 0, 0, 0, 0, 8, 13, 49, 54, 54, 55, 55, 56, 58, 58, 58, 58, 58, 58, 58, 58, 58, 58, 58, 58, 58, 58, 58, 58, 58, 58, 58, 58, 58, 58, 58, 58, 58, 58, 58, 58, 58, 58, 58, 58, 58, 58], "psum": [0, 0, 0, 0, 0, 0, 0, 0, 0, 0, 0, 0, 0, 0, 0, 0, 0, 0, 0, 0, 0, 0, 32.0, 62.0, 272.0, 314.0, 314.0, 324.0, 324.0, 341.0, 393.4, 393.4, 393.4, 393.4, 393.4, 393.4, 393.4, 393.4, 393.4, 393.4, 393.4, 393.4, 393.4, 393.4, 393.4, 393.4, 393.4, 393.4, 393.4, 393.4, 393.4, 393.4, 393.4, 393.4, 393.4, 393.4, 393.4, 393.4, 393.4, 393.4, 393.4, 393.4, 393.4, 393.4], "pcnt": [0, 0, 0, 0, 0, 0, 0, 0, 0, 0, 0, 0, 0, 0, 0, 0, 0, 0, 0, 0, 0, 0, 8, 13, 49, 54, 54, 55, 55, 56, 58, 58, 58, 58, 58, 58, 58, 58, 58, 58, 58, 58, 58, 58, 58, 58, 58, 58, 58, 58, 58, 58, 58, 58, 58, 58, 58, 58, 58, 58, 58, 58, 58, 58]}}, {"type": "Feature", "geometry": {"type": "Point", "coordinates": [-108.11587, 52.71173]}, "properties": {"twp": "043-15-W3", "prov": "SK", "total": 57, "first": 1902, "cum": [0, 0, 0, 0, 0, 0, 0, 0, 0, 0, 0, 0, 0, 0, 0, 0, 0, 0, 0, 0, 0, 43, 43, 46, 46, 49, 51, 51, 51, 57, 57, 57, 57, 57, 57, 57, 57, 57, 57, 57, 57, 57, 57, 57, 57, 57, 57, 57, 57, 57, 57, 57, 57, 57, 57, 57, 57, 57, 57, 57, 57, 57, 57, 57], "psum": [0, 0, 0, 0, 0, 0, 0, 0, 0, 0, 0, 0, 0, 0, 0, 0, 0, 0, 0, 0, 0, 150.5, 150.5, 168.5, 168.5, 186.5, 198.5, 198.5, 198.5, 228.7, 228.7, 228.7, 228.7, 228.7, 228.7, 228.7, 228.7, 228.7, 228.7, 228.7, 228.7, 228.7, 228.7, 228.7, 228.7, 228.7, 228.7, 228.7, 228.7, 228.7, 228.7, 228.7, 228.7, 228.7, 228.7, 228.7, 228.7, 228.7, 228.7, 228.7, 228.7, 228.7, 228.7, 228.7], "pcnt": [0, 0, 0, 0, 0, 0, 0, 0, 0, 0, 0, 0, 0, 0, 0, 0, 0, 0, 0, 0, 0, 43, 43, 46, 46, 49, 51, 51, 51, 57, 57, 57, 57, 57, 57, 57, 57, 57, 57, 57, 57, 57, 57, 57, 57, 57, 57, 57, 57, 57, 57, 57, 57, 57, 57, 57, 57, 57, 57, 57, 57, 57, 57, 57]}}, {"type": "Feature", "geometry": {"type": "Point", "coordinates": [-107.39513, 52.71138]}, "properties": {"twp": "043-10-W3", "prov": "SK", "total": 37, "first": 1907, "cum": [0, 0, 0, 0, 0, 0, 0, 0, 0, 0, 0, 0, 0, 0, 0, 0, 0, 0, 0, 0, 0, 0, 0, 0, 0, 0, 1, 2, 3, 18, 37, 37, 37, 37, 37, 37, 37, 37, 37, 37, 37, 37, 37, 37, 37, 37, 37, 37, 37, 37, 37, 37, 37, 37, 37, 37, 37, 37, 37, 37, 37, 37, 37, 37], "psum": [0, 0, 0, 0, 0, 0, 0, 0, 0, 0, 0, 0, 0, 0, 0, 0, 0, 0, 0, 0, 0, 0, 0, 0, 0, 0, 10.0, 20.0, 40.0, 209.0, 453.0, 453.0, 453.0, 453.0, 453.0, 453.0, 453.0, 453.0, 453.0, 453.0, 453.0, 453.0, 453.0, 453.0, 453.0, 453.0, 453.0, 453.0, 453.0, 453.0, 453.0, 453.0, 453.0, 453.0, 453.0, 453.0, 453.0, 453.0, 453.0, 453.0, 453.0, 453.0, 453.0, 453.0], "pcnt": [0, 0, 0, 0, 0, 0, 0, 0, 0, 0, 0, 0, 0, 0, 0, 0, 0, 0, 0, 0, 0, 0, 0, 0, 0, 0, 1, 2, 3, 18, 37, 37, 37, 37, 37, 37, 37, 37, 37, 37, 37, 37, 37, 37, 37, 37, 37, 37, 37, 37, 37, 37, 37, 37, 37, 37, 37, 37, 37, 37, 37, 37, 37, 37]}}, {"type": "Feature", "geometry": {"type": "Point", "coordinates": [-108.23828, 52.63335]}, "properties": {"twp": "042-16-W3", "prov": "SK", "total": 39, "first": 1893, "cum": [0, 0, 0, 0, 0, 0, 0, 0, 0, 0, 0, 0, 1, 1, 1, 1, 1, 1, 1, 1, 4, 9, 15, 16, 19, 25, 28, 31, 31, 33, 39, 39, 39, 39, 39, 39, 39, 39, 39, 39, 39, 39, 39, 39, 39, 39, 39, 39, 39, 39, 39, 39, 39, 39, 39, 39, 39, 39, 39, 39, 39, 39, 39, 39], "psum": [0, 0, 0, 0, 0, 0, 0, 0, 0, 0, 0, 0, 3.0, 3.0, 3.0, 3.0, 3.0, 3.0, 3.0, 3.0, 12.0, 29.5, 53.5, 59.5, 77.5, 118.5, 148.5, 183.5, 183.5, 193.3, 279.3, 279.3, 279.3, 279.3, 279.3, 279.3, 279.3, 279.3, 279.3, 279.3, 279.3, 279.3, 279.3, 279.3, 279.3, 279.3, 279.3, 279.3, 279.3, 279.3, 279.3, 279.3, 279.3, 279.3, 279.3, 279.3, 279.3, 279.3, 279.3, 279.3, 279.3, 279.3, 279.3, 279.3], "pcnt": [0, 0, 0, 0, 0, 0, 0, 0, 0, 0, 0, 0, 1, 1, 1, 1, 1, 1, 1, 1, 4, 9, 15, 16, 19, 25, 28, 31, 31, 33, 39, 39, 39, 39, 39, 39, 39, 39, 39, 39, 39, 39, 39, 39, 39, 39, 39, 39, 39, 39, 39, 39, 39, 39, 39, 39, 39, 39, 39, 39, 39, 39, 39, 39]}}, {"type": "Feature", "geometry": {"type": "Point", "coordinates": [-107.93546, 52.62972]}, "properties": {"twp": "042-14-W3", "prov": "SK", "total": 35, "first": 1902, "cum": [0, 0, 0, 0, 0, 0, 0, 0, 0, 0, 0, 0, 0, 0, 0, 0, 0, 0, 0, 0, 0, 13, 17, 17, 25, 26, 26, 34, 34, 34, 35, 35, 35, 35, 35, 35, 35, 35, 35, 35, 35, 35, 35, 35, 35, 35, 35, 35, 35, 35, 35, 35, 35, 35, 35, 35, 35, 35, 35, 35, 35, 35, 35, 35], "psum": [0, 0, 0, 0, 0, 0, 0, 0, 0, 0, 0, 0, 0, 0, 0, 0, 0, 0, 0, 0, 0, 47.5, 71.5, 71.5, 119.5, 127.5, 127.5, 155.5, 155.5, 155.5, 177.5, 177.5, 177.5, 177.5, 177.5, 177.5, 177.5, 177.5, 177.5, 177.5, 177.5, 177.5, 177.5, 177.5, 177.5, 177.5, 177.5, 177.5, 177.5, 177.5, 177.5, 177.5, 177.5, 177.5, 177.5, 177.5, 177.5, 177.5, 177.5, 177.5, 177.5, 177.5, 177.5, 177.5], "pcnt": [0, 0, 0, 0, 0, 0, 0, 0, 0, 0, 0, 0, 0, 0, 0, 0, 0, 0, 0, 0, 0, 13, 17, 17, 25, 26, 26, 34, 34, 34, 35, 35, 35, 35, 35, 35, 35, 35, 35, 35, 35, 35, 35, 35, 35, 35, 35, 35, 35, 35, 35, 35, 35, 35, 35, 35, 35, 35, 35, 35, 35, 35, 35, 35]}}, {"type": "Feature", "geometry": {"type": "Point", "coordinates": [-107.25611, 52.60729]}, "properties": {"twp": "042-09-W3", "prov": "SK", "total": 35, "first": 1906, "cum": [0, 0, 0, 0, 0, 0, 0, 0, 0, 0, 0, 0, 0, 0, 0, 0, 0, 0, 0, 0, 0, 0, 0, 0, 0, 1, 9, 20, 20, 27, 35, 35, 35, 35, 35, 35, 35, 35, 35, 35, 35, 35, 35, 35, 35, 35, 35, 35, 35, 35, 35, 35, 35, 35, 35, 35, 35, 35, 35, 35, 35, 35, 35, 35], "psum": [0, 0, 0, 0, 0, 0, 0, 0, 0, 0, 0, 0, 0, 0, 0, 0, 0, 0, 0, 0, 0, 0, 0, 0, 0, 10.0, 90.0, 200.0, 200.0, 276.0, 369.0, 369.0, 369.0, 369.0, 369.0, 369.0, 369.0, 369.0, 369.0, 369.0, 369.0, 369.0, 369.0, 369.0, 369.0, 369.0, 369.0, 369.0, 369.0, 369.0, 369.0, 369.0, 369.0, 369.0, 369.0, 369.0, 369.0, 369.0, 369.0, 369.0, 369.0, 369.0, 369.0, 369.0], "pcnt": [0, 0, 0, 0, 0, 0, 0, 0, 0, 0, 0, 0, 0, 0, 0, 0, 0, 0, 0, 0, 0, 0, 0, 0, 0, 1, 9, 20, 20, 27, 35, 35, 35, 35, 35, 35, 35, 35, 35, 35, 35, 35, 35, 35, 35, 35, 35, 35, 35, 35, 35, 35, 35, 35, 35, 35, 35, 35, 35, 35, 35, 35, 35, 35]}}, {"type": "Feature", "geometry": {"type": "Point", "coordinates": [-107.52208, 52.53482]}, "properties": {"twp": "041-11-W3", "prov": "SK", "total": 56, "first": 1902, "cum": [0, 0, 0, 0, 0, 0, 0, 0, 0, 0, 0, 0, 0, 0, 0, 0, 0, 0, 0, 0, 0, 30, 30, 39, 41, 41, 41, 41, 41, 51, 56, 56, 56, 56, 56, 56, 56, 56, 56, 56, 56, 56, 56, 56, 56, 56, 56, 56, 56, 56, 56, 56, 56, 56, 56, 56, 56, 56, 56, 56, 56, 56, 56, 56], "psum": [0, 0, 0, 0, 0, 0, 0, 0, 0, 0, 0, 0, 0, 0, 0, 0, 0, 0, 0, 0, 0, 117.4, 117.4, 171.4, 183.4, 183.4, 183.4, 183.4, 183.4, 267.4, 313.4, 313.4, 313.4, 313.4, 313.4, 313.4, 313.4, 313.4, 313.4, 313.4, 313.4, 313.4, 313.4, 313.4, 313.4, 313.4, 313.4, 313.4, 313.4, 313.4, 313.4, 313.4, 313.4, 313.4, 313.4, 313.4, 313.4, 313.4, 313.4, 313.4, 313.4, 313.4, 313.4, 313.4], "pcnt": [0, 0, 0, 0, 0, 0, 0, 0, 0, 0, 0, 0, 0, 0, 0, 0, 0, 0, 0, 0, 0, 30, 30, 39, 41, 41, 41, 41, 41, 51, 56, 56, 56, 56, 56, 56, 56, 56, 56, 56, 56, 56, 56, 56, 56, 56, 56, 56, 56, 56, 56, 56, 56, 56, 56, 56, 56, 56, 56, 56, 56, 56, 56, 56]}}, {"type": "Feature", "geometry": {"type": "Point", "coordinates": [-107.20724, 52.44236]}, "properties": {"twp": "040-09-W3", "prov": "SK", "total": 70, "first": 1902, "cum": [0, 0, 0, 0, 0, 0, 0, 0, 0, 0, 0, 0, 0, 0, 0, 0, 0, 0, 0, 0, 0, 56, 60, 63, 64, 64, 64, 64, 64, 69, 69, 70, 70, 70, 70, 70, 70, 70, 70, 70, 70, 70, 70, 70, 70, 70, 70, 70, 70, 70, 70, 70, 70, 70, 70, 70, 70, 70, 70, 70, 70, 70, 70, 70], "psum": [0, 0, 0, 0, 0, 0, 0, 0, 0, 0, 0, 0, 0, 0, 0, 0, 0, 0, 0, 0, 0, 254.0, 272.3, 296.3, 302.3, 302.3, 302.3, 302.3, 302.3, 337.4, 337.4, 354.4, 354.4, 354.4, 354.4, 354.4, 354.4, 354.4, 354.4, 354.4, 354.4, 354.4, 354.4, 354.4, 354.4, 354.4, 354.4, 354.4, 354.4, 354.4, 354.4, 354.4, 354.4, 354.4, 354.4, 354.4, 354.4, 354.4, 354.4, 354.4, 354.4, 354.4, 354.4, 354.4], "pcnt": [0, 0, 0, 0, 0, 0, 0, 0, 0, 0, 0, 0, 0, 0, 0, 0, 0, 0, 0, 0, 0, 56, 60, 63, 64, 64, 64, 64, 64, 69, 69, 70, 70, 70, 70, 70, 70, 70, 70, 70, 70, 70, 70, 70, 70, 70, 70, 70, 70, 70, 70, 70, 70, 70, 70, 70, 70, 70, 70, 70, 70, 70, 70, 70]}}, {"type": "Feature", "geometry": {"type": "Point", "coordinates": [-107.96425, 52.36397]}, "properties": {"twp": "039-14-W3", "prov": "SK", "total": 18, "first": 1906, "cum": [0, 0, 0, 0, 0, 0, 0, 0, 0, 0, 0, 0, 0, 0, 0, 0, 0, 0, 0, 0, 0, 0, 0, 0, 0, 15, 15, 17, 17, 18, 18, 18, 18, 18, 18, 18, 18, 18, 18, 18, 18, 18, 18, 18, 18, 18, 18, 18, 18, 18, 18, 18, 18, 18, 18, 18, 18, 18, 18, 18, 18, 18, 18, 18], "psum": [0, 0, 0, 0, 0, 0, 0, 0, 0, 0, 0, 0, 0, 0, 0, 0, 0, 0, 0, 0, 0, 0, 0, 0, 0, 120.0, 120.0, 140.0, 140.0, 153.0, 153.0, 153.0, 153.0, 153.0, 153.0, 153.0, 153.0, 153.0, 153.0, 153.0, 153.0, 153.0, 153.0, 153.0, 153.0, 153.0, 153.0, 153.0, 153.0, 153.0, 153.0, 153.0, 153.0, 153.0, 153.0, 153.0, 153.0, 153.0, 153.0, 153.0, 153.0, 153.0, 153.0, 153.0], "pcnt": [0, 0, 0, 0, 0, 0, 0, 0, 0, 0, 0, 0, 0, 0, 0, 0, 0, 0, 0, 0, 0, 0, 0, 0, 0, 15, 15, 17, 17, 18, 18, 18, 18, 18, 18, 18, 18, 18, 18, 18, 18, 18, 18, 18, 18, 18, 18, 18, 18, 18, 18, 18, 18, 18, 18, 18, 18, 18, 18, 18, 18, 18, 18, 18]}}, {"type": "Feature", "geometry": {"type": "Point", "coordinates": [-107.61159, 52.27149]}, "properties": {"twp": "038-12-W3", "prov": "SK", "total": 18, "first": 1909, "cum": [0, 0, 0, 0, 0, 0, 0, 0, 0, 0, 0, 0, 0, 0, 0, 0, 0, 0, 0, 0, 0, 0, 0, 0, 0, 0, 0, 0, 8, 10, 17, 18, 18, 18, 18, 18, 18, 18, 18, 18, 18, 18, 18, 18, 18, 18, 18, 18, 18, 18, 18, 18, 18, 18, 18, 18, 18, 18, 18, 18, 18, 18, 18, 18], "psum": [0, 0, 0, 0, 0, 0, 0, 0, 0, 0, 0, 0, 0, 0, 0, 0, 0, 0, 0, 0, 0, 0, 0, 0, 0, 0, 0, 0, 80.0, 104.0, 201.0, 213.0, 213.0, 213.0, 213.0, 213.0, 213.0, 213.0, 213.0, 213.0, 213.0, 213.0, 213.0, 213.0, 213.0, 213.0, 213.0, 213.0, 213.0, 213.0, 213.0, 213.0, 213.0, 213.0, 213.0, 213.0, 213.0, 213.0, 213.0, 213.0, 213.0, 213.0, 213.0, 213.0], "pcnt": [0, 0, 0, 0, 0, 0, 0, 0, 0, 0, 0, 0, 0, 0, 0, 0, 0, 0, 0, 0, 0, 0, 0, 0, 0, 0, 0, 0, 8, 10, 17, 18, 18, 18, 18, 18, 18, 18, 18, 18, 18, 18, 18, 18, 18, 18, 18, 18, 18, 18, 18, 18, 18, 18, 18, 18, 18, 18, 18, 18, 18, 18, 18, 18]}}, {"type": "Feature", "geometry": {"type": "Point", "coordinates": [-107.2128, 52.27961]}, "properties": {"twp": "038-09-W3", "prov": "SK", "total": 139, "first": 1902, "cum": [0, 0, 0, 0, 0, 0, 0, 0, 0, 0, 0, 0, 0, 0, 0, 0, 0, 0, 0, 0, 0, 16, 136, 136, 136, 136, 136, 136, 136, 139, 139, 139, 139, 139, 139, 139, 139, 139, 139, 139, 139, 139, 139, 139, 139, 139, 139, 139, 139, 139, 139, 139, 139, 139, 139, 139, 139, 139, 139, 139, 139, 139, 139, 139], "psum": [0, 0, 0, 0, 0, 0, 0, 0, 0, 0, 0, 0, 0, 0, 0, 0, 0, 0, 0, 0, 0, 56.0, 536.0, 536.0, 536.0, 536.0, 536.0, 536.0, 536.0, 575.0, 575.0, 575.0, 575.0, 575.0, 575.0, 575.0, 575.0, 575.0, 575.0, 575.0, 575.0, 575.0, 575.0, 575.0, 575.0, 575.0, 575.0, 575.0, 575.0, 575.0, 575.0, 575.0, 575.0, 575.0, 575.0, 575.0, 575.0, 575.0, 575.0, 575.0, 575.0, 575.0, 575.0, 575.0], "pcnt": [0, 0, 0, 0, 0, 0, 0, 0, 0, 0, 0, 0, 0, 0, 0, 0, 0, 0, 0, 0, 0, 16, 136, 136, 136, 136, 136, 136, 136, 139, 139, 139, 139, 139, 139, 139, 139, 139, 139, 139, 139, 139, 139, 139, 139, 139, 139, 139, 139, 139, 139, 139, 139, 139, 139, 139, 139, 139, 139, 139, 139, 139, 139, 139]}}, {"type": "Feature", "geometry": {"type": "Point", "coordinates": [-108.7727, 52.19236]}, "properties": {"twp": "037-20-W3", "prov": "SK", "total": 48, "first": 1905, "cum": [0, 0, 0, 0, 0, 0, 0, 0, 0, 0, 0, 0, 0, 0, 0, 0, 0, 0, 0, 0, 0, 0, 0, 0, 23, 33, 33, 33, 36, 38, 48, 48, 48, 48, 48, 48, 48, 48, 48, 48, 48, 48, 48, 48, 48, 48, 48, 48, 48, 48, 48, 48, 48, 48, 48, 48, 48, 48, 48, 48, 48, 48, 48, 48], "psum": [0, 0, 0, 0, 0, 0, 0, 0, 0, 0, 0, 0, 0, 0, 0, 0, 0, 0, 0, 0, 0, 0, 0, 0, 138.0, 214.0, 214.0, 214.0, 244.0, 270.0, 472.0, 472.0, 472.0, 472.0, 472.0, 472.0, 472.0, 472.0, 472.0, 472.0, 472.0, 472.0, 472.0, 472.0, 472.0, 472.0, 472.0, 472.0, 472.0, 472.0, 472.0, 472.0, 472.0, 472.0, 472.0, 472.0, 472.0, 472.0, 472.0, 472.0, 472.0, 472.0, 472.0, 472.0], "pcnt": [0, 0, 0, 0, 0, 0, 0, 0, 0, 0, 0, 0, 0, 0, 0, 0, 0, 0, 0, 0, 0, 0, 0, 0, 23, 33, 33, 33, 36, 38, 48, 48, 48, 48, 48, 48, 48, 48, 48, 48, 48, 48, 48, 48, 48, 48, 48, 48, 48, 48, 48, 48, 48, 48, 48, 48, 48, 48, 48, 48, 48, 48, 48, 48]}}, {"type": "Feature", "geometry": {"type": "Point", "coordinates": [-107.94798, 52.22082]}, "properties": {"twp": "037-14-W3", "prov": "SK", "total": 9, "first": 1906, "cum": [0, 0, 0, 0, 0, 0, 0, 0, 0, 0, 0, 0, 0, 0, 0, 0, 0, 0, 0, 0, 0, 0, 0, 0, 0, 8, 8, 8, 8, 8, 9, 9, 9, 9, 9, 9, 9, 9, 9, 9, 9, 9, 9, 9, 9, 9, 9, 9, 9, 9, 9, 9, 9, 9, 9, 9, 9, 9, 9, 9, 9, 9, 9, 9], "psum": [0, 0, 0, 0, 0, 0, 0, 0, 0, 0, 0, 0, 0, 0, 0, 0, 0, 0, 0, 0, 0, 0, 0, 0, 0, 64.0, 64.0, 64.0, 64.0, 64.0, 76.5, 76.5, 76.5, 76.5, 76.5, 76.5, 76.5, 76.5, 76.5, 76.5, 76.5, 76.5, 76.5, 76.5, 76.5, 76.5, 76.5, 76.5, 76.5, 76.5, 76.5, 76.5, 76.5, 76.5, 76.5, 76.5, 76.5, 76.5, 76.5, 76.5, 76.5, 76.5, 76.5, 76.5], "pcnt": [0, 0, 0, 0, 0, 0, 0, 0, 0, 0, 0, 0, 0, 0, 0, 0, 0, 0, 0, 0, 0, 0, 0, 0, 0, 8, 8, 8, 8, 8, 9, 9, 9, 9, 9, 9, 9, 9, 9, 9, 9, 9, 9, 9, 9, 9, 9, 9, 9, 9, 9, 9, 9, 9, 9, 9, 9, 9, 9, 9, 9, 9, 9, 9]}}, {"type": "Feature", "geometry": {"type": "Point", "coordinates": [-107.23691, 52.1932]}, "properties": {"twp": "037-09-W3", "prov": "SK", "total": 32, "first": 1905, "cum": [0, 0, 0, 0, 0, 0, 0, 0, 0, 0, 0, 0, 0, 0, 0, 0, 0, 0, 0, 0, 0, 0, 0, 0, 6, 6, 11, 11, 18, 25, 32, 32, 32, 32, 32, 32, 32, 32, 32, 32, 32, 32, 32, 32, 32, 32, 32, 32, 32, 32, 32, 32, 32, 32, 32, 32, 32, 32, 32, 32, 32, 32, 32, 32], "psum": [0, 0, 0, 0, 0, 0, 0, 0, 0, 0, 0, 0, 0, 0, 0, 0, 0, 0, 0, 0, 0, 0, 0, 0, 32.0, 32.0, 107.0, 107.0, 183.0, 273.0, 363.0, 363.0, 363.0, 363.0, 363.0, 363.0, 363.0, 363.0, 363.0, 363.0, 363.0, 363.0, 363.0, 363.0, 363.0, 363.0, 363.0, 363.0, 363.0, 363.0, 363.0, 363.0, 363.0, 363.0, 363.0, 363.0, 363.0, 363.0, 363.0, 363.0, 363.0, 363.0, 363.0, 363.0], "pcnt": [0, 0, 0, 0, 0, 0, 0, 0, 0, 0, 0, 0, 0, 0, 0, 0, 0, 0, 0, 0, 0, 0, 0, 0, 6, 6, 11, 11, 18, 25, 32, 32, 32, 32, 32, 32, 32, 32, 32, 32, 32, 32, 32, 32, 32, 32, 32, 32, 32, 32, 32, 32, 32, 32, 32, 32, 32, 32, 32, 32, 32, 32, 32, 32]}}, {"type": "Feature", "geometry": {"type": "Point", "coordinates": [-107.2077, 52.10004]}, "properties": {"twp": "036-09-W3", "prov": "SK", "total": 115, "first": 1902, "cum": [0, 0, 0, 0, 0, 0, 0, 0, 0, 0, 0, 0, 0, 0, 0, 0, 0, 0, 0, 0, 0, 83, 111, 113, 115, 115, 115, 115, 115, 115, 115, 115, 115, 115, 115, 115, 115, 115, 115, 115, 115, 115, 115, 115, 115, 115, 115, 115, 115, 115, 115, 115, 115, 115, 115, 115, 115, 115, 115, 115, 115, 115, 115, 115], "psum": [0, 0, 0, 0, 0, 0, 0, 0, 0, 0, 0, 0, 0, 0, 0, 0, 0, 0, 0, 0, 0, 308.5, 424.5, 431.5, 442.5, 442.5, 442.5, 442.5, 442.5, 442.5, 442.5, 442.5, 442.5, 442.5, 442.5, 442.5, 442.5, 442.5, 442.5, 442.5, 442.5, 442.5, 442.5, 442.5, 442.5, 442.5, 442.5, 442.5, 442.5, 442.5, 442.5, 442.5, 442.5, 442.5, 442.5, 442.5, 442.5, 442.5, 442.5, 442.5, 442.5, 442.5, 442.5, 442.5], "pcnt": [0, 0, 0, 0, 0, 0, 0, 0, 0, 0, 0, 0, 0, 0, 0, 0, 0, 0, 0, 0, 0, 83, 111, 113, 115, 115, 115, 115, 115, 115, 115, 115, 115, 115, 115, 115, 115, 115, 115, 115, 115, 115, 115, 115, 115, 115, 115, 115, 115, 115, 115, 115, 115, 115, 115, 115, 115, 115, 115, 115, 115, 115, 115, 115]}}, {"type": "Feature", "geometry": {"type": "Point", "coordinates": [-106.36163, 52.0986]}, "properties": {"twp": "036-03-W3", "prov": "SK", "total": 68, "first": 1901, "cum": [0, 0, 0, 0, 0, 0, 0, 0, 0, 0, 0, 0, 0, 0, 0, 0, 0, 0, 0, 0, 14, 18, 18, 18, 52, 53, 54, 54, 56, 58, 68, 68, 68, 68, 68, 68, 68, 68, 68, 68, 68, 68, 68, 68, 68, 68, 68, 68, 68, 68, 68, 68, 68, 68, 68, 68, 68, 68, 68, 68, 68, 68, 68, 68], "psum": [0, 0, 0, 0, 0, 0, 0, 0, 0, 0, 0, 0, 0, 0, 0, 0, 0, 0, 0, 0, 42.0, 57.5, 57.5, 57.5, 229.6, 235.6, 250.6, 250.6, 280.6, 310.6, 464.6, 464.6, 464.6, 464.6, 464.6, 464.6, 464.6, 464.6, 464.6, 464.6, 464.6, 464.6, 464.6, 464.6, 464.6, 464.6, 464.6, 464.6, 464.6, 464.6, 464.6, 464.6, 464.6, 464.6, 464.6, 464.6, 464.6, 464.6, 464.6, 464.6, 464.6, 464.6, 464.6, 464.6], "pcnt": [0, 0, 0, 0, 0, 0, 0, 0, 0, 0, 0, 0, 0, 0, 0, 0, 0, 0, 0, 0, 14, 18, 18, 18, 52, 53, 54, 54, 56, 58, 68, 68, 68, 68, 68, 68, 68, 68, 68, 68, 68, 68, 68, 68, 68, 68, 68, 68, 68, 68, 68, 68, 68, 68, 68, 68, 68, 68, 68, 68, 68, 68, 68, 68]}}, {"type": "Feature", "geometry": {"type": "Point", "coordinates": [-106.20367, 52.10728]}, "properties": {"twp": "036-02-W3", "prov": "SK", "total": 47, "first": 1902, "cum": [0, 0, 0, 0, 0, 0, 0, 0, 0, 0, 0, 0, 0, 0, 0, 0, 0, 0, 0, 0, 0, 4, 8, 9, 12, 13, 13, 13, 14, 41, 47, 47, 47, 47, 47, 47, 47, 47, 47, 47, 47, 47, 47, 47, 47, 47, 47, 47, 47, 47, 47, 47, 47, 47, 47, 47, 47, 47, 47, 47, 47, 47, 47, 47], "psum": [0, 0, 0, 0, 0, 0, 0, 0, 0, 0, 0, 0, 0, 0, 0, 0, 0, 0, 0, 0, 0, 0, 20.0, 20.0, 35.3, 42.3, 42.3, 42.3, 52.3, 360.3, 440.3, 440.3, 440.3, 440.3, 440.3, 440.3, 440.3, 440.3, 440.3, 440.3, 440.3, 440.3, 440.3, 440.3, 440.3, 440.3, 440.3, 440.3, 440.3, 440.3, 440.3, 440.3, 440.3, 440.3, 440.3, 440.3, 440.3, 440.3, 440.3, 440.3, 440.3, 440.3, 440.3, 440.3], "pcnt": [0, 0, 0, 0, 0, 0, 0, 0, 0, 0, 0, 0, 0, 0, 0, 0, 0, 0, 0, 0, 0, 0, 4, 4, 7, 8, 8, 8, 9, 36, 42, 42, 42, 42, 42, 42, 42, 42, 42, 42, 42, 42, 42, 42, 42, 42, 42, 42, 42, 42, 42, 42, 42, 42, 42, 42, 42, 42, 42, 42, 42, 42, 42, 42]}}, {"type": "Feature", "geometry": {"type": "Point", "coordinates": [-106.36602, 52.00917]}, "properties": {"twp": "035-03-W3", "prov": "SK", "total": 109, "first": 1901, "cum": [0, 0, 0, 0, 0, 0, 0, 0, 0, 0, 0, 0, 0, 0, 0, 0, 0, 0, 0, 0, 76, 104, 104, 106, 107, 107, 109, 109, 109, 109, 109, 109, 109, 109, 109, 109, 109, 109, 109, 109, 109, 109, 109, 109, 109, 109, 109, 109, 109, 109, 109, 109, 109, 109, 109, 109, 109, 109, 109, 109, 109, 109, 109, 109], "psum": [0, 0, 0, 0, 0, 0, 0, 0, 0, 0, 0, 0, 0, 0, 0, 0, 0, 0, 0, 0, 252.5, 350.5, 350.5, 357.5, 362.5, 362.5, 392.5, 392.5, 392.5, 392.5, 392.5, 392.5, 392.5, 392.5, 392.5, 392.5, 392.5, 392.5, 392.5, 392.5, 392.5, 392.5, 392.5, 392.5, 392.5, 392.5, 392.5, 392.5, 392.5, 392.5, 392.5, 392.5, 392.5, 392.5, 392.5, 392.5, 392.5, 392.5, 392.5, 392.5, 392.5, 392.5, 392.5, 392.5], "pcnt": [0, 0, 0, 0, 0, 0, 0, 0, 0, 0, 0, 0, 0, 0, 0, 0, 0, 0, 0, 0, 76, 104, 104, 106, 107, 107, 109, 109, 109, 109, 109, 109, 109, 109, 109, 109, 109, 109, 109, 109, 109, 109, 109, 109, 109, 109, 109, 109, 109, 109, 109, 109, 109, 109, 109, 109, 109, 109, 109, 109, 109, 109, 109, 109]}}, {"type": "Feature", "geometry": {"type": "Point", "coordinates": [-104.06698, 51.70046]}, "properties": {"twp": "031-15-W2", "prov": "SK", "total": 5, "first": 1911, "cum": [0, 0, 0, 0, 0, 0, 0, 0, 0, 0, 0, 0, 0, 0, 0, 0, 0, 0, 0, 0, 0, 0, 0, 0, 0, 0, 0, 0, 0, 0, 5, 5, 5, 5, 5, 5, 5, 5, 5, 5, 5, 5, 5, 5, 5, 5, 5, 5, 5, 5, 5, 5, 5, 5, 5, 5, 5, 5, 5, 5, 5, 5, 5, 5], "psum": [0, 0, 0, 0, 0, 0, 0, 0, 0, 0, 0, 0, 0, 0, 0, 0, 0, 0, 0, 0, 0, 0, 0, 0, 0, 0, 0, 0, 0, 0, 67.0, 67.0, 67.0, 67.0, 67.0, 67.0, 67.0, 67.0, 67.0, 67.0, 67.0, 67.0, 67.0, 67.0, 67.0, 67.0, 67.0, 67.0, 67.0, 67.0, 67.0, 67.0, 67.0, 67.0, 67.0, 67.0, 67.0, 67.0, 67.0, 67.0, 67.0, 67.0, 67.0, 67.0], "pcnt": [0, 0, 0, 0, 0, 0, 0, 0, 0, 0, 0, 0, 0, 0, 0, 0, 0, 0, 0, 0, 0, 0, 0, 0, 0, 0, 0, 0, 0, 0, 5, 5, 5, 5, 5, 5, 5, 5, 5, 5, 5, 5, 5, 5, 5, 5, 5, 5, 5, 5, 5, 5, 5, 5, 5, 5, 5, 5, 5, 5, 5, 5, 5, 5]}}, {"type": "Feature", "geometry": {"type": "Point", "coordinates": [-103.93173, 51.68976]}, "properties": {"twp": "031-14-W2", "prov": "SK", "total": 15, "first": 1907, "cum": [0, 0, 0, 0, 0, 0, 0, 0, 0, 0, 0, 0, 0, 0, 0, 0, 0, 0, 0, 0, 0, 0, 0, 0, 0, 0, 8, 8, 8, 8, 15, 15, 15, 15, 15, 15, 15, 15, 15, 15, 15, 15, 15, 15, 15, 15, 15, 15, 15, 15, 15, 15, 15, 15, 15, 15, 15, 15, 15, 15, 15, 15, 15, 15], "psum": [0, 0, 0, 0, 0, 0, 0, 0, 0, 0, 0, 0, 0, 0, 0, 0, 0, 0, 0, 0, 0, 0, 0, 0, 0, 0, 80.0, 80.0, 80.0, 80.0, 184.0, 184.0, 184.0, 184.0, 184.0, 184.0, 184.0, 184.0, 184.0, 184.0, 184.0, 184.0, 184.0, 184.0, 184.0, 184.0, 184.0, 184.0, 184.0, 184.0, 184.0, 184.0, 184.0, 184.0, 184.0, 184.0, 184.0, 184.0, 184.0, 184.0, 184.0, 184.0, 184.0, 184.0], "pcnt": [0, 0, 0, 0, 0, 0, 0, 0, 0, 0, 0, 0, 0, 0, 0, 0, 0, 0, 0, 0, 0, 0, 0, 0, 0, 0, 8, 8, 8, 8, 15, 15, 15, 15, 15, 15, 15, 15, 15, 15, 15, 15, 15, 15, 15, 15, 15, 15, 15, 15, 15, 15, 15, 15, 15, 15, 15, 15, 15, 15, 15, 15, 15, 15]}}, {"type": "Feature", "geometry": {"type": "Point", "coordinates": [-102.25629, 51.52588]}, "properties": {"twp": "029-02-W2", "prov": "SK", "total": 44, "first": 1906, "cum": [0, 0, 0, 0, 0, 0, 0, 0, 0, 0, 0, 0, 0, 0, 0, 0, 0, 0, 0, 0, 0, 0, 0, 0, 0, 7, 16, 16, 21, 36, 44, 44, 44, 44, 44, 44, 44, 44, 44, 44, 44, 44, 44, 44, 44, 44, 44, 44, 44, 44, 44, 44, 44, 44, 44, 44, 44, 44, 44, 44, 44, 44, 44, 44], "psum": [0, 0, 0, 0, 0, 0, 0, 0, 0, 0, 0, 0, 0, 0, 0, 0, 0, 0, 0, 0, 0, 0, 0, 0, 0, 62.0, 152.0, 152.0, 202.0, 368.0, 488.0, 488.0, 488.0, 488.0, 488.0, 488.0, 488.0, 488.0, 488.0, 488.0, 488.0, 488.0, 488.0, 488.0, 488.0, 488.0, 488.0, 488.0, 488.0, 488.0, 488.0, 488.0, 488.0, 488.0, 488.0, 488.0, 488.0, 488.0, 488.0, 488.0, 488.0, 488.0, 488.0, 488.0], "pcnt": [0, 0, 0, 0, 0, 0, 0, 0, 0, 0, 0, 0, 0, 0, 0, 0, 0, 0, 0, 0, 0, 0, 0, 0, 0, 7, 16, 16, 21, 36, 44, 44, 44, 44, 44, 44, 44, 44, 44, 44, 44, 44, 44, 44, 44, 44, 44, 44, 44, 44, 44, 44, 44, 44, 44, 44, 44, 44, 44, 44, 44, 44, 44, 44]}}, {"type": "Feature", "geometry": {"type": "Point", "coordinates": [-102.49473, 51.45255]}, "properties": {"twp": "028-04-W2", "prov": "SK", "total": 10, "first": 1906, "cum": [0, 0, 0, 0, 0, 0, 0, 0, 0, 0, 0, 0, 0, 0, 0, 0, 0, 0, 0, 0, 0, 0, 0, 0, 0, 1, 1, 1, 3, 5, 10, 10, 10, 10, 10, 10, 10, 10, 10, 10, 10, 10, 10, 10, 10, 10, 10, 10, 10, 10, 10, 10, 10, 10, 10, 10, 10, 10, 10, 10, 10, 10, 10, 10], "psum": [0, 0, 0, 0, 0, 0, 0, 0, 0, 0, 0, 0, 0, 0, 0, 0, 0, 0, 0, 0, 0, 0, 0, 0, 0, 5.0, 5.0, 5.0, 25.0, 60.5, 130.5, 130.5, 130.5, 130.5, 130.5, 130.5, 130.5, 130.5, 130.5, 130.5, 130.5, 130.5, 130.5, 130.5, 130.5, 130.5, 130.5, 130.5, 130.5, 130.5, 130.5, 130.5, 130.5, 130.5, 130.5, 130.5, 130.5, 130.5, 130.5, 130.5, 130.5, 130.5, 130.5, 130.5], "pcnt": [0, 0, 0, 0, 0, 0, 0, 0, 0, 0, 0, 0, 0, 0, 0, 0, 0, 0, 0, 0, 0, 0, 0, 0, 0, 1, 1, 1, 3, 5, 10, 10, 10, 10, 10, 10, 10, 10, 10, 10, 10, 10, 10, 10, 10, 10, 10, 10, 10, 10, 10, 10, 10, 10, 10, 10, 10, 10, 10, 10, 10, 10, 10, 10]}}, {"type": "Feature", "geometry": {"type": "Point", "coordinates": [-102.22193, 51.42777]}, "properties": {"twp": "028-02-W2", "prov": "SK", "total": 84, "first": 1905, "cum": [0, 0, 0, 0, 0, 0, 0, 0, 0, 0, 0, 0, 0, 0, 0, 0, 0, 0, 0, 0, 0, 0, 0, 0, 2, 39, 46, 48, 54, 73, 83, 84, 84, 84, 84, 84, 84, 84, 84, 84, 84, 84, 84, 84, 84, 84, 84, 84, 84, 84, 84, 84, 84, 84, 84, 84, 84, 84, 84, 84, 84, 84, 84, 84], "psum": [0, 0, 0, 0, 0, 0, 0, 0, 0, 0, 0, 0, 0, 0, 0, 0, 0, 0, 0, 0, 0, 0, 0, 0, 14.0, 322.0, 392.0, 412.0, 477.0, 697.0, 808.0, 823.0, 823.0, 823.0, 823.0, 823.0, 823.0, 823.0, 823.0, 823.0, 823.0, 823.0, 823.0, 823.0, 823.0, 823.0, 823.0, 823.0, 823.0, 823.0, 823.0, 823.0, 823.0, 823.0, 823.0, 823.0, 823.0, 823.0, 823.0, 823.0, 823.0, 823.0, 823.0, 823.0], "pcnt": [0, 0, 0, 0, 0, 0, 0, 0, 0, 0, 0, 0, 0, 0, 0, 0, 0, 0, 0, 0, 0, 0, 0, 0, 2, 39, 46, 48, 54, 73, 83, 84, 84, 84, 84, 84, 84, 84, 84, 84, 84, 84, 84, 84, 84, 84, 84, 84, 84, 84, 84, 84, 84, 84, 84, 84, 84, 84, 84, 84, 84, 84, 84, 84]}}, {"type": "Feature", "geometry": {"type": "Point", "coordinates": [-102.11942, 51.43571]}, "properties": {"twp": "028-01-W2", "prov": "SK", "total": 19, "first": 1906, "cum": [0, 0, 0, 0, 0, 0, 0, 0, 0, 0, 0, 0, 0, 0, 0, 0, 0, 0, 0, 0, 0, 0, 0, 0, 0, 4, 4, 4, 4, 8, 19, 19, 19, 19, 19, 19, 19, 19, 19, 19, 19, 19, 19, 19, 19, 19, 19, 19, 19, 19, 19, 19, 19, 19, 19, 19, 19, 19, 19, 19, 19, 19, 19, 19], "psum": [0, 0, 0, 0, 0, 0, 0, 0, 0, 0, 0, 0, 0, 0, 0, 0, 0, 0, 0, 0, 0, 0, 0, 0, 0, 40.0, 40.0, 40.0, 40.0, 86.0, 220.0, 220.0, 220.0, 220.0, 220.0, 220.0, 220.0, 220.0, 220.0, 220.0, 220.0, 220.0, 220.0, 220.0, 220.0, 220.0, 220.0, 220.0, 220.0, 220.0, 220.0, 220.0, 220.0, 220.0, 220.0, 220.0, 220.0, 220.0, 220.0, 220.0, 220.0, 220.0, 220.0, 220.0], "pcnt": [0, 0, 0, 0, 0, 0, 0, 0, 0, 0, 0, 0, 0, 0, 0, 0, 0, 0, 0, 0, 0, 0, 0, 0, 0, 4, 4, 4, 4, 8, 19, 19, 19, 19, 19, 19, 19, 19, 19, 19, 19, 19, 19, 19, 19, 19, 19, 19, 19, 19, 19, 19, 19, 19, 19, 19, 19, 19, 19, 19, 19, 19, 19, 19]}}, {"type": "Feature", "geometry": {"type": "Point", "coordinates": [-103.63991, 51.35617]}, "properties": {"twp": "027-12-W2", "prov": "SK", "total": 24, "first": 1905, "cum": [0, 0, 0, 0, 0, 0, 0, 0, 0, 0, 0, 0, 0, 0, 0, 0, 0, 0, 0, 0, 0, 0, 0, 0, 8, 10, 12, 13, 13, 22, 24, 24, 24, 24, 24, 24, 24, 24, 24, 24, 24, 24, 24, 24, 24, 24, 24, 24, 24, 24, 24, 24, 24, 24, 24, 24, 24, 24, 24, 24, 24, 24, 24, 24], "psum": [0, 0, 0, 0, 0, 0, 0, 0, 0, 0, 0, 0, 0, 0, 0, 0, 0, 0, 0, 0, 0, 0, 0, 0, 48.0, 64.0, 89.0, 99.0, 99.0, 200.0, 224.0, 224.0, 224.0, 224.0, 224.0, 224.0, 224.0, 224.0, 224.0, 224.0, 224.0, 224.0, 224.0, 224.0, 224.0, 224.0, 224.0, 224.0, 224.0, 224.0, 224.0, 224.0, 224.0, 224.0, 224.0, 224.0, 224.0, 224.0, 224.0, 224.0, 224.0, 224.0, 224.0, 224.0], "pcnt": [0, 0, 0, 0, 0, 0, 0, 0, 0, 0, 0, 0, 0, 0, 0, 0, 0, 0, 0, 0, 0, 0, 0, 0, 8, 10, 12, 13, 13, 22, 24, 24, 24, 24, 24, 24, 24, 24, 24, 24, 24, 24, 24, 24, 24, 24, 24, 24, 24, 24, 24, 24, 24, 24, 24, 24, 24, 24, 24, 24, 24, 24, 24, 24]}}, {"type": "Feature", "geometry": {"type": "Point", "coordinates": [-103.61204, 51.23744]}, "properties": {"twp": "026-12-W2", "prov": "SK", "total": 12, "first": 1905, "cum": [0, 0, 0, 0, 0, 0, 0, 0, 0, 0, 0, 0, 0, 0, 0, 0, 0, 0, 0, 0, 0, 0, 0, 0, 2, 2, 2, 2, 2, 12, 12, 12, 12, 12, 12, 12, 12, 12, 12, 12, 12, 12, 12, 12, 12, 12, 12, 12, 12, 12, 12, 12, 12, 12, 12, 12, 12, 12, 12, 12, 12, 12, 12, 12], "psum": [0, 0, 0, 0, 0, 0, 0, 0, 0, 0, 0, 0, 0, 0, 0, 0, 0, 0, 0, 0, 0, 0, 0, 0, 14.0, 14.0, 14.0, 14.0, 14.0, 140.0, 140.0, 140.0, 140.0, 140.0, 140.0, 140.0, 140.0, 140.0, 140.0, 140.0, 140.0, 140.0, 140.0, 140.0, 140.0, 140.0, 140.0, 140.0, 140.0, 140.0, 140.0, 140.0, 140.0, 140.0, 140.0, 140.0, 140.0, 140.0, 140.0, 140.0, 140.0, 140.0, 140.0, 140.0], "pcnt": [0, 0, 0, 0, 0, 0, 0, 0, 0, 0, 0, 0, 0, 0, 0, 0, 0, 0, 0, 0, 0, 0, 0, 0, 2, 2, 2, 2, 2, 12, 12, 12, 12, 12, 12, 12, 12, 12, 12, 12, 12, 12, 12, 12, 12, 12, 12, 12, 12, 12, 12, 12, 12, 12, 12, 12, 12, 12, 12, 12, 12, 12, 12, 12]}}, {"type": "Feature", "geometry": {"type": "Point", "coordinates": [-102.77064, 51.25973]}, "properties": {"twp": "026-06-W2", "prov": "SK", "total": 26, "first": 1905, "cum": [0, 0, 0, 0, 0, 0, 0, 0, 0, 0, 0, 0, 0, 0, 0, 0, 0, 0, 0, 0, 0, 0, 0, 0, 1, 2, 3, 3, 10, 20, 26, 26, 26, 26, 26, 26, 26, 26, 26, 26, 26, 26, 26, 26, 26, 26, 26, 26, 26, 26, 26, 26, 26, 26, 26, 26, 26, 26, 26, 26, 26, 26, 26, 26], "psum": [0, 0, 0, 0, 0, 0, 0, 0, 0, 0, 0, 0, 0, 0, 0, 0, 0, 0, 0, 0, 0, 0, 0, 0, 7.0, 15.0, 25.0, 25.0, 95.0, 201.0, 277.0, 277.0, 277.0, 277.0, 277.0, 277.0, 277.0, 277.0, 277.0, 277.0, 277.0, 277.0, 277.0, 277.0, 277.0, 277.0, 277.0, 277.0, 277.0, 277.0, 277.0, 277.0, 277.0, 277.0, 277.0, 277.0, 277.0, 277.0, 277.0, 277.0, 277.0, 277.0, 277.0, 277.0], "pcnt": [0, 0, 0, 0, 0, 0, 0, 0, 0, 0, 0, 0, 0, 0, 0, 0, 0, 0, 0, 0, 0, 0, 0, 0, 1, 2, 3, 3, 10, 20, 26, 26, 26, 26, 26, 26, 26, 26, 26, 26, 26, 26, 26, 26, 26, 26, 26, 26, 26, 26, 26, 26, 26, 26, 26, 26, 26, 26, 26, 26, 26, 26, 26, 26]}}, {"type": "Feature", "geometry": {"type": "Point", "coordinates": [-102.31499, 51.07125]}, "properties": {"twp": "024-03-W2", "prov": "SK", "total": 8, "first": 1906, "cum": [0, 0, 0, 0, 0, 0, 0, 0, 0, 0, 0, 0, 0, 0, 0, 0, 0, 0, 0, 0, 0, 0, 0, 0, 0, 6, 6, 6, 6, 8, 8, 8, 8, 8, 8, 8, 8, 8, 8, 8, 8, 8, 8, 8, 8, 8, 8, 8, 8, 8, 8, 8, 8, 8, 8, 8, 8, 8, 8, 8, 8, 8, 8, 8], "psum": [0, 0, 0, 0, 0, 0, 0, 0, 0, 0, 0, 0, 0, 0, 0, 0, 0, 0, 0, 0, 0, 0, 0, 0, 0, 48.0, 48.0, 48.0, 48.0, 71.0, 71.0, 71.0, 71.0, 71.0, 71.0, 71.0, 71.0, 71.0, 71.0, 71.0, 71.0, 71.0, 71.0, 71.0, 71.0, 71.0, 71.0, 71.0, 71.0, 71.0, 71.0, 71.0, 71.0, 71.0, 71.0, 71.0, 71.0, 71.0, 71.0, 71.0, 71.0, 71.0, 71.0, 71.0], "pcnt": [0, 0, 0, 0, 0, 0, 0, 0, 0, 0, 0, 0, 0, 0, 0, 0, 0, 0, 0, 0, 0, 0, 0, 0, 0, 6, 6, 6, 6, 8, 8, 8, 8, 8, 8, 8, 8, 8, 8, 8, 8, 8, 8, 8, 8, 8, 8, 8, 8, 8, 8, 8, 8, 8, 8, 8, 8, 8, 8, 8, 8, 8, 8, 8]}}, {"type": "Feature", "geometry": {"type": "Point", "coordinates": [-103.59857, 50.71895]}, "properties": {"twp": "020-12-W2", "prov": "SK", "total": 56, "first": 1892, "cum": [0, 0, 0, 0, 0, 0, 0, 0, 0, 0, 0, 11, 12, 13, 16, 16, 22, 29, 30, 36, 38, 42, 46, 48, 49, 54, 55, 55, 55, 56, 56, 56, 56, 56, 56, 56, 56, 56, 56, 56, 56, 56, 56, 56, 56, 56, 56, 56, 56, 56, 56, 56, 56, 56, 56, 56, 56, 56, 56, 56, 56, 56, 56, 56], "psum": [0, 0, 0, 0, 0, 0, 0, 0, 0, 0, 0, 35.0, 38.0, 41.0, 50.0, 50.0, 68.0, 89.0, 92.0, 110.0, 116.0, 130.0, 150.0, 160.0, 165.0, 199.0, 204.0, 204.0, 204.0, 214.0, 214.0, 214.0, 214.0, 214.0, 214.0, 214.0, 214.0, 214.0, 214.0, 214.0, 214.0, 214.0, 214.0, 214.0, 214.0, 214.0, 214.0, 214.0, 214.0, 214.0, 214.0, 214.0, 214.0, 214.0, 214.0, 214.0, 214.0, 214.0, 214.0, 214.0, 214.0, 214.0, 214.0, 214.0], "pcnt": [0, 0, 0, 0, 0, 0, 0, 0, 0, 0, 0, 11, 12, 13, 16, 16, 22, 29, 30, 36, 38, 42, 46, 48, 49, 54, 55, 55, 55, 56, 56, 56, 56, 56, 56, 56, 56, 56, 56, 56, 56, 56, 56, 56, 56, 56, 56, 56, 56, 56, 56, 56, 56, 56, 56, 56, 56, 56, 56, 56, 56, 56, 56, 56]}}, {"type": "Feature", "geometry": {"type": "Point", "coordinates": [-103.17424, 50.7266]}, "properties": {"twp": "020-09-W2", "prov": "SK", "total": 60, "first": 1898, "cum": [0, 0, 0, 0, 0, 0, 0, 0, 0, 0, 0, 0, 0, 0, 0, 0, 0, 5, 5, 18, 29, 33, 49, 53, 57, 60, 60, 60, 60, 60, 60, 60, 60, 60, 60, 60, 60, 60, 60, 60, 60, 60, 60, 60, 60, 60, 60, 60, 60, 60, 60, 60, 60, 60, 60, 60, 60, 60, 60, 60, 60, 60, 60, 60], "psum": [0, 0, 0, 0, 0, 0, 0, 0, 0, 0, 0, 0, 0, 0, 0, 0, 0, 15.0, 15.0, 54.0, 87.0, 107.0, 203.0, 223.0, 255.0, 279.0, 279.0, 279.0, 279.0, 279.0, 279.0, 279.0, 279.0, 279.0, 279.0, 279.0, 279.0, 279.0, 279.0, 279.0, 279.0, 279.0, 279.0, 279.0, 279.0, 279.0, 279.0, 279.0, 279.0, 279.0, 279.0, 279.0, 279.0, 279.0, 279.0, 279.0, 279.0, 279.0, 279.0, 279.0, 279.0, 279.0, 279.0, 279.0], "pcnt": [0, 0, 0, 0, 0, 0, 0, 0, 0, 0, 0, 0, 0, 0, 0, 0, 0, 5, 5, 18, 29, 33, 49, 53, 57, 60, 60, 60, 60, 60, 60, 60, 60, 60, 60, 60, 60, 60, 60, 60, 60, 60, 60, 60, 60, 60, 60, 60, 60, 60, 60, 60, 60, 60, 60, 60, 60, 60, 60, 60, 60, 60, 60, 60]}}, {"type": "Feature", "geometry": {"type": "Point", "coordinates": [-101.7078, 50.64936]}, "properties": {"twp": "019-31-W1", "prov": "SK", "total": 40, "first": 1905, "cum": [0, 0, 0, 0, 0, 0, 0, 0, 0, 0, 0, 0, 0, 0, 0, 0, 0, 0, 0, 0, 0, 0, 0, 0, 21, 27, 28, 28, 28, 38, 40, 40, 40, 40, 40, 40, 40, 40, 40, 40, 40, 40, 40, 40, 40, 40, 40, 40, 40, 40, 40, 40, 40, 40, 40, 40, 40, 40, 40, 40, 40, 40, 40, 40], "psum": [0, 0, 0, 0, 0, 0, 0, 0, 0, 0, 0, 0, 0, 0, 0, 0, 0, 0, 0, 0, 0, 0, 0, 0, 142.0, 218.0, 233.0, 233.0, 233.0, 383.0, 433.0, 433.0, 433.0, 433.0, 433.0, 433.0, 433.0, 433.0, 433.0, 433.0, 433.0, 433.0, 433.0, 433.0, 433.0, 433.0, 433.0, 433.0, 433.0, 433.0, 433.0, 433.0, 433.0, 433.0, 433.0, 433.0, 433.0, 433.0, 433.0, 433.0, 433.0, 433.0, 433.0, 433.0], "pcnt": [0, 0, 0, 0, 0, 0, 0, 0, 0, 0, 0, 0, 0, 0, 0, 0, 0, 0, 0, 0, 0, 0, 0, 0, 21, 27, 28, 28, 28, 38, 40, 40, 40, 40, 40, 40, 40, 40, 40, 40, 40, 40, 40, 40, 40, 40, 40, 40, 40, 40, 40, 40, 40, 40, 40, 40, 40, 40, 40, 40, 40, 40, 40, 40]}}, {"type": "Feature", "geometry": {"type": "Point", "coordinates": [-101.60284, 50.66383]}, "properties": {"twp": "019-30-W1", "prov": "SK", "total": 10, "first": 1906, "cum": [0, 0, 0, 0, 0, 0, 0, 0, 0, 0, 0, 0, 0, 0, 0, 0, 0, 0, 0, 0, 0, 0, 0, 0, 0, 1, 2, 2, 2, 8, 10, 10, 10, 10, 10, 10, 10, 10, 10, 10, 10, 10, 10, 10, 10, 10, 10, 10, 10, 10, 10, 10, 10, 10, 10, 10, 10, 10, 10, 10, 10, 10, 10, 10], "psum": [0, 0, 0, 0, 0, 0, 0, 0, 0, 0, 0, 0, 0, 0, 0, 0, 0, 0, 0, 0, 0, 0, 0, 0, 0, 7.0, 22.0, 22.0, 22.0, 105.0, 135.0, 135.0, 135.0, 135.0, 135.0, 135.0, 135.0, 135.0, 135.0, 135.0, 135.0, 135.0, 135.0, 135.0, 135.0, 135.0, 135.0, 135.0, 135.0, 135.0, 135.0, 135.0, 135.0, 135.0, 135.0, 135.0, 135.0, 135.0, 135.0, 135.0, 135.0, 135.0, 135.0, 135.0], "pcnt": [0, 0, 0, 0, 0, 0, 0, 0, 0, 0, 0, 0, 0, 0, 0, 0, 0, 0, 0, 0, 0, 0, 0, 0, 0, 1, 2, 2, 2, 8, 10, 10, 10, 10, 10, 10, 10, 10, 10, 10, 10, 10, 10, 10, 10, 10, 10, 10, 10, 10, 10, 10, 10, 10, 10, 10, 10, 10, 10, 10, 10, 10, 10, 10]}}, {"type": "Feature", "geometry": {"type": "Point", "coordinates": [-104.71674, 50.59577]}, "properties": {"twp": "019-20-W2", "prov": "SK", "total": 21, "first": 1884, "cum": [0, 0, 0, 20, 20, 20, 20, 20, 20, 20, 20, 20, 20, 20, 20, 20, 20, 20, 20, 20, 20, 21, 21, 21, 21, 21, 21, 21, 21, 21, 21, 21, 21, 21, 21, 21, 21, 21, 21, 21, 21, 21, 21, 21, 21, 21, 21, 21, 21, 21, 21, 21, 21, 21, 21, 21, 21, 21, 21, 21, 21, 21, 21, 21], "psum": [0, 0, 0, 0, 0, 0, 0, 0, 0, 0, 0, 0, 0, 0, 0, 0, 0, 0, 0, 0, 0, 5.0, 5.0, 5.0, 5.0, 5.0, 5.0, 5.0, 5.0, 5.0, 5.0, 5.0, 5.0, 5.0, 5.0, 5.0, 5.0, 5.0, 5.0, 5.0, 5.0, 5.0, 5.0, 5.0, 5.0, 5.0, 5.0, 5.0, 5.0, 5.0, 5.0, 5.0, 5.0, 5.0, 5.0, 5.0, 5.0, 5.0, 5.0, 5.0, 5.0, 5.0, 5.0, 5.0], "pcnt": [0, 0, 0, 0, 0, 0, 0, 0, 0, 0, 0, 0, 0, 0, 0, 0, 0, 0, 0, 0, 0, 1, 1, 1, 1, 1, 1, 1, 1, 1, 1, 1, 1, 1, 1, 1, 1, 1, 1, 1, 1, 1, 1, 1, 1, 1, 1, 1, 1, 1, 1, 1, 1, 1, 1, 1, 1, 1, 1, 1, 1, 1, 1, 1]}}, {"type": "Feature", "geometry": {"type": "Point", "coordinates": [-103.88262, 50.61628]}, "properties": {"twp": "019-14-W2", "prov": "SK", "total": 74, "first": 1890, "cum": [0, 0, 0, 0, 0, 0, 0, 0, 0, 4, 4, 4, 4, 6, 6, 7, 18, 58, 68, 68, 68, 70, 74, 74, 74, 74, 74, 74, 74, 74, 74, 74, 74, 74, 74, 74, 74, 74, 74, 74, 74, 74, 74, 74, 74, 74, 74, 74, 74, 74, 74, 74, 74, 74, 74, 74, 74, 74, 74, 74, 74, 74, 74, 74], "psum": [0, 0, 0, 0, 0, 0, 0, 0, 0, 20.0, 20.0, 20.0, 20.0, 27.0, 27.0, 27.0, 60.5, 190.5, 220.5, 220.5, 220.5, 230.5, 250.5, 250.5, 250.5, 250.5, 250.5, 250.5, 250.5, 250.5, 250.5, 250.5, 250.5, 250.5, 250.5, 250.5, 250.5, 250.5, 250.5, 250.5, 250.5, 250.5, 250.5, 250.5, 250.5, 250.5, 250.5, 250.5, 250.5, 250.5, 250.5, 250.5, 250.5, 250.5, 250.5, 250.5, 250.5, 250.5, 250.5, 250.5, 250.5, 250.5, 250.5, 250.5], "pcnt": [0, 0, 0, 0, 0, 0, 0, 0, 0, 4, 4, 4, 4, 6, 6, 6, 17, 57, 67, 67, 67, 69, 73, 73, 73, 73, 73, 73, 73, 73, 73, 73, 73, 73, 73, 73, 73, 73, 73, 73, 73, 73, 73, 73, 73, 73, 73, 73, 73, 73, 73, 73, 73, 73, 73, 73, 73, 73, 73, 73, 73, 73, 73, 73]}}, {"type": "Feature", "geometry": {"type": "Point", "coordinates": [-103.60954, 50.64459]}, "properties": {"twp": "019-12-W2", "prov": "SK", "total": 13, "first": 1892, "cum": [0, 0, 0, 0, 0, 0, 0, 0, 0, 0, 0, 1, 1, 2, 2, 3, 3, 8, 8, 10, 12, 12, 12, 12, 13, 13, 13, 13, 13, 13, 13, 13, 13, 13, 13, 13, 13, 13, 13, 13, 13, 13, 13, 13, 13, 13, 13, 13, 13, 13, 13, 13, 13, 13, 13, 13, 13, 13, 13, 13, 13, 13, 13, 13], "psum": [0, 0, 0, 0, 0, 0, 0, 0, 0, 0, 0, 5.0, 5.0, 9.0, 9.0, 13.0, 13.0, 28.0, 28.0, 34.0, 47.0, 47.0, 47.0, 47.0, 52.0, 52.0, 52.0, 52.0, 52.0, 52.0, 52.0, 52.0, 52.0, 52.0, 52.0, 52.0, 52.0, 52.0, 52.0, 52.0, 52.0, 52.0, 52.0, 52.0, 52.0, 52.0, 52.0, 52.0, 52.0, 52.0, 52.0, 52.0, 52.0, 52.0, 52.0, 52.0, 52.0, 52.0, 52.0, 52.0, 52.0, 52.0, 52.0, 52.0], "pcnt": [0, 0, 0, 0, 0, 0, 0, 0, 0, 0, 0, 1, 1, 2, 2, 3, 3, 8, 8, 10, 12, 12, 12, 12, 13, 13, 13, 13, 13, 13, 13, 13, 13, 13, 13, 13, 13, 13, 13, 13, 13, 13, 13, 13, 13, 13, 13, 13, 13, 13, 13, 13, 13, 13, 13, 13, 13, 13, 13, 13, 13, 13, 13, 13]}}, {"type": "Feature", "geometry": {"type": "Point", "coordinates": [-103.47762, 50.6166]}, "properties": {"twp": "019-11-W2", "prov": "SK", "total": 25, "first": 1886, "cum": [0, 0, 0, 0, 0, 2, 2, 2, 2, 2, 2, 2, 3, 3, 3, 4, 8, 8, 9, 12, 14, 19, 19, 20, 22, 23, 23, 23, 24, 25, 25, 25, 25, 25, 25, 25, 25, 25, 25, 25, 25, 25, 25, 25, 25, 25, 25, 25, 25, 25, 25, 25, 25, 25, 25, 25, 25, 25, 25, 25, 25, 25, 25, 25], "psum": [0, 0, 0, 0, 0, 5.0, 5.0, 5.0, 5.0, 5.0, 5.0, 5.0, 8.0, 8.0, 8.0, 11.0, 23.0, 23.0, 26.0, 34.5, 40.5, 58.5, 58.5, 62.5, 74.5, 80.5, 80.5, 80.5, 90.5, 100.5, 100.5, 100.5, 100.5, 100.5, 100.5, 100.5, 100.5, 100.5, 100.5, 100.5, 100.5, 100.5, 100.5, 100.5, 100.5, 100.5, 100.5, 100.5, 100.5, 100.5, 100.5, 100.5, 100.5, 100.5, 100.5, 100.5, 100.5, 100.5, 100.5, 100.5, 100.5, 100.5, 100.5, 100.5], "pcnt": [0, 0, 0, 0, 0, 2, 2, 2, 2, 2, 2, 2, 3, 3, 3, 4, 8, 8, 9, 12, 14, 19, 19, 20, 22, 23, 23, 23, 24, 25, 25, 25, 25, 25, 25, 25, 25, 25, 25, 25, 25, 25, 25, 25, 25, 25, 25, 25, 25, 25, 25, 25, 25, 25, 25, 25, 25, 25, 25, 25, 25, 25, 25, 25]}}, {"type": "Feature", "geometry": {"type": "Point", "coordinates": [-102.92458, 50.63049]}, "properties": {"twp": "019-07-W2", "prov": "SK", "total": 83, "first": 1892, "cum": [0, 0, 0, 0, 0, 0, 0, 0, 0, 0, 0, 3, 6, 6, 8, 11, 22, 35, 38, 48, 54, 64, 75, 77, 79, 80, 80, 80, 80, 82, 83, 83, 83, 83, 83, 83, 83, 83, 83, 83, 83, 83, 83, 83, 83, 83, 83, 83, 83, 83, 83, 83, 83, 83, 83, 83, 83, 83, 83, 83, 83, 83, 83, 83], "psum": [0, 0, 0, 0, 0, 0, 0, 0, 0, 0, 0, 9.0, 18.0, 18.0, 24.0, 32.0, 64.2, 103.2, 112.2, 142.2, 173.4, 214.4, 271.2, 281.2, 291.2, 297.2, 297.2, 297.2, 297.2, 317.2, 329.2, 329.2, 329.2, 329.2, 329.2, 329.2, 329.2, 329.2, 329.2, 329.2, 329.2, 329.2, 329.2, 329.2, 329.2, 329.2, 329.2, 329.2, 329.2, 329.2, 329.2, 329.2, 329.2, 329.2, 329.2, 329.2, 329.2, 329.2, 329.2, 329.2, 329.2, 329.2, 329.2, 329.2], "pcnt": [0, 0, 0, 0, 0, 0, 0, 0, 0, 0, 0, 3, 6, 6, 8, 11, 22, 35, 38, 48, 54, 64, 75, 77, 79, 80, 80, 80, 80, 82, 83, 83, 83, 83, 83, 83, 83, 83, 83, 83, 83, 83, 83, 83, 83, 83, 83, 83, 83, 83, 83, 83, 83, 83, 83, 83, 83, 83, 83, 83, 83, 83, 83, 83]}}, {"type": "Feature", "geometry": {"type": "Point", "coordinates": [-106.21899, 50.6145]}, "properties": {"twp": "019-02-W3", "prov": "SK", "total": 103, "first": 1902, "cum": [0, 0, 0, 0, 0, 0, 0, 0, 0, 0, 0, 0, 0, 0, 0, 0, 0, 0, 0, 0, 0, 55, 78, 78, 90, 102, 102, 102, 102, 102, 103, 103, 103, 103, 103, 103, 103, 103, 103, 103, 103, 103, 103, 103, 103, 103, 103, 103, 103, 103, 103, 103, 103, 103, 103, 103, 103, 103, 103, 103, 103, 103, 103, 103], "psum": [0, 0, 0, 0, 0, 0, 0, 0, 0, 0, 0, 0, 0, 0, 0, 0, 0, 0, 0, 0, 0, 165.0, 247.0, 247.0, 295.0, 367.0, 367.0, 367.0, 367.0, 367.0, 377.0, 377.0, 377.0, 377.0, 377.0, 377.0, 377.0, 377.0, 377.0, 377.0, 377.0, 377.0, 377.0, 377.0, 377.0, 377.0, 377.0, 377.0, 377.0, 377.0, 377.0, 377.0, 377.0, 377.0, 377.0, 377.0, 377.0, 377.0, 377.0, 377.0, 377.0, 377.0, 377.0, 377.0], "pcnt": [0, 0, 0, 0, 0, 0, 0, 0, 0, 0, 0, 0, 0, 0, 0, 0, 0, 0, 0, 0, 0, 55, 78, 78, 90, 102, 102, 102, 102, 102, 103, 103, 103, 103, 103, 103, 103, 103, 103, 103, 103, 103, 103, 103, 103, 103, 103, 103, 103, 103, 103, 103, 103, 103, 103, 103, 103, 103, 103, 103, 103, 103, 103, 103]}}, {"type": "Feature", "geometry": {"type": "Point", "coordinates": [-105.10701, 50.52771]}, "properties": {"twp": "018-23-W2", "prov": "SK", "total": 72, "first": 1882, "cum": [0, 24, 24, 24, 24, 24, 24, 24, 24, 24, 24, 25, 25, 25, 25, 25, 26, 30, 36, 44, 46, 63, 70, 70, 70, 71, 71, 71, 71, 72, 72, 72, 72, 72, 72, 72, 72, 72, 72, 72, 72, 72, 72, 72, 72, 72, 72, 72, 72, 72, 72, 72, 72, 72, 72, 72, 72, 72, 72, 72, 72, 72, 72, 72], "psum": [0, 60.0, 60.0, 60.0, 60.0, 60.0, 60.0, 60.0, 60.0, 60.0, 60.0, 63.0, 63.0, 63.0, 63.0, 63.0, 66.0, 78.0, 96.0, 120.0, 126.5, 194.5, 223.5, 223.5, 223.5, 238.5, 238.5, 238.5, 238.5, 248.5, 248.5, 248.5, 248.5, 248.5, 248.5, 248.5, 248.5, 248.5, 248.5, 248.5, 248.5, 248.5, 248.5, 248.5, 248.5, 248.5, 248.5, 248.5, 248.5, 248.5, 248.5, 248.5, 248.5, 248.5, 248.5, 248.5, 248.5, 248.5, 248.5, 248.5, 248.5, 248.5, 248.5, 248.5], "pcnt": [0, 24, 24, 24, 24, 24, 24, 24, 24, 24, 24, 25, 25, 25, 25, 25, 26, 30, 36, 44, 46, 63, 70, 70, 70, 71, 71, 71, 71, 72, 72, 72, 72, 72, 72, 72, 72, 72, 72, 72, 72, 72, 72, 72, 72, 72, 72, 72, 72, 72, 72, 72, 72, 72, 72, 72, 72, 72, 72, 72, 72, 72, 72, 72]}}, {"type": "Feature", "geometry": {"type": "Point", "coordinates": [-104.97777, 50.54236]}, "properties": {"twp": "018-22-W2", "prov": "SK", "total": 61, "first": 1882, "cum": [0, 24, 24, 24, 24, 24, 24, 24, 24, 24, 24, 39, 39, 39, 39, 39, 41, 43, 53, 55, 59, 59, 61, 61, 61, 61, 61, 61, 61, 61, 61, 61, 61, 61, 61, 61, 61, 61, 61, 61, 61, 61, 61, 61, 61, 61, 61, 61, 61, 61, 61, 61, 61, 61, 61, 61, 61, 61, 61, 61, 61, 61, 61, 61], "psum": [0, 60.0, 60.0, 60.0, 60.0, 60.0, 60.0, 60.0, 60.0, 60.0, 60.0, 105.0, 105.0, 105.0, 105.0, 105.0, 111.0, 117.0, 146.9, 152.9, 164.9, 164.9, 173.9, 173.9, 173.9, 173.9, 173.9, 173.9, 173.9, 173.9, 173.9, 173.9, 173.9, 173.9, 173.9, 173.9, 173.9, 173.9, 173.9, 173.9, 173.9, 173.9, 173.9, 173.9, 173.9, 173.9, 173.9, 173.9, 173.9, 173.9, 173.9, 173.9, 173.9, 173.9, 173.9, 173.9, 173.9, 173.9, 173.9, 173.9, 173.9, 173.9, 173.9, 173.9], "pcnt": [0, 24, 24, 24, 24, 24, 24, 24, 24, 24, 24, 39, 39, 39, 39, 39, 41, 43, 53, 55, 59, 59, 61, 61, 61, 61, 61, 61, 61, 61, 61, 61, 61, 61, 61, 61, 61, 61, 61, 61, 61, 61, 61, 61, 61, 61, 61, 61, 61, 61, 61, 61, 61, 61, 61, 61, 61, 61, 61, 61, 61, 61, 61, 61]}}, {"type": "Feature", "geometry": {"type": "Point", "coordinates": [-104.67992, 50.54104]}, "properties": {"twp": "018-20-W2", "prov": "SK", "total": 20, "first": 1884, "cum": [0, 0, 0, 20, 20, 20, 20, 20, 20, 20, 20, 20, 20, 20, 20, 20, 20, 20, 20, 20, 20, 20, 20, 20, 20, 20, 20, 20, 20, 20, 20, 20, 20, 20, 20, 20, 20, 20, 20, 20, 20, 20, 20, 20, 20, 20, 20, 20, 20, 20, 20, 20, 20, 20, 20, 20, 20, 20, 20, 20, 20, 20, 20, 20], "psum": [0, 0, 0, 0, 0, 0, 0, 0, 0, 0, 0, 0, 0, 0, 0, 0, 0, 0, 0, 0, 0, 0, 0, 0, 0, 0, 0, 0, 0, 0, 0, 0, 0, 0, 0, 0, 0, 0, 0, 0, 0, 0, 0, 0, 0, 0, 0, 0, 0, 0, 0, 0, 0, 0, 0, 0, 0, 0, 0, 0, 0, 0, 0, 0], "pcnt": [0, 0, 0, 0, 0, 0, 0, 0, 0, 0, 0, 0, 0, 0, 0, 0, 0, 0, 0, 0, 0, 0, 0, 0, 0, 0, 0, 0, 0, 0, 0, 0, 0, 0, 0, 0, 0, 0, 0, 0, 0, 0, 0, 0, 0, 0, 0, 0, 0, 0, 0, 0, 0, 0, 0, 0, 0, 0, 0, 0, 0, 0, 0, 0]}}, {"type": "Feature", "geometry": {"type": "Point", "coordinates": [-106.07233, 50.51693]}, "properties": {"twp": "018-01-W3", "prov": "SK", "total": 64, "first": 1901, "cum": [0, 0, 0, 0, 0, 0, 0, 0, 0, 0, 0, 0, 0, 0, 0, 0, 0, 0, 0, 0, 2, 4, 4, 9, 52, 58, 58, 58, 58, 62, 64, 64, 64, 64, 64, 64, 64, 64, 64, 64, 64, 64, 64, 64, 64, 64, 64, 64, 64, 64, 64, 64, 64, 64, 64, 64, 64, 64, 64, 64, 64, 64, 64, 64], "psum": [0, 0, 0, 0, 0, 0, 0, 0, 0, 0, 0, 0, 0, 0, 0, 0, 0, 0, 0, 0, 6.0, 12.0, 12.0, 32.0, 204.0, 234.0, 234.0, 234.0, 234.0, 294.0, 326.0, 326.0, 326.0, 326.0, 326.0, 326.0, 326.0, 326.0, 326.0, 326.0, 326.0, 326.0, 326.0, 326.0, 326.0, 326.0, 326.0, 326.0, 326.0, 326.0, 326.0, 326.0, 326.0, 326.0, 326.0, 326.0, 326.0, 326.0, 326.0, 326.0, 326.0, 326.0, 326.0, 326.0], "pcnt": [0, 0, 0, 0, 0, 0, 0, 0, 0, 0, 0, 0, 0, 0, 0, 0, 0, 0, 0, 0, 2, 4, 4, 9, 52, 58, 58, 58, 58, 62, 64, 64, 64, 64, 64, 64, 64, 64, 64, 64, 64, 64, 64, 64, 64, 64, 64, 64, 64, 64, 64, 64, 64, 64, 64, 64, 64, 64, 64, 64, 64, 64, 64, 64]}}, {"type": "Feature", "geometry": {"type": "Point", "coordinates": [-101.8467, 50.46079]}, "properties": {"twp": "017-32-W1", "prov": "SK", "total": 58, "first": 1889, "cum": [0, 0, 0, 0, 0, 0, 0, 0, 1, 1, 1, 9, 9, 9, 10, 10, 12, 18, 18, 22, 23, 24, 28, 32, 39, 46, 55, 55, 55, 56, 56, 58, 58, 58, 58, 58, 58, 58, 58, 58, 58, 58, 58, 58, 58, 58, 58, 58, 58, 58, 58, 58, 58, 58, 58, 58, 58, 58, 58, 58, 58, 58, 58, 58], "psum": [0, 0, 0, 0, 0, 0, 0, 0, 2.5, 2.5, 2.5, 26.5, 26.5, 26.5, 29.5, 29.5, 35.5, 53.5, 53.5, 65.5, 68.5, 72.5, 92.5, 112.5, 150.5, 888.5, 966.5, 966.5, 966.5, 975.5, 975.5, 1000.6, 1000.6, 1000.6, 1000.6, 1000.6, 1000.6, 1000.6, 1000.6, 1000.6, 1000.6, 1000.6, 1000.6, 1000.6, 1000.6, 1000.6, 1000.6, 1000.6, 1000.6, 1000.6, 1000.6, 1000.6, 1000.6, 1000.6, 1000.6, 1000.6, 1000.6, 1000.6, 1000.6, 1000.6, 1000.6, 1000.6, 1000.6, 1000.6], "pcnt": [0, 0, 0, 0, 0, 0, 0, 0, 1, 1, 1, 9, 9, 9, 10, 10, 12, 18, 18, 22, 23, 24, 28, 32, 39, 46, 55, 55, 55, 56, 56, 58, 58, 58, 58, 58, 58, 58, 58, 58, 58, 58, 58, 58, 58, 58, 58, 58, 58, 58, 58, 58, 58, 58, 58, 58, 58, 58, 58, 58, 58, 58, 58, 58]}}, {"type": "Feature", "geometry": {"type": "Point", "coordinates": [-107.72382, 50.43831]}, "properties": {"twp": "017-13-W3", "prov": "SK", "total": 95, "first": 1903, "cum": [0, 0, 0, 0, 0, 0, 0, 0, 0, 0, 0, 0, 0, 0, 0, 0, 0, 0, 0, 0, 0, 0, 48, 48, 50, 65, 65, 65, 65, 91, 91, 95, 95, 95, 95, 95, 95, 95, 95, 95, 95, 95, 95, 95, 95, 95, 95, 95, 95, 95, 95, 95, 95, 95, 95, 95, 95, 95, 95, 95, 95, 95, 95, 95], "psum": [0, 0, 0, 0, 0, 0, 0, 0, 0, 0, 0, 0, 0, 0, 0, 0, 0, 0, 0, 0, 0, 0, 168.0, 168.0, 178.0, 264.0, 264.0, 264.0, 264.0, 476.0, 476.0, 533.0, 533.0, 533.0, 533.0, 533.0, 533.0, 533.0, 533.0, 533.0, 533.0, 533.0, 533.0, 533.0, 533.0, 533.0, 533.0, 533.0, 533.0, 533.0, 533.0, 533.0, 533.0, 533.0, 533.0, 533.0, 533.0, 533.0, 533.0, 533.0, 533.0, 533.0, 533.0, 533.0], "pcnt": [0, 0, 0, 0, 0, 0, 0, 0, 0, 0, 0, 0, 0, 0, 0, 0, 0, 0, 0, 0, 0, 0, 48, 48, 50, 65, 65, 65, 65, 91, 91, 95, 95, 95, 95, 95, 95, 95, 95, 95, 95, 95, 95, 95, 95, 95, 95, 95, 95, 95, 95, 95, 95, 95, 95, 95, 95, 95, 95, 95, 95, 95, 95, 95]}}, {"type": "Feature", "geometry": {"type": "Point", "coordinates": [-103.57086, 50.46582]}, "properties": {"twp": "017-12-W2", "prov": "SK", "total": 24, "first": 1897, "cum": [0, 0, 0, 0, 0, 0, 0, 0, 0, 0, 0, 0, 0, 0, 0, 0, 2, 2, 3, 5, 7, 7, 9, 9, 24, 24, 24, 24, 24, 24, 24, 24, 24, 24, 24, 24, 24, 24, 24, 24, 24, 24, 24, 24, 24, 24, 24, 24, 24, 24, 24, 24, 24, 24, 24, 24, 24, 24, 24, 24, 24, 24, 24, 24], "psum": [0, 0, 0, 0, 0, 0, 0, 0, 0, 0, 0, 0, 0, 0, 0, 0, 6.0, 6.0, 9.0, 14.8, 20.8, 20.8, 32.8, 32.8, 137.8, 137.8, 137.8, 137.8, 137.8, 137.8, 137.8, 137.8, 137.8, 137.8, 137.8, 137.8, 137.8, 137.8, 137.8, 137.8, 137.8, 137.8, 137.8, 137.8, 137.8, 137.8, 137.8, 137.8, 137.8, 137.8, 137.8, 137.8, 137.8, 137.8, 137.8, 137.8, 137.8, 137.8, 137.8, 137.8, 137.8, 137.8, 137.8, 137.8], "pcnt": [0, 0, 0, 0, 0, 0, 0, 0, 0, 0, 0, 0, 0, 0, 0, 0, 2, 2, 3, 5, 7, 7, 9, 9, 24, 24, 24, 24, 24, 24, 24, 24, 24, 24, 24, 24, 24, 24, 24, 24, 24, 24, 24, 24, 24, 24, 24, 24, 24, 24, 24, 24, 24, 24, 24, 24, 24, 24, 24, 24, 24, 24, 24, 24]}}, {"type": "Feature", "geometry": {"type": "Point", "coordinates": [-104.69439, 50.33738]}, "properties": {"twp": "016-20-W2", "prov": "SK", "total": 65, "first": 1882, "cum": [0, 32, 32, 36, 36, 36, 36, 36, 36, 36, 36, 36, 36, 36, 36, 36, 36, 36, 42, 50, 65, 65, 65, 65, 65, 65, 65, 65, 65, 65, 65, 65, 65, 65, 65, 65, 65, 65, 65, 65, 65, 65, 65, 65, 65, 65, 65, 65, 65, 65, 65, 65, 65, 65, 65, 65, 65, 65, 65, 65, 65, 65, 65, 65], "psum": [0, 80.0, 80.0, 80.0, 80.0, 80.0, 80.0, 80.0, 80.0, 80.0, 80.0, 80.0, 80.0, 80.0, 80.0, 80.0, 80.0, 80.0, 98.0, 122.0, 169.0, 169.0, 169.0, 169.0, 169.0, 169.0, 169.0, 169.0, 169.0, 169.0, 169.0, 169.0, 169.0, 169.0, 169.0, 169.0, 169.0, 169.0, 169.0, 169.0, 169.0, 169.0, 169.0, 169.0, 169.0, 169.0, 169.0, 169.0, 169.0, 169.0, 169.0, 169.0, 169.0, 169.0, 169.0, 169.0, 169.0, 169.0, 169.0, 169.0, 169.0, 169.0, 169.0, 169.0], "pcnt": [0, 32, 32, 32, 32, 32, 32, 32, 32, 32, 32, 32, 32, 32, 32, 32, 32, 32, 38, 46, 61, 61, 61, 61, 61, 61, 61, 61, 61, 61, 61, 61, 61, 61, 61, 61, 61, 61, 61, 61, 61, 61, 61, 61, 61, 61, 61, 61, 61, 61, 61, 61, 61, 61, 61, 61, 61, 61, 61, 61, 61, 61, 61, 61]}}, {"type": "Feature", "geometry": {"type": "Point", "coordinates": [-104.56451, 50.34178]}, "properties": {"twp": "016-19-W2", "prov": "SK", "total": 82, "first": 1882, "cum": [0, 28, 28, 36, 36, 36, 36, 36, 36, 36, 36, 36, 36, 36, 36, 36, 36, 36, 36, 36, 77, 79, 82, 82, 82, 82, 82, 82, 82, 82, 82, 82, 82, 82, 82, 82, 82, 82, 82, 82, 82, 82, 82, 82, 82, 82, 82, 82, 82, 82, 82, 82, 82, 82, 82, 82, 82, 82, 82, 82, 82, 82, 82, 82], "psum": [0, 70.0, 70.0, 70.0, 70.0, 70.0, 70.0, 70.0, 70.0, 70.0, 70.0, 70.0, 70.0, 70.0, 70.0, 70.0, 70.0, 70.0, 70.0, 70.0, 193.0, 207.0, 216.0, 216.0, 216.0, 216.0, 216.0, 216.0, 216.0, 216.0, 216.0, 216.0, 216.0, 216.0, 216.0, 216.0, 216.0, 216.0, 216.0, 216.0, 216.0, 216.0, 216.0, 216.0, 216.0, 216.0, 216.0, 216.0, 216.0, 216.0, 216.0, 216.0, 216.0, 216.0, 216.0, 216.0, 216.0, 216.0, 216.0, 216.0, 216.0, 216.0, 216.0, 216.0], "pcnt": [0, 28, 28, 28, 28, 28, 28, 28, 28, 28, 28, 28, 28, 28, 28, 28, 28, 28, 28, 28, 69, 71, 74, 74, 74, 74, 74, 74, 74, 74, 74, 74, 74, 74, 74, 74, 74, 74, 74, 74, 74, 74, 74, 74, 74, 74, 74, 74, 74, 74, 74, 74, 74, 74, 74, 74, 74, 74, 74, 74, 74, 74, 74, 74]}}, {"type": "Feature", "geometry": {"type": "Point", "coordinates": [-103.7385, 50.34801]}, "properties": {"twp": "016-13-W2", "prov": "SK", "total": 61, "first": 1900, "cum": [0, 0, 0, 0, 0, 0, 0, 0, 0, 0, 0, 0, 0, 0, 0, 0, 0, 0, 0, 2, 2, 6, 9, 16, 20, 49, 51, 55, 55, 58, 61, 61, 61, 61, 61, 61, 61, 61, 61, 61, 61, 61, 61, 61, 61, 61, 61, 61, 61, 61, 61, 61, 61, 61, 61, 61, 61, 61, 61, 61, 61, 61, 61, 61], "psum": [0, 0, 0, 0, 0, 0, 0, 0, 0, 0, 0, 0, 0, 0, 0, 0, 0, 0, 0, 6.0, 6.0, 26.0, 46.0, 90.0, 122.0, 370.0, 395.0, 455.0, 455.0, 500.0, 545.0, 545.0, 545.0, 545.0, 545.0, 545.0, 545.0, 545.0, 545.0, 545.0, 545.0, 545.0, 545.0, 545.0, 545.0, 545.0, 545.0, 545.0, 545.0, 545.0, 545.0, 545.0, 545.0, 545.0, 545.0, 545.0, 545.0, 545.0, 545.0, 545.0, 545.0, 545.0, 545.0, 545.0], "pcnt": [0, 0, 0, 0, 0, 0, 0, 0, 0, 0, 0, 0, 0, 0, 0, 0, 0, 0, 0, 2, 2, 6, 9, 16, 20, 49, 51, 55, 55, 58, 61, 61, 61, 61, 61, 61, 61, 61, 61, 61, 61, 61, 61, 61, 61, 61, 61, 61, 61, 61, 61, 61, 61, 61, 61, 61, 61, 61, 61, 61, 61, 61, 61, 61]}}, {"type": "Feature", "geometry": {"type": "Point", "coordinates": [-104.59366, 50.27472]}, "properties": {"twp": "015-19-W2", "prov": "SK", "total": 36, "first": 1882, "cum": [0, 12, 12, 12, 12, 12, 12, 12, 12, 12, 12, 12, 12, 12, 12, 12, 12, 12, 12, 12, 36, 36, 36, 36, 36, 36, 36, 36, 36, 36, 36, 36, 36, 36, 36, 36, 36, 36, 36, 36, 36, 36, 36, 36, 36, 36, 36, 36, 36, 36, 36, 36, 36, 36, 36, 36, 36, 36, 36, 36, 36, 36, 36, 36], "psum": [0, 30.0, 30.0, 30.0, 30.0, 30.0, 30.0, 30.0, 30.0, 30.0, 30.0, 30.0, 30.0, 30.0, 30.0, 30.0, 30.0, 30.0, 30.0, 30.0, 78.0, 78.0, 78.0, 78.0, 78.0, 78.0, 78.0, 78.0, 78.0, 78.0, 78.0, 78.0, 78.0, 78.0, 78.0, 78.0, 78.0, 78.0, 78.0, 78.0, 78.0, 78.0, 78.0, 78.0, 78.0, 78.0, 78.0, 78.0, 78.0, 78.0, 78.0, 78.0, 78.0, 78.0, 78.0, 78.0, 78.0, 78.0, 78.0, 78.0, 78.0, 78.0, 78.0, 78.0], "pcnt": [0, 12, 12, 12, 12, 12, 12, 12, 12, 12, 12, 12, 12, 12, 12, 12, 12, 12, 12, 12, 36, 36, 36, 36, 36, 36, 36, 36, 36, 36, 36, 36, 36, 36, 36, 36, 36, 36, 36, 36, 36, 36, 36, 36, 36, 36, 36, 36, 36, 36, 36, 36, 36, 36, 36, 36, 36, 36, 36, 36, 36, 36, 36, 36]}}, {"type": "Feature", "geometry": {"type": "Point", "coordinates": [-107.7294, 50.26608]}, "properties": {"twp": "015-13-W3", "prov": "SK", "total": 69, "first": 1885, "cum": [0, 0, 0, 0, 1, 1, 1, 13, 13, 13, 13, 13, 13, 13, 13, 13, 13, 13, 13, 13, 13, 13, 49, 51, 65, 67, 67, 67, 67, 67, 69, 69, 69, 69, 69, 69, 69, 69, 69, 69, 69, 69, 69, 69, 69, 69, 69, 69, 69, 69, 69, 69, 69, 69, 69, 69, 69, 69, 69, 69, 69, 69, 69, 69], "psum": [0, 0, 0, 0, 5.0, 5.0, 5.0, 41.0, 41.0, 41.0, 41.0, 41.0, 41.0, 41.0, 41.0, 41.0, 41.0, 41.0, 41.0, 41.0, 41.0, 41.0, 167.0, 174.0, 238.0, 244.0, 244.0, 244.0, 244.0, 244.0, 374.0, 374.0, 374.0, 374.0, 374.0, 374.0, 374.0, 374.0, 374.0, 374.0, 374.0, 374.0, 374.0, 374.0, 374.0, 374.0, 374.0, 374.0, 374.0, 374.0, 374.0, 374.0, 374.0, 374.0, 374.0, 374.0, 374.0, 374.0, 374.0, 374.0, 374.0, 374.0, 374.0, 374.0], "pcnt": [0, 0, 0, 0, 1, 1, 1, 13, 13, 13, 13, 13, 13, 13, 13, 13, 13, 13, 13, 13, 13, 13, 49, 51, 65, 67, 67, 67, 67, 67, 69, 69, 69, 69, 69, 69, 69, 69, 69, 69, 69, 69, 69, 69, 69, 69, 69, 69, 69, 69, 69, 69, 69, 69, 69, 69, 69, 69, 69, 69, 69, 69, 69, 69]}}, {"type": "Feature", "geometry": {"type": "Point", "coordinates": [-103.73731, 50.26272]}, "properties": {"twp": "015-13-W2", "prov": "SK", "total": 126, "first": 1902, "cum": [0, 0, 0, 0, 0, 0, 0, 0, 0, 0, 0, 0, 0, 0, 0, 0, 0, 0, 0, 0, 0, 70, 74, 99, 99, 112, 112, 112, 114, 125, 126, 126, 126, 126, 126, 126, 126, 126, 126, 126, 126, 126, 126, 126, 126, 126, 126, 126, 126, 126, 126, 126, 126, 126, 126, 126, 126, 126, 126, 126, 126, 126, 126, 126], "psum": [0, 0, 0, 0, 0, 0, 0, 0, 0, 0, 0, 0, 0, 0, 0, 0, 0, 0, 0, 0, 0, 210.0, 237.0, 364.0, 364.0, 459.0, 459.0, 459.0, 499.0, 664.0, 681.0, 681.0, 681.0, 681.0, 681.0, 681.0, 681.0, 681.0, 681.0, 681.0, 681.0, 681.0, 681.0, 681.0, 681.0, 681.0, 681.0, 681.0, 681.0, 681.0, 681.0, 681.0, 681.0, 681.0, 681.0, 681.0, 681.0, 681.0, 681.0, 681.0, 681.0, 681.0, 681.0, 681.0], "pcnt": [0, 0, 0, 0, 0, 0, 0, 0, 0, 0, 0, 0, 0, 0, 0, 0, 0, 0, 0, 0, 0, 70, 74, 99, 99, 112, 112, 112, 114, 125, 126, 126, 126, 126, 126, 126, 126, 126, 126, 126, 126, 126, 126, 126, 126, 126, 126, 126, 126, 126, 126, 126, 126, 126, 126, 126, 126, 126, 126, 126, 126, 126, 126, 126]}}, {"type": "Feature", "geometry": {"type": "Point", "coordinates": [-102.89348, 50.27561]}, "properties": {"twp": "015-07-W2", "prov": "SK", "total": 34, "first": 1882, "cum": [0, 8, 12, 12, 12, 12, 12, 12, 12, 12, 12, 12, 12, 12, 12, 12, 12, 12, 12, 12, 28, 28, 28, 28, 28, 30, 31, 34, 34, 34, 34, 34, 34, 34, 34, 34, 34, 34, 34, 34, 34, 34, 34, 34, 34, 34, 34, 34, 34, 34, 34, 34, 34, 34, 34, 34, 34, 34, 34, 34, 34, 34, 34, 34], "psum": [0, 20.0, 38.0, 38.0, 38.0, 38.0, 38.0, 38.0, 38.0, 38.0, 38.0, 38.0, 38.0, 38.0, 38.0, 38.0, 38.0, 38.0, 38.0, 38.0, 86.0, 86.0, 86.0, 86.0, 86.0, 102.0, 112.0, 154.0, 154.0, 154.0, 154.0, 154.0, 154.0, 154.0, 154.0, 154.0, 154.0, 154.0, 154.0, 154.0, 154.0, 154.0, 154.0, 154.0, 154.0, 154.0, 154.0, 154.0, 154.0, 154.0, 154.0, 154.0, 154.0, 154.0, 154.0, 154.0, 154.0, 154.0, 154.0, 154.0, 154.0, 154.0, 154.0, 154.0], "pcnt": [0, 8, 12, 12, 12, 12, 12, 12, 12, 12, 12, 12, 12, 12, 12, 12, 12, 12, 12, 12, 28, 28, 28, 28, 28, 30, 31, 34, 34, 34, 34, 34, 34, 34, 34, 34, 34, 34, 34, 34, 34, 34, 34, 34, 34, 34, 34, 34, 34, 34, 34, 34, 34, 34, 34, 34, 34, 34, 34, 34, 34, 34, 34, 34]}}, {"type": "Feature", "geometry": {"type": "Point", "coordinates": [-102.63574, 50.27437]}, "properties": {"twp": "015-05-W2", "prov": "SK", "total": 38, "first": 1882, "cum": [0, 10, 10, 10, 10, 10, 10, 12, 16, 16, 16, 16, 16, 16, 16, 16, 17, 17, 17, 20, 20, 20, 21, 21, 21, 30, 33, 36, 38, 38, 38, 38, 38, 38, 38, 38, 38, 38, 38, 38, 38, 38, 38, 38, 38, 38, 38, 38, 38, 38, 38, 38, 38, 38, 38, 38, 38, 38, 38, 38, 38, 38, 38, 38], "psum": [0, 25.0, 25.0, 25.0, 25.0, 25.0, 25.0, 32.0, 45.0, 45.0, 45.0, 45.0, 45.0, 45.0, 45.0, 45.0, 48.0, 48.0, 48.0, 57.0, 57.0, 57.0, 63.0, 63.0, 63.0, 161.0, 206.0, 236.0, 261.0, 261.0, 261.0, 261.0, 261.0, 261.0, 261.0, 261.0, 261.0, 261.0, 261.0, 261.0, 261.0, 261.0, 261.0, 261.0, 261.0, 261.0, 261.0, 261.0, 261.0, 261.0, 261.0, 261.0, 261.0, 261.0, 261.0, 261.0, 261.0, 261.0, 261.0, 261.0, 261.0, 261.0, 261.0, 261.0], "pcnt": [0, 10, 10, 10, 10, 10, 10, 12, 16, 16, 16, 16, 16, 16, 16, 16, 17, 17, 17, 20, 20, 20, 21, 21, 21, 30, 33, 36, 38, 38, 38, 38, 38, 38, 38, 38, 38, 38, 38, 38, 38, 38, 38, 38, 38, 38, 38, 38, 38, 38, 38, 38, 38, 38, 38, 38, 38, 38, 38, 38, 38, 38, 38, 38]}}, {"type": "Feature", "geometry": {"type": "Point", "coordinates": [-102.49974, 50.26719]}, "properties": {"twp": "015-04-W2", "prov": "SK", "total": 73, "first": 1882, "cum": [0, 39, 39, 47, 47, 47, 48, 48, 48, 48, 48, 48, 48, 48, 48, 48, 48, 48, 50, 50, 54, 58, 59, 59, 65, 72, 72, 73, 73, 73, 73, 73, 73, 73, 73, 73, 73, 73, 73, 73, 73, 73, 73, 73, 73, 73, 73, 73, 73, 73, 73, 73, 73, 73, 73, 73, 73, 73, 73, 73, 73, 73, 73, 73], "psum": [0, 97.5, 97.5, 121.5, 121.5, 121.5, 124.5, 124.5, 124.5, 124.5, 124.5, 124.5, 124.5, 124.5, 124.5, 124.5, 124.5, 124.5, 130.5, 130.5, 142.2, 161.2, 168.2, 168.2, 216.2, 272.2, 272.2, 282.2, 282.2, 282.2, 282.2, 282.2, 282.2, 282.2, 282.2, 282.2, 282.2, 282.2, 282.2, 282.2, 282.2, 282.2, 282.2, 282.2, 282.2, 282.2, 282.2, 282.2, 282.2, 282.2, 282.2, 282.2, 282.2, 282.2, 282.2, 282.2, 282.2, 282.2, 282.2, 282.2, 282.2, 282.2, 282.2, 282.2], "pcnt": [0, 39, 39, 47, 47, 47, 48, 48, 48, 48, 48, 48, 48, 48, 48, 48, 48, 48, 50, 50, 54, 58, 59, 59, 65, 72, 72, 73, 73, 73, 73, 73, 73, 73, 73, 73, 73, 73, 73, 73, 73, 73, 73, 73, 73, 73, 73, 73, 73, 73, 73, 73, 73, 73, 73, 73, 73, 73, 73, 73, 73, 73, 73, 73]}}, {"type": "Feature", "geometry": {"type": "Point", "coordinates": [-107.57274, 50.17917]}, "properties": {"twp": "014-12-W3", "prov": "SK", "total": 30, "first": 1904, "cum": [0, 0, 0, 0, 0, 0, 0, 0, 0, 0, 0, 0, 0, 0, 0, 0, 0, 0, 0, 0, 0, 0, 0, 15, 28, 28, 30, 30, 30, 30, 30, 30, 30, 30, 30, 30, 30, 30, 30, 30, 30, 30, 30, 30, 30, 30, 30, 30, 30, 30, 30, 30, 30, 30, 30, 30, 30, 30, 30, 30, 30, 30, 30, 30], "psum": [0, 0, 0, 0, 0, 0, 0, 0, 0, 0, 0, 0, 0, 0, 0, 0, 0, 0, 0, 0, 0, 0, 0, 49.3, 91.0, 91.0, 107.0, 107.0, 107.0, 107.0, 107.0, 107.0, 107.0, 107.0, 107.0, 107.0, 107.0, 107.0, 107.0, 107.0, 107.0, 107.0, 107.0, 107.0, 107.0, 107.0, 107.0, 107.0, 107.0, 107.0, 107.0, 107.0, 107.0, 107.0, 107.0, 107.0, 107.0, 107.0, 107.0, 107.0, 107.0, 107.0, 107.0, 107.0], "pcnt": [0, 0, 0, 0, 0, 0, 0, 0, 0, 0, 0, 0, 0, 0, 0, 0, 0, 0, 0, 0, 0, 0, 0, 15, 28, 28, 30, 30, 30, 30, 30, 30, 30, 30, 30, 30, 30, 30, 30, 30, 30, 30, 30, 30, 30, 30, 30, 30, 30, 30, 30, 30, 30, 30, 30, 30, 30, 30, 30, 30, 30, 30, 30, 30]}}, {"type": "Feature", "geometry": {"type": "Point", "coordinates": [-106.89475, 50.16229]}, "properties": {"twp": "014-07-W3", "prov": "SK", "total": 22, "first": 1902, "cum": [0, 0, 0, 0, 0, 0, 0, 0, 0, 0, 0, 0, 0, 0, 0, 0, 0, 0, 0, 0, 0, 6, 6, 6, 6, 6, 6, 22, 22, 22, 22, 22, 22, 22, 22, 22, 22, 22, 22, 22, 22, 22, 22, 22, 22, 22, 22, 22, 22, 22, 22, 22, 22, 22, 22, 22, 22, 22, 22, 22, 22, 22, 22, 22], "psum": [0, 0, 0, 0, 0, 0, 0, 0, 0, 0, 0, 0, 0, 0, 0, 0, 0, 0, 0, 0, 0, 18.0, 18.0, 18.0, 18.0, 18.0, 18.0, 146.0, 146.0, 146.0, 146.0, 146.0, 146.0, 146.0, 146.0, 146.0, 146.0, 146.0, 146.0, 146.0, 146.0, 146.0, 146.0, 146.0, 146.0, 146.0, 146.0, 146.0, 146.0, 146.0, 146.0, 146.0, 146.0, 146.0, 146.0, 146.0, 146.0, 146.0, 146.0, 146.0, 146.0, 146.0, 146.0, 146.0], "pcnt": [0, 0, 0, 0, 0, 0, 0, 0, 0, 0, 0, 0, 0, 0, 0, 0, 0, 0, 0, 0, 0, 6, 6, 6, 6, 6, 6, 22, 22, 22, 22, 22, 22, 22, 22, 22, 22, 22, 22, 22, 22, 22, 22, 22, 22, 22, 22, 22, 22, 22, 22, 22, 22, 22, 22, 22, 22, 22, 22, 22, 22, 22, 22, 22]}}, {"type": "Feature", "geometry": {"type": "Point", "coordinates": [-101.91632, 50.12968]}, "properties": {"twp": "013-33-W1", "prov": "SK", "total": 24, "first": 1900, "cum": [0, 0, 0, 0, 0, 0, 0, 0, 0, 0, 0, 0, 0, 0, 0, 0, 0, 0, 0, 1, 1, 1, 10, 14, 15, 20, 21, 21, 21, 21, 22, 24, 24, 24, 24, 24, 24, 24, 24, 24, 24, 24, 24, 24, 24, 24, 24, 24, 24, 24, 24, 24, 24, 24, 24, 24, 24, 24, 24, 24, 24, 24, 24, 24], "psum": [0, 0, 0, 0, 0, 0, 0, 0, 0, 0, 0, 0, 0, 0, 0, 0, 0, 0, 0, 3.0, 3.0, 3.0, 48.0, 70.0, 76.0, 109.0, 119.0, 119.0, 119.0, 119.0, 131.0, 155.0, 155.0, 155.0, 155.0, 155.0, 155.0, 155.0, 155.0, 155.0, 155.0, 155.0, 155.0, 155.0, 155.0, 155.0, 155.0, 155.0, 155.0, 155.0, 155.0, 155.0, 155.0, 155.0, 155.0, 155.0, 155.0, 155.0, 155.0, 155.0, 155.0, 155.0, 155.0, 155.0], "pcnt": [0, 0, 0, 0, 0, 0, 0, 0, 0, 0, 0, 0, 0, 0, 0, 0, 0, 0, 0, 1, 1, 1, 10, 14, 15, 20, 21, 21, 21, 21, 22, 24, 24, 24, 24, 24, 24, 24, 24, 24, 24, 24, 24, 24, 24, 24, 24, 24, 24, 24, 24, 24, 24, 24, 24, 24, 24, 24, 24, 24, 24, 24, 24, 24]}}, {"type": "Feature", "geometry": {"type": "Point", "coordinates": [-106.90356, 50.12778]}, "properties": {"twp": "013-07-W3", "prov": "SK", "total": 4, "first": 1908, "cum": [0, 0, 0, 0, 0, 0, 0, 0, 0, 0, 0, 0, 0, 0, 0, 0, 0, 0, 0, 0, 0, 0, 0, 0, 0, 0, 0, 4, 4, 4, 4, 4, 4, 4, 4, 4, 4, 4, 4, 4, 4, 4, 4, 4, 4, 4, 4, 4, 4, 4, 4, 4, 4, 4, 4, 4, 4, 4, 4, 4, 4, 4, 4, 4], "psum": [0, 0, 0, 0, 0, 0, 0, 0, 0, 0, 0, 0, 0, 0, 0, 0, 0, 0, 0, 0, 0, 0, 0, 0, 0, 0, 0, 32.0, 32.0, 32.0, 32.0, 32.0, 32.0, 32.0, 32.0, 32.0, 32.0, 32.0, 32.0, 32.0, 32.0, 32.0, 32.0, 32.0, 32.0, 32.0, 32.0, 32.0, 32.0, 32.0, 32.0, 32.0, 32.0, 32.0, 32.0, 32.0, 32.0, 32.0, 32.0, 32.0, 32.0, 32.0, 32.0, 32.0], "pcnt": [0, 0, 0, 0, 0, 0, 0, 0, 0, 0, 0, 0, 0, 0, 0, 0, 0, 0, 0, 0, 0, 0, 0, 0, 0, 0, 0, 4, 4, 4, 4, 4, 4, 4, 4, 4, 4, 4, 4, 4, 4, 4, 4, 4, 4, 4, 4, 4, 4, 4, 4, 4, 4, 4, 4, 4, 4, 4, 4, 4, 4, 4, 4, 4]}}, {"type": "Feature", "geometry": {"type": "Point", "coordinates": [-102.23635, 50.09855]}, "properties": {"twp": "013-02-W2", "prov": "SK", "total": 29, "first": 1883, "cum": [0, 0, 2, 2, 2, 2, 2, 2, 2, 2, 2, 2, 2, 3, 3, 3, 6, 8, 9, 9, 12, 12, 12, 12, 18, 29, 29, 29, 29, 29, 29, 29, 29, 29, 29, 29, 29, 29, 29, 29, 29, 29, 29, 29, 29, 29, 29, 29, 29, 29, 29, 29, 29, 29, 29, 29, 29, 29, 29, 29, 29, 29, 29, 29], "psum": [0, 0, 6.0, 6.0, 6.0, 6.0, 6.0, 6.0, 6.0, 6.0, 6.0, 6.0, 6.0, 9.0, 9.0, 9.0, 18.0, 24.0, 26.8, 26.8, 35.8, 35.8, 35.8, 35.8, 83.8, 189.8, 189.8, 189.8, 189.8, 189.8, 189.8, 189.8, 189.8, 189.8, 189.8, 189.8, 189.8, 189.8, 189.8, 189.8, 189.8, 189.8, 189.8, 189.8, 189.8, 189.8, 189.8, 189.8, 189.8, 189.8, 189.8, 189.8, 189.8, 189.8, 189.8, 189.8, 189.8, 189.8, 189.8, 189.8, 189.8, 189.8, 189.8, 189.8], "pcnt": [0, 0, 2, 2, 2, 2, 2, 2, 2, 2, 2, 2, 2, 3, 3, 3, 6, 8, 9, 9, 12, 12, 12, 12, 18, 29, 29, 29, 29, 29, 29, 29, 29, 29, 29, 29, 29, 29, 29, 29, 29, 29, 29, 29, 29, 29, 29, 29, 29, 29, 29, 29, 29, 29, 29, 29, 29, 29, 29, 29, 29, 29, 29, 29]}}, {"type": "Feature", "geometry": {"type": "Point", "coordinates": [-101.81285, 50.05703]}, "properties": {"twp": "012-32-W1", "prov": "SK", "total": 5, "first": 1882, "cum": [0, 5, 5, 5, 5, 5, 5, 5, 5, 5, 5, 5, 5, 5, 5, 5, 5, 5, 5, 5, 5, 5, 5, 5, 5, 5, 5, 5, 5, 5, 5, 5, 5, 5, 5, 5, 5, 5, 5, 5, 5, 5, 5, 5, 5, 5, 5, 5, 5, 5, 5, 5, 5, 5, 5, 5, 5, 5, 5, 5, 5, 5, 5, 5], "psum": [0, 12.5, 12.5, 12.5, 12.5, 12.5, 12.5, 12.5, 12.5, 12.5, 12.5, 12.5, 12.5, 12.5, 12.5, 12.5, 12.5, 12.5, 12.5, 12.5, 12.5, 12.5, 12.5, 12.5, 12.5, 12.5, 12.5, 12.5, 12.5, 12.5, 12.5, 12.5, 12.5, 12.5, 12.5, 12.5, 12.5, 12.5, 12.5, 12.5, 12.5, 12.5, 12.5, 12.5, 12.5, 12.5, 12.5, 12.5, 12.5, 12.5, 12.5, 12.5, 12.5, 12.5, 12.5, 12.5, 12.5, 12.5, 12.5, 12.5, 12.5, 12.5, 12.5, 12.5], "pcnt": [0, 5, 5, 5, 5, 5, 5, 5, 5, 5, 5, 5, 5, 5, 5, 5, 5, 5, 5, 5, 5, 5, 5, 5, 5, 5, 5, 5, 5, 5, 5, 5, 5, 5, 5, 5, 5, 5, 5, 5, 5, 5, 5, 5, 5, 5, 5, 5, 5, 5, 5, 5, 5, 5, 5, 5, 5, 5, 5, 5, 5, 5, 5, 5]}}, {"type": "Feature", "geometry": {"type": "Point", "coordinates": [-108.80518, 49.99066]}, "properties": {"twp": "012-21-W3", "prov": "SK", "total": 26, "first": 1903, "cum": [0, 0, 0, 0, 0, 0, 0, 0, 0, 0, 0, 0, 0, 0, 0, 0, 0, 0, 0, 0, 0, 0, 2, 2, 8, 10, 10, 15, 15, 15, 26, 26, 26, 26, 26, 26, 26, 26, 26, 26, 26, 26, 26, 26, 26, 26, 26, 26, 26, 26, 26, 26, 26, 26, 26, 26, 26, 26, 26, 26, 26, 26, 26, 26], "psum": [0, 0, 0, 0, 0, 0, 0, 0, 0, 0, 0, 0, 0, 0, 0, 0, 0, 0, 0, 0, 0, 0, 7.0, 7.0, 31.0, 47.0, 47.0, 87.0, 87.0, 87.0, 209.0, 209.0, 209.0, 209.0, 209.0, 209.0, 209.0, 209.0, 209.0, 209.0, 209.0, 209.0, 209.0, 209.0, 209.0, 209.0, 209.0, 209.0, 209.0, 209.0, 209.0, 209.0, 209.0, 209.0, 209.0, 209.0, 209.0, 209.0, 209.0, 209.0, 209.0, 209.0, 209.0, 209.0], "pcnt": [0, 0, 0, 0, 0, 0, 0, 0, 0, 0, 0, 0, 0, 0, 0, 0, 0, 0, 0, 0, 0, 0, 2, 2, 8, 10, 10, 15, 15, 15, 26, 26, 26, 26, 26, 26, 26, 26, 26, 26, 26, 26, 26, 26, 26, 26, 26, 26, 26, 26, 26, 26, 26, 26, 26, 26, 26, 26, 26, 26, 26, 26, 26, 26]}}, {"type": "Feature", "geometry": {"type": "Point", "coordinates": [-101.95582, 49.91978]}, "properties": {"twp": "011-33-W1", "prov": "SK", "total": 70, "first": 1882, "cum": [0, 9, 9, 9, 9, 11, 11, 11, 11, 11, 11, 12, 12, 12, 12, 12, 12, 12, 12, 13, 13, 22, 69, 69, 69, 69, 69, 69, 69, 69, 70, 70, 70, 70, 70, 70, 70, 70, 70, 70, 70, 70, 70, 70, 70, 70, 70, 70, 70, 70, 70, 70, 70, 70, 70, 70, 70, 70, 70, 70, 70, 70, 70, 70], "psum": [0, 22.5, 22.5, 22.5, 22.5, 27.5, 27.5, 27.5, 27.5, 27.5, 27.5, 30.5, 30.5, 30.5, 30.5, 30.5, 30.5, 30.5, 30.5, 33.5, 33.5, 78.5, 313.5, 313.5, 313.5, 313.5, 313.5, 313.5, 313.5, 313.5, 323.5, 323.5, 323.5, 323.5, 323.5, 323.5, 323.5, 323.5, 323.5, 323.5, 323.5, 323.5, 323.5, 323.5, 323.5, 323.5, 323.5, 323.5, 323.5, 323.5, 323.5, 323.5, 323.5, 323.5, 323.5, 323.5, 323.5, 323.5, 323.5, 323.5, 323.5, 323.5, 323.5, 323.5], "pcnt": [0, 9, 9, 9, 9, 11, 11, 11, 11, 11, 11, 12, 12, 12, 12, 12, 12, 12, 12, 13, 13, 22, 69, 69, 69, 69, 69, 69, 69, 69, 70, 70, 70, 70, 70, 70, 70, 70, 70, 70, 70, 70, 70, 70, 70, 70, 70, 70, 70, 70, 70, 70, 70, 70, 70, 70, 70, 70, 70, 70, 70, 70, 70, 70]}}, {"type": "Feature", "geometry": {"type": "Point", "coordinates": [-109.60815, 49.9148]}, "properties": {"twp": "011-27-W3", "prov": "SK", "total": 49, "first": 1888, "cum": [0, 0, 0, 0, 0, 0, 0, 28, 28, 28, 28, 28, 28, 28, 28, 28, 28, 28, 28, 28, 28, 30, 30, 30, 31, 31, 34, 34, 36, 49, 49, 49, 49, 49, 49, 49, 49, 49, 49, 49, 49, 49, 49, 49, 49, 49, 49, 49, 49, 49, 49, 49, 49, 49, 49, 49, 49, 49, 49, 49, 49, 49, 49, 49], "psum": [0, 0, 0, 0, 0, 0, 0, 84.0, 84.0, 84.0, 84.0, 84.0, 84.0, 84.0, 84.0, 84.0, 84.0, 84.0, 84.0, 84.0, 84.0, 91.0, 91.0, 91.0, 94.5, 94.5, 118.5, 118.5, 134.5, 242.5, 242.5, 242.5, 242.5, 242.5, 242.5, 242.5, 242.5, 242.5, 242.5, 242.5, 242.5, 242.5, 242.5, 242.5, 242.5, 242.5, 242.5, 242.5, 242.5, 242.5, 242.5, 242.5, 242.5, 242.5, 242.5, 242.5, 242.5, 242.5, 242.5, 242.5, 242.5, 242.5, 242.5, 242.5], "pcnt": [0, 0, 0, 0, 0, 0, 0, 28, 28, 28, 28, 28, 28, 28, 28, 28, 28, 28, 28, 28, 28, 30, 30, 30, 31, 31, 34, 34, 36, 49, 49, 49, 49, 49, 49, 49, 49, 49, 49, 49, 49, 49, 49, 49, 49, 49, 49, 49, 49, 49, 49, 49, 49, 49, 49, 49, 49, 49, 49, 49, 49, 49, 49, 49]}}, {"type": "Feature", "geometry": {"type": "Point", "coordinates": [-109.24764, 49.92001]}, "properties": {"twp": "011-24-W3", "prov": "SK", "total": 24, "first": 1889, "cum": [0, 0, 0, 0, 0, 0, 0, 0, 1, 2, 2, 2, 2, 2, 3, 3, 3, 3, 3, 3, 3, 5, 9, 13, 13, 18, 18, 18, 19, 22, 24, 24, 24, 24, 24, 24, 24, 24, 24, 24, 24, 24, 24, 24, 24, 24, 24, 24, 24, 24, 24, 24, 24, 24, 24, 24, 24, 24, 24, 24, 24, 24, 24, 24], "psum": [0, 0, 0, 0, 0, 0, 0, 0, 2.5, 5.0, 5.0, 5.0, 5.0, 5.0, 8.5, 8.5, 8.5, 8.5, 8.5, 8.5, 8.5, 15.5, 28.3, 41.1, 41.1, 71.1, 71.1, 71.1, 79.1, 107.1, 123.1, 123.1, 123.1, 123.1, 123.1, 123.1, 123.1, 123.1, 123.1, 123.1, 123.1, 123.1, 123.1, 123.1, 123.1, 123.1, 123.1, 123.1, 123.1, 123.1, 123.1, 123.1, 123.1, 123.1, 123.1, 123.1, 123.1, 123.1, 123.1, 123.1, 123.1, 123.1, 123.1, 123.1], "pcnt": [0, 0, 0, 0, 0, 0, 0, 0, 1, 2, 2, 2, 2, 2, 3, 3, 3, 3, 3, 3, 3, 5, 9, 13, 13, 18, 18, 18, 19, 22, 24, 24, 24, 24, 24, 24, 24, 24, 24, 24, 24, 24, 24, 24, 24, 24, 24, 24, 24, 24, 24, 24, 24, 24, 24, 24, 24, 24, 24, 24, 24, 24, 24, 24]}}, {"type": "Feature", "geometry": {"type": "Point", "coordinates": [-105.05218, 49.94451]}, "properties": {"twp": "011-23-W2", "prov": "SK", "total": 15, "first": 1905, "cum": [0, 0, 0, 0, 0, 0, 0, 0, 0, 0, 0, 0, 0, 0, 0, 0, 0, 0, 0, 0, 0, 0, 0, 0, 6, 15, 15, 15, 15, 15, 15, 15, 15, 15, 15, 15, 15, 15, 15, 15, 15, 15, 15, 15, 15, 15, 15, 15, 15, 15, 15, 15, 15, 15, 15, 15, 15, 15, 15, 15, 15, 15, 15, 15], "psum": [0, 0, 0, 0, 0, 0, 0, 0, 0, 0, 0, 0, 0, 0, 0, 0, 0, 0, 0, 0, 0, 0, 0, 0, 24.0, 80.0, 80.0, 80.0, 80.0, 80.0, 80.0, 80.0, 80.0, 80.0, 80.0, 80.0, 80.0, 80.0, 80.0, 80.0, 80.0, 80.0, 80.0, 80.0, 80.0, 80.0, 80.0, 80.0, 80.0, 80.0, 80.0, 80.0, 80.0, 80.0, 80.0, 80.0, 80.0, 80.0, 80.0, 80.0, 80.0, 80.0, 80.0, 80.0], "pcnt": [0, 0, 0, 0, 0, 0, 0, 0, 0, 0, 0, 0, 0, 0, 0, 0, 0, 0, 0, 0, 0, 0, 0, 0, 6, 15, 15, 15, 15, 15, 15, 15, 15, 15, 15, 15, 15, 15, 15, 15, 15, 15, 15, 15, 15, 15, 15, 15, 15, 15, 15, 15, 15, 15, 15, 15, 15, 15, 15, 15, 15, 15, 15, 15]}}, {"type": "Feature", "geometry": {"type": "Point", "coordinates": [-109.88476, 49.8371]}, "properties": {"twp": "010-29-W3", "prov": "SK", "total": 74, "first": 1892, "cum": [0, 0, 0, 0, 0, 0, 0, 0, 0, 0, 0, 4, 4, 4, 4, 4, 4, 4, 4, 4, 4, 4, 72, 72, 72, 73, 73, 73, 73, 73, 74, 74, 74, 74, 74, 74, 74, 74, 74, 74, 74, 74, 74, 74, 74, 74, 74, 74, 74, 74, 74, 74, 74, 74, 74, 74, 74, 74, 74, 74, 74, 74, 74, 74], "psum": [0, 0, 0, 0, 0, 0, 0, 0, 0, 0, 0, 10.0, 10.0, 10.0, 10.0, 10.0, 10.0, 10.0, 10.0, 10.0, 10.0, 10.0, 246.0, 246.0, 246.0, 252.0, 252.0, 252.0, 252.0, 252.0, 262.0, 262.0, 262.0, 262.0, 262.0, 262.0, 262.0, 262.0, 262.0, 262.0, 262.0, 262.0, 262.0, 262.0, 262.0, 262.0, 262.0, 262.0, 262.0, 262.0, 262.0, 262.0, 262.0, 262.0, 262.0, 262.0, 262.0, 262.0, 262.0, 262.0, 262.0, 262.0, 262.0, 262.0], "pcnt": [0, 0, 0, 0, 0, 0, 0, 0, 0, 0, 0, 4, 4, 4, 4, 4, 4, 4, 4, 4, 4, 4, 72, 72, 72, 73, 73, 73, 73, 73, 74, 74, 74, 74, 74, 74, 74, 74, 74, 74, 74, 74, 74, 74, 74, 74, 74, 74, 74, 74, 74, 74, 74, 74, 74, 74, 74, 74, 74, 74, 74, 74, 74, 74]}}, {"type": "Feature", "geometry": {"type": "Point", "coordinates": [-109.46147, 49.83503]}, "properties": {"twp": "010-26-W3", "prov": "SK", "total": 28, "first": 1885, "cum": [0, 0, 0, 0, 2, 2, 2, 2, 2, 2, 2, 2, 2, 2, 2, 2, 2, 2, 2, 2, 2, 2, 8, 8, 8, 21, 26, 28, 28, 28, 28, 28, 28, 28, 28, 28, 28, 28, 28, 28, 28, 28, 28, 28, 28, 28, 28, 28, 28, 28, 28, 28, 28, 28, 28, 28, 28, 28, 28, 28, 28, 28, 28, 28], "psum": [0, 0, 0, 0, 12.0, 12.0, 12.0, 12.0, 12.0, 12.0, 12.0, 12.0, 12.0, 12.0, 12.0, 12.0, 12.0, 12.0, 12.0, 12.0, 12.0, 12.0, 31.2, 31.2, 31.2, 109.2, 149.2, 161.2, 161.2, 161.2, 161.2, 161.2, 161.2, 161.2, 161.2, 161.2, 161.2, 161.2, 161.2, 161.2, 161.2, 161.2, 161.2, 161.2, 161.2, 161.2, 161.2, 161.2, 161.2, 161.2, 161.2, 161.2, 161.2, 161.2, 161.2, 161.2, 161.2, 161.2, 161.2, 161.2, 161.2, 161.2, 161.2, 161.2], "pcnt": [0, 0, 0, 0, 2, 2, 2, 2, 2, 2, 2, 2, 2, 2, 2, 2, 2, 2, 2, 2, 2, 2, 8, 8, 8, 21, 26, 28, 28, 28, 28, 28, 28, 28, 28, 28, 28, 28, 28, 28, 28, 28, 28, 28, 28, 28, 28, 28, 28, 28, 28, 28, 28, 28, 28, 28, 28, 28, 28, 28, 28, 28, 28, 28]}}, {"type": "Feature", "geometry": {"type": "Point", "coordinates": [-104.07656, 49.65911]}, "properties": {"twp": "008-16-W2", "prov": "SK", "total": 25, "first": 1903, "cum": [0, 0, 0, 0, 0, 0, 0, 0, 0, 0, 0, 0, 0, 0, 0, 0, 0, 0, 0, 0, 0, 0, 2, 5, 13, 14, 14, 14, 14, 19, 25, 25, 25, 25, 25, 25, 25, 25, 25, 25, 25, 25, 25, 25, 25, 25, 25, 25, 25, 25, 25, 25, 25, 25, 25, 25, 25, 25, 25, 25, 25, 25, 25, 25], "psum": [0, 0, 0, 0, 0, 0, 0, 0, 0, 0, 0, 0, 0, 0, 0, 0, 0, 0, 0, 0, 0, 0, 10.0, 25.0, 68.0, 74.0, 74.0, 74.0, 74.0, 126.0, 190.0, 190.0, 190.0, 190.0, 190.0, 190.0, 190.0, 190.0, 190.0, 190.0, 190.0, 190.0, 190.0, 190.0, 190.0, 190.0, 190.0, 190.0, 190.0, 190.0, 190.0, 190.0, 190.0, 190.0, 190.0, 190.0, 190.0, 190.0, 190.0, 190.0, 190.0, 190.0, 190.0, 190.0], "pcnt": [0, 0, 0, 0, 0, 0, 0, 0, 0, 0, 0, 0, 0, 0, 0, 0, 0, 0, 0, 0, 0, 0, 2, 5, 13, 14, 14, 14, 14, 19, 25, 25, 25, 25, 25, 25, 25, 25, 25, 25, 25, 25, 25, 25, 25, 25, 25, 25, 25, 25, 25, 25, 25, 25, 25, 25, 25, 25, 25, 25, 25, 25, 25, 25]}}, {"type": "Feature", "geometry": {"type": "Point", "coordinates": [-103.97979, 49.59385]}, "properties": {"twp": "007-15-W2", "prov": "SK", "total": 22, "first": 1901, "cum": [0, 0, 0, 0, 0, 0, 0, 0, 0, 0, 0, 0, 0, 0, 0, 0, 0, 0, 0, 0, 8, 12, 17, 17, 17, 17, 19, 19, 19, 22, 22, 22, 22, 22, 22, 22, 22, 22, 22, 22, 22, 22, 22, 22, 22, 22, 22, 22, 22, 22, 22, 22, 22, 22, 22, 22, 22, 22, 22, 22, 22, 22, 22, 22], "psum": [0, 0, 0, 0, 0, 0, 0, 0, 0, 0, 0, 0, 0, 0, 0, 0, 0, 0, 0, 0, 24.0, 36.0, 61.0, 61.0, 61.0, 61.0, 81.0, 81.0, 81.0, 111.0, 111.0, 111.0, 111.0, 111.0, 111.0, 111.0, 111.0, 111.0, 111.0, 111.0, 111.0, 111.0, 111.0, 111.0, 111.0, 111.0, 111.0, 111.0, 111.0, 111.0, 111.0, 111.0, 111.0, 111.0, 111.0, 111.0, 111.0, 111.0, 111.0, 111.0, 111.0, 111.0, 111.0, 111.0], "pcnt": [0, 0, 0, 0, 0, 0, 0, 0, 0, 0, 0, 0, 0, 0, 0, 0, 0, 0, 0, 0, 8, 12, 17, 17, 17, 17, 19, 19, 19, 22, 22, 22, 22, 22, 22, 22, 22, 22, 22, 22, 22, 22, 22, 22, 22, 22, 22, 22, 22, 22, 22, 22, 22, 22, 22, 22, 22, 22, 22, 22, 22, 22, 22, 22]}}, {"type": "Feature", "geometry": {"type": "Point", "coordinates": [-103.9688, 49.39963]}, "properties": {"twp": "005-15-W2", "prov": "SK", "total": 57, "first": 1902, "cum": [0, 0, 0, 0, 0, 0, 0, 0, 0, 0, 0, 0, 0, 0, 0, 0, 0, 0, 0, 0, 0, 8, 8, 16, 16, 53, 53, 53, 53, 55, 57, 57, 57, 57, 57, 57, 57, 57, 57, 57, 57, 57, 57, 57, 57, 57, 57, 57, 57, 57, 57, 57, 57, 57, 57, 57, 57, 57, 57, 57, 57, 57, 57, 57], "psum": [0, 0, 0, 0, 0, 0, 0, 0, 0, 0, 0, 0, 0, 0, 0, 0, 0, 0, 0, 0, 0, 40.0, 40.0, 80.0, 80.0, 404.0, 404.0, 404.0, 404.0, 428.0, 478.0, 478.0, 478.0, 478.0, 478.0, 478.0, 478.0, 478.0, 478.0, 478.0, 478.0, 478.0, 478.0, 478.0, 478.0, 478.0, 478.0, 478.0, 478.0, 478.0, 478.0, 478.0, 478.0, 478.0, 478.0, 478.0, 478.0, 478.0, 478.0, 478.0, 478.0, 478.0, 478.0, 478.0], "pcnt": [0, 0, 0, 0, 0, 0, 0, 0, 0, 0, 0, 0, 0, 0, 0, 0, 0, 0, 0, 0, 0, 8, 8, 16, 16, 53, 53, 53, 53, 55, 57, 57, 57, 57, 57, 57, 57, 57, 57, 57, 57, 57, 57, 57, 57, 57, 57, 57, 57, 57, 57, 57, 57, 57, 57, 57, 57, 57, 57, 57, 57, 57, 57, 57]}}, {"type": "Feature", "geometry": {"type": "Point", "coordinates": [-102.20679, 49.2997]}, "properties": {"twp": "004-02-W2", "prov": "SK", "total": 83, "first": 1889, "cum": [0, 0, 0, 0, 0, 0, 0, 0, 3, 3, 6, 46, 46, 46, 46, 46, 52, 58, 66, 75, 81, 83, 83, 83, 83, 83, 83, 83, 83, 83, 83, 83, 83, 83, 83, 83, 83, 83, 83, 83, 83, 83, 83, 83, 83, 83, 83, 83, 83, 83, 83, 83, 83, 83, 83, 83, 83, 83, 83, 83, 83, 83, 83, 83], "psum": [0, 0, 0, 0, 0, 0, 0, 0, 10.0, 10.0, 21.5, 146.0, 146.0, 146.0, 146.0, 146.0, 165.0, 183.5, 206.5, 233.5, 253.5, 260.5, 260.5, 260.5, 260.5, 260.5, 260.5, 260.5, 260.5, 260.5, 260.5, 260.5, 260.5, 260.5, 260.5, 260.5, 260.5, 260.5, 260.5, 260.5, 260.5, 260.5, 260.5, 260.5, 260.5, 260.5, 260.5, 260.5, 260.5, 260.5, 260.5, 260.5, 260.5, 260.5, 260.5, 260.5, 260.5, 260.5, 260.5, 260.5, 260.5, 260.5, 260.5, 260.5], "pcnt": [0, 0, 0, 0, 0, 0, 0, 0, 3, 3, 6, 46, 46, 46, 46, 46, 52, 58, 65, 74, 80, 82, 82, 82, 82, 82, 82, 82, 82, 82, 82, 82, 82, 82, 82, 82, 82, 82, 82, 82, 82, 82, 82, 82, 82, 82, 82, 82, 82, 82, 82, 82, 82, 82, 82, 82, 82, 82, 82, 82, 82, 82, 82, 82]}}, {"type": "Feature", "geometry": {"type": "Point", "coordinates": [-102.8964, 49.14515]}, "properties": {"twp": "002-07-W2", "prov": "SK", "total": 20, "first": 1892, "cum": [0, 0, 0, 0, 0, 0, 0, 0, 0, 0, 0, 7, 7, 7, 7, 7, 7, 7, 7, 7, 7, 16, 16, 16, 16, 16, 16, 16, 16, 16, 20, 20, 20, 20, 20, 20, 20, 20, 20, 20, 20, 20, 20, 20, 20, 20, 20, 20, 20, 20, 20, 20, 20, 20, 20, 20, 20, 20, 20, 20, 20, 20, 20, 20], "psum": [0, 0, 0, 0, 0, 0, 0, 0, 0, 0, 0, 25.0, 25.0, 25.0, 25.0, 25.0, 25.0, 25.0, 25.0, 25.0, 25.0, 28.0, 28.0, 28.0, 28.0, 28.0, 28.0, 28.0, 28.0, 28.0, 218.0, 218.0, 218.0, 218.0, 218.0, 218.0, 218.0, 218.0, 218.0, 218.0, 218.0, 218.0, 218.0, 218.0, 218.0, 218.0, 218.0, 218.0, 218.0, 218.0, 218.0, 218.0, 218.0, 218.0, 218.0, 218.0, 218.0, 218.0, 218.0, 218.0, 218.0, 218.0, 218.0, 218.0], "pcnt": [0, 0, 0, 0, 0, 0, 0, 0, 0, 0, 0, 7, 7, 7, 7, 7, 7, 7, 7, 7, 7, 8, 8, 8, 8, 8, 8, 8, 8, 8, 12, 12, 12, 12, 12, 12, 12, 12, 12, 12, 12, 12, 12, 12, 12, 12, 12, 12, 12, 12, 12, 12, 12, 12, 12, 12, 12, 12, 12, 12, 12, 12, 12, 12]}}, {"type": "Feature", "geometry": {"type": "Point", "coordinates": [-101.43354, 49.04566]}, "properties": {"twp": "001-30-W1", "prov": "SK", "total": 96, "first": 1889, "cum": [0, 0, 0, 0, 0, 0, 0, 0, 1, 1, 1, 17, 17, 17, 17, 17, 23, 26, 32, 42, 96, 96, 96, 96, 96, 96, 96, 96, 96, 96, 96, 96, 96, 96, 96, 96, 96, 96, 96, 96, 96, 96, 96, 96, 96, 96, 96, 96, 96, 96, 96, 96, 96, 96, 96, 96, 96, 96, 96, 96, 96, 96, 96, 96], "psum": [0, 0, 0, 0, 0, 0, 0, 0, 5.0, 5.0, 5.0, 56.0, 56.0, 56.0, 56.0, 56.0, 74.8, 77.8, 90.8, 120.8, 318.3, 318.3, 318.3, 318.3, 318.3, 318.3, 318.3, 318.3, 318.3, 318.3, 318.3, 318.3, 318.3, 318.3, 318.3, 318.3, 318.3, 318.3, 318.3, 318.3, 318.3, 318.3, 318.3, 318.3, 318.3, 318.3, 318.3, 318.3, 318.3, 318.3, 318.3, 318.3, 318.3, 318.3, 318.3, 318.3, 318.3, 318.3, 318.3, 318.3, 318.3, 318.3, 318.3, 318.3], "pcnt": [0, 0, 0, 0, 0, 0, 0, 0, 1, 1, 1, 17, 17, 17, 17, 17, 23, 24, 28, 38, 92, 92, 92, 92, 92, 92, 92, 92, 92, 92, 92, 92, 92, 92, 92, 92, 92, 92, 92, 92, 92, 92, 92, 92, 92, 92, 92, 92, 92, 92, 92, 92, 92, 92, 92, 92, 92, 92, 92, 92, 92, 92, 92, 92]}}, {"type": "Feature", "geometry": {"type": "Point", "coordinates": [-102.74798, 49.04631]}, "properties": {"twp": "001-06-W2", "prov": "SK", "total": 114, "first": 1891, "cum": [0, 0, 0, 0, 0, 0, 0, 0, 0, 0, 5, 15, 33, 33, 33, 33, 33, 33, 35, 39, 85, 87, 87, 95, 99, 99, 99, 100, 112, 112, 114, 114, 114, 114, 114, 114, 114, 114, 114, 114, 114, 114, 114, 114, 114, 114, 114, 114, 114, 114, 114, 114, 114, 114, 114, 114, 114, 114, 114, 114, 114, 114, 114, 114], "psum": [0, 0, 0, 0, 0, 0, 0, 0, 0, 0, 20.0, 53.5, 233.5, 233.5, 233.5, 233.5, 233.5, 233.5, 253.5, 265.5, 414.5, 420.5, 420.5, 500.5, 540.5, 540.5, 540.5, 550.5, 766.5, 766.5, 766.5, 766.5, 766.5, 766.5, 766.5, 766.5, 766.5, 766.5, 766.5, 766.5, 766.5, 766.5, 766.5, 766.5, 766.5, 766.5, 766.5, 766.5, 766.5, 766.5, 766.5, 766.5, 766.5, 766.5, 766.5, 766.5, 766.5, 766.5, 766.5, 766.5, 766.5, 766.5, 766.5, 766.5], "pcnt": [0, 0, 0, 0, 0, 0, 0, 0, 0, 0, 5, 15, 33, 33, 33, 33, 33, 33, 35, 39, 84, 86, 86, 94, 98, 98, 98, 99, 111, 111, 111, 111, 111, 111, 111, 111, 111, 111, 111, 111, 111, 111, 111, 111, 111, 111, 111, 111, 111, 111, 111, 111, 111, 111, 111, 111, 111, 111, 111, 111, 111, 111, 111, 111]}}, {"type": "Feature", "geometry": {"type": "Point", "coordinates": [-109.88786, 53.22904]}, "properties": {"twp": "049-27-W3", "prov": "SK", "total": 66, "first": 1902, "cum": [0, 0, 0, 0, 0, 0, 0, 0, 0, 0, 0, 0, 0, 0, 0, 0, 0, 0, 0, 0, 0, 60, 65, 65, 65, 65, 65, 65, 65, 65, 66, 66, 66, 66, 66, 66, 66, 66, 66, 66, 66, 66, 66, 66, 66, 66, 66, 66, 66, 66, 66, 66, 66, 66, 66, 66, 66, 66, 66, 66, 66, 66, 66, 66], "psum": [0, 0, 0, 0, 0, 0, 0, 0, 0, 0, 0, 0, 0, 0, 0, 0, 0, 0, 0, 0, 0, 210.0, 214.6, 214.6, 214.6, 214.6, 214.6, 214.6, 214.6, 214.6, 231.6, 231.6, 231.6, 231.6, 231.6, 231.6, 231.6, 231.6, 231.6, 231.6, 231.6, 231.6, 231.6, 231.6, 231.6, 231.6, 231.6, 231.6, 231.6, 231.6, 231.6, 231.6, 231.6, 231.6, 231.6, 231.6, 231.6, 231.6, 231.6, 231.6, 231.6, 231.6, 231.6, 231.6], "pcnt": [0, 0, 0, 0, 0, 0, 0, 0, 0, 0, 0, 0, 0, 0, 0, 0, 0, 0, 0, 0, 0, 60, 61, 61, 61, 61, 61, 61, 61, 61, 62, 62, 62, 62, 62, 62, 62, 62, 62, 62, 62, 62, 62, 62, 62, 62, 62, 62, 62, 62, 62, 62, 62, 62, 62, 62, 62, 62, 62, 62, 62, 62, 62, 62]}}, {"type": "Feature", "geometry": {"type": "Point", "coordinates": [-109.79629, 53.09608]}, "properties": {"twp": "047-26-W3", "prov": "SK", "total": 4, "first": 1907, "cum": [0, 0, 0, 0, 0, 0, 0, 0, 0, 0, 0, 0, 0, 0, 0, 0, 0, 0, 0, 0, 0, 0, 0, 0, 0, 0, 4, 4, 4, 4, 4, 4, 4, 4, 4, 4, 4, 4, 4, 4, 4, 4, 4, 4, 4, 4, 4, 4, 4, 4, 4, 4, 4, 4, 4, 4, 4, 4, 4, 4, 4, 4, 4, 4], "psum": [0, 0, 0, 0, 0, 0, 0, 0, 0, 0, 0, 0, 0, 0, 0, 0, 0, 0, 0, 0, 0, 0, 0, 0, 0, 0, 16.0, 16.0, 16.0, 16.0, 16.0, 16.0, 16.0, 16.0, 16.0, 16.0, 16.0, 16.0, 16.0, 16.0, 16.0, 16.0, 16.0, 16.0, 16.0, 16.0, 16.0, 16.0, 16.0, 16.0, 16.0, 16.0, 16.0, 16.0, 16.0, 16.0, 16.0, 16.0, 16.0, 16.0, 16.0, 16.0, 16.0, 16.0], "pcnt": [0, 0, 0, 0, 0, 0, 0, 0, 0, 0, 0, 0, 0, 0, 0, 0, 0, 0, 0, 0, 0, 0, 0, 0, 0, 0, 4, 4, 4, 4, 4, 4, 4, 4, 4, 4, 4, 4, 4, 4, 4, 4, 4, 4, 4, 4, 4, 4, 4, 4, 4, 4, 4, 4, 4, 4, 4, 4, 4, 4, 4, 4, 4, 4]}}, {"type": "Feature", "geometry": {"type": "Point", "coordinates": [-108.60534, 52.92331]}, "properties": {"twp": "045-18-W3", "prov": "SK", "total": 6, "first": 1901, "cum": [0, 0, 0, 0, 0, 0, 0, 0, 0, 0, 0, 0, 0, 0, 0, 0, 0, 0, 0, 0, 2, 6, 6, 6, 6, 6, 6, 6, 6, 6, 6, 6, 6, 6, 6, 6, 6, 6, 6, 6, 6, 6, 6, 6, 6, 6, 6, 6, 6, 6, 6, 6, 6, 6, 6, 6, 6, 6, 6, 6, 6, 6, 6, 6], "psum": [0, 0, 0, 0, 0, 0, 0, 0, 0, 0, 0, 0, 0, 0, 0, 0, 0, 0, 0, 0, 6.0, 24.5, 24.5, 24.5, 24.5, 24.5, 24.5, 24.5, 24.5, 24.5, 24.5, 24.5, 24.5, 24.5, 24.5, 24.5, 24.5, 24.5, 24.5, 24.5, 24.5, 24.5, 24.5, 24.5, 24.5, 24.5, 24.5, 24.5, 24.5, 24.5, 24.5, 24.5, 24.5, 24.5, 24.5, 24.5, 24.5, 24.5, 24.5, 24.5, 24.5, 24.5, 24.5, 24.5], "pcnt": [0, 0, 0, 0, 0, 0, 0, 0, 0, 0, 0, 0, 0, 0, 0, 0, 0, 0, 0, 0, 2, 6, 6, 6, 6, 6, 6, 6, 6, 6, 6, 6, 6, 6, 6, 6, 6, 6, 6, 6, 6, 6, 6, 6, 6, 6, 6, 6, 6, 6, 6, 6, 6, 6, 6, 6, 6, 6, 6, 6, 6, 6, 6, 6]}}, {"type": "Feature", "geometry": {"type": "Point", "coordinates": [-107.55085, 52.79845]}, "properties": {"twp": "044-11-W3", "prov": "SK", "total": 25, "first": 1905, "cum": [0, 0, 0, 0, 0, 0, 0, 0, 0, 0, 0, 0, 0, 0, 0, 0, 0, 0, 0, 0, 0, 0, 0, 0, 4, 10, 15, 20, 20, 22, 25, 25, 25, 25, 25, 25, 25, 25, 25, 25, 25, 25, 25, 25, 25, 25, 25, 25, 25, 25, 25, 25, 25, 25, 25, 25, 25, 25, 25, 25, 25, 25, 25, 25], "psum": [0, 0, 0, 0, 0, 0, 0, 0, 0, 0, 0, 0, 0, 0, 0, 0, 0, 0, 0, 0, 0, 0, 0, 0, 20.4, 80.4, 130.4, 180.4, 180.4, 204.4, 253.4, 253.4, 253.4, 253.4, 253.4, 253.4, 253.4, 253.4, 253.4, 253.4, 253.4, 253.4, 253.4, 253.4, 253.4, 253.4, 253.4, 253.4, 253.4, 253.4, 253.4, 253.4, 253.4, 253.4, 253.4, 253.4, 253.4, 253.4, 253.4, 253.4, 253.4, 253.4, 253.4, 253.4], "pcnt": [0, 0, 0, 0, 0, 0, 0, 0, 0, 0, 0, 0, 0, 0, 0, 0, 0, 0, 0, 0, 0, 0, 0, 0, 4, 10, 15, 20, 20, 22, 25, 25, 25, 25, 25, 25, 25, 25, 25, 25, 25, 25, 25, 25, 25, 25, 25, 25, 25, 25, 25, 25, 25, 25, 25, 25, 25, 25, 25, 25, 25, 25, 25, 25]}}, {"type": "Feature", "geometry": {"type": "Point", "coordinates": [-108.52762, 52.70345]}, "properties": {"twp": "043-18-W3", "prov": "SK", "total": 79, "first": 1903, "cum": [0, 0, 0, 0, 0, 0, 0, 0, 0, 0, 0, 0, 0, 0, 0, 0, 0, 0, 0, 0, 0, 0, 49, 50, 52, 61, 61, 61, 67, 70, 79, 79, 79, 79, 79, 79, 79, 79, 79, 79, 79, 79, 79, 79, 79, 79, 79, 79, 79, 79, 79, 79, 79, 79, 79, 79, 79, 79, 79, 79, 79, 79, 79, 79], "psum": [0, 0, 0, 0, 0, 0, 0, 0, 0, 0, 0, 0, 0, 0, 0, 0, 0, 0, 0, 0, 0, 0, 198.0, 203.0, 215.0, 278.0, 278.0, 278.0, 343.0, 375.0, 518.4, 518.4, 518.4, 518.4, 518.4, 518.4, 518.4, 518.4, 518.4, 518.4, 518.4, 518.4, 518.4, 518.4, 518.4, 518.4, 518.4, 518.4, 518.4, 518.4, 518.4, 518.4, 518.4, 518.4, 518.4, 518.4, 518.4, 518.4, 518.4, 518.4, 518.4, 518.4, 518.4, 518.4], "pcnt": [0, 0, 0, 0, 0, 0, 0, 0, 0, 0, 0, 0, 0, 0, 0, 0, 0, 0, 0, 0, 0, 0, 49, 50, 52, 61, 61, 61, 67, 70, 79, 79, 79, 79, 79, 79, 79, 79, 79, 79, 79, 79, 79, 79, 79, 79, 79, 79, 79, 79, 79, 79, 79, 79, 79, 79, 79, 79, 79, 79, 79, 79, 79, 79]}}, {"type": "Feature", "geometry": {"type": "Point", "coordinates": [-108.42919, 52.71085]}, "properties": {"twp": "043-17-W3", "prov": "SK", "total": 40, "first": 1902, "cum": [0, 0, 0, 0, 0, 0, 0, 0, 0, 0, 0, 0, 0, 0, 0, 0, 0, 0, 0, 0, 0, 1, 3, 5, 6, 27, 28, 28, 29, 32, 39, 40, 40, 40, 40, 40, 40, 40, 40, 40, 40, 40, 40, 40, 40, 40, 40, 40, 40, 40, 40, 40, 40, 40, 40, 40, 40, 40, 40, 40, 40, 40, 40, 40], "psum": [0, 0, 0, 0, 0, 0, 0, 0, 0, 0, 0, 0, 0, 0, 0, 0, 0, 0, 0, 0, 0, 3.5, 14.5, 26.5, 32.5, 179.5, 189.5, 189.5, 199.5, 221.5, 363.8, 377.8, 377.8, 377.8, 377.8, 377.8, 377.8, 377.8, 377.8, 377.8, 377.8, 377.8, 377.8, 377.8, 377.8, 377.8, 377.8, 377.8, 377.8, 377.8, 377.8, 377.8, 377.8, 377.8, 377.8, 377.8, 377.8, 377.8, 377.8, 377.8, 377.8, 377.8, 377.8, 377.8], "pcnt": [0, 0, 0, 0, 0, 0, 0, 0, 0, 0, 0, 0, 0, 0, 0, 0, 0, 0, 0, 0, 0, 1, 3, 5, 6, 27, 28, 28, 29, 32, 39, 40, 40, 40, 40, 40, 40, 40, 40, 40, 40, 40, 40, 40, 40, 40, 40, 40, 40, 40, 40, 40, 40, 40, 40, 40, 40, 40, 40, 40, 40, 40, 40, 40]}}, {"type": "Feature", "geometry": {"type": "Point", "coordinates": [-108.3703, 52.63565]}, "properties": {"twp": "042-17-W3", "prov": "SK", "total": 30, "first": 1902, "cum": [0, 0, 0, 0, 0, 0, 0, 0, 0, 0, 0, 0, 0, 0, 0, 0, 0, 0, 0, 0, 0, 4, 6, 6, 9, 19, 19, 19, 20, 21, 30, 30, 30, 30, 30, 30, 30, 30, 30, 30, 30, 30, 30, 30, 30, 30, 30, 30, 30, 30, 30, 30, 30, 30, 30, 30, 30, 30, 30, 30, 30, 30, 30, 30], "psum": [0, 0, 0, 0, 0, 0, 0, 0, 0, 0, 0, 0, 0, 0, 0, 0, 0, 0, 0, 0, 0, 13.5, 21.5, 21.5, 39.0, 109.0, 109.0, 109.0, 116.0, 123.0, 252.0, 252.0, 252.0, 252.0, 252.0, 252.0, 252.0, 252.0, 252.0, 252.0, 252.0, 252.0, 252.0, 252.0, 252.0, 252.0, 252.0, 252.0, 252.0, 252.0, 252.0, 252.0, 252.0, 252.0, 252.0, 252.0, 252.0, 252.0, 252.0, 252.0, 252.0, 252.0, 252.0, 252.0], "pcnt": [0, 0, 0, 0, 0, 0, 0, 0, 0, 0, 0, 0, 0, 0, 0, 0, 0, 0, 0, 0, 0, 4, 6, 6, 9, 19, 19, 19, 20, 21, 30, 30, 30, 30, 30, 30, 30, 30, 30, 30, 30, 30, 30, 30, 30, 30, 30, 30, 30, 30, 30, 30, 30, 30, 30, 30, 30, 30, 30, 30, 30, 30, 30, 30]}}, {"type": "Feature", "geometry": {"type": "Point", "coordinates": [-108.83708, 52.53463]}, "properties": {"twp": "041-20-W3", "prov": "SK", "total": 130, "first": 1903, "cum": [0, 0, 0, 0, 0, 0, 0, 0, 0, 0, 0, 0, 0, 0, 0, 0, 0, 0, 0, 0, 0, 0, 104, 104, 107, 122, 122, 130, 130, 130, 130, 130, 130, 130, 130, 130, 130, 130, 130, 130, 130, 130, 130, 130, 130, 130, 130, 130, 130, 130, 130, 130, 130, 130, 130, 130, 130, 130, 130, 130, 130, 130, 130, 130], "psum": [0, 0, 0, 0, 0, 0, 0, 0, 0, 0, 0, 0, 0, 0, 0, 0, 0, 0, 0, 0, 0, 0, 416.0, 416.0, 434.0, 554.0, 554.0, 586.0, 586.0, 586.0, 586.0, 586.0, 586.0, 586.0, 586.0, 586.0, 586.0, 586.0, 586.0, 586.0, 586.0, 586.0, 586.0, 586.0, 586.0, 586.0, 586.0, 586.0, 586.0, 586.0, 586.0, 586.0, 586.0, 586.0, 586.0, 586.0, 586.0, 586.0, 586.0, 586.0, 586.0, 586.0, 586.0, 586.0], "pcnt": [0, 0, 0, 0, 0, 0, 0, 0, 0, 0, 0, 0, 0, 0, 0, 0, 0, 0, 0, 0, 0, 0, 104, 104, 107, 122, 122, 130, 130, 130, 130, 130, 130, 130, 130, 130, 130, 130, 130, 130, 130, 130, 130, 130, 130, 130, 130, 130, 130, 130, 130, 130, 130, 130, 130, 130, 130, 130, 130, 130, 130, 130, 130, 130]}}, {"type": "Feature", "geometry": {"type": "Point", "coordinates": [-107.94105, 52.55255]}, "properties": {"twp": "041-14-W3", "prov": "SK", "total": 12, "first": 1902, "cum": [0, 0, 0, 0, 0, 0, 0, 0, 0, 0, 0, 0, 0, 0, 0, 0, 0, 0, 0, 0, 0, 2, 3, 5, 5, 8, 8, 8, 9, 11, 12, 12, 12, 12, 12, 12, 12, 12, 12, 12, 12, 12, 12, 12, 12, 12, 12, 12, 12, 12, 12, 12, 12, 12, 12, 12, 12, 12, 12, 12, 12, 12, 12, 12], "psum": [0, 0, 0, 0, 0, 0, 0, 0, 0, 0, 0, 0, 0, 0, 0, 0, 0, 0, 0, 0, 0, 7.0, 12.0, 24.0, 24.0, 45.0, 45.0, 45.0, 55.0, 75.0, 87.0, 87.0, 87.0, 87.0, 87.0, 87.0, 87.0, 87.0, 87.0, 87.0, 87.0, 87.0, 87.0, 87.0, 87.0, 87.0, 87.0, 87.0, 87.0, 87.0, 87.0, 87.0, 87.0, 87.0, 87.0, 87.0, 87.0, 87.0, 87.0, 87.0, 87.0, 87.0, 87.0, 87.0], "pcnt": [0, 0, 0, 0, 0, 0, 0, 0, 0, 0, 0, 0, 0, 0, 0, 0, 0, 0, 0, 0, 0, 2, 3, 5, 5, 8, 8, 8, 9, 11, 12, 12, 12, 12, 12, 12, 12, 12, 12, 12, 12, 12, 12, 12, 12, 12, 12, 12, 12, 12, 12, 12, 12, 12, 12, 12, 12, 12, 12, 12, 12, 12, 12, 12]}}, {"type": "Feature", "geometry": {"type": "Point", "coordinates": [-108.44416, 52.39841]}, "properties": {"twp": "039-17-W3", "prov": "SK", "total": 2, "first": 1911, "cum": [0, 0, 0, 0, 0, 0, 0, 0, 0, 0, 0, 0, 0, 0, 0, 0, 0, 0, 0, 0, 0, 0, 0, 0, 0, 0, 0, 0, 0, 0, 2, 2, 2, 2, 2, 2, 2, 2, 2, 2, 2, 2, 2, 2, 2, 2, 2, 2, 2, 2, 2, 2, 2, 2, 2, 2, 2, 2, 2, 2, 2, 2, 2, 2], "psum": [0, 0, 0, 0, 0, 0, 0, 0, 0, 0, 0, 0, 0, 0, 0, 0, 0, 0, 0, 0, 0, 0, 0, 0, 0, 0, 0, 0, 0, 0, 34.0, 34.0, 34.0, 34.0, 34.0, 34.0, 34.0, 34.0, 34.0, 34.0, 34.0, 34.0, 34.0, 34.0, 34.0, 34.0, 34.0, 34.0, 34.0, 34.0, 34.0, 34.0, 34.0, 34.0, 34.0, 34.0, 34.0, 34.0, 34.0, 34.0, 34.0, 34.0, 34.0, 34.0], "pcnt": [0, 0, 0, 0, 0, 0, 0, 0, 0, 0, 0, 0, 0, 0, 0, 0, 0, 0, 0, 0, 0, 0, 0, 0, 0, 0, 0, 0, 0, 0, 2, 2, 2, 2, 2, 2, 2, 2, 2, 2, 2, 2, 2, 2, 2, 2, 2, 2, 2, 2, 2, 2, 2, 2, 2, 2, 2, 2, 2, 2, 2, 2, 2, 2]}}, {"type": "Feature", "geometry": {"type": "Point", "coordinates": [-106.78597, 52.2618]}, "properties": {"twp": "038-06-W3", "prov": "SK", "total": 83, "first": 1901, "cum": [0, 0, 0, 0, 0, 0, 0, 0, 0, 0, 0, 0, 0, 0, 0, 0, 0, 0, 0, 0, 35, 57, 83, 83, 83, 83, 83, 83, 83, 83, 83, 83, 83, 83, 83, 83, 83, 83, 83, 83, 83, 83, 83, 83, 83, 83, 83, 83, 83, 83, 83, 83, 83, 83, 83, 83, 83, 83, 83, 83, 83, 83, 83, 83], "psum": [0, 0, 0, 0, 0, 0, 0, 0, 0, 0, 0, 0, 0, 0, 0, 0, 0, 0, 0, 0, 112.5, 189.5, 293.5, 293.5, 293.5, 293.5, 293.5, 293.5, 293.5, 293.5, 293.5, 293.5, 293.5, 293.5, 293.5, 293.5, 293.5, 293.5, 293.5, 293.5, 293.5, 293.5, 293.5, 293.5, 293.5, 293.5, 293.5, 293.5, 293.5, 293.5, 293.5, 293.5, 293.5, 293.5, 293.5, 293.5, 293.5, 293.5, 293.5, 293.5, 293.5, 293.5, 293.5, 293.5], "pcnt": [0, 0, 0, 0, 0, 0, 0, 0, 0, 0, 0, 0, 0, 0, 0, 0, 0, 0, 0, 0, 35, 57, 83, 83, 83, 83, 83, 83, 83, 83, 83, 83, 83, 83, 83, 83, 83, 83, 83, 83, 83, 83, 83, 83, 83, 83, 83, 83, 83, 83, 83, 83, 83, 83, 83, 83, 83, 83, 83, 83, 83, 83, 83, 83]}}, {"type": "Feature", "geometry": {"type": "Point", "coordinates": [-108.40555, 52.19042]}, "properties": {"twp": "037-17-W3", "prov": "SK", "total": 32, "first": 1905, "cum": [0, 0, 0, 0, 0, 0, 0, 0, 0, 0, 0, 0, 0, 0, 0, 0, 0, 0, 0, 0, 0, 0, 0, 0, 22, 24, 24, 24, 30, 30, 32, 32, 32, 32, 32, 32, 32, 32, 32, 32, 32, 32, 32, 32, 32, 32, 32, 32, 32, 32, 32, 32, 32, 32, 32, 32, 32, 32, 32, 32, 32, 32, 32, 32], "psum": [0, 0, 0, 0, 0, 0, 0, 0, 0, 0, 0, 0, 0, 0, 0, 0, 0, 0, 0, 0, 0, 0, 0, 0, 132.0, 162.0, 162.0, 162.0, 198.0, 198.0, 210.0, 210.0, 210.0, 210.0, 210.0, 210.0, 210.0, 210.0, 210.0, 210.0, 210.0, 210.0, 210.0, 210.0, 210.0, 210.0, 210.0, 210.0, 210.0, 210.0, 210.0, 210.0, 210.0, 210.0, 210.0, 210.0, 210.0, 210.0, 210.0, 210.0, 210.0, 210.0, 210.0, 210.0], "pcnt": [0, 0, 0, 0, 0, 0, 0, 0, 0, 0, 0, 0, 0, 0, 0, 0, 0, 0, 0, 0, 0, 0, 0, 0, 22, 24, 24, 24, 30, 30, 32, 32, 32, 32, 32, 32, 32, 32, 32, 32, 32, 32, 32, 32, 32, 32, 32, 32, 32, 32, 32, 32, 32, 32, 32, 32, 32, 32, 32, 32, 32, 32, 32, 32]}}, {"type": "Feature", "geometry": {"type": "Point", "coordinates": [-106.92263, 52.18351]}, "properties": {"twp": "037-07-W3", "prov": "SK", "total": 48, "first": 1901, "cum": [0, 0, 0, 0, 0, 0, 0, 0, 0, 0, 0, 0, 0, 0, 0, 0, 0, 0, 0, 0, 8, 12, 35, 35, 47, 47, 47, 47, 47, 47, 48, 48, 48, 48, 48, 48, 48, 48, 48, 48, 48, 48, 48, 48, 48, 48, 48, 48, 48, 48, 48, 48, 48, 48, 48, 48, 48, 48, 48, 48, 48, 48, 48, 48], "psum": [0, 0, 0, 0, 0, 0, 0, 0, 0, 0, 0, 0, 0, 0, 0, 0, 0, 0, 0, 0, 24.0, 38.0, 130.0, 130.0, 193.0, 193.0, 193.0, 193.0, 193.0, 193.0, 208.0, 208.0, 208.0, 208.0, 208.0, 208.0, 208.0, 208.0, 208.0, 208.0, 208.0, 208.0, 208.0, 208.0, 208.0, 208.0, 208.0, 208.0, 208.0, 208.0, 208.0, 208.0, 208.0, 208.0, 208.0, 208.0, 208.0, 208.0, 208.0, 208.0, 208.0, 208.0, 208.0, 208.0], "pcnt": [0, 0, 0, 0, 0, 0, 0, 0, 0, 0, 0, 0, 0, 0, 0, 0, 0, 0, 0, 0, 8, 12, 35, 35, 47, 47, 47, 47, 47, 47, 48, 48, 48, 48, 48, 48, 48, 48, 48, 48, 48, 48, 48, 48, 48, 48, 48, 48, 48, 48, 48, 48, 48, 48, 48, 48, 48, 48, 48, 48, 48, 48, 48, 48]}}, {"type": "Feature", "geometry": {"type": "Point", "coordinates": [-107.34716, 52.09084]}, "properties": {"twp": "036-10-W3", "prov": "SK", "total": 59, "first": 1903, "cum": [0, 0, 0, 0, 0, 0, 0, 0, 0, 0, 0, 0, 0, 0, 0, 0, 0, 0, 0, 0, 0, 0, 51, 53, 53, 55, 55, 55, 55, 58, 59, 59, 59, 59, 59, 59, 59, 59, 59, 59, 59, 59, 59, 59, 59, 59, 59, 59, 59, 59, 59, 59, 59, 59, 59, 59, 59, 59, 59, 59, 59, 59, 59, 59], "psum": [0, 0, 0, 0, 0, 0, 0, 0, 0, 0, 0, 0, 0, 0, 0, 0, 0, 0, 0, 0, 0, 0, 237.0, 247.0, 247.0, 277.0, 277.0, 277.0, 277.0, 322.0, 336.0, 336.0, 336.0, 336.0, 336.0, 336.0, 336.0, 336.0, 336.0, 336.0, 336.0, 336.0, 336.0, 336.0, 336.0, 336.0, 336.0, 336.0, 336.0, 336.0, 336.0, 336.0, 336.0, 336.0, 336.0, 336.0, 336.0, 336.0, 336.0, 336.0, 336.0, 336.0, 336.0, 336.0], "pcnt": [0, 0, 0, 0, 0, 0, 0, 0, 0, 0, 0, 0, 0, 0, 0, 0, 0, 0, 0, 0, 0, 0, 51, 53, 53, 55, 55, 55, 55, 58, 59, 59, 59, 59, 59, 59, 59, 59, 59, 59, 59, 59, 59, 59, 59, 59, 59, 59, 59, 59, 59, 59, 59, 59, 59, 59, 59, 59, 59, 59, 59, 59, 59, 59]}}, {"type": "Feature", "geometry": {"type": "Point", "coordinates": [-105.8343, 52.0141]}, "properties": {"twp": "035-27-W2", "prov": "SK", "total": 21, "first": 1905, "cum": [0, 0, 0, 0, 0, 0, 0, 0, 0, 0, 0, 0, 0, 0, 0, 0, 0, 0, 0, 0, 0, 0, 0, 0, 2, 7, 7, 7, 7, 20, 21, 21, 21, 21, 21, 21, 21, 21, 21, 21, 21, 21, 21, 21, 21, 21, 21, 21, 21, 21, 21, 21, 21, 21, 21, 21, 21, 21, 21, 21, 21, 21, 21, 21], "psum": [0, 0, 0, 0, 0, 0, 0, 0, 0, 0, 0, 0, 0, 0, 0, 0, 0, 0, 0, 0, 0, 0, 0, 0, 10.2, 54.2, 54.2, 54.2, 54.2, 246.2, 266.2, 266.2, 266.2, 266.2, 266.2, 266.2, 266.2, 266.2, 266.2, 266.2, 266.2, 266.2, 266.2, 266.2, 266.2, 266.2, 266.2, 266.2, 266.2, 266.2, 266.2, 266.2, 266.2, 266.2, 266.2, 266.2, 266.2, 266.2, 266.2, 266.2, 266.2, 266.2, 266.2, 266.2], "pcnt": [0, 0, 0, 0, 0, 0, 0, 0, 0, 0, 0, 0, 0, 0, 0, 0, 0, 0, 0, 0, 0, 0, 0, 0, 2, 7, 7, 7, 7, 20, 21, 21, 21, 21, 21, 21, 21, 21, 21, 21, 21, 21, 21, 21, 21, 21, 21, 21, 21, 21, 21, 21, 21, 21, 21, 21, 21, 21, 21, 21, 21, 21, 21, 21]}}, {"type": "Feature", "geometry": {"type": "Point", "coordinates": [-104.06705, 51.73458]}, "properties": {"twp": "032-15-W2", "prov": "SK", "total": 32, "first": 1906, "cum": [0, 0, 0, 0, 0, 0, 0, 0, 0, 0, 0, 0, 0, 0, 0, 0, 0, 0, 0, 0, 0, 0, 0, 0, 0, 1, 1, 4, 6, 9, 32, 32, 32, 32, 32, 32, 32, 32, 32, 32, 32, 32, 32, 32, 32, 32, 32, 32, 32, 32, 32, 32, 32, 32, 32, 32, 32, 32, 32, 32, 32, 32, 32, 32], "psum": [0, 0, 0, 0, 0, 0, 0, 0, 0, 0, 0, 0, 0, 0, 0, 0, 0, 0, 0, 0, 0, 0, 0, 0, 0, 8.0, 8.0, 44.0, 56.0, 100.0, 461.0, 461.0, 461.0, 461.0, 461.0, 461.0, 461.0, 461.0, 461.0, 461.0, 461.0, 461.0, 461.0, 461.0, 461.0, 461.0, 461.0, 461.0, 461.0, 461.0, 461.0, 461.0, 461.0, 461.0, 461.0, 461.0, 461.0, 461.0, 461.0, 461.0, 461.0, 461.0, 461.0, 461.0], "pcnt": [0, 0, 0, 0, 0, 0, 0, 0, 0, 0, 0, 0, 0, 0, 0, 0, 0, 0, 0, 0, 0, 0, 0, 0, 0, 1, 1, 4, 6, 9, 32, 32, 32, 32, 32, 32, 32, 32, 32, 32, 32, 32, 32, 32, 32, 32, 32, 32, 32, 32, 32, 32, 32, 32, 32, 32, 32, 32, 32, 32, 32, 32, 32, 32]}}, {"type": "Feature", "geometry": {"type": "Point", "coordinates": [-103.8354, 51.7602]}, "properties": {"twp": "032-13-W2", "prov": "SK", "total": 11, "first": 1909, "cum": [0, 0, 0, 0, 0, 0, 0, 0, 0, 0, 0, 0, 0, 0, 0, 0, 0, 0, 0, 0, 0, 0, 0, 0, 0, 0, 0, 0, 2, 8, 11, 11, 11, 11, 11, 11, 11, 11, 11, 11, 11, 11, 11, 11, 11, 11, 11, 11, 11, 11, 11, 11, 11, 11, 11, 11, 11, 11, 11, 11, 11, 11, 11, 11], "psum": [0, 0, 0, 0, 0, 0, 0, 0, 0, 0, 0, 0, 0, 0, 0, 0, 0, 0, 0, 0, 0, 0, 0, 0, 0, 0, 0, 0, 12.0, 120.0, 168.0, 168.0, 168.0, 168.0, 168.0, 168.0, 168.0, 168.0, 168.0, 168.0, 168.0, 168.0, 168.0, 168.0, 168.0, 168.0, 168.0, 168.0, 168.0, 168.0, 168.0, 168.0, 168.0, 168.0, 168.0, 168.0, 168.0, 168.0, 168.0, 168.0, 168.0, 168.0, 168.0, 168.0], "pcnt": [0, 0, 0, 0, 0, 0, 0, 0, 0, 0, 0, 0, 0, 0, 0, 0, 0, 0, 0, 0, 0, 0, 0, 0, 0, 0, 0, 0, 2, 8, 11, 11, 11, 11, 11, 11, 11, 11, 11, 11, 11, 11, 11, 11, 11, 11, 11, 11, 11, 11, 11, 11, 11, 11, 11, 11, 11, 11, 11, 11, 11, 11, 11, 11]}}, {"type": "Feature", "geometry": {"type": "Point", "coordinates": [-103.48396, 51.67521]}, "properties": {"twp": "031-11-W2", "prov": "SK", "total": 12, "first": 1908, "cum": [0, 0, 0, 0, 0, 0, 0, 0, 0, 0, 0, 0, 0, 0, 0, 0, 0, 0, 0, 0, 0, 0, 0, 0, 0, 0, 0, 3, 5, 11, 12, 12, 12, 12, 12, 12, 12, 12, 12, 12, 12, 12, 12, 12, 12, 12, 12, 12, 12, 12, 12, 12, 12, 12, 12, 12, 12, 12, 12, 12, 12, 12, 12, 12], "psum": [0, 0, 0, 0, 0, 0, 0, 0, 0, 0, 0, 0, 0, 0, 0, 0, 0, 0, 0, 0, 0, 0, 0, 0, 0, 0, 0, 32.0, 56.0, 128.0, 142.0, 142.0, 142.0, 142.0, 142.0, 142.0, 142.0, 142.0, 142.0, 142.0, 142.0, 142.0, 142.0, 142.0, 142.0, 142.0, 142.0, 142.0, 142.0, 142.0, 142.0, 142.0, 142.0, 142.0, 142.0, 142.0, 142.0, 142.0, 142.0, 142.0, 142.0, 142.0, 142.0, 142.0], "pcnt": [0, 0, 0, 0, 0, 0, 0, 0, 0, 0, 0, 0, 0, 0, 0, 0, 0, 0, 0, 0, 0, 0, 0, 0, 0, 0, 0, 3, 5, 11, 12, 12, 12, 12, 12, 12, 12, 12, 12, 12, 12, 12, 12, 12, 12, 12, 12, 12, 12, 12, 12, 12, 12, 12, 12, 12, 12, 12, 12, 12, 12, 12, 12, 12]}}, {"type": "Feature", "geometry": {"type": "Point", "coordinates": [-103.52777, 51.59623]}, "properties": {"twp": "030-11-W2", "prov": "SK", "total": 29, "first": 1909, "cum": [0, 0, 0, 0, 0, 0, 0, 0, 0, 0, 0, 0, 0, 0, 0, 0, 0, 0, 0, 0, 0, 0, 0, 0, 0, 0, 0, 0, 1, 21, 28, 29, 29, 29, 29, 29, 29, 29, 29, 29, 29, 29, 29, 29, 29, 29, 29, 29, 29, 29, 29, 29, 29, 29, 29, 29, 29, 29, 29, 29, 29, 29, 29, 29], "psum": [0, 0, 0, 0, 0, 0, 0, 0, 0, 0, 0, 0, 0, 0, 0, 0, 0, 0, 0, 0, 0, 0, 0, 0, 0, 0, 0, 0, 10.0, 256.0, 333.0, 346.0, 346.0, 346.0, 346.0, 346.0, 346.0, 346.0, 346.0, 346.0, 346.0, 346.0, 346.0, 346.0, 346.0, 346.0, 346.0, 346.0, 346.0, 346.0, 346.0, 346.0, 346.0, 346.0, 346.0, 346.0, 346.0, 346.0, 346.0, 346.0, 346.0, 346.0, 346.0, 346.0], "pcnt": [0, 0, 0, 0, 0, 0, 0, 0, 0, 0, 0, 0, 0, 0, 0, 0, 0, 0, 0, 0, 0, 0, 0, 0, 0, 0, 0, 0, 1, 21, 28, 29, 29, 29, 29, 29, 29, 29, 29, 29, 29, 29, 29, 29, 29, 29, 29, 29, 29, 29, 29, 29, 29, 29, 29, 29, 29, 29, 29, 29, 29, 29, 29, 29]}}, {"type": "Feature", "geometry": {"type": "Point", "coordinates": [-102.56173, 51.3612]}, "properties": {"twp": "027-04-W2", "prov": "SK", "total": 5, "first": 1906, "cum": [0, 0, 0, 0, 0, 0, 0, 0, 0, 0, 0, 0, 0, 0, 0, 0, 0, 0, 0, 0, 0, 0, 0, 0, 0, 2, 2, 2, 2, 3, 5, 5, 5, 5, 5, 5, 5, 5, 5, 5, 5, 5, 5, 5, 5, 5, 5, 5, 5, 5, 5, 5, 5, 5, 5, 5, 5, 5, 5, 5, 5, 5, 5, 5], "psum": [0, 0, 0, 0, 0, 0, 0, 0, 0, 0, 0, 0, 0, 0, 0, 0, 0, 0, 0, 0, 0, 0, 0, 0, 0, 20.0, 20.0, 20.0, 20.0, 32.0, 63.0, 63.0, 63.0, 63.0, 63.0, 63.0, 63.0, 63.0, 63.0, 63.0, 63.0, 63.0, 63.0, 63.0, 63.0, 63.0, 63.0, 63.0, 63.0, 63.0, 63.0, 63.0, 63.0, 63.0, 63.0, 63.0, 63.0, 63.0, 63.0, 63.0, 63.0, 63.0, 63.0, 63.0], "pcnt": [0, 0, 0, 0, 0, 0, 0, 0, 0, 0, 0, 0, 0, 0, 0, 0, 0, 0, 0, 0, 0, 0, 0, 0, 0, 2, 2, 2, 2, 3, 5, 5, 5, 5, 5, 5, 5, 5, 5, 5, 5, 5, 5, 5, 5, 5, 5, 5, 5, 5, 5, 5, 5, 5, 5, 5, 5, 5, 5, 5, 5, 5, 5, 5]}}, {"type": "Feature", "geometry": {"type": "Point", "coordinates": [-102.24468, 51.36711]}, "properties": {"twp": "027-02-W2", "prov": "SK", "total": 15, "first": 1906, "cum": [0, 0, 0, 0, 0, 0, 0, 0, 0, 0, 0, 0, 0, 0, 0, 0, 0, 0, 0, 0, 0, 0, 0, 0, 0, 7, 7, 7, 15, 15, 15, 15, 15, 15, 15, 15, 15, 15, 15, 15, 15, 15, 15, 15, 15, 15, 15, 15, 15, 15, 15, 15, 15, 15, 15, 15, 15, 15, 15, 15, 15, 15, 15, 15], "psum": [0, 0, 0, 0, 0, 0, 0, 0, 0, 0, 0, 0, 0, 0, 0, 0, 0, 0, 0, 0, 0, 0, 0, 0, 0, 56.0, 56.0, 56.0, 136.0, 136.0, 136.0, 136.0, 136.0, 136.0, 136.0, 136.0, 136.0, 136.0, 136.0, 136.0, 136.0, 136.0, 136.0, 136.0, 136.0, 136.0, 136.0, 136.0, 136.0, 136.0, 136.0, 136.0, 136.0, 136.0, 136.0, 136.0, 136.0, 136.0, 136.0, 136.0, 136.0, 136.0, 136.0, 136.0], "pcnt": [0, 0, 0, 0, 0, 0, 0, 0, 0, 0, 0, 0, 0, 0, 0, 0, 0, 0, 0, 0, 0, 0, 0, 0, 0, 7, 7, 7, 15, 15, 15, 15, 15, 15, 15, 15, 15, 15, 15, 15, 15, 15, 15, 15, 15, 15, 15, 15, 15, 15, 15, 15, 15, 15, 15, 15, 15, 15, 15, 15, 15, 15, 15, 15]}}, {"type": "Feature", "geometry": {"type": "Point", "coordinates": [-102.67783, 51.25211]}, "properties": {"twp": "026-05-W2", "prov": "SK", "total": 10, "first": 1906, "cum": [0, 0, 0, 0, 0, 0, 0, 0, 0, 0, 0, 0, 0, 0, 0, 0, 0, 0, 0, 0, 0, 0, 0, 0, 0, 3, 3, 4, 7, 8, 10, 10, 10, 10, 10, 10, 10, 10, 10, 10, 10, 10, 10, 10, 10, 10, 10, 10, 10, 10, 10, 10, 10, 10, 10, 10, 10, 10, 10, 10, 10, 10, 10, 10], "psum": [0, 0, 0, 0, 0, 0, 0, 0, 0, 0, 0, 0, 0, 0, 0, 0, 0, 0, 0, 0, 0, 0, 0, 0, 0, 30.0, 30.0, 40.0, 70.0, 85.0, 111.0, 111.0, 111.0, 111.0, 111.0, 111.0, 111.0, 111.0, 111.0, 111.0, 111.0, 111.0, 111.0, 111.0, 111.0, 111.0, 111.0, 111.0, 111.0, 111.0, 111.0, 111.0, 111.0, 111.0, 111.0, 111.0, 111.0, 111.0, 111.0, 111.0, 111.0, 111.0, 111.0, 111.0], "pcnt": [0, 0, 0, 0, 0, 0, 0, 0, 0, 0, 0, 0, 0, 0, 0, 0, 0, 0, 0, 0, 0, 0, 0, 0, 0, 3, 3, 4, 7, 8, 10, 10, 10, 10, 10, 10, 10, 10, 10, 10, 10, 10, 10, 10, 10, 10, 10, 10, 10, 10, 10, 10, 10, 10, 10, 10, 10, 10, 10, 10, 10, 10, 10, 10]}}, {"type": "Feature", "geometry": {"type": "Point", "coordinates": [-102.54212, 51.07639]}, "properties": {"twp": "024-04-W2", "prov": "SK", "total": 24, "first": 1906, "cum": [0, 0, 0, 0, 0, 0, 0, 0, 0, 0, 0, 0, 0, 0, 0, 0, 0, 0, 0, 0, 0, 0, 0, 0, 0, 4, 4, 4, 7, 22, 24, 24, 24, 24, 24, 24, 24, 24, 24, 24, 24, 24, 24, 24, 24, 24, 24, 24, 24, 24, 24, 24, 24, 24, 24, 24, 24, 24, 24, 24, 24, 24, 24, 24], "psum": [0, 0, 0, 0, 0, 0, 0, 0, 0, 0, 0, 0, 0, 0, 0, 0, 0, 0, 0, 0, 0, 0, 0, 0, 0, 32.0, 32.0, 32.0, 62.0, 220.0, 242.0, 242.0, 242.0, 242.0, 242.0, 242.0, 242.0, 242.0, 242.0, 242.0, 242.0, 242.0, 242.0, 242.0, 242.0, 242.0, 242.0, 242.0, 242.0, 242.0, 242.0, 242.0, 242.0, 242.0, 242.0, 242.0, 242.0, 242.0, 242.0, 242.0, 242.0, 242.0, 242.0, 242.0], "pcnt": [0, 0, 0, 0, 0, 0, 0, 0, 0, 0, 0, 0, 0, 0, 0, 0, 0, 0, 0, 0, 0, 0, 0, 0, 0, 4, 4, 4, 7, 22, 24, 24, 24, 24, 24, 24, 24, 24, 24, 24, 24, 24, 24, 24, 24, 24, 24, 24, 24, 24, 24, 24, 24, 24, 24, 24, 24, 24, 24, 24, 24, 24, 24, 24]}}, {"type": "Feature", "geometry": {"type": "Point", "coordinates": [-105.15178, 50.69229]}, "properties": {"twp": "020-23-W2", "prov": "SK", "total": 52, "first": 1891, "cum": [0, 0, 0, 0, 0, 0, 0, 0, 0, 0, 6, 6, 6, 6, 6, 6, 6, 6, 6, 6, 6, 6, 6, 6, 17, 43, 43, 44, 48, 51, 52, 52, 52, 52, 52, 52, 52, 52, 52, 52, 52, 52, 52, 52, 52, 52, 52, 52, 52, 52, 52, 52, 52, 52, 52, 52, 52, 52, 52, 52, 52, 52, 52, 52], "psum": [0, 0, 0, 0, 0, 0, 0, 0, 0, 0, 9.0, 9.0, 9.0, 9.0, 9.0, 9.0, 9.0, 9.0, 9.0, 9.0, 9.0, 9.0, 9.0, 9.0, 74.0, 232.0, 232.0, 242.0, 266.0, 296.0, 306.0, 306.0, 306.0, 306.0, 306.0, 306.0, 306.0, 306.0, 306.0, 306.0, 306.0, 306.0, 306.0, 306.0, 306.0, 306.0, 306.0, 306.0, 306.0, 306.0, 306.0, 306.0, 306.0, 306.0, 306.0, 306.0, 306.0, 306.0, 306.0, 306.0, 306.0, 306.0, 306.0, 306.0], "pcnt": [0, 0, 0, 0, 0, 0, 0, 0, 0, 0, 6, 6, 6, 6, 6, 6, 6, 6, 6, 6, 6, 6, 6, 6, 17, 43, 43, 44, 48, 51, 52, 52, 52, 52, 52, 52, 52, 52, 52, 52, 52, 52, 52, 52, 52, 52, 52, 52, 52, 52, 52, 52, 52, 52, 52, 52, 52, 52, 52, 52, 52, 52, 52, 52]}}, {"type": "Feature", "geometry": {"type": "Point", "coordinates": [-103.74863, 50.70332]}, "properties": {"twp": "020-13-W2", "prov": "SK", "total": 79, "first": 1893, "cum": [0, 0, 0, 0, 0, 0, 0, 0, 0, 0, 0, 0, 4, 4, 4, 4, 8, 24, 24, 24, 25, 30, 31, 31, 31, 55, 55, 55, 62, 76, 79, 79, 79, 79, 79, 79, 79, 79, 79, 79, 79, 79, 79, 79, 79, 79, 79, 79, 79, 79, 79, 79, 79, 79, 79, 79, 79, 79, 79, 79, 79, 79, 79, 79], "psum": [0, 0, 0, 0, 0, 0, 0, 0, 0, 0, 0, 0, 16.0, 16.0, 16.0, 16.0, 27.7, 75.2, 75.2, 75.2, 78.2, 98.2, 103.2, 103.2, 103.2, 320.2, 320.2, 320.2, 390.2, 546.2, 582.2, 582.2, 582.2, 582.2, 582.2, 582.2, 582.2, 582.2, 582.2, 582.2, 582.2, 582.2, 582.2, 582.2, 582.2, 582.2, 582.2, 582.2, 582.2, 582.2, 582.2, 582.2, 582.2, 582.2, 582.2, 582.2, 582.2, 582.2, 582.2, 582.2, 582.2, 582.2, 582.2, 582.2], "pcnt": [0, 0, 0, 0, 0, 0, 0, 0, 0, 0, 0, 0, 4, 4, 4, 4, 8, 24, 24, 24, 25, 30, 31, 31, 31, 55, 55, 55, 62, 76, 79, 79, 79, 79, 79, 79, 79, 79, 79, 79, 79, 79, 79, 79, 79, 79, 79, 79, 79, 79, 79, 79, 79, 79, 79, 79, 79, 79, 79, 79, 79, 79, 79, 79]}}, {"type": "Feature", "geometry": {"type": "Point", "coordinates": [-107.21227, 50.62967]}, "properties": {"twp": "019-09-W3", "prov": "SK", "total": 35, "first": 1903, "cum": [0, 0, 0, 0, 0, 0, 0, 0, 0, 0, 0, 0, 0, 0, 0, 0, 0, 0, 0, 0, 0, 0, 4, 12, 32, 32, 32, 32, 32, 35, 35, 35, 35, 35, 35, 35, 35, 35, 35, 35, 35, 35, 35, 35, 35, 35, 35, 35, 35, 35, 35, 35, 35, 35, 35, 35, 35, 35, 35, 35, 35, 35, 35, 35], "psum": [0, 0, 0, 0, 0, 0, 0, 0, 0, 0, 0, 0, 0, 0, 0, 0, 0, 0, 0, 0, 0, 0, 14.0, 42.0, 122.0, 122.0, 122.0, 122.0, 122.0, 148.0, 148.0, 148.0, 148.0, 148.0, 148.0, 148.0, 148.0, 148.0, 148.0, 148.0, 148.0, 148.0, 148.0, 148.0, 148.0, 148.0, 148.0, 148.0, 148.0, 148.0, 148.0, 148.0, 148.0, 148.0, 148.0, 148.0, 148.0, 148.0, 148.0, 148.0, 148.0, 148.0, 148.0, 148.0], "pcnt": [0, 0, 0, 0, 0, 0, 0, 0, 0, 0, 0, 0, 0, 0, 0, 0, 0, 0, 0, 0, 0, 0, 4, 12, 32, 32, 32, 32, 32, 35, 35, 35, 35, 35, 35, 35, 35, 35, 35, 35, 35, 35, 35, 35, 35, 35, 35, 35, 35, 35, 35, 35, 35, 35, 35, 35, 35, 35, 35, 35, 35, 35, 35, 35]}}, {"type": "Feature", "geometry": {"type": "Point", "coordinates": [-102.24101, 50.61846]}, "properties": {"twp": "019-02-W2", "prov": "SK", "total": 71, "first": 1890, "cum": [0, 0, 0, 0, 0, 0, 0, 0, 0, 1, 1, 1, 1, 1, 4, 4, 5, 5, 8, 8, 12, 39, 47, 47, 63, 66, 71, 71, 71, 71, 71, 71, 71, 71, 71, 71, 71, 71, 71, 71, 71, 71, 71, 71, 71, 71, 71, 71, 71, 71, 71, 71, 71, 71, 71, 71, 71, 71, 71, 71, 71, 71, 71, 71], "psum": [0, 0, 0, 0, 0, 0, 0, 0, 0, 3.0, 3.0, 3.0, 3.0, 3.0, 12.0, 12.0, 18.7, 18.7, 27.7, 27.7, 39.7, 154.7, 200.7, 200.7, 316.7, 343.7, 393.7, 393.7, 393.7, 393.7, 393.7, 393.7, 393.7, 393.7, 393.7, 393.7, 393.7, 393.7, 393.7, 393.7, 393.7, 393.7, 393.7, 393.7, 393.7, 393.7, 393.7, 393.7, 393.7, 393.7, 393.7, 393.7, 393.7, 393.7, 393.7, 393.7, 393.7, 393.7, 393.7, 393.7, 393.7, 393.7, 393.7, 393.7], "pcnt": [0, 0, 0, 0, 0, 0, 0, 0, 0, 1, 1, 1, 1, 1, 4, 4, 5, 5, 8, 8, 12, 39, 47, 47, 63, 66, 71, 71, 71, 71, 71, 71, 71, 71, 71, 71, 71, 71, 71, 71, 71, 71, 71, 71, 71, 71, 71, 71, 71, 71, 71, 71, 71, 71, 71, 71, 71, 71, 71, 71, 71, 71, 71, 71]}}, {"type": "Feature", "geometry": {"type": "Point", "coordinates": [-101.71001, 50.54585]}, "properties": {"twp": "018-31-W1", "prov": "SK", "total": 53, "first": 1893, "cum": [0, 0, 0, 0, 0, 0, 0, 0, 0, 0, 0, 0, 1, 1, 1, 1, 1, 1, 1, 3, 6, 14, 47, 48, 50, 51, 51, 51, 52, 52, 53, 53, 53, 53, 53, 53, 53, 53, 53, 53, 53, 53, 53, 53, 53, 53, 53, 53, 53, 53, 53, 53, 53, 53, 53, 53, 53, 53, 53, 53, 53, 53, 53, 53], "psum": [0, 0, 0, 0, 0, 0, 0, 0, 0, 0, 0, 0, 3.0, 3.0, 3.0, 3.0, 3.0, 3.0, 3.0, 9.0, 18.0, 57.0, 215.0, 220.0, 232.0, 237.0, 237.0, 237.0, 257.0, 257.0, 267.0, 267.0, 267.0, 267.0, 267.0, 267.0, 267.0, 267.0, 267.0, 267.0, 267.0, 267.0, 267.0, 267.0, 267.0, 267.0, 267.0, 267.0, 267.0, 267.0, 267.0, 267.0, 267.0, 267.0, 267.0, 267.0, 267.0, 267.0, 267.0, 267.0, 267.0, 267.0, 267.0, 267.0], "pcnt": [0, 0, 0, 0, 0, 0, 0, 0, 0, 0, 0, 0, 1, 1, 1, 1, 1, 1, 1, 3, 6, 14, 47, 48, 50, 51, 51, 51, 52, 52, 53, 53, 53, 53, 53, 53, 53, 53, 53, 53, 53, 53, 53, 53, 53, 53, 53, 53, 53, 53, 53, 53, 53, 53, 53, 53, 53, 53, 53, 53, 53, 53, 53, 53]}}, {"type": "Feature", "geometry": {"type": "Point", "coordinates": [-104.56459, 50.52316]}, "properties": {"twp": "018-19-W2", "prov": "SK", "total": 24, "first": 1882, "cum": [0, 4, 4, 24, 24, 24, 24, 24, 24, 24, 24, 24, 24, 24, 24, 24, 24, 24, 24, 24, 24, 24, 24, 24, 24, 24, 24, 24, 24, 24, 24, 24, 24, 24, 24, 24, 24, 24, 24, 24, 24, 24, 24, 24, 24, 24, 24, 24, 24, 24, 24, 24, 24, 24, 24, 24, 24, 24, 24, 24, 24, 24, 24, 24], "psum": [0, 10.0, 10.0, 10.0, 10.0, 10.0, 10.0, 10.0, 10.0, 10.0, 10.0, 10.0, 10.0, 10.0, 10.0, 10.0, 10.0, 10.0, 10.0, 10.0, 10.0, 10.0, 10.0, 10.0, 10.0, 10.0, 10.0, 10.0, 10.0, 10.0, 10.0, 10.0, 10.0, 10.0, 10.0, 10.0, 10.0, 10.0, 10.0, 10.0, 10.0, 10.0, 10.0, 10.0, 10.0, 10.0, 10.0, 10.0, 10.0, 10.0, 10.0, 10.0, 10.0, 10.0, 10.0, 10.0, 10.0, 10.0, 10.0, 10.0, 10.0, 10.0, 10.0, 10.0], "pcnt": [0, 4, 4, 4, 4, 4, 4, 4, 4, 4, 4, 4, 4, 4, 4, 4, 4, 4, 4, 4, 4, 4, 4, 4, 4, 4, 4, 4, 4, 4, 4, 4, 4, 4, 4, 4, 4, 4, 4, 4, 4, 4, 4, 4, 4, 4, 4, 4, 4, 4, 4, 4, 4, 4, 4, 4, 4, 4, 4, 4, 4, 4, 4, 4]}}, {"type": "Feature", "geometry": {"type": "Point", "coordinates": [-104.1624, 50.51063]}, "properties": {"twp": "018-16-W2", "prov": "SK", "total": 49, "first": 1890, "cum": [0, 0, 0, 0, 0, 0, 0, 0, 0, 4, 12, 13, 17, 21, 21, 21, 23, 24, 29, 32, 35, 38, 41, 41, 43, 43, 45, 45, 45, 48, 49, 49, 49, 49, 49, 49, 49, 49, 49, 49, 49, 49, 49, 49, 49, 49, 49, 49, 49, 49, 49, 49, 49, 49, 49, 49, 49, 49, 49, 49, 49, 49, 49, 49], "psum": [0, 0, 0, 0, 0, 0, 0, 0, 0, 16.0, 48.0, 51.5, 67.5, 79.5, 79.5, 79.5, 85.5, 88.5, 103.5, 112.5, 121.5, 131.5, 149.0, 149.0, 161.0, 161.0, 161.0, 161.0, 161.0, 191.0, 203.0, 203.0, 203.0, 203.0, 203.0, 203.0, 203.0, 203.0, 203.0, 203.0, 203.0, 203.0, 203.0, 203.0, 203.0, 203.0, 203.0, 203.0, 203.0, 203.0, 203.0, 203.0, 203.0, 203.0, 203.0, 203.0, 203.0, 203.0, 203.0, 203.0, 203.0, 203.0, 203.0, 203.0], "pcnt": [0, 0, 0, 0, 0, 0, 0, 0, 0, 4, 12, 13, 17, 21, 21, 21, 23, 24, 29, 32, 35, 38, 41, 41, 43, 43, 43, 43, 43, 46, 47, 47, 47, 47, 47, 47, 47, 47, 47, 47, 47, 47, 47, 47, 47, 47, 47, 47, 47, 47, 47, 47, 47, 47, 47, 47, 47, 47, 47, 47, 47, 47, 47, 47]}}, {"type": "Feature", "geometry": {"type": "Point", "coordinates": [-106.26806, 50.56481]}, "properties": {"twp": "018-02-W3", "prov": "SK", "total": 8, "first": 1902, "cum": [0, 0, 0, 0, 0, 0, 0, 0, 0, 0, 0, 0, 0, 0, 0, 0, 0, 0, 0, 0, 0, 8, 8, 8, 8, 8, 8, 8, 8, 8, 8, 8, 8, 8, 8, 8, 8, 8, 8, 8, 8, 8, 8, 8, 8, 8, 8, 8, 8, 8, 8, 8, 8, 8, 8, 8, 8, 8, 8, 8, 8, 8, 8, 8], "psum": [0, 0, 0, 0, 0, 0, 0, 0, 0, 0, 0, 0, 0, 0, 0, 0, 0, 0, 0, 0, 0, 24.0, 24.0, 24.0, 24.0, 24.0, 24.0, 24.0, 24.0, 24.0, 24.0, 24.0, 24.0, 24.0, 24.0, 24.0, 24.0, 24.0, 24.0, 24.0, 24.0, 24.0, 24.0, 24.0, 24.0, 24.0, 24.0, 24.0, 24.0, 24.0, 24.0, 24.0, 24.0, 24.0, 24.0, 24.0, 24.0, 24.0, 24.0, 24.0, 24.0, 24.0, 24.0, 24.0], "pcnt": [0, 0, 0, 0, 0, 0, 0, 0, 0, 0, 0, 0, 0, 0, 0, 0, 0, 0, 0, 0, 0, 8, 8, 8, 8, 8, 8, 8, 8, 8, 8, 8, 8, 8, 8, 8, 8, 8, 8, 8, 8, 8, 8, 8, 8, 8, 8, 8, 8, 8, 8, 8, 8, 8, 8, 8, 8, 8, 8, 8, 8, 8, 8, 8]}}, {"type": "Feature", "geometry": {"type": "Point", "coordinates": [-102.08174, 50.53106]}, "properties": {"twp": "018-01-W2", "prov": "SK", "total": 31, "first": 1893, "cum": [0, 0, 0, 0, 0, 0, 0, 0, 0, 0, 0, 0, 1, 1, 1, 1, 2, 3, 7, 9, 9, 15, 18, 19, 22, 24, 25, 29, 29, 29, 31, 31, 31, 31, 31, 31, 31, 31, 31, 31, 31, 31, 31, 31, 31, 31, 31, 31, 31, 31, 31, 31, 31, 31, 31, 31, 31, 31, 31, 31, 31, 31, 31, 31], "psum": [0, 0, 0, 0, 0, 0, 0, 0, 0, 0, 0, 0, 3.0, 3.0, 3.0, 3.0, 6.0, 9.0, 21.0, 27.0, 27.0, 51.0, 68.0, 73.0, 91.0, 111.0, 121.0, 161.0, 161.0, 161.0, 181.0, 181.0, 181.0, 181.0, 181.0, 181.0, 181.0, 181.0, 181.0, 181.0, 181.0, 181.0, 181.0, 181.0, 181.0, 181.0, 181.0, 181.0, 181.0, 181.0, 181.0, 181.0, 181.0, 181.0, 181.0, 181.0, 181.0, 181.0, 181.0, 181.0, 181.0, 181.0, 181.0, 181.0], "pcnt": [0, 0, 0, 0, 0, 0, 0, 0, 0, 0, 0, 0, 1, 1, 1, 1, 2, 3, 7, 9, 9, 15, 18, 19, 22, 24, 25, 29, 29, 29, 31, 31, 31, 31, 31, 31, 31, 31, 31, 31, 31, 31, 31, 31, 31, 31, 31, 31, 31, 31, 31, 31, 31, 31, 31, 31, 31, 31, 31, 31, 31, 31, 31, 31]}}, {"type": "Feature", "geometry": {"type": "Point", "coordinates": [-105.00142, 50.4364]}, "properties": {"twp": "017-22-W2", "prov": "SK", "total": 48, "first": 1882, "cum": [0, 5, 5, 5, 5, 5, 5, 5, 5, 5, 5, 5, 9, 9, 9, 9, 9, 9, 11, 16, 31, 38, 47, 47, 48, 48, 48, 48, 48, 48, 48, 48, 48, 48, 48, 48, 48, 48, 48, 48, 48, 48, 48, 48, 48, 48, 48, 48, 48, 48, 48, 48, 48, 48, 48, 48, 48, 48, 48, 48, 48, 48, 48, 48], "psum": [0, 15.0, 15.0, 15.0, 15.0, 15.0, 15.0, 15.0, 15.0, 15.0, 15.0, 15.0, 27.0, 27.0, 27.0, 27.0, 27.0, 27.0, 33.0, 48.0, 102.0, 138.0, 184.5, 184.5, 204.5, 204.5, 204.5, 204.5, 204.5, 204.5, 204.5, 204.5, 204.5, 204.5, 204.5, 204.5, 204.5, 204.5, 204.5, 204.5, 204.5, 204.5, 204.5, 204.5, 204.5, 204.5, 204.5, 204.5, 204.5, 204.5, 204.5, 204.5, 204.5, 204.5, 204.5, 204.5, 204.5, 204.5, 204.5, 204.5, 204.5, 204.5, 204.5, 204.5], "pcnt": [0, 5, 5, 5, 5, 5, 5, 5, 5, 5, 5, 5, 9, 9, 9, 9, 9, 9, 11, 16, 31, 38, 47, 47, 48, 48, 48, 48, 48, 48, 48, 48, 48, 48, 48, 48, 48, 48, 48, 48, 48, 48, 48, 48, 48, 48, 48, 48, 48, 48, 48, 48, 48, 48, 48, 48, 48, 48, 48, 48, 48, 48, 48, 48]}}, {"type": "Feature", "geometry": {"type": "Point", "coordinates": [-103.7171, 50.46606]}, "properties": {"twp": "017-13-W2", "prov": "SK", "total": 14, "first": 1897, "cum": [0, 0, 0, 0, 0, 0, 0, 0, 0, 0, 0, 0, 0, 0, 0, 0, 1, 3, 3, 3, 4, 7, 9, 9, 13, 14, 14, 14, 14, 14, 14, 14, 14, 14, 14, 14, 14, 14, 14, 14, 14, 14, 14, 14, 14, 14, 14, 14, 14, 14, 14, 14, 14, 14, 14, 14, 14, 14, 14, 14, 14, 14, 14, 14], "psum": [0, 0, 0, 0, 0, 0, 0, 0, 0, 0, 0, 0, 0, 0, 0, 0, 3.0, 9.0, 9.0, 9.0, 12.0, 21.0, 33.0, 33.0, 61.0, 68.0, 68.0, 68.0, 68.0, 68.0, 68.0, 68.0, 68.0, 68.0, 68.0, 68.0, 68.0, 68.0, 68.0, 68.0, 68.0, 68.0, 68.0, 68.0, 68.0, 68.0, 68.0, 68.0, 68.0, 68.0, 68.0, 68.0, 68.0, 68.0, 68.0, 68.0, 68.0, 68.0, 68.0, 68.0, 68.0, 68.0, 68.0, 68.0], "pcnt": [0, 0, 0, 0, 0, 0, 0, 0, 0, 0, 0, 0, 0, 0, 0, 0, 1, 3, 3, 3, 4, 7, 9, 9, 13, 14, 14, 14, 14, 14, 14, 14, 14, 14, 14, 14, 14, 14, 14, 14, 14, 14, 14, 14, 14, 14, 14, 14, 14, 14, 14, 14, 14, 14, 14, 14, 14, 14, 14, 14, 14, 14, 14, 14]}}, {"type": "Feature", "geometry": {"type": "Point", "coordinates": [-102.21618, 50.43288]}, "properties": {"twp": "017-02-W2", "prov": "SK", "total": 53, "first": 1882, "cum": [0, 4, 4, 4, 4, 4, 4, 4, 4, 5, 7, 10, 13, 16, 17, 17, 18, 18, 20, 21, 24, 36, 44, 44, 44, 52, 52, 53, 53, 53, 53, 53, 53, 53, 53, 53, 53, 53, 53, 53, 53, 53, 53, 53, 53, 53, 53, 53, 53, 53, 53, 53, 53, 53, 53, 53, 53, 53, 53, 53, 53, 53, 53, 53], "psum": [0, 10.0, 10.0, 10.0, 10.0, 10.0, 10.0, 10.0, 10.0, 13.0, 20.0, 29.5, 38.5, 47.5, 50.5, 50.5, 60.5, 60.5, 66.5, 69.5, 78.5, 118.4, 162.4, 162.4, 162.4, 216.4, 216.4, 228.9, 228.9, 228.9, 228.9, 228.9, 228.9, 228.9, 228.9, 228.9, 228.9, 228.9, 228.9, 228.9, 228.9, 228.9, 228.9, 228.9, 228.9, 228.9, 228.9, 228.9, 228.9, 228.9, 228.9, 228.9, 228.9, 228.9, 228.9, 228.9, 228.9, 228.9, 228.9, 228.9, 228.9, 228.9, 228.9, 228.9], "pcnt": [0, 4, 4, 4, 4, 4, 4, 4, 4, 5, 7, 10, 13, 16, 17, 17, 18, 18, 20, 21, 24, 36, 44, 44, 44, 52, 52, 53, 53, 53, 53, 53, 53, 53, 53, 53, 53, 53, 53, 53, 53, 53, 53, 53, 53, 53, 53, 53, 53, 53, 53, 53, 53, 53, 53, 53, 53, 53, 53, 53, 53, 53, 53, 53]}}, {"type": "Feature", "geometry": {"type": "Point", "coordinates": [-104.9771, 50.35136]}, "properties": {"twp": "016-22-W2", "prov": "SK", "total": 56, "first": 1882, "cum": [0, 14, 14, 14, 14, 14, 14, 14, 14, 14, 14, 19, 26, 26, 27, 27, 29, 29, 29, 29, 55, 56, 56, 56, 56, 56, 56, 56, 56, 56, 56, 56, 56, 56, 56, 56, 56, 56, 56, 56, 56, 56, 56, 56, 56, 56, 56, 56, 56, 56, 56, 56, 56, 56, 56, 56, 56, 56, 56, 56, 56, 56, 56, 56], "psum": [0, 35.0, 35.0, 35.0, 35.0, 35.0, 35.0, 35.0, 35.0, 35.0, 35.0, 50.0, 71.0, 71.0, 73.5, 73.5, 79.5, 79.5, 79.5, 79.5, 191.5, 195.5, 195.5, 195.5, 195.5, 195.5, 195.5, 195.5, 195.5, 195.5, 195.5, 195.5, 195.5, 195.5, 195.5, 195.5, 195.5, 195.5, 195.5, 195.5, 195.5, 195.5, 195.5, 195.5, 195.5, 195.5, 195.5, 195.5, 195.5, 195.5, 195.5, 195.5, 195.5, 195.5, 195.5, 195.5, 195.5, 195.5, 195.5, 195.5, 195.5, 195.5, 195.5, 195.5], "pcnt": [0, 14, 14, 14, 14, 14, 14, 14, 14, 14, 14, 19, 26, 26, 27, 27, 29, 29, 29, 29, 55, 56, 56, 56, 56, 56, 56, 56, 56, 56, 56, 56, 56, 56, 56, 56, 56, 56, 56, 56, 56, 56, 56, 56, 56, 56, 56, 56, 56, 56, 56, 56, 56, 56, 56, 56, 56, 56, 56, 56, 56, 56, 56, 56]}}, {"type": "Feature", "geometry": {"type": "Point", "coordinates": [-104.44284, 50.33542]}, "properties": {"twp": "016-18-W2", "prov": "SK", "total": 53, "first": 1881, "cum": [4, 12, 12, 16, 16, 16, 16, 16, 16, 16, 16, 16, 16, 16, 16, 16, 16, 16, 16, 17, 25, 53, 53, 53, 53, 53, 53, 53, 53, 53, 53, 53, 53, 53, 53, 53, 53, 53, 53, 53, 53, 53, 53, 53, 53, 53, 53, 53, 53, 53, 53, 53, 53, 53, 53, 53, 53, 53, 53, 53, 53, 53, 53, 53], "psum": [10.0, 30.0, 30.0, 30.0, 30.0, 30.0, 30.0, 30.0, 30.0, 30.0, 30.0, 30.0, 30.0, 30.0, 30.0, 30.0, 30.0, 30.0, 30.0, 33.0, 57.0, 197.0, 197.0, 197.0, 197.0, 197.0, 197.0, 197.0, 197.0, 197.0, 197.0, 197.0, 197.0, 197.0, 197.0, 197.0, 197.0, 197.0, 197.0, 197.0, 197.0, 197.0, 197.0, 197.0, 197.0, 197.0, 197.0, 197.0, 197.0, 197.0, 197.0, 197.0, 197.0, 197.0, 197.0, 197.0, 197.0, 197.0, 197.0, 197.0, 197.0, 197.0, 197.0, 197.0], "pcnt": [4, 12, 12, 12, 12, 12, 12, 12, 12, 12, 12, 12, 12, 12, 12, 12, 12, 12, 12, 13, 21, 49, 49, 49, 49, 49, 49, 49, 49, 49, 49, 49, 49, 49, 49, 49, 49, 49, 49, 49, 49, 49, 49, 49, 49, 49, 49, 49, 49, 49, 49, 49, 49, 49, 49, 49, 49, 49, 49, 49, 49, 49, 49, 49]}}, {"type": "Feature", "geometry": {"type": "Point", "coordinates": [-107.58703, 50.3648]}, "properties": {"twp": "016-12-W3", "prov": "SK", "total": 36, "first": 1902, "cum": [0, 0, 0, 0, 0, 0, 0, 0, 0, 0, 0, 0, 0, 0, 0, 0, 0, 0, 0, 0, 0, 2, 12, 13, 27, 27, 28, 28, 31, 33, 36, 36, 36, 36, 36, 36, 36, 36, 36, 36, 36, 36, 36, 36, 36, 36, 36, 36, 36, 36, 36, 36, 36, 36, 36, 36, 36, 36, 36, 36, 36, 36, 36, 36], "psum": [0, 0, 0, 0, 0, 0, 0, 0, 0, 0, 0, 0, 0, 0, 0, 0, 0, 0, 0, 0, 0, 11.0, 45.4, 49.4, 117.4, 117.4, 122.4, 122.4, 150.4, 172.4, 210.4, 210.4, 210.4, 210.4, 210.4, 210.4, 210.4, 210.4, 210.4, 210.4, 210.4, 210.4, 210.4, 210.4, 210.4, 210.4, 210.4, 210.4, 210.4, 210.4, 210.4, 210.4, 210.4, 210.4, 210.4, 210.4, 210.4, 210.4, 210.4, 210.4, 210.4, 210.4, 210.4, 210.4], "pcnt": [0, 0, 0, 0, 0, 0, 0, 0, 0, 0, 0, 0, 0, 0, 0, 0, 0, 0, 0, 0, 0, 2, 12, 13, 27, 27, 28, 28, 31, 33, 36, 36, 36, 36, 36, 36, 36, 36, 36, 36, 36, 36, 36, 36, 36, 36, 36, 36, 36, 36, 36, 36, 36, 36, 36, 36, 36, 36, 36, 36, 36, 36, 36, 36]}}, {"type": "Feature", "geometry": {"type": "Point", "coordinates": [-103.61654, 50.36666]}, "properties": {"twp": "016-12-W2", "prov": "SK", "total": 14, "first": 1894, "cum": [0, 0, 0, 0, 0, 0, 0, 0, 0, 0, 0, 0, 0, 4, 4, 4, 4, 4, 4, 4, 4, 4, 5, 5, 5, 5, 5, 5, 5, 5, 14, 14, 14, 14, 14, 14, 14, 14, 14, 14, 14, 14, 14, 14, 14, 14, 14, 14, 14, 14, 14, 14, 14, 14, 14, 14, 14, 14, 14, 14, 14, 14, 14, 14], "psum": [0, 0, 0, 0, 0, 0, 0, 0, 0, 0, 0, 0, 0, 12.0, 12.0, 12.0, 12.0, 12.0, 12.0, 12.0, 12.0, 12.0, 19.0, 19.0, 19.0, 19.0, 19.0, 19.0, 19.0, 19.0, 127.0, 127.0, 127.0, 127.0, 127.0, 127.0, 127.0, 127.0, 127.0, 127.0, 127.0, 127.0, 127.0, 127.0, 127.0, 127.0, 127.0, 127.0, 127.0, 127.0, 127.0, 127.0, 127.0, 127.0, 127.0, 127.0, 127.0, 127.0, 127.0, 127.0, 127.0, 127.0, 127.0, 127.0], "pcnt": [0, 0, 0, 0, 0, 0, 0, 0, 0, 0, 0, 0, 0, 4, 4, 4, 4, 4, 4, 4, 4, 4, 5, 5, 5, 5, 5, 5, 5, 5, 14, 14, 14, 14, 14, 14, 14, 14, 14, 14, 14, 14, 14, 14, 14, 14, 14, 14, 14, 14, 14, 14, 14, 14, 14, 14, 14, 14, 14, 14, 14, 14, 14, 14]}}, {"type": "Feature", "geometry": {"type": "Point", "coordinates": [-102.23004, 50.34982]}, "properties": {"twp": "016-02-W2", "prov": "SK", "total": 61, "first": 1882, "cum": [0, 4, 6, 14, 14, 14, 14, 14, 14, 14, 14, 15, 15, 16, 16, 16, 16, 16, 19, 20, 22, 60, 60, 60, 60, 61, 61, 61, 61, 61, 61, 61, 61, 61, 61, 61, 61, 61, 61, 61, 61, 61, 61, 61, 61, 61, 61, 61, 61, 61, 61, 61, 61, 61, 61, 61, 61, 61, 61, 61, 61, 61, 61, 61], "psum": [0, 10.0, 18.0, 42.0, 42.0, 42.0, 42.0, 42.0, 42.0, 42.0, 42.0, 45.5, 45.5, 48.5, 48.5, 48.5, 48.5, 48.5, 57.5, 60.5, 66.5, 213.5, 213.5, 213.5, 213.5, 221.5, 221.5, 221.5, 221.5, 221.5, 221.5, 221.5, 221.5, 221.5, 221.5, 221.5, 221.5, 221.5, 221.5, 221.5, 221.5, 221.5, 221.5, 221.5, 221.5, 221.5, 221.5, 221.5, 221.5, 221.5, 221.5, 221.5, 221.5, 221.5, 221.5, 221.5, 221.5, 221.5, 221.5, 221.5, 221.5, 221.5, 221.5, 221.5], "pcnt": [0, 4, 6, 14, 14, 14, 14, 14, 14, 14, 14, 15, 15, 16, 16, 16, 16, 16, 19, 20, 22, 60, 60, 60, 60, 61, 61, 61, 61, 61, 61, 61, 61, 61, 61, 61, 61, 61, 61, 61, 61, 61, 61, 61, 61, 61, 61, 61, 61, 61, 61, 61, 61, 61, 61, 61, 61, 61, 61, 61, 61, 61, 61, 61]}}, {"type": "Feature", "geometry": {"type": "Point", "coordinates": [-105.26732, 50.2738]}, "properties": {"twp": "015-24-W2", "prov": "SK", "total": 47, "first": 1882, "cum": [0, 8, 8, 8, 8, 8, 8, 8, 11, 11, 11, 12, 12, 12, 12, 12, 12, 12, 14, 15, 37, 47, 47, 47, 47, 47, 47, 47, 47, 47, 47, 47, 47, 47, 47, 47, 47, 47, 47, 47, 47, 47, 47, 47, 47, 47, 47, 47, 47, 47, 47, 47, 47, 47, 47, 47, 47, 47, 47, 47, 47, 47, 47, 47], "psum": [0, 20.0, 20.0, 20.0, 20.0, 20.0, 20.0, 20.0, 32.0, 32.0, 32.0, 35.0, 35.0, 35.0, 35.0, 35.0, 35.0, 35.0, 41.0, 44.0, 132.0, 174.0, 174.0, 174.0, 174.0, 174.0, 174.0, 174.0, 174.0, 174.0, 174.0, 174.0, 174.0, 174.0, 174.0, 174.0, 174.0, 174.0, 174.0, 174.0, 174.0, 174.0, 174.0, 174.0, 174.0, 174.0, 174.0, 174.0, 174.0, 174.0, 174.0, 174.0, 174.0, 174.0, 174.0, 174.0, 174.0, 174.0, 174.0, 174.0, 174.0, 174.0, 174.0, 174.0], "pcnt": [0, 8, 8, 8, 8, 8, 8, 8, 11, 11, 11, 12, 12, 12, 12, 12, 12, 12, 14, 15, 37, 47, 47, 47, 47, 47, 47, 47, 47, 47, 47, 47, 47, 47, 47, 47, 47, 47, 47, 47, 47, 47, 47, 47, 47, 47, 47, 47, 47, 47, 47, 47, 47, 47, 47, 47, 47, 47, 47, 47, 47, 47, 47, 47]}}, {"type": "Feature", "geometry": {"type": "Point", "coordinates": [-101.67649, 50.19462]}, "properties": {"twp": "014-31-W1", "prov": "SK", "total": 54, "first": 1882, "cum": [0, 14, 22, 23, 23, 23, 24, 26, 29, 29, 29, 36, 36, 37, 37, 37, 37, 44, 44, 45, 45, 45, 52, 52, 52, 54, 54, 54, 54, 54, 54, 54, 54, 54, 54, 54, 54, 54, 54, 54, 54, 54, 54, 54, 54, 54, 54, 54, 54, 54, 54, 54, 54, 54, 54, 54, 54, 54, 54, 54, 54, 54, 54, 54], "psum": [0, 35.0, 67.0, 71.5, 71.5, 71.5, 75.5, 85.5, 99.0, 99.0, 99.0, 123.0, 123.0, 126.0, 126.0, 126.0, 126.0, 147.0, 147.0, 150.0, 150.0, 150.0, 190.5, 190.5, 190.5, 206.5, 206.5, 206.5, 206.5, 206.5, 206.5, 206.5, 206.5, 206.5, 206.5, 206.5, 206.5, 206.5, 206.5, 206.5, 206.5, 206.5, 206.5, 206.5, 206.5, 206.5, 206.5, 206.5, 206.5, 206.5, 206.5, 206.5, 206.5, 206.5, 206.5, 206.5, 206.5, 206.5, 206.5, 206.5, 206.5, 206.5, 206.5, 206.5], "pcnt": [0, 14, 22, 23, 23, 23, 24, 26, 29, 29, 29, 36, 36, 37, 37, 37, 37, 44, 44, 45, 45, 45, 52, 52, 52, 54, 54, 54, 54, 54, 54, 54, 54, 54, 54, 54, 54, 54, 54, 54, 54, 54, 54, 54, 54, 54, 54, 54, 54, 54, 54, 54, 54, 54, 54, 54, 54, 54, 54, 54, 54, 54, 54, 54]}}, {"type": "Feature", "geometry": {"type": "Point", "coordinates": [-104.56899, 50.20022]}, "properties": {"twp": "014-19-W2", "prov": "SK", "total": 17, "first": 1889, "cum": [0, 0, 0, 0, 0, 0, 0, 0, 4, 4, 4, 4, 4, 4, 4, 4, 4, 4, 4, 5, 17, 17, 17, 17, 17, 17, 17, 17, 17, 17, 17, 17, 17, 17, 17, 17, 17, 17, 17, 17, 17, 17, 17, 17, 17, 17, 17, 17, 17, 17, 17, 17, 17, 17, 17, 17, 17, 17, 17, 17, 17, 17, 17, 17], "psum": [0, 0, 0, 0, 0, 0, 0, 0, 14.0, 14.0, 14.0, 14.0, 14.0, 14.0, 14.0, 14.0, 14.0, 14.0, 14.0, 17.0, 41.0, 41.0, 41.0, 41.0, 41.0, 41.0, 41.0, 41.0, 41.0, 41.0, 41.0, 41.0, 41.0, 41.0, 41.0, 41.0, 41.0, 41.0, 41.0, 41.0, 41.0, 41.0, 41.0, 41.0, 41.0, 41.0, 41.0, 41.0, 41.0, 41.0, 41.0, 41.0, 41.0, 41.0, 41.0, 41.0, 41.0, 41.0, 41.0, 41.0, 41.0, 41.0, 41.0, 41.0], "pcnt": [0, 0, 0, 0, 0, 0, 0, 0, 4, 4, 4, 4, 4, 4, 4, 4, 4, 4, 4, 5, 17, 17, 17, 17, 17, 17, 17, 17, 17, 17, 17, 17, 17, 17, 17, 17, 17, 17, 17, 17, 17, 17, 17, 17, 17, 17, 17, 17, 17, 17, 17, 17, 17, 17, 17, 17, 17, 17, 17, 17, 17, 17, 17, 17]}}, {"type": "Feature", "geometry": {"type": "Point", "coordinates": [-103.73295, 50.17118]}, "properties": {"twp": "014-13-W2", "prov": "SK", "total": 45, "first": 1902, "cum": [0, 0, 0, 0, 0, 0, 0, 0, 0, 0, 0, 0, 0, 0, 0, 0, 0, 0, 0, 0, 0, 30, 39, 39, 39, 42, 44, 44, 44, 45, 45, 45, 45, 45, 45, 45, 45, 45, 45, 45, 45, 45, 45, 45, 45, 45, 45, 45, 45, 45, 45, 45, 45, 45, 45, 45, 45, 45, 45, 45, 45, 45, 45, 45], "psum": [0, 0, 0, 0, 0, 0, 0, 0, 0, 0, 0, 0, 0, 0, 0, 0, 0, 0, 0, 0, 0, 98.0, 157.0, 157.0, 157.0, 187.0, 207.0, 207.0, 207.0, 217.0, 217.0, 217.0, 217.0, 217.0, 217.0, 217.0, 217.0, 217.0, 217.0, 217.0, 217.0, 217.0, 217.0, 217.0, 217.0, 217.0, 217.0, 217.0, 217.0, 217.0, 217.0, 217.0, 217.0, 217.0, 217.0, 217.0, 217.0, 217.0, 217.0, 217.0, 217.0, 217.0, 217.0, 217.0], "pcnt": [0, 0, 0, 0, 0, 0, 0, 0, 0, 0, 0, 0, 0, 0, 0, 0, 0, 0, 0, 0, 0, 30, 39, 39, 39, 42, 44, 44, 44, 45, 45, 45, 45, 45, 45, 45, 45, 45, 45, 45, 45, 45, 45, 45, 45, 45, 45, 45, 45, 45, 45, 45, 45, 45, 45, 45, 45, 45, 45, 45, 45, 45, 45, 45]}}, {"type": "Feature", "geometry": {"type": "Point", "coordinates": [-103.59538, 50.16717]}, "properties": {"twp": "014-12-W2", "prov": "SK", "total": 59, "first": 1902, "cum": [0, 0, 0, 0, 0, 0, 0, 0, 0, 0, 0, 0, 0, 0, 0, 0, 0, 0, 0, 0, 0, 18, 46, 54, 56, 56, 56, 56, 56, 57, 59, 59, 59, 59, 59, 59, 59, 59, 59, 59, 59, 59, 59, 59, 59, 59, 59, 59, 59, 59, 59, 59, 59, 59, 59, 59, 59, 59, 59, 59, 59, 59, 59, 59], "psum": [0, 0, 0, 0, 0, 0, 0, 0, 0, 0, 0, 0, 0, 0, 0, 0, 0, 0, 0, 0, 0, 90.0, 263.0, 309.0, 325.0, 325.0, 325.0, 325.0, 325.0, 340.0, 374.0, 374.0, 374.0, 374.0, 374.0, 374.0, 374.0, 374.0, 374.0, 374.0, 374.0, 374.0, 374.0, 374.0, 374.0, 374.0, 374.0, 374.0, 374.0, 374.0, 374.0, 374.0, 374.0, 374.0, 374.0, 374.0, 374.0, 374.0, 374.0, 374.0, 374.0, 374.0, 374.0, 374.0], "pcnt": [0, 0, 0, 0, 0, 0, 0, 0, 0, 0, 0, 0, 0, 0, 0, 0, 0, 0, 0, 0, 0, 18, 46, 54, 56, 56, 56, 56, 56, 57, 59, 59, 59, 59, 59, 59, 59, 59, 59, 59, 59, 59, 59, 59, 59, 59, 59, 59, 59, 59, 59, 59, 59, 59, 59, 59, 59, 59, 59, 59, 59, 59, 59, 59]}}, {"type": "Feature", "geometry": {"type": "Point", "coordinates": [-103.31311, 50.1824]}, "properties": {"twp": "014-10-W2", "prov": "SK", "total": 29, "first": 1903, "cum": [0, 0, 0, 0, 0, 0, 0, 0, 0, 0, 0, 0, 0, 0, 0, 0, 0, 0, 0, 0, 0, 0, 5, 10, 14, 23, 23, 23, 26, 27, 28, 29, 29, 29, 29, 29, 29, 29, 29, 29, 29, 29, 29, 29, 29, 29, 29, 29, 29, 29, 29, 29, 29, 29, 29, 29, 29, 29, 29, 29, 29, 29, 29, 29], "psum": [0, 0, 0, 0, 0, 0, 0, 0, 0, 0, 0, 0, 0, 0, 0, 0, 0, 0, 0, 0, 0, 0, 33.0, 70.2, 102.2, 186.2, 186.2, 186.2, 246.2, 261.2, 274.2, 286.2, 286.2, 286.2, 286.2, 286.2, 286.2, 286.2, 286.2, 286.2, 286.2, 286.2, 286.2, 286.2, 286.2, 286.2, 286.2, 286.2, 286.2, 286.2, 286.2, 286.2, 286.2, 286.2, 286.2, 286.2, 286.2, 286.2, 286.2, 286.2, 286.2, 286.2, 286.2, 286.2], "pcnt": [0, 0, 0, 0, 0, 0, 0, 0, 0, 0, 0, 0, 0, 0, 0, 0, 0, 0, 0, 0, 0, 0, 5, 10, 14, 23, 23, 23, 26, 27, 28, 29, 29, 29, 29, 29, 29, 29, 29, 29, 29, 29, 29, 29, 29, 29, 29, 29, 29, 29, 29, 29, 29, 29, 29, 29, 29, 29, 29, 29, 29, 29, 29, 29]}}, {"type": "Feature", "geometry": {"type": "Point", "coordinates": [-102.7846, 50.17019]}, "properties": {"twp": "014-06-W2", "prov": "SK", "total": 15, "first": 1904, "cum": [0, 0, 0, 0, 0, 0, 0, 0, 0, 0, 0, 0, 0, 0, 0, 0, 0, 0, 0, 0, 0, 0, 0, 6, 10, 14, 15, 15, 15, 15, 15, 15, 15, 15, 15, 15, 15, 15, 15, 15, 15, 15, 15, 15, 15, 15, 15, 15, 15, 15, 15, 15, 15, 15, 15, 15, 15, 15, 15, 15, 15, 15, 15, 15], "psum": [0, 0, 0, 0, 0, 0, 0, 0, 0, 0, 0, 0, 0, 0, 0, 0, 0, 0, 0, 0, 0, 0, 0, 44.0, 76.0, 112.0, 127.0, 127.0, 127.0, 127.0, 127.0, 127.0, 127.0, 127.0, 127.0, 127.0, 127.0, 127.0, 127.0, 127.0, 127.0, 127.0, 127.0, 127.0, 127.0, 127.0, 127.0, 127.0, 127.0, 127.0, 127.0, 127.0, 127.0, 127.0, 127.0, 127.0, 127.0, 127.0, 127.0, 127.0, 127.0, 127.0, 127.0, 127.0], "pcnt": [0, 0, 0, 0, 0, 0, 0, 0, 0, 0, 0, 0, 0, 0, 0, 0, 0, 0, 0, 0, 0, 0, 0, 6, 10, 14, 15, 15, 15, 15, 15, 15, 15, 15, 15, 15, 15, 15, 15, 15, 15, 15, 15, 15, 15, 15, 15, 15, 15, 15, 15, 15, 15, 15, 15, 15, 15, 15, 15, 15, 15, 15, 15, 15]}}, {"type": "Feature", "geometry": {"type": "Point", "coordinates": [-105.20793, 50.09185]}, "properties": {"twp": "013-24-W2", "prov": "SK", "total": 41, "first": 1903, "cum": [0, 0, 0, 0, 0, 0, 0, 0, 0, 0, 0, 0, 0, 0, 0, 0, 0, 0, 0, 0, 0, 0, 1, 2, 23, 41, 41, 41, 41, 41, 41, 41, 41, 41, 41, 41, 41, 41, 41, 41, 41, 41, 41, 41, 41, 41, 41, 41, 41, 41, 41, 41, 41, 41, 41, 41, 41, 41, 41, 41, 41, 41, 41, 41], "psum": [0, 0, 0, 0, 0, 0, 0, 0, 0, 0, 0, 0, 0, 0, 0, 0, 0, 0, 0, 0, 0, 0, 5.0, 10.0, 121.0, 1630.0, 1630.0, 1630.0, 1630.0, 1630.0, 1630.0, 1630.0, 1630.0, 1630.0, 1630.0, 1630.0, 1630.0, 1630.0, 1630.0, 1630.0, 1630.0, 1630.0, 1630.0, 1630.0, 1630.0, 1630.0, 1630.0, 1630.0, 1630.0, 1630.0, 1630.0, 1630.0, 1630.0, 1630.0, 1630.0, 1630.0, 1630.0, 1630.0, 1630.0, 1630.0, 1630.0, 1630.0, 1630.0, 1630.0], "pcnt": [0, 0, 0, 0, 0, 0, 0, 0, 0, 0, 0, 0, 0, 0, 0, 0, 0, 0, 0, 0, 0, 0, 1, 2, 23, 41, 41, 41, 41, 41, 41, 41, 41, 41, 41, 41, 41, 41, 41, 41, 41, 41, 41, 41, 41, 41, 41, 41, 41, 41, 41, 41, 41, 41, 41, 41, 41, 41, 41, 41, 41, 41, 41, 41]}}, {"type": "Feature", "geometry": {"type": "Point", "coordinates": [-105.08482, 50.0806]}, "properties": {"twp": "013-23-W2", "prov": "SK", "total": 55, "first": 1902, "cum": [0, 0, 0, 0, 0, 0, 0, 0, 0, 0, 0, 0, 0, 0, 0, 0, 0, 0, 0, 0, 0, 41, 49, 51, 51, 55, 55, 55, 55, 55, 55, 55, 55, 55, 55, 55, 55, 55, 55, 55, 55, 55, 55, 55, 55, 55, 55, 55, 55, 55, 55, 55, 55, 55, 55, 55, 55, 55, 55, 55, 55, 55, 55, 55], "psum": [0, 0, 0, 0, 0, 0, 0, 0, 0, 0, 0, 0, 0, 0, 0, 0, 0, 0, 0, 0, 0, 164.0, 204.0, 214.0, 214.0, 244.0, 244.0, 244.0, 244.0, 244.0, 244.0, 244.0, 244.0, 244.0, 244.0, 244.0, 244.0, 244.0, 244.0, 244.0, 244.0, 244.0, 244.0, 244.0, 244.0, 244.0, 244.0, 244.0, 244.0, 244.0, 244.0, 244.0, 244.0, 244.0, 244.0, 244.0, 244.0, 244.0, 244.0, 244.0, 244.0, 244.0, 244.0, 244.0], "pcnt": [0, 0, 0, 0, 0, 0, 0, 0, 0, 0, 0, 0, 0, 0, 0, 0, 0, 0, 0, 0, 0, 41, 49, 51, 51, 55, 55, 55, 55, 55, 55, 55, 55, 55, 55, 55, 55, 55, 55, 55, 55, 55, 55, 55, 55, 55, 55, 55, 55, 55, 55, 55, 55, 55, 55, 55, 55, 55, 55, 55, 55, 55, 55, 55]}}, {"type": "Feature", "geometry": {"type": "Point", "coordinates": [-103.04984, 50.08348]}, "properties": {"twp": "013-08-W2", "prov": "SK", "total": 40, "first": 1904, "cum": [0, 0, 0, 0, 0, 0, 0, 0, 0, 0, 0, 0, 0, 0, 0, 0, 0, 0, 0, 0, 0, 0, 0, 4, 16, 22, 23, 23, 24, 24, 40, 40, 40, 40, 40, 40, 40, 40, 40, 40, 40, 40, 40, 40, 40, 40, 40, 40, 40, 40, 40, 40, 40, 40, 40, 40, 40, 40, 40, 40, 40, 40, 40, 40], "psum": [0, 0, 0, 0, 0, 0, 0, 0, 0, 0, 0, 0, 0, 0, 0, 0, 0, 0, 0, 0, 0, 0, 0, 30.7, 150.7, 204.7, 215.7, 215.7, 227.7, 227.7, 419.7, 419.7, 419.7, 419.7, 419.7, 419.7, 419.7, 419.7, 419.7, 419.7, 419.7, 419.7, 419.7, 419.7, 419.7, 419.7, 419.7, 419.7, 419.7, 419.7, 419.7, 419.7, 419.7, 419.7, 419.7, 419.7, 419.7, 419.7, 419.7, 419.7, 419.7, 419.7, 419.7, 419.7], "pcnt": [0, 0, 0, 0, 0, 0, 0, 0, 0, 0, 0, 0, 0, 0, 0, 0, 0, 0, 0, 0, 0, 0, 0, 4, 16, 22, 23, 23, 24, 24, 40, 40, 40, 40, 40, 40, 40, 40, 40, 40, 40, 40, 40, 40, 40, 40, 40, 40, 40, 40, 40, 40, 40, 40, 40, 40, 40, 40, 40, 40, 40, 40, 40, 40]}}, {"type": "Feature", "geometry": {"type": "Point", "coordinates": [-101.52814, 50.01268]}, "properties": {"twp": "012-30-W1", "prov": "SK", "total": 48, "first": 1882, "cum": [0, 12, 12, 12, 12, 12, 12, 12, 13, 13, 17, 19, 19, 21, 22, 22, 23, 27, 29, 33, 34, 39, 43, 43, 43, 46, 46, 47, 47, 47, 47, 48, 48, 48, 48, 48, 48, 48, 48, 48, 48, 48, 48, 48, 48, 48, 48, 48, 48, 48, 48, 48, 48, 48, 48, 48, 48, 48, 48, 48, 48, 48, 48, 48], "psum": [0, 30.0, 30.0, 30.0, 30.0, 30.0, 30.0, 30.0, 33.5, 33.5, 49.5, 56.0, 56.0, 62.0, 65.0, 65.0, 69.0, 81.0, 87.0, 99.0, 101.7, 126.7, 146.7, 146.7, 146.7, 169.7, 169.7, 179.7, 179.7, 179.7, 179.7, 194.7, 194.7, 194.7, 194.7, 194.7, 194.7, 194.7, 194.7, 194.7, 194.7, 194.7, 194.7, 194.7, 194.7, 194.7, 194.7, 194.7, 194.7, 194.7, 194.7, 194.7, 194.7, 194.7, 194.7, 194.7, 194.7, 194.7, 194.7, 194.7, 194.7, 194.7, 194.7, 194.7], "pcnt": [0, 12, 12, 12, 12, 12, 12, 12, 13, 13, 17, 19, 19, 21, 22, 22, 23, 27, 29, 33, 34, 39, 43, 43, 43, 46, 46, 47, 47, 47, 47, 48, 48, 48, 48, 48, 48, 48, 48, 48, 48, 48, 48, 48, 48, 48, 48, 48, 48, 48, 48, 48, 48, 48, 48, 48, 48, 48, 48, 48, 48, 48, 48, 48]}}, {"type": "Feature", "geometry": {"type": "Point", "coordinates": [-104.17902, 50.03979]}, "properties": {"twp": "012-16-W2", "prov": "SK", "total": 12, "first": 1901, "cum": [0, 0, 0, 0, 0, 0, 0, 0, 0, 0, 0, 0, 0, 0, 0, 0, 0, 0, 0, 0, 12, 12, 12, 12, 12, 12, 12, 12, 12, 12, 12, 12, 12, 12, 12, 12, 12, 12, 12, 12, 12, 12, 12, 12, 12, 12, 12, 12, 12, 12, 12, 12, 12, 12, 12, 12, 12, 12, 12, 12, 12, 12, 12, 12], "psum": [0, 0, 0, 0, 0, 0, 0, 0, 0, 0, 0, 0, 0, 0, 0, 0, 0, 0, 0, 0, 24.0, 24.0, 24.0, 24.0, 24.0, 24.0, 24.0, 24.0, 24.0, 24.0, 24.0, 24.0, 24.0, 24.0, 24.0, 24.0, 24.0, 24.0, 24.0, 24.0, 24.0, 24.0, 24.0, 24.0, 24.0, 24.0, 24.0, 24.0, 24.0, 24.0, 24.0, 24.0, 24.0, 24.0, 24.0, 24.0, 24.0, 24.0, 24.0, 24.0, 24.0, 24.0, 24.0, 24.0], "pcnt": [0, 0, 0, 0, 0, 0, 0, 0, 0, 0, 0, 0, 0, 0, 0, 0, 0, 0, 0, 0, 12, 12, 12, 12, 12, 12, 12, 12, 12, 12, 12, 12, 12, 12, 12, 12, 12, 12, 12, 12, 12, 12, 12, 12, 12, 12, 12, 12, 12, 12, 12, 12, 12, 12, 12, 12, 12, 12, 12, 12, 12, 12, 12, 12]}}, {"type": "Feature", "geometry": {"type": "Point", "coordinates": [-103.29087, 50.00582]}, "properties": {"twp": "012-10-W2", "prov": "SK", "total": 41, "first": 1902, "cum": [0, 0, 0, 0, 0, 0, 0, 0, 0, 0, 0, 0, 0, 0, 0, 0, 0, 0, 0, 0, 0, 2, 2, 4, 6, 11, 15, 20, 25, 27, 41, 41, 41, 41, 41, 41, 41, 41, 41, 41, 41, 41, 41, 41, 41, 41, 41, 41, 41, 41, 41, 41, 41, 41, 41, 41, 41, 41, 41, 41, 41, 41, 41, 41], "psum": [0, 0, 0, 0, 0, 0, 0, 0, 0, 0, 0, 0, 0, 0, 0, 0, 0, 0, 0, 0, 0, 10.0, 10.0, 26.0, 42.0, 92.0, 135.0, 185.0, 239.0, 261.0, 417.0, 417.0, 417.0, 417.0, 417.0, 417.0, 417.0, 417.0, 417.0, 417.0, 417.0, 417.0, 417.0, 417.0, 417.0, 417.0, 417.0, 417.0, 417.0, 417.0, 417.0, 417.0, 417.0, 417.0, 417.0, 417.0, 417.0, 417.0, 417.0, 417.0, 417.0, 417.0, 417.0, 417.0], "pcnt": [0, 0, 0, 0, 0, 0, 0, 0, 0, 0, 0, 0, 0, 0, 0, 0, 0, 0, 0, 0, 0, 2, 2, 4, 6, 11, 15, 20, 25, 27, 41, 41, 41, 41, 41, 41, 41, 41, 41, 41, 41, 41, 41, 41, 41, 41, 41, 41, 41, 41, 41, 41, 41, 41, 41, 41, 41, 41, 41, 41, 41, 41, 41, 41]}}, {"type": "Feature", "geometry": {"type": "Point", "coordinates": [-102.77605, 50.01513]}, "properties": {"twp": "012-06-W2", "prov": "SK", "total": 84, "first": 1902, "cum": [0, 0, 0, 0, 0, 0, 0, 0, 0, 0, 0, 0, 0, 0, 0, 0, 0, 0, 0, 0, 0, 52, 72, 72, 72, 76, 77, 77, 78, 78, 84, 84, 84, 84, 84, 84, 84, 84, 84, 84, 84, 84, 84, 84, 84, 84, 84, 84, 84, 84, 84, 84, 84, 84, 84, 84, 84, 84, 84, 84, 84, 84, 84, 84], "psum": [0, 0, 0, 0, 0, 0, 0, 0, 0, 0, 0, 0, 0, 0, 0, 0, 0, 0, 0, 0, 0, 208.0, 312.0, 312.0, 312.0, 344.0, 354.0, 354.0, 366.0, 366.0, 450.0, 450.0, 450.0, 450.0, 450.0, 450.0, 450.0, 450.0, 450.0, 450.0, 450.0, 450.0, 450.0, 450.0, 450.0, 450.0, 450.0, 450.0, 450.0, 450.0, 450.0, 450.0, 450.0, 450.0, 450.0, 450.0, 450.0, 450.0, 450.0, 450.0, 450.0, 450.0, 450.0, 450.0], "pcnt": [0, 0, 0, 0, 0, 0, 0, 0, 0, 0, 0, 0, 0, 0, 0, 0, 0, 0, 0, 0, 0, 52, 72, 72, 72, 76, 77, 77, 78, 78, 84, 84, 84, 84, 84, 84, 84, 84, 84, 84, 84, 84, 84, 84, 84, 84, 84, 84, 84, 84, 84, 84, 84, 84, 84, 84, 84, 84, 84, 84, 84, 84, 84, 84]}}, {"type": "Feature", "geometry": {"type": "Point", "coordinates": [-102.24805, 50.00198]}, "properties": {"twp": "012-02-W2", "prov": "SK", "total": 42, "first": 1901, "cum": [0, 0, 0, 0, 0, 0, 0, 0, 0, 0, 0, 0, 0, 0, 0, 0, 0, 0, 0, 0, 3, 15, 26, 28, 28, 35, 35, 35, 36, 36, 42, 42, 42, 42, 42, 42, 42, 42, 42, 42, 42, 42, 42, 42, 42, 42, 42, 42, 42, 42, 42, 42, 42, 42, 42, 42, 42, 42, 42, 42, 42, 42, 42, 42], "psum": [0, 0, 0, 0, 0, 0, 0, 0, 0, 0, 0, 0, 0, 0, 0, 0, 0, 0, 0, 0, 9.0, 57.0, 123.0, 135.8, 135.8, 209.8, 209.8, 209.8, 229.8, 229.8, 325.8, 325.8, 325.8, 325.8, 325.8, 325.8, 325.8, 325.8, 325.8, 325.8, 325.8, 325.8, 325.8, 325.8, 325.8, 325.8, 325.8, 325.8, 325.8, 325.8, 325.8, 325.8, 325.8, 325.8, 325.8, 325.8, 325.8, 325.8, 325.8, 325.8, 325.8, 325.8, 325.8, 325.8], "pcnt": [0, 0, 0, 0, 0, 0, 0, 0, 0, 0, 0, 0, 0, 0, 0, 0, 0, 0, 0, 0, 3, 15, 26, 28, 28, 35, 35, 35, 36, 36, 42, 42, 42, 42, 42, 42, 42, 42, 42, 42, 42, 42, 42, 42, 42, 42, 42, 42, 42, 42, 42, 42, 42, 42, 42, 42, 42, 42, 42, 42, 42, 42, 42, 42]}}, {"type": "Feature", "geometry": {"type": "Point", "coordinates": [-102.64041, 49.93142]}, "properties": {"twp": "011-05-W2", "prov": "SK", "total": 15, "first": 1904, "cum": [0, 0, 0, 0, 0, 0, 0, 0, 0, 0, 0, 0, 0, 0, 0, 0, 0, 0, 0, 0, 0, 0, 0, 1, 7, 8, 9, 9, 11, 11, 15, 15, 15, 15, 15, 15, 15, 15, 15, 15, 15, 15, 15, 15, 15, 15, 15, 15, 15, 15, 15, 15, 15, 15, 15, 15, 15, 15, 15, 15, 15, 15, 15, 15], "psum": [0, 0, 0, 0, 0, 0, 0, 0, 0, 0, 0, 0, 0, 0, 0, 0, 0, 0, 0, 0, 0, 0, 0, 6.0, 48.0, 55.0, 65.0, 65.0, 85.0, 85.0, 125.0, 125.0, 125.0, 125.0, 125.0, 125.0, 125.0, 125.0, 125.0, 125.0, 125.0, 125.0, 125.0, 125.0, 125.0, 125.0, 125.0, 125.0, 125.0, 125.0, 125.0, 125.0, 125.0, 125.0, 125.0, 125.0, 125.0, 125.0, 125.0, 125.0, 125.0, 125.0, 125.0, 125.0], "pcnt": [0, 0, 0, 0, 0, 0, 0, 0, 0, 0, 0, 0, 0, 0, 0, 0, 0, 0, 0, 0, 0, 0, 0, 1, 7, 8, 9, 9, 11, 11, 15, 15, 15, 15, 15, 15, 15, 15, 15, 15, 15, 15, 15, 15, 15, 15, 15, 15, 15, 15, 15, 15, 15, 15, 15, 15, 15, 15, 15, 15, 15, 15, 15, 15]}}, {"type": "Feature", "geometry": {"type": "Point", "coordinates": [-102.4688, 49.92582]}, "properties": {"twp": "011-04-W2", "prov": "SK", "total": 29, "first": 1891, "cum": [0, 0, 0, 0, 0, 0, 0, 0, 0, 0, 1, 1, 1, 2, 2, 2, 2, 3, 6, 9, 10, 11, 13, 17, 18, 18, 19, 21, 23, 25, 29, 29, 29, 29, 29, 29, 29, 29, 29, 29, 29, 29, 29, 29, 29, 29, 29, 29, 29, 29, 29, 29, 29, 29, 29, 29, 29, 29, 29, 29, 29, 29, 29, 29], "psum": [0, 0, 0, 0, 0, 0, 0, 0, 0, 0, 3.0, 3.0, 3.0, 6.0, 6.0, 6.0, 6.0, 10.3, 19.1, 28.1, 31.1, 38.6, 50.6, 198.6, 206.6, 206.6, 219.4, 239.4, 259.4, 283.4, 325.4, 325.4, 325.4, 325.4, 325.4, 325.4, 325.4, 325.4, 325.4, 325.4, 325.4, 325.4, 325.4, 325.4, 325.4, 325.4, 325.4, 325.4, 325.4, 325.4, 325.4, 325.4, 325.4, 325.4, 325.4, 325.4, 325.4, 325.4, 325.4, 325.4, 325.4, 325.4, 325.4, 325.4], "pcnt": [0, 0, 0, 0, 0, 0, 0, 0, 0, 0, 1, 1, 1, 2, 2, 2, 2, 3, 6, 9, 10, 11, 13, 17, 18, 18, 19, 21, 23, 25, 29, 29, 29, 29, 29, 29, 29, 29, 29, 29, 29, 29, 29, 29, 29, 29, 29, 29, 29, 29, 29, 29, 29, 29, 29, 29, 29, 29, 29, 29, 29, 29, 29, 29]}}, {"type": "Feature", "geometry": {"type": "Point", "coordinates": [-109.20985, 49.82786]}, "properties": {"twp": "010-24-W3", "prov": "SK", "total": 35, "first": 1887, "cum": [0, 0, 0, 0, 0, 0, 2, 4, 5, 5, 5, 5, 5, 5, 5, 5, 5, 5, 5, 5, 11, 11, 13, 13, 16, 30, 32, 33, 35, 35, 35, 35, 35, 35, 35, 35, 35, 35, 35, 35, 35, 35, 35, 35, 35, 35, 35, 35, 35, 35, 35, 35, 35, 35, 35, 35, 35, 35, 35, 35, 35, 35, 35, 35], "psum": [0, 0, 0, 0, 0, 0, 5.0, 10.0, 12.5, 12.5, 12.5, 12.5, 12.5, 12.5, 12.5, 12.5, 12.5, 12.5, 12.5, 12.5, 30.5, 30.5, 37.5, 37.5, 52.5, 136.5, 152.5, 162.0, 178.0, 178.0, 178.0, 178.0, 178.0, 178.0, 178.0, 178.0, 178.0, 178.0, 178.0, 178.0, 178.0, 178.0, 178.0, 178.0, 178.0, 178.0, 178.0, 178.0, 178.0, 178.0, 178.0, 178.0, 178.0, 178.0, 178.0, 178.0, 178.0, 178.0, 178.0, 178.0, 178.0, 178.0, 178.0, 178.0], "pcnt": [0, 0, 0, 0, 0, 0, 2, 4, 5, 5, 5, 5, 5, 5, 5, 5, 5, 5, 5, 5, 11, 11, 13, 13, 16, 30, 32, 33, 35, 35, 35, 35, 35, 35, 35, 35, 35, 35, 35, 35, 35, 35, 35, 35, 35, 35, 35, 35, 35, 35, 35, 35, 35, 35, 35, 35, 35, 35, 35, 35, 35, 35, 35, 35]}}, {"type": "Feature", "geometry": {"type": "Point", "coordinates": [-109.03702, 49.84496]}, "properties": {"twp": "010-23-W3", "prov": "SK", "total": 22, "first": 1904, "cum": [0, 0, 0, 0, 0, 0, 0, 0, 0, 0, 0, 0, 0, 0, 0, 0, 0, 0, 0, 0, 0, 0, 0, 2, 5, 18, 18, 20, 20, 22, 22, 22, 22, 22, 22, 22, 22, 22, 22, 22, 22, 22, 22, 22, 22, 22, 22, 22, 22, 22, 22, 22, 22, 22, 22, 22, 22, 22, 22, 22, 22, 22, 22, 22], "psum": [0, 0, 0, 0, 0, 0, 0, 0, 0, 0, 0, 0, 0, 0, 0, 0, 0, 0, 0, 0, 0, 0, 0, 10.0, 28.1, 106.1, 106.1, 122.1, 122.1, 138.1, 138.1, 138.1, 138.1, 138.1, 138.1, 138.1, 138.1, 138.1, 138.1, 138.1, 138.1, 138.1, 138.1, 138.1, 138.1, 138.1, 138.1, 138.1, 138.1, 138.1, 138.1, 138.1, 138.1, 138.1, 138.1, 138.1, 138.1, 138.1, 138.1, 138.1, 138.1, 138.1, 138.1, 138.1], "pcnt": [0, 0, 0, 0, 0, 0, 0, 0, 0, 0, 0, 0, 0, 0, 0, 0, 0, 0, 0, 0, 0, 0, 0, 2, 5, 18, 18, 20, 20, 22, 22, 22, 22, 22, 22, 22, 22, 22, 22, 22, 22, 22, 22, 22, 22, 22, 22, 22, 22, 22, 22, 22, 22, 22, 22, 22, 22, 22, 22, 22, 22, 22, 22, 22]}}, {"type": "Feature", "geometry": {"type": "Point", "coordinates": [-108.95835, 49.84514]}, "properties": {"twp": "010-22-W3", "prov": "SK", "total": 6, "first": 1895, "cum": [0, 0, 0, 0, 0, 0, 0, 0, 0, 0, 0, 0, 0, 0, 1, 1, 1, 1, 1, 1, 1, 1, 1, 1, 1, 3, 3, 3, 3, 5, 6, 6, 6, 6, 6, 6, 6, 6, 6, 6, 6, 6, 6, 6, 6, 6, 6, 6, 6, 6, 6, 6, 6, 6, 6, 6, 6, 6, 6, 6, 6, 6, 6, 6], "psum": [0, 0, 0, 0, 0, 0, 0, 0, 0, 0, 0, 0, 0, 0, 3.0, 3.0, 3.0, 3.0, 3.0, 3.0, 3.0, 3.0, 3.0, 3.0, 3.0, 15.0, 15.0, 15.0, 15.0, 31.0, 41.0, 41.0, 41.0, 41.0, 41.0, 41.0, 41.0, 41.0, 41.0, 41.0, 41.0, 41.0, 41.0, 41.0, 41.0, 41.0, 41.0, 41.0, 41.0, 41.0, 41.0, 41.0, 41.0, 41.0, 41.0, 41.0, 41.0, 41.0, 41.0, 41.0, 41.0, 41.0, 41.0, 41.0], "pcnt": [0, 0, 0, 0, 0, 0, 0, 0, 0, 0, 0, 0, 0, 0, 1, 1, 1, 1, 1, 1, 1, 1, 1, 1, 1, 3, 3, 3, 3, 5, 6, 6, 6, 6, 6, 6, 6, 6, 6, 6, 6, 6, 6, 6, 6, 6, 6, 6, 6, 6, 6, 6, 6, 6, 6, 6, 6, 6, 6, 6, 6, 6, 6, 6]}}, {"type": "Feature", "geometry": {"type": "Point", "coordinates": [-108.704, 49.77851]}, "properties": {"twp": "009-20-W3", "prov": "SK", "total": 4, "first": 1903, "cum": [0, 0, 0, 0, 0, 0, 0, 0, 0, 0, 0, 0, 0, 0, 0, 0, 0, 0, 0, 0, 0, 0, 4, 4, 4, 4, 4, 4, 4, 4, 4, 4, 4, 4, 4, 4, 4, 4, 4, 4, 4, 4, 4, 4, 4, 4, 4, 4, 4, 4, 4, 4, 4, 4, 4, 4, 4, 4, 4, 4, 4, 4, 4, 4], "psum": [0, 0, 0, 0, 0, 0, 0, 0, 0, 0, 0, 0, 0, 0, 0, 0, 0, 0, 0, 0, 0, 0, 12.0, 12.0, 12.0, 12.0, 12.0, 12.0, 12.0, 12.0, 12.0, 12.0, 12.0, 12.0, 12.0, 12.0, 12.0, 12.0, 12.0, 12.0, 12.0, 12.0, 12.0, 12.0, 12.0, 12.0, 12.0, 12.0, 12.0, 12.0, 12.0, 12.0, 12.0, 12.0, 12.0, 12.0, 12.0, 12.0, 12.0, 12.0, 12.0, 12.0, 12.0, 12.0], "pcnt": [0, 0, 0, 0, 0, 0, 0, 0, 0, 0, 0, 0, 0, 0, 0, 0, 0, 0, 0, 0, 0, 0, 4, 4, 4, 4, 4, 4, 4, 4, 4, 4, 4, 4, 4, 4, 4, 4, 4, 4, 4, 4, 4, 4, 4, 4, 4, 4, 4, 4, 4, 4, 4, 4, 4, 4, 4, 4, 4, 4, 4, 4, 4, 4]}}, {"type": "Feature", "geometry": {"type": "Point", "coordinates": [-103.85405, 49.73599]}, "properties": {"twp": "009-14-W2", "prov": "SK", "total": 45, "first": 1898, "cum": [0, 0, 0, 0, 0, 0, 0, 0, 0, 0, 0, 0, 0, 0, 0, 0, 0, 17, 20, 21, 45, 45, 45, 45, 45, 45, 45, 45, 45, 45, 45, 45, 45, 45, 45, 45, 45, 45, 45, 45, 45, 45, 45, 45, 45, 45, 45, 45, 45, 45, 45, 45, 45, 45, 45, 45, 45, 45, 45, 45, 45, 45, 45, 45], "psum": [0, 0, 0, 0, 0, 0, 0, 0, 0, 0, 0, 0, 0, 0, 0, 0, 0, 51.0, 60.0, 63.0, 137.0, 137.0, 137.0, 137.0, 137.0, 137.0, 137.0, 137.0, 137.0, 137.0, 137.0, 137.0, 137.0, 137.0, 137.0, 137.0, 137.0, 137.0, 137.0, 137.0, 137.0, 137.0, 137.0, 137.0, 137.0, 137.0, 137.0, 137.0, 137.0, 137.0, 137.0, 137.0, 137.0, 137.0, 137.0, 137.0, 137.0, 137.0, 137.0, 137.0, 137.0, 137.0, 137.0, 137.0], "pcnt": [0, 0, 0, 0, 0, 0, 0, 0, 0, 0, 0, 0, 0, 0, 0, 0, 0, 17, 20, 21, 45, 45, 45, 45, 45, 45, 45, 45, 45, 45, 45, 45, 45, 45, 45, 45, 45, 45, 45, 45, 45, 45, 45, 45, 45, 45, 45, 45, 45, 45, 45, 45, 45, 45, 45, 45, 45, 45, 45, 45, 45, 45, 45, 45]}}, {"type": "Feature", "geometry": {"type": "Point", "coordinates": [-102.08527, 49.73365]}, "properties": {"twp": "009-01-W2", "prov": "SK", "total": 41, "first": 1882, "cum": [0, 1, 1, 9, 11, 12, 15, 16, 18, 18, 18, 18, 18, 18, 18, 18, 18, 18, 20, 26, 27, 39, 39, 41, 41, 41, 41, 41, 41, 41, 41, 41, 41, 41, 41, 41, 41, 41, 41, 41, 41, 41, 41, 41, 41, 41, 41, 41, 41, 41, 41, 41, 41, 41, 41, 41, 41, 41, 41, 41, 41, 41, 41, 41], "psum": [0, 3.0, 3.0, 3.0, 11.0, 14.5, 25.5, 29.0, 34.0, 34.0, 34.0, 34.0, 34.0, 34.0, 34.0, 34.0, 34.0, 34.0, 40.0, 58.0, 61.0, 118.0, 118.0, 130.0, 130.0, 130.0, 130.0, 130.0, 130.0, 130.0, 130.0, 130.0, 130.0, 130.0, 130.0, 130.0, 130.0, 130.0, 130.0, 130.0, 130.0, 130.0, 130.0, 130.0, 130.0, 130.0, 130.0, 130.0, 130.0, 130.0, 130.0, 130.0, 130.0, 130.0, 130.0, 130.0, 130.0, 130.0, 130.0, 130.0, 130.0, 130.0, 130.0, 130.0], "pcnt": [0, 1, 1, 1, 3, 4, 7, 8, 10, 10, 10, 10, 10, 10, 10, 10, 10, 10, 12, 18, 19, 31, 31, 33, 33, 33, 33, 33, 33, 33, 33, 33, 33, 33, 33, 33, 33, 33, 33, 33, 33, 33, 33, 33, 33, 33, 33, 33, 33, 33, 33, 33, 33, 33, 33, 33, 33, 33, 33, 33, 33, 33, 33, 33]}}, {"type": "Feature", "geometry": {"type": "Point", "coordinates": [-104.4102, 49.68582]}, "properties": {"twp": "008-18-W2", "prov": "SK", "total": 13, "first": 1903, "cum": [0, 0, 0, 0, 0, 0, 0, 0, 0, 0, 0, 0, 0, 0, 0, 0, 0, 0, 0, 0, 0, 0, 1, 1, 11, 12, 12, 12, 12, 13, 13, 13, 13, 13, 13, 13, 13, 13, 13, 13, 13, 13, 13, 13, 13, 13, 13, 13, 13, 13, 13, 13, 13, 13, 13, 13, 13, 13, 13, 13, 13, 13, 13, 13], "psum": [0, 0, 0, 0, 0, 0, 0, 0, 0, 0, 0, 0, 0, 0, 0, 0, 0, 0, 0, 0, 0, 0, 5.0, 5.0, 55.0, 61.0, 61.0, 61.0, 61.0, 76.0, 76.0, 76.0, 76.0, 76.0, 76.0, 76.0, 76.0, 76.0, 76.0, 76.0, 76.0, 76.0, 76.0, 76.0, 76.0, 76.0, 76.0, 76.0, 76.0, 76.0, 76.0, 76.0, 76.0, 76.0, 76.0, 76.0, 76.0, 76.0, 76.0, 76.0, 76.0, 76.0, 76.0, 76.0], "pcnt": [0, 0, 0, 0, 0, 0, 0, 0, 0, 0, 0, 0, 0, 0, 0, 0, 0, 0, 0, 0, 0, 0, 1, 1, 11, 12, 12, 12, 12, 13, 13, 13, 13, 13, 13, 13, 13, 13, 13, 13, 13, 13, 13, 13, 13, 13, 13, 13, 13, 13, 13, 13, 13, 13, 13, 13, 13, 13, 13, 13, 13, 13, 13, 13]}}, {"type": "Feature", "geometry": {"type": "Point", "coordinates": [-109.65891, 49.60423]}, "properties": {"twp": "007-27-W3", "prov": "SK", "total": 2, "first": 1902, "cum": [0, 0, 0, 0, 0, 0, 0, 0, 0, 0, 0, 0, 0, 0, 0, 0, 0, 0, 0, 0, 0, 2, 2, 2, 2, 2, 2, 2, 2, 2, 2, 2, 2, 2, 2, 2, 2, 2, 2, 2, 2, 2, 2, 2, 2, 2, 2, 2, 2, 2, 2, 2, 2, 2, 2, 2, 2, 2, 2, 2, 2, 2, 2, 2], "psum": [0, 0, 0, 0, 0, 0, 0, 0, 0, 0, 0, 0, 0, 0, 0, 0, 0, 0, 0, 0, 0, 6.4, 6.4, 6.4, 6.4, 6.4, 6.4, 6.4, 6.4, 6.4, 6.4, 6.4, 6.4, 6.4, 6.4, 6.4, 6.4, 6.4, 6.4, 6.4, 6.4, 6.4, 6.4, 6.4, 6.4, 6.4, 6.4, 6.4, 6.4, 6.4, 6.4, 6.4, 6.4, 6.4, 6.4, 6.4, 6.4, 6.4, 6.4, 6.4, 6.4, 6.4, 6.4, 6.4], "pcnt": [0, 0, 0, 0, 0, 0, 0, 0, 0, 0, 0, 0, 0, 0, 0, 0, 0, 0, 0, 0, 0, 2, 2, 2, 2, 2, 2, 2, 2, 2, 2, 2, 2, 2, 2, 2, 2, 2, 2, 2, 2, 2, 2, 2, 2, 2, 2, 2, 2, 2, 2, 2, 2, 2, 2, 2, 2, 2, 2, 2, 2, 2, 2, 2]}}, {"type": "Feature", "geometry": {"type": "Point", "coordinates": [-103.42403, 49.55838]}, "properties": {"twp": "007-11-W2", "prov": "SK", "total": 24, "first": 1903, "cum": [0, 0, 0, 0, 0, 0, 0, 0, 0, 0, 0, 0, 0, 0, 0, 0, 0, 0, 0, 0, 0, 0, 8, 9, 20, 23, 24, 24, 24, 24, 24, 24, 24, 24, 24, 24, 24, 24, 24, 24, 24, 24, 24, 24, 24, 24, 24, 24, 24, 24, 24, 24, 24, 24, 24, 24, 24, 24, 24, 24, 24, 24, 24, 24], "psum": [0, 0, 0, 0, 0, 0, 0, 0, 0, 0, 0, 0, 0, 0, 0, 0, 0, 0, 0, 0, 0, 0, 20.0, 22.5, 72.0, 92.5, 104.5, 104.5, 104.5, 104.5, 104.5, 104.5, 104.5, 104.5, 104.5, 104.5, 104.5, 104.5, 104.5, 104.5, 104.5, 104.5, 104.5, 104.5, 104.5, 104.5, 104.5, 104.5, 104.5, 104.5, 104.5, 104.5, 104.5, 104.5, 104.5, 104.5, 104.5, 104.5, 104.5, 104.5, 104.5, 104.5, 104.5, 104.5], "pcnt": [0, 0, 0, 0, 0, 0, 0, 0, 0, 0, 0, 0, 0, 0, 0, 0, 0, 0, 0, 0, 0, 0, 8, 9, 20, 23, 24, 24, 24, 24, 24, 24, 24, 24, 24, 24, 24, 24, 24, 24, 24, 24, 24, 24, 24, 24, 24, 24, 24, 24, 24, 24, 24, 24, 24, 24, 24, 24, 24, 24, 24, 24, 24, 24]}}, {"type": "Feature", "geometry": {"type": "Point", "coordinates": [-102.62624, 49.56481]}, "properties": {"twp": "007-05-W2", "prov": "SK", "total": 54, "first": 1899, "cum": [0, 0, 0, 0, 0, 0, 0, 0, 0, 0, 0, 0, 0, 0, 0, 0, 0, 0, 6, 6, 33, 34, 41, 53, 53, 54, 54, 54, 54, 54, 54, 54, 54, 54, 54, 54, 54, 54, 54, 54, 54, 54, 54, 54, 54, 54, 54, 54, 54, 54, 54, 54, 54, 54, 54, 54, 54, 54, 54, 54, 54, 54, 54, 54], "psum": [0, 0, 0, 0, 0, 0, 0, 0, 0, 0, 0, 0, 0, 0, 0, 0, 0, 0, 18.0, 18.0, 109.0, 115.0, 157.0, 229.0, 229.0, 235.0, 235.0, 235.0, 235.0, 235.0, 235.0, 235.0, 235.0, 235.0, 235.0, 235.0, 235.0, 235.0, 235.0, 235.0, 235.0, 235.0, 235.0, 235.0, 235.0, 235.0, 235.0, 235.0, 235.0, 235.0, 235.0, 235.0, 235.0, 235.0, 235.0, 235.0, 235.0, 235.0, 235.0, 235.0, 235.0, 235.0, 235.0, 235.0], "pcnt": [0, 0, 0, 0, 0, 0, 0, 0, 0, 0, 0, 0, 0, 0, 0, 0, 0, 0, 6, 6, 33, 34, 41, 53, 53, 54, 54, 54, 54, 54, 54, 54, 54, 54, 54, 54, 54, 54, 54, 54, 54, 54, 54, 54, 54, 54, 54, 54, 54, 54, 54, 54, 54, 54, 54, 54, 54, 54, 54, 54, 54, 54, 54, 54]}}, {"type": "Feature", "geometry": {"type": "Point", "coordinates": [-102.49053, 49.56657]}, "properties": {"twp": "007-04-W2", "prov": "SK", "total": 68, "first": 1893, "cum": [0, 0, 0, 0, 0, 0, 0, 0, 0, 0, 0, 0, 5, 5, 5, 5, 5, 14, 22, 22, 64, 64, 68, 68, 68, 68, 68, 68, 68, 68, 68, 68, 68, 68, 68, 68, 68, 68, 68, 68, 68, 68, 68, 68, 68, 68, 68, 68, 68, 68, 68, 68, 68, 68, 68, 68, 68, 68, 68, 68, 68, 68, 68, 68], "psum": [0, 0, 0, 0, 0, 0, 0, 0, 0, 0, 0, 0, 15.0, 15.0, 15.0, 15.0, 15.0, 42.0, 70.0, 70.0, 201.0, 201.0, 225.0, 225.0, 225.0, 225.0, 225.0, 225.0, 225.0, 225.0, 225.0, 225.0, 225.0, 225.0, 225.0, 225.0, 225.0, 225.0, 225.0, 225.0, 225.0, 225.0, 225.0, 225.0, 225.0, 225.0, 225.0, 225.0, 225.0, 225.0, 225.0, 225.0, 225.0, 225.0, 225.0, 225.0, 225.0, 225.0, 225.0, 225.0, 225.0, 225.0, 225.0, 225.0], "pcnt": [0, 0, 0, 0, 0, 0, 0, 0, 0, 0, 0, 0, 5, 5, 5, 5, 5, 14, 22, 22, 64, 64, 68, 68, 68, 68, 68, 68, 68, 68, 68, 68, 68, 68, 68, 68, 68, 68, 68, 68, 68, 68, 68, 68, 68, 68, 68, 68, 68, 68, 68, 68, 68, 68, 68, 68, 68, 68, 68, 68, 68, 68, 68, 68]}}, {"type": "Feature", "geometry": {"type": "Point", "coordinates": [-101.65322, 49.52133]}, "properties": {"twp": "006-31-W1", "prov": "SK", "total": 17, "first": 1898, "cum": [0, 0, 0, 0, 0, 0, 0, 0, 0, 0, 0, 0, 0, 0, 0, 0, 0, 1, 1, 1, 1, 17, 17, 17, 17, 17, 17, 17, 17, 17, 17, 17, 17, 17, 17, 17, 17, 17, 17, 17, 17, 17, 17, 17, 17, 17, 17, 17, 17, 17, 17, 17, 17, 17, 17, 17, 17, 17, 17, 17, 17, 17, 17, 17], "psum": [0, 0, 0, 0, 0, 0, 0, 0, 0, 0, 0, 0, 0, 0, 0, 0, 0, 3.0, 3.0, 3.0, 3.0, 51.0, 51.0, 51.0, 51.0, 51.0, 51.0, 51.0, 51.0, 51.0, 51.0, 51.0, 51.0, 51.0, 51.0, 51.0, 51.0, 51.0, 51.0, 51.0, 51.0, 51.0, 51.0, 51.0, 51.0, 51.0, 51.0, 51.0, 51.0, 51.0, 51.0, 51.0, 51.0, 51.0, 51.0, 51.0, 51.0, 51.0, 51.0, 51.0, 51.0, 51.0, 51.0, 51.0], "pcnt": [0, 0, 0, 0, 0, 0, 0, 0, 0, 0, 0, 0, 0, 0, 0, 0, 0, 1, 1, 1, 1, 17, 17, 17, 17, 17, 17, 17, 17, 17, 17, 17, 17, 17, 17, 17, 17, 17, 17, 17, 17, 17, 17, 17, 17, 17, 17, 17, 17, 17, 17, 17, 17, 17, 17, 17, 17, 17, 17, 17, 17, 17, 17, 17]}}, {"type": "Feature", "geometry": {"type": "Point", "coordinates": [-102.63933, 49.48667]}, "properties": {"twp": "006-05-W2", "prov": "SK", "total": 15, "first": 1897, "cum": [0, 0, 0, 0, 0, 0, 0, 0, 0, 0, 0, 0, 0, 0, 0, 0, 1, 1, 1, 3, 4, 15, 15, 15, 15, 15, 15, 15, 15, 15, 15, 15, 15, 15, 15, 15, 15, 15, 15, 15, 15, 15, 15, 15, 15, 15, 15, 15, 15, 15, 15, 15, 15, 15, 15, 15, 15, 15, 15, 15, 15, 15, 15, 15], "psum": [0, 0, 0, 0, 0, 0, 0, 0, 0, 0, 0, 0, 0, 0, 0, 0, 3.0, 3.0, 3.0, 9.0, 13.0, 53.0, 53.0, 53.0, 53.0, 53.0, 53.0, 53.0, 53.0, 53.0, 53.0, 53.0, 53.0, 53.0, 53.0, 53.0, 53.0, 53.0, 53.0, 53.0, 53.0, 53.0, 53.0, 53.0, 53.0, 53.0, 53.0, 53.0, 53.0, 53.0, 53.0, 53.0, 53.0, 53.0, 53.0, 53.0, 53.0, 53.0, 53.0, 53.0, 53.0, 53.0, 53.0, 53.0], "pcnt": [0, 0, 0, 0, 0, 0, 0, 0, 0, 0, 0, 0, 0, 0, 0, 0, 1, 1, 1, 3, 4, 15, 15, 15, 15, 15, 15, 15, 15, 15, 15, 15, 15, 15, 15, 15, 15, 15, 15, 15, 15, 15, 15, 15, 15, 15, 15, 15, 15, 15, 15, 15, 15, 15, 15, 15, 15, 15, 15, 15, 15, 15, 15, 15]}}, {"type": "Feature", "geometry": {"type": "Point", "coordinates": [-102.36575, 49.49205]}, "properties": {"twp": "006-03-W2", "prov": "SK", "total": 19, "first": 1900, "cum": [0, 0, 0, 0, 0, 0, 0, 0, 0, 0, 0, 0, 0, 0, 0, 0, 0, 0, 0, 2, 19, 19, 19, 19, 19, 19, 19, 19, 19, 19, 19, 19, 19, 19, 19, 19, 19, 19, 19, 19, 19, 19, 19, 19, 19, 19, 19, 19, 19, 19, 19, 19, 19, 19, 19, 19, 19, 19, 19, 19, 19, 19, 19, 19], "psum": [0, 0, 0, 0, 0, 0, 0, 0, 0, 0, 0, 0, 0, 0, 0, 0, 0, 0, 0, 6.0, 65.0, 65.0, 65.0, 65.0, 65.0, 65.0, 65.0, 65.0, 65.0, 65.0, 65.0, 65.0, 65.0, 65.0, 65.0, 65.0, 65.0, 65.0, 65.0, 65.0, 65.0, 65.0, 65.0, 65.0, 65.0, 65.0, 65.0, 65.0, 65.0, 65.0, 65.0, 65.0, 65.0, 65.0, 65.0, 65.0, 65.0, 65.0, 65.0, 65.0, 65.0, 65.0, 65.0, 65.0], "pcnt": [0, 0, 0, 0, 0, 0, 0, 0, 0, 0, 0, 0, 0, 0, 0, 0, 0, 0, 0, 2, 19, 19, 19, 19, 19, 19, 19, 19, 19, 19, 19, 19, 19, 19, 19, 19, 19, 19, 19, 19, 19, 19, 19, 19, 19, 19, 19, 19, 19, 19, 19, 19, 19, 19, 19, 19, 19, 19, 19, 19, 19, 19, 19, 19]}}, {"type": "Feature", "geometry": {"type": "Point", "coordinates": [-102.23798, 49.4818]}, "properties": {"twp": "006-02-W2", "prov": "SK", "total": 21, "first": 1900, "cum": [0, 0, 0, 0, 0, 0, 0, 0, 0, 0, 0, 0, 0, 0, 0, 0, 0, 0, 0, 15, 15, 18, 18, 18, 21, 21, 21, 21, 21, 21, 21, 21, 21, 21, 21, 21, 21, 21, 21, 21, 21, 21, 21, 21, 21, 21, 21, 21, 21, 21, 21, 21, 21, 21, 21, 21, 21, 21, 21, 21, 21, 21, 21, 21], "psum": [0, 0, 0, 0, 0, 0, 0, 0, 0, 0, 0, 0, 0, 0, 0, 0, 0, 0, 0, 52.0, 52.0, 64.0, 64.0, 64.0, 73.0, 73.0, 73.0, 73.0, 73.0, 73.0, 73.0, 73.0, 73.0, 73.0, 73.0, 73.0, 73.0, 73.0, 73.0, 73.0, 73.0, 73.0, 73.0, 73.0, 73.0, 73.0, 73.0, 73.0, 73.0, 73.0, 73.0, 73.0, 73.0, 73.0, 73.0, 73.0, 73.0, 73.0, 73.0, 73.0, 73.0, 73.0, 73.0, 73.0], "pcnt": [0, 0, 0, 0, 0, 0, 0, 0, 0, 0, 0, 0, 0, 0, 0, 0, 0, 0, 0, 15, 15, 18, 18, 18, 21, 21, 21, 21, 21, 21, 21, 21, 21, 21, 21, 21, 21, 21, 21, 21, 21, 21, 21, 21, 21, 21, 21, 21, 21, 21, 21, 21, 21, 21, 21, 21, 21, 21, 21, 21, 21, 21, 21, 21]}}, {"type": "Feature", "geometry": {"type": "Point", "coordinates": [-103.7178, 49.39387]}, "properties": {"twp": "005-13-W2", "prov": "SK", "total": 19, "first": 1903, "cum": [0, 0, 0, 0, 0, 0, 0, 0, 0, 0, 0, 0, 0, 0, 0, 0, 0, 0, 0, 0, 0, 0, 8, 10, 12, 19, 19, 19, 19, 19, 19, 19, 19, 19, 19, 19, 19, 19, 19, 19, 19, 19, 19, 19, 19, 19, 19, 19, 19, 19, 19, 19, 19, 19, 19, 19, 19, 19, 19, 19, 19, 19, 19, 19], "psum": [0, 0, 0, 0, 0, 0, 0, 0, 0, 0, 0, 0, 0, 0, 0, 0, 0, 0, 0, 0, 0, 0, 34.0, 44.0, 54.0, 96.0, 96.0, 96.0, 96.0, 96.0, 96.0, 96.0, 96.0, 96.0, 96.0, 96.0, 96.0, 96.0, 96.0, 96.0, 96.0, 96.0, 96.0, 96.0, 96.0, 96.0, 96.0, 96.0, 96.0, 96.0, 96.0, 96.0, 96.0, 96.0, 96.0, 96.0, 96.0, 96.0, 96.0, 96.0, 96.0, 96.0, 96.0, 96.0], "pcnt": [0, 0, 0, 0, 0, 0, 0, 0, 0, 0, 0, 0, 0, 0, 0, 0, 0, 0, 0, 0, 0, 0, 8, 10, 12, 19, 19, 19, 19, 19, 19, 19, 19, 19, 19, 19, 19, 19, 19, 19, 19, 19, 19, 19, 19, 19, 19, 19, 19, 19, 19, 19, 19, 19, 19, 19, 19, 19, 19, 19, 19, 19, 19, 19]}}, {"type": "Feature", "geometry": {"type": "Point", "coordinates": [-102.07663, 49.29131]}, "properties": {"twp": "004-01-W2", "prov": "SK", "total": 96, "first": 1892, "cum": [0, 0, 0, 0, 0, 0, 0, 0, 0, 0, 0, 22, 24, 24, 24, 24, 24, 30, 37, 80, 95, 95, 95, 95, 95, 95, 95, 95, 95, 95, 96, 96, 96, 96, 96, 96, 96, 96, 96, 96, 96, 96, 96, 96, 96, 96, 96, 96, 96, 96, 96, 96, 96, 96, 96, 96, 96, 96, 96, 96, 96, 96, 96, 96], "psum": [0, 0, 0, 0, 0, 0, 0, 0, 0, 0, 0, 72.0, 79.0, 79.0, 79.0, 79.0, 79.0, 97.0, 118.0, 247.0, 300.5, 300.5, 300.5, 300.5, 300.5, 300.5, 300.5, 300.5, 300.5, 300.5, 315.5, 315.5, 315.5, 315.5, 315.5, 315.5, 315.5, 315.5, 315.5, 315.5, 315.5, 315.5, 315.5, 315.5, 315.5, 315.5, 315.5, 315.5, 315.5, 315.5, 315.5, 315.5, 315.5, 315.5, 315.5, 315.5, 315.5, 315.5, 315.5, 315.5, 315.5, 315.5, 315.5, 315.5], "pcnt": [0, 0, 0, 0, 0, 0, 0, 0, 0, 0, 0, 22, 24, 24, 24, 24, 24, 30, 37, 80, 95, 95, 95, 95, 95, 95, 95, 95, 95, 95, 96, 96, 96, 96, 96, 96, 96, 96, 96, 96, 96, 96, 96, 96, 96, 96, 96, 96, 96, 96, 96, 96, 96, 96, 96, 96, 96, 96, 96, 96, 96, 96, 96, 96]}}, {"type": "Feature", "geometry": {"type": "Point", "coordinates": [-101.43715, 49.12542]}, "properties": {"twp": "002-30-W1", "prov": "SK", "total": 78, "first": 1884, "cum": [0, 0, 0, 12, 12, 12, 12, 12, 13, 13, 15, 30, 31, 31, 31, 31, 34, 37, 42, 47, 73, 78, 78, 78, 78, 78, 78, 78, 78, 78, 78, 78, 78, 78, 78, 78, 78, 78, 78, 78, 78, 78, 78, 78, 78, 78, 78, 78, 78, 78, 78, 78, 78, 78, 78, 78, 78, 78, 78, 78, 78, 78, 78, 78], "psum": [0, 0, 0, 36.0, 36.0, 36.0, 36.0, 36.0, 40.0, 40.0, 48.0, 104.0, 107.5, 107.5, 107.5, 107.5, 120.5, 131.5, 145.5, 162.0, 255.5, 274.5, 274.5, 274.5, 274.5, 274.5, 274.5, 274.5, 274.5, 274.5, 274.5, 274.5, 274.5, 274.5, 274.5, 274.5, 274.5, 274.5, 274.5, 274.5, 274.5, 274.5, 274.5, 274.5, 274.5, 274.5, 274.5, 274.5, 274.5, 274.5, 274.5, 274.5, 274.5, 274.5, 274.5, 274.5, 274.5, 274.5, 274.5, 274.5, 274.5, 274.5, 274.5, 274.5], "pcnt": [0, 0, 0, 12, 12, 12, 12, 12, 13, 13, 15, 30, 31, 31, 31, 31, 34, 37, 41, 46, 70, 75, 75, 75, 75, 75, 75, 75, 75, 75, 75, 75, 75, 75, 75, 75, 75, 75, 75, 75, 75, 75, 75, 75, 75, 75, 75, 75, 75, 75, 75, 75, 75, 75, 75, 75, 75, 75, 75, 75, 75, 75, 75, 75]}}, {"type": "Feature", "geometry": {"type": "Point", "coordinates": [-102.35411, 49.02019]}, "properties": {"twp": "001-03-W2", "prov": "SK", "total": 41, "first": 1889, "cum": [0, 0, 0, 0, 0, 0, 0, 0, 2, 2, 2, 5, 5, 5, 5, 5, 5, 6, 6, 18, 32, 32, 38, 38, 41, 41, 41, 41, 41, 41, 41, 41, 41, 41, 41, 41, 41, 41, 41, 41, 41, 41, 41, 41, 41, 41, 41, 41, 41, 41, 41, 41, 41, 41, 41, 41, 41, 41, 41, 41, 41, 41, 41, 41], "psum": [0, 0, 0, 0, 0, 0, 0, 0, 5.0, 5.0, 5.0, 14.0, 14.0, 14.0, 14.0, 14.0, 14.0, 17.0, 17.0, 53.0, 98.0, 98.0, 116.0, 116.0, 125.0, 125.0, 125.0, 125.0, 125.0, 125.0, 125.0, 125.0, 125.0, 125.0, 125.0, 125.0, 125.0, 125.0, 125.0, 125.0, 125.0, 125.0, 125.0, 125.0, 125.0, 125.0, 125.0, 125.0, 125.0, 125.0, 125.0, 125.0, 125.0, 125.0, 125.0, 125.0, 125.0, 125.0, 125.0, 125.0, 125.0, 125.0, 125.0, 125.0], "pcnt": [0, 0, 0, 0, 0, 0, 0, 0, 2, 2, 2, 5, 5, 5, 5, 5, 5, 6, 6, 18, 32, 32, 38, 38, 41, 41, 41, 41, 41, 41, 41, 41, 41, 41, 41, 41, 41, 41, 41, 41, 41, 41, 41, 41, 41, 41, 41, 41, 41, 41, 41, 41, 41, 41, 41, 41, 41, 41, 41, 41, 41, 41, 41, 41]}}, {"type": "Feature", "geometry": {"type": "Point", "coordinates": [-107.09713, 52.3546]}, "properties": {"twp": "039-08-W3", "prov": "SK", "total": 72, "first": 1902, "cum": [0, 0, 0, 0, 0, 0, 0, 0, 0, 0, 0, 0, 0, 0, 0, 0, 0, 0, 0, 0, 0, 56, 56, 57, 57, 57, 57, 57, 58, 72, 72, 72, 72, 72, 72, 72, 72, 72, 72, 72, 72, 72, 72, 72, 72, 72, 72, 72, 72, 72, 72, 72, 72, 72, 72, 72, 72, 72, 72, 72, 72, 72, 72, 72], "psum": [0, 0, 0, 0, 0, 0, 0, 0, 0, 0, 0, 0, 0, 0, 0, 0, 0, 0, 0, 0, 0, 196.0, 196.0, 201.0, 201.0, 201.0, 201.0, 201.0, 213.0, 424.0, 424.0, 424.0, 424.0, 424.0, 424.0, 424.0, 424.0, 424.0, 424.0, 424.0, 424.0, 424.0, 424.0, 424.0, 424.0, 424.0, 424.0, 424.0, 424.0, 424.0, 424.0, 424.0, 424.0, 424.0, 424.0, 424.0, 424.0, 424.0, 424.0, 424.0, 424.0, 424.0, 424.0, 424.0], "pcnt": [0, 0, 0, 0, 0, 0, 0, 0, 0, 0, 0, 0, 0, 0, 0, 0, 0, 0, 0, 0, 0, 56, 56, 57, 57, 57, 57, 57, 58, 72, 72, 72, 72, 72, 72, 72, 72, 72, 72, 72, 72, 72, 72, 72, 72, 72, 72, 72, 72, 72, 72, 72, 72, 72, 72, 72, 72, 72, 72, 72, 72, 72, 72, 72]}}, {"type": "Feature", "geometry": {"type": "Point", "coordinates": [-101.65101, 49.55431]}, "properties": {"twp": "007-31-W1", "prov": "SK", "total": 30, "first": 1898, "cum": [0, 0, 0, 0, 0, 0, 0, 0, 0, 0, 0, 0, 0, 0, 0, 0, 0, 6, 7, 7, 7, 27, 30, 30, 30, 30, 30, 30, 30, 30, 30, 30, 30, 30, 30, 30, 30, 30, 30, 30, 30, 30, 30, 30, 30, 30, 30, 30, 30, 30, 30, 30, 30, 30, 30, 30, 30, 30, 30, 30, 30, 30, 30, 30], "psum": [0, 0, 0, 0, 0, 0, 0, 0, 0, 0, 0, 0, 0, 0, 0, 0, 0, 18.0, 22.0, 22.0, 22.0, 82.0, 92.0, 92.0, 92.0, 92.0, 92.0, 92.0, 92.0, 92.0, 92.0, 92.0, 92.0, 92.0, 92.0, 92.0, 92.0, 92.0, 92.0, 92.0, 92.0, 92.0, 92.0, 92.0, 92.0, 92.0, 92.0, 92.0, 92.0, 92.0, 92.0, 92.0, 92.0, 92.0, 92.0, 92.0, 92.0, 92.0, 92.0, 92.0, 92.0, 92.0, 92.0, 92.0], "pcnt": [0, 0, 0, 0, 0, 0, 0, 0, 0, 0, 0, 0, 0, 0, 0, 0, 0, 6, 7, 7, 7, 27, 28, 28, 28, 28, 28, 28, 28, 28, 28, 28, 28, 28, 28, 28, 28, 28, 28, 28, 28, 28, 28, 28, 28, 28, 28, 28, 28, 28, 28, 28, 28, 28, 28, 28, 28, 28, 28, 28, 28, 28, 28, 28]}}, {"type": "Feature", "geometry": {"type": "Point", "coordinates": [-109.00999, 53.40376]}, "properties": {"twp": "051-21-W3", "prov": "SK", "total": 6, "first": 1911, "cum": [0, 0, 0, 0, 0, 0, 0, 0, 0, 0, 0, 0, 0, 0, 0, 0, 0, 0, 0, 0, 0, 0, 0, 0, 0, 0, 0, 0, 0, 0, 2, 6, 6, 6, 6, 6, 6, 6, 6, 6, 6, 6, 6, 6, 6, 6, 6, 6, 6, 6, 6, 6, 6, 6, 6, 6, 6, 6, 6, 6, 6, 6, 6, 6], "psum": [0, 0, 0, 0, 0, 0, 0, 0, 0, 0, 0, 0, 0, 0, 0, 0, 0, 0, 0, 0, 0, 0, 0, 0, 0, 0, 0, 0, 0, 0, 31.0, 111.6, 111.6, 111.6, 111.6, 111.6, 111.6, 111.6, 111.6, 111.6, 111.6, 111.6, 111.6, 111.6, 111.6, 111.6, 111.6, 111.6, 111.6, 111.6, 111.6, 111.6, 111.6, 111.6, 111.6, 111.6, 111.6, 111.6, 111.6, 111.6, 111.6, 111.6, 111.6, 111.6], "pcnt": [0, 0, 0, 0, 0, 0, 0, 0, 0, 0, 0, 0, 0, 0, 0, 0, 0, 0, 0, 0, 0, 0, 0, 0, 0, 0, 0, 0, 0, 0, 2, 6, 6, 6, 6, 6, 6, 6, 6, 6, 6, 6, 6, 6, 6, 6, 6, 6, 6, 6, 6, 6, 6, 6, 6, 6, 6, 6, 6, 6, 6, 6, 6, 6]}}, {"type": "Feature", "geometry": {"type": "Point", "coordinates": [-108.53552, 53.12231]}, "properties": {"twp": "048-18-W3", "prov": "SK", "total": 21, "first": 1903, "cum": [0, 0, 0, 0, 0, 0, 0, 0, 0, 0, 0, 0, 0, 0, 0, 0, 0, 0, 0, 0, 0, 0, 12, 14, 14, 16, 16, 16, 16, 18, 21, 21, 21, 21, 21, 21, 21, 21, 21, 21, 21, 21, 21, 21, 21, 21, 21, 21, 21, 21, 21, 21, 21, 21, 21, 21, 21, 21, 21, 21, 21, 21, 21, 21], "psum": [0, 0, 0, 0, 0, 0, 0, 0, 0, 0, 0, 0, 0, 0, 0, 0, 0, 0, 0, 0, 0, 0, 48.0, 60.0, 60.0, 76.0, 76.0, 76.0, 76.0, 96.0, 134.0, 134.0, 134.0, 134.0, 134.0, 134.0, 134.0, 134.0, 134.0, 134.0, 134.0, 134.0, 134.0, 134.0, 134.0, 134.0, 134.0, 134.0, 134.0, 134.0, 134.0, 134.0, 134.0, 134.0, 134.0, 134.0, 134.0, 134.0, 134.0, 134.0, 134.0, 134.0, 134.0, 134.0], "pcnt": [0, 0, 0, 0, 0, 0, 0, 0, 0, 0, 0, 0, 0, 0, 0, 0, 0, 0, 0, 0, 0, 0, 12, 14, 14, 16, 16, 16, 16, 18, 21, 21, 21, 21, 21, 21, 21, 21, 21, 21, 21, 21, 21, 21, 21, 21, 21, 21, 21, 21, 21, 21, 21, 21, 21, 21, 21, 21, 21, 21, 21, 21, 21, 21]}}, {"type": "Feature", "geometry": {"type": "Point", "coordinates": [-108.94004, 52.98855]}, "properties": {"twp": "046-21-W3", "prov": "SK", "total": 34, "first": 1902, "cum": [0, 0, 0, 0, 0, 0, 0, 0, 0, 0, 0, 0, 0, 0, 0, 0, 0, 0, 0, 0, 0, 11, 33, 33, 34, 34, 34, 34, 34, 34, 34, 34, 34, 34, 34, 34, 34, 34, 34, 34, 34, 34, 34, 34, 34, 34, 34, 34, 34, 34, 34, 34, 34, 34, 34, 34, 34, 34, 34, 34, 34, 34, 34, 34], "psum": [0, 0, 0, 0, 0, 0, 0, 0, 0, 0, 0, 0, 0, 0, 0, 0, 0, 0, 0, 0, 0, 38.2, 142.2, 142.2, 148.2, 148.2, 148.2, 148.2, 148.2, 148.2, 148.2, 148.2, 148.2, 148.2, 148.2, 148.2, 148.2, 148.2, 148.2, 148.2, 148.2, 148.2, 148.2, 148.2, 148.2, 148.2, 148.2, 148.2, 148.2, 148.2, 148.2, 148.2, 148.2, 148.2, 148.2, 148.2, 148.2, 148.2, 148.2, 148.2, 148.2, 148.2, 148.2, 148.2], "pcnt": [0, 0, 0, 0, 0, 0, 0, 0, 0, 0, 0, 0, 0, 0, 0, 0, 0, 0, 0, 0, 0, 11, 33, 33, 34, 34, 34, 34, 34, 34, 34, 34, 34, 34, 34, 34, 34, 34, 34, 34, 34, 34, 34, 34, 34, 34, 34, 34, 34, 34, 34, 34, 34, 34, 34, 34, 34, 34, 34, 34, 34, 34, 34, 34]}}, {"type": "Feature", "geometry": {"type": "Point", "coordinates": [-109.99622, 52.8924]}, "properties": {"twp": "045-28-W3", "prov": "SK", "total": 8, "first": 1909, "cum": [0, 0, 0, 0, 0, 0, 0, 0, 0, 0, 0, 0, 0, 0, 0, 0, 0, 0, 0, 0, 0, 0, 0, 0, 0, 0, 0, 0, 5, 8, 8, 8, 8, 8, 8, 8, 8, 8, 8, 8, 8, 8, 8, 8, 8, 8, 8, 8, 8, 8, 8, 8, 8, 8, 8, 8, 8, 8, 8, 8, 8, 8, 8, 8], "psum": [0, 0, 0, 0, 0, 0, 0, 0, 0, 0, 0, 0, 0, 0, 0, 0, 0, 0, 0, 0, 0, 0, 0, 0, 0, 0, 0, 0, 0, 45.0, 45.0, 45.0, 45.0, 45.0, 45.0, 45.0, 45.0, 45.0, 45.0, 45.0, 45.0, 45.0, 45.0, 45.0, 45.0, 45.0, 45.0, 45.0, 45.0, 45.0, 45.0, 45.0, 45.0, 45.0, 45.0, 45.0, 45.0, 45.0, 45.0, 45.0, 45.0, 45.0, 45.0, 45.0], "pcnt": [0, 0, 0, 0, 0, 0, 0, 0, 0, 0, 0, 0, 0, 0, 0, 0, 0, 0, 0, 0, 0, 0, 0, 0, 0, 0, 0, 0, 0, 3, 3, 3, 3, 3, 3, 3, 3, 3, 3, 3, 3, 3, 3, 3, 3, 3, 3, 3, 3, 3, 3, 3, 3, 3, 3, 3, 3, 3, 3, 3, 3, 3, 3, 3]}}, {"type": "Feature", "geometry": {"type": "Point", "coordinates": [-108.23406, 52.71239]}, "properties": {"twp": "043-16-W3", "prov": "SK", "total": 22, "first": 1895, "cum": [0, 0, 0, 0, 0, 0, 0, 0, 0, 0, 0, 0, 0, 0, 1, 1, 1, 1, 1, 1, 1, 7, 10, 11, 11, 12, 12, 13, 13, 20, 22, 22, 22, 22, 22, 22, 22, 22, 22, 22, 22, 22, 22, 22, 22, 22, 22, 22, 22, 22, 22, 22, 22, 22, 22, 22, 22, 22, 22, 22, 22, 22, 22, 22], "psum": [0, 0, 0, 0, 0, 0, 0, 0, 0, 0, 0, 0, 0, 0, 3.0, 3.0, 3.0, 3.0, 3.0, 3.0, 3.0, 25.0, 38.0, 45.3, 45.3, 52.3, 52.3, 62.3, 62.3, 168.4, 198.4, 198.4, 198.4, 198.4, 198.4, 198.4, 198.4, 198.4, 198.4, 198.4, 198.4, 198.4, 198.4, 198.4, 198.4, 198.4, 198.4, 198.4, 198.4, 198.4, 198.4, 198.4, 198.4, 198.4, 198.4, 198.4, 198.4, 198.4, 198.4, 198.4, 198.4, 198.4, 198.4, 198.4], "pcnt": [0, 0, 0, 0, 0, 0, 0, 0, 0, 0, 0, 0, 0, 0, 1, 1, 1, 1, 1, 1, 1, 7, 10, 11, 11, 12, 12, 13, 13, 20, 22, 22, 22, 22, 22, 22, 22, 22, 22, 22, 22, 22, 22, 22, 22, 22, 22, 22, 22, 22, 22, 22, 22, 22, 22, 22, 22, 22, 22, 22, 22, 22, 22, 22]}}, {"type": "Feature", "geometry": {"type": "Point", "coordinates": [-107.94556, 52.70266]}, "properties": {"twp": "043-14-W3", "prov": "SK", "total": 24, "first": 1902, "cum": [0, 0, 0, 0, 0, 0, 0, 0, 0, 0, 0, 0, 0, 0, 0, 0, 0, 0, 0, 0, 0, 20, 22, 22, 22, 22, 22, 22, 22, 23, 24, 24, 24, 24, 24, 24, 24, 24, 24, 24, 24, 24, 24, 24, 24, 24, 24, 24, 24, 24, 24, 24, 24, 24, 24, 24, 24, 24, 24, 24, 24, 24, 24, 24], "psum": [0, 0, 0, 0, 0, 0, 0, 0, 0, 0, 0, 0, 0, 0, 0, 0, 0, 0, 0, 0, 0, 66.0, 78.0, 78.0, 78.0, 78.0, 78.0, 78.0, 78.0, 90.0, 105.0, 105.0, 105.0, 105.0, 105.0, 105.0, 105.0, 105.0, 105.0, 105.0, 105.0, 105.0, 105.0, 105.0, 105.0, 105.0, 105.0, 105.0, 105.0, 105.0, 105.0, 105.0, 105.0, 105.0, 105.0, 105.0, 105.0, 105.0, 105.0, 105.0, 105.0, 105.0, 105.0, 105.0], "pcnt": [0, 0, 0, 0, 0, 0, 0, 0, 0, 0, 0, 0, 0, 0, 0, 0, 0, 0, 0, 0, 0, 20, 22, 22, 22, 22, 22, 22, 22, 23, 24, 24, 24, 24, 24, 24, 24, 24, 24, 24, 24, 24, 24, 24, 24, 24, 24, 24, 24, 24, 24, 24, 24, 24, 24, 24, 24, 24, 24, 24, 24, 24, 24, 24]}}, {"type": "Feature", "geometry": {"type": "Point", "coordinates": [-107.82002, 52.70428]}, "properties": {"twp": "043-13-W3", "prov": "SK", "total": 41, "first": 1902, "cum": [0, 0, 0, 0, 0, 0, 0, 0, 0, 0, 0, 0, 0, 0, 0, 0, 0, 0, 0, 0, 0, 24, 32, 32, 36, 36, 36, 36, 37, 37, 41, 41, 41, 41, 41, 41, 41, 41, 41, 41, 41, 41, 41, 41, 41, 41, 41, 41, 41, 41, 41, 41, 41, 41, 41, 41, 41, 41, 41, 41, 41, 41, 41, 41], "psum": [0, 0, 0, 0, 0, 0, 0, 0, 0, 0, 0, 0, 0, 0, 0, 0, 0, 0, 0, 0, 0, 72.0, 112.0, 112.0, 136.0, 136.0, 136.0, 136.0, 146.0, 146.0, 202.0, 202.0, 202.0, 202.0, 202.0, 202.0, 202.0, 202.0, 202.0, 202.0, 202.0, 202.0, 202.0, 202.0, 202.0, 202.0, 202.0, 202.0, 202.0, 202.0, 202.0, 202.0, 202.0, 202.0, 202.0, 202.0, 202.0, 202.0, 202.0, 202.0, 202.0, 202.0, 202.0, 202.0], "pcnt": [0, 0, 0, 0, 0, 0, 0, 0, 0, 0, 0, 0, 0, 0, 0, 0, 0, 0, 0, 0, 0, 24, 32, 32, 36, 36, 36, 36, 37, 37, 41, 41, 41, 41, 41, 41, 41, 41, 41, 41, 41, 41, 41, 41, 41, 41, 41, 41, 41, 41, 41, 41, 41, 41, 41, 41, 41, 41, 41, 41, 41, 41, 41, 41]}}, {"type": "Feature", "geometry": {"type": "Point", "coordinates": [-107.06721, 52.54074]}, "properties": {"twp": "041-08-W3", "prov": "SK", "total": 23, "first": 1902, "cum": [0, 0, 0, 0, 0, 0, 0, 0, 0, 0, 0, 0, 0, 0, 0, 0, 0, 0, 0, 0, 0, 8, 12, 13, 20, 20, 20, 22, 22, 23, 23, 23, 23, 23, 23, 23, 23, 23, 23, 23, 23, 23, 23, 23, 23, 23, 23, 23, 23, 23, 23, 23, 23, 23, 23, 23, 23, 23, 23, 23, 23, 23, 23, 23], "psum": [0, 0, 0, 0, 0, 0, 0, 0, 0, 0, 0, 0, 0, 0, 0, 0, 0, 0, 0, 0, 0, 40.0, 60.0, 66.0, 108.0, 108.0, 108.0, 128.0, 128.0, 143.0, 143.0, 143.0, 143.0, 143.0, 143.0, 143.0, 143.0, 143.0, 143.0, 143.0, 143.0, 143.0, 143.0, 143.0, 143.0, 143.0, 143.0, 143.0, 143.0, 143.0, 143.0, 143.0, 143.0, 143.0, 143.0, 143.0, 143.0, 143.0, 143.0, 143.0, 143.0, 143.0, 143.0, 143.0], "pcnt": [0, 0, 0, 0, 0, 0, 0, 0, 0, 0, 0, 0, 0, 0, 0, 0, 0, 0, 0, 0, 0, 8, 12, 13, 20, 20, 20, 22, 22, 23, 23, 23, 23, 23, 23, 23, 23, 23, 23, 23, 23, 23, 23, 23, 23, 23, 23, 23, 23, 23, 23, 23, 23, 23, 23, 23, 23, 23, 23, 23, 23, 23, 23, 23]}}, {"type": "Feature", "geometry": {"type": "Point", "coordinates": [-107.635, 52.3591]}, "properties": {"twp": "039-12-W3", "prov": "SK", "total": 24, "first": 1903, "cum": [0, 0, 0, 0, 0, 0, 0, 0, 0, 0, 0, 0, 0, 0, 0, 0, 0, 0, 0, 0, 0, 0, 14, 18, 18, 20, 20, 20, 20, 23, 23, 24, 24, 24, 24, 24, 24, 24, 24, 24, 24, 24, 24, 24, 24, 24, 24, 24, 24, 24, 24, 24, 24, 24, 24, 24, 24, 24, 24, 24, 24, 24, 24, 24], "psum": [0, 0, 0, 0, 0, 0, 0, 0, 0, 0, 0, 0, 0, 0, 0, 0, 0, 0, 0, 0, 0, 0, 56.0, 72.0, 72.0, 86.0, 86.0, 86.0, 86.0, 136.5, 136.5, 152.5, 152.5, 152.5, 152.5, 152.5, 152.5, 152.5, 152.5, 152.5, 152.5, 152.5, 152.5, 152.5, 152.5, 152.5, 152.5, 152.5, 152.5, 152.5, 152.5, 152.5, 152.5, 152.5, 152.5, 152.5, 152.5, 152.5, 152.5, 152.5, 152.5, 152.5, 152.5, 152.5], "pcnt": [0, 0, 0, 0, 0, 0, 0, 0, 0, 0, 0, 0, 0, 0, 0, 0, 0, 0, 0, 0, 0, 0, 14, 18, 18, 20, 20, 20, 20, 23, 23, 24, 24, 24, 24, 24, 24, 24, 24, 24, 24, 24, 24, 24, 24, 24, 24, 24, 24, 24, 24, 24, 24, 24, 24, 24, 24, 24, 24, 24, 24, 24, 24, 24]}}, {"type": "Feature", "geometry": {"type": "Point", "coordinates": [-104.33457, 51.74315]}, "properties": {"twp": "032-17-W2", "prov": "SK", "total": 72, "first": 1906, "cum": [0, 0, 0, 0, 0, 0, 0, 0, 0, 0, 0, 0, 0, 0, 0, 0, 0, 0, 0, 0, 0, 0, 0, 0, 0, 10, 10, 10, 24, 48, 71, 72, 72, 72, 72, 72, 72, 72, 72, 72, 72, 72, 72, 72, 72, 72, 72, 72, 72, 72, 72, 72, 72, 72, 72, 72, 72, 72, 72, 72, 72, 72, 72, 72], "psum": [0, 0, 0, 0, 0, 0, 0, 0, 0, 0, 0, 0, 0, 0, 0, 0, 0, 0, 0, 0, 0, 0, 0, 0, 0, 80.0, 80.0, 80.0, 174.0, 606.0, 1050.0, 1060.0, 1060.0, 1060.0, 1060.0, 1060.0, 1060.0, 1060.0, 1060.0, 1060.0, 1060.0, 1060.0, 1060.0, 1060.0, 1060.0, 1060.0, 1060.0, 1060.0, 1060.0, 1060.0, 1060.0, 1060.0, 1060.0, 1060.0, 1060.0, 1060.0, 1060.0, 1060.0, 1060.0, 1060.0, 1060.0, 1060.0, 1060.0, 1060.0], "pcnt": [0, 0, 0, 0, 0, 0, 0, 0, 0, 0, 0, 0, 0, 0, 0, 0, 0, 0, 0, 0, 0, 0, 0, 0, 0, 10, 10, 10, 24, 48, 71, 72, 72, 72, 72, 72, 72, 72, 72, 72, 72, 72, 72, 72, 72, 72, 72, 72, 72, 72, 72, 72, 72, 72, 72, 72, 72, 72, 72, 72, 72, 72, 72, 72]}}, {"type": "Feature", "geometry": {"type": "Point", "coordinates": [-103.65322, 51.41975]}, "properties": {"twp": "028-12-W2", "prov": "SK", "total": 11, "first": 1910, "cum": [0, 0, 0, 0, 0, 0, 0, 0, 0, 0, 0, 0, 0, 0, 0, 0, 0, 0, 0, 0, 0, 0, 0, 0, 0, 0, 0, 0, 0, 7, 11, 11, 11, 11, 11, 11, 11, 11, 11, 11, 11, 11, 11, 11, 11, 11, 11, 11, 11, 11, 11, 11, 11, 11, 11, 11, 11, 11, 11, 11, 11, 11, 11, 11], "psum": [0, 0, 0, 0, 0, 0, 0, 0, 0, 0, 0, 0, 0, 0, 0, 0, 0, 0, 0, 0, 0, 0, 0, 0, 0, 0, 0, 0, 0, 82.5, 123.5, 123.5, 123.5, 123.5, 123.5, 123.5, 123.5, 123.5, 123.5, 123.5, 123.5, 123.5, 123.5, 123.5, 123.5, 123.5, 123.5, 123.5, 123.5, 123.5, 123.5, 123.5, 123.5, 123.5, 123.5, 123.5, 123.5, 123.5, 123.5, 123.5, 123.5, 123.5, 123.5, 123.5], "pcnt": [0, 0, 0, 0, 0, 0, 0, 0, 0, 0, 0, 0, 0, 0, 0, 0, 0, 0, 0, 0, 0, 0, 0, 0, 0, 0, 0, 0, 0, 7, 11, 11, 11, 11, 11, 11, 11, 11, 11, 11, 11, 11, 11, 11, 11, 11, 11, 11, 11, 11, 11, 11, 11, 11, 11, 11, 11, 11, 11, 11, 11, 11, 11, 11]}}, {"type": "Feature", "geometry": {"type": "Point", "coordinates": [-105.81413, 50.77387]}, "properties": {"twp": "021-28-W2", "prov": "SK", "total": 58, "first": 1903, "cum": [0, 0, 0, 0, 0, 0, 0, 0, 0, 0, 0, 0, 0, 0, 0, 0, 0, 0, 0, 0, 0, 0, 30, 30, 32, 48, 48, 48, 49, 54, 58, 58, 58, 58, 58, 58, 58, 58, 58, 58, 58, 58, 58, 58, 58, 58, 58, 58, 58, 58, 58, 58, 58, 58, 58, 58, 58, 58, 58, 58, 58, 58, 58, 58], "psum": [0, 0, 0, 0, 0, 0, 0, 0, 0, 0, 0, 0, 0, 0, 0, 0, 0, 0, 0, 0, 0, 0, 157.5, 157.5, 167.5, 266.0, 266.0, 266.0, 276.0, 333.9, 373.9, 373.9, 373.9, 373.9, 373.9, 373.9, 373.9, 373.9, 373.9, 373.9, 373.9, 373.9, 373.9, 373.9, 373.9, 373.9, 373.9, 373.9, 373.9, 373.9, 373.9, 373.9, 373.9, 373.9, 373.9, 373.9, 373.9, 373.9, 373.9, 373.9, 373.9, 373.9, 373.9, 373.9], "pcnt": [0, 0, 0, 0, 0, 0, 0, 0, 0, 0, 0, 0, 0, 0, 0, 0, 0, 0, 0, 0, 0, 0, 30, 30, 32, 48, 48, 48, 49, 54, 58, 58, 58, 58, 58, 58, 58, 58, 58, 58, 58, 58, 58, 58, 58, 58, 58, 58, 58, 58, 58, 58, 58, 58, 58, 58, 58, 58, 58, 58, 58, 58, 58, 58]}}, {"type": "Feature", "geometry": {"type": "Point", "coordinates": [-101.97327, 50.73058]}, "properties": {"twp": "020-33-W1", "prov": "SK", "total": 30, "first": 1905, "cum": [0, 0, 0, 0, 0, 0, 0, 0, 0, 0, 0, 0, 0, 0, 0, 0, 0, 0, 0, 0, 0, 0, 0, 0, 23, 28, 28, 28, 28, 28, 30, 30, 30, 30, 30, 30, 30, 30, 30, 30, 30, 30, 30, 30, 30, 30, 30, 30, 30, 30, 30, 30, 30, 30, 30, 30, 30, 30, 30, 30, 30, 30, 30, 30], "psum": [0, 0, 0, 0, 0, 0, 0, 0, 0, 0, 0, 0, 0, 0, 0, 0, 0, 0, 0, 0, 0, 0, 0, 0, 161.0, 201.0, 201.0, 201.0, 201.0, 201.0, 235.0, 235.0, 235.0, 235.0, 235.0, 235.0, 235.0, 235.0, 235.0, 235.0, 235.0, 235.0, 235.0, 235.0, 235.0, 235.0, 235.0, 235.0, 235.0, 235.0, 235.0, 235.0, 235.0, 235.0, 235.0, 235.0, 235.0, 235.0, 235.0, 235.0, 235.0, 235.0, 235.0, 235.0], "pcnt": [0, 0, 0, 0, 0, 0, 0, 0, 0, 0, 0, 0, 0, 0, 0, 0, 0, 0, 0, 0, 0, 0, 0, 0, 23, 28, 28, 28, 28, 28, 30, 30, 30, 30, 30, 30, 30, 30, 30, 30, 30, 30, 30, 30, 30, 30, 30, 30, 30, 30, 30, 30, 30, 30, 30, 30, 30, 30, 30, 30, 30, 30, 30, 30]}}, {"type": "Feature", "geometry": {"type": "Point", "coordinates": [-105.58136, 50.69941]}, "properties": {"twp": "020-26-W2", "prov": "SK", "total": 22, "first": 1882, "cum": [0, 3, 4, 4, 4, 4, 8, 8, 8, 8, 8, 8, 8, 8, 8, 8, 8, 8, 8, 8, 8, 12, 12, 12, 12, 14, 14, 14, 14, 20, 22, 22, 22, 22, 22, 22, 22, 22, 22, 22, 22, 22, 22, 22, 22, 22, 22, 22, 22, 22, 22, 22, 22, 22, 22, 22, 22, 22, 22, 22, 22, 22, 22, 22], "psum": [0, 9.0, 12.0, 12.0, 12.0, 12.0, 17.0, 17.0, 17.0, 17.0, 17.0, 17.0, 17.0, 17.0, 17.0, 17.0, 17.0, 17.0, 17.0, 17.0, 17.0, 37.0, 37.0, 37.0, 37.0, 51.0, 51.0, 51.0, 51.0, 119.0, 145.0, 145.0, 145.0, 145.0, 145.0, 145.0, 145.0, 145.0, 145.0, 145.0, 145.0, 145.0, 145.0, 145.0, 145.0, 145.0, 145.0, 145.0, 145.0, 145.0, 145.0, 145.0, 145.0, 145.0, 145.0, 145.0, 145.0, 145.0, 145.0, 145.0, 145.0, 145.0, 145.0, 145.0], "pcnt": [0, 3, 4, 4, 4, 4, 8, 8, 8, 8, 8, 8, 8, 8, 8, 8, 8, 8, 8, 8, 8, 12, 12, 12, 12, 14, 14, 14, 14, 20, 22, 22, 22, 22, 22, 22, 22, 22, 22, 22, 22, 22, 22, 22, 22, 22, 22, 22, 22, 22, 22, 22, 22, 22, 22, 22, 22, 22, 22, 22, 22, 22, 22, 22]}}, {"type": "Feature", "geometry": {"type": "Point", "coordinates": [-104.71917, 50.69839]}, "properties": {"twp": "020-20-W2", "prov": "SK", "total": 30, "first": 1884, "cum": [0, 0, 0, 16, 16, 16, 16, 16, 16, 16, 16, 16, 16, 16, 16, 16, 16, 16, 16, 16, 16, 17, 21, 21, 23, 24, 26, 26, 26, 28, 30, 30, 30, 30, 30, 30, 30, 30, 30, 30, 30, 30, 30, 30, 30, 30, 30, 30, 30, 30, 30, 30, 30, 30, 30, 30, 30, 30, 30, 30, 30, 30, 30, 30], "psum": [0, 0, 0, 0, 0, 0, 0, 0, 0, 0, 0, 0, 0, 0, 0, 0, 0, 0, 0, 0, 0, 5.0, 25.0, 25.0, 35.0, 40.0, 60.0, 60.0, 60.0, 90.0, 110.0, 110.0, 110.0, 110.0, 110.0, 110.0, 110.0, 110.0, 110.0, 110.0, 110.0, 110.0, 110.0, 110.0, 110.0, 110.0, 110.0, 110.0, 110.0, 110.0, 110.0, 110.0, 110.0, 110.0, 110.0, 110.0, 110.0, 110.0, 110.0, 110.0, 110.0, 110.0, 110.0, 110.0], "pcnt": [0, 0, 0, 0, 0, 0, 0, 0, 0, 0, 0, 0, 0, 0, 0, 0, 0, 0, 0, 0, 0, 1, 5, 5, 7, 8, 10, 10, 10, 12, 14, 14, 14, 14, 14, 14, 14, 14, 14, 14, 14, 14, 14, 14, 14, 14, 14, 14, 14, 14, 14, 14, 14, 14, 14, 14, 14, 14, 14, 14, 14, 14, 14, 14]}}, {"type": "Feature", "geometry": {"type": "Point", "coordinates": [-103.46906, 50.71637]}, "properties": {"twp": "020-11-W2", "prov": "SK", "total": 66, "first": 1892, "cum": [0, 0, 0, 0, 0, 0, 0, 0, 0, 0, 0, 11, 12, 18, 19, 25, 48, 58, 64, 65, 66, 66, 66, 66, 66, 66, 66, 66, 66, 66, 66, 66, 66, 66, 66, 66, 66, 66, 66, 66, 66, 66, 66, 66, 66, 66, 66, 66, 66, 66, 66, 66, 66, 66, 66, 66, 66, 66, 66, 66, 66, 66, 66, 66], "psum": [0, 0, 0, 0, 0, 0, 0, 0, 0, 0, 0, 34.0, 37.0, 59.5, 62.5, 80.5, 149.2, 193.2, 211.2, 214.2, 217.2, 217.2, 217.2, 217.2, 217.2, 217.2, 217.2, 217.2, 217.2, 217.2, 217.2, 217.2, 217.2, 217.2, 217.2, 217.2, 217.2, 217.2, 217.2, 217.2, 217.2, 217.2, 217.2, 217.2, 217.2, 217.2, 217.2, 217.2, 217.2, 217.2, 217.2, 217.2, 217.2, 217.2, 217.2, 217.2, 217.2, 217.2, 217.2, 217.2, 217.2, 217.2, 217.2, 217.2], "pcnt": [0, 0, 0, 0, 0, 0, 0, 0, 0, 0, 0, 11, 12, 18, 19, 25, 48, 58, 64, 65, 66, 66, 66, 66, 66, 66, 66, 66, 66, 66, 66, 66, 66, 66, 66, 66, 66, 66, 66, 66, 66, 66, 66, 66, 66, 66, 66, 66, 66, 66, 66, 66, 66, 66, 66, 66, 66, 66, 66, 66, 66, 66, 66, 66]}}, {"type": "Feature", "geometry": {"type": "Point", "coordinates": [-102.78052, 50.71176]}, "properties": {"twp": "020-06-W2", "prov": "SK", "total": 39, "first": 1901, "cum": [0, 0, 0, 0, 0, 0, 0, 0, 0, 0, 0, 0, 0, 0, 0, 0, 0, 0, 0, 0, 1, 3, 4, 11, 26, 28, 32, 33, 33, 35, 38, 39, 39, 39, 39, 39, 39, 39, 39, 39, 39, 39, 39, 39, 39, 39, 39, 39, 39, 39, 39, 39, 39, 39, 39, 39, 39, 39, 39, 39, 39, 39, 39, 39], "psum": [0, 0, 0, 0, 0, 0, 0, 0, 0, 0, 0, 0, 0, 0, 0, 0, 0, 0, 0, 0, 3.0, 12.2, 18.2, 69.2, 181.2, 199.2, 239.2, 249.2, 249.2, 271.2, 314.2, 328.2, 328.2, 328.2, 328.2, 328.2, 328.2, 328.2, 328.2, 328.2, 328.2, 328.2, 328.2, 328.2, 328.2, 328.2, 328.2, 328.2, 328.2, 328.2, 328.2, 328.2, 328.2, 328.2, 328.2, 328.2, 328.2, 328.2, 328.2, 328.2, 328.2, 328.2, 328.2, 328.2], "pcnt": [0, 0, 0, 0, 0, 0, 0, 0, 0, 0, 0, 0, 0, 0, 0, 0, 0, 0, 0, 0, 1, 3, 4, 11, 26, 28, 32, 33, 33, 35, 38, 39, 39, 39, 39, 39, 39, 39, 39, 39, 39, 39, 39, 39, 39, 39, 39, 39, 39, 39, 39, 39, 39, 39, 39, 39, 39, 39, 39, 39, 39, 39, 39, 39]}}, {"type": "Feature", "geometry": {"type": "Point", "coordinates": [-104.82438, 50.50465]}, "properties": {"twp": "018-21-W2", "prov": "SK", "total": 33, "first": 1882, "cum": [0, 16, 16, 24, 24, 24, 24, 24, 24, 24, 24, 24, 26, 26, 26, 26, 26, 26, 29, 29, 33, 33, 33, 33, 33, 33, 33, 33, 33, 33, 33, 33, 33, 33, 33, 33, 33, 33, 33, 33, 33, 33, 33, 33, 33, 33, 33, 33, 33, 33, 33, 33, 33, 33, 33, 33, 33, 33, 33, 33, 33, 33, 33, 33], "psum": [0, 40.0, 40.0, 40.0, 40.0, 40.0, 40.0, 40.0, 40.0, 40.0, 40.0, 40.0, 46.0, 46.0, 46.0, 46.0, 46.0, 46.0, 55.0, 55.0, 69.0, 69.0, 69.0, 69.0, 69.0, 69.0, 69.0, 69.0, 69.0, 69.0, 69.0, 69.0, 69.0, 69.0, 69.0, 69.0, 69.0, 69.0, 69.0, 69.0, 69.0, 69.0, 69.0, 69.0, 69.0, 69.0, 69.0, 69.0, 69.0, 69.0, 69.0, 69.0, 69.0, 69.0, 69.0, 69.0, 69.0, 69.0, 69.0, 69.0, 69.0, 69.0, 69.0, 69.0], "pcnt": [0, 16, 16, 16, 16, 16, 16, 16, 16, 16, 16, 16, 18, 18, 18, 18, 18, 18, 21, 21, 25, 25, 25, 25, 25, 25, 25, 25, 25, 25, 25, 25, 25, 25, 25, 25, 25, 25, 25, 25, 25, 25, 25, 25, 25, 25, 25, 25, 25, 25, 25, 25, 25, 25, 25, 25, 25, 25, 25, 25, 25, 25, 25, 25]}}, {"type": "Feature", "geometry": {"type": "Point", "coordinates": [-101.94476, 50.46142]}, "properties": {"twp": "017-33-W1", "prov": "SK", "total": 39, "first": 1892, "cum": [0, 0, 0, 0, 0, 0, 0, 0, 0, 0, 0, 2, 3, 3, 3, 3, 3, 7, 15, 17, 18, 18, 22, 24, 27, 30, 31, 31, 32, 38, 39, 39, 39, 39, 39, 39, 39, 39, 39, 39, 39, 39, 39, 39, 39, 39, 39, 39, 39, 39, 39, 39, 39, 39, 39, 39, 39, 39, 39, 39, 39, 39, 39, 39], "psum": [0, 0, 0, 0, 0, 0, 0, 0, 0, 0, 0, 6.0, 9.0, 9.0, 9.0, 9.0, 9.0, 21.0, 45.0, 51.0, 54.0, 54.0, 74.0, 84.0, 100.0, 121.0, 144.8, 144.8, 153.8, 208.8, 218.8, 218.8, 218.8, 218.8, 218.8, 218.8, 218.8, 218.8, 218.8, 218.8, 218.8, 218.8, 218.8, 218.8, 218.8, 218.8, 218.8, 218.8, 218.8, 218.8, 218.8, 218.8, 218.8, 218.8, 218.8, 218.8, 218.8, 218.8, 218.8, 218.8, 218.8, 218.8, 218.8, 218.8], "pcnt": [0, 0, 0, 0, 0, 0, 0, 0, 0, 0, 0, 2, 3, 3, 3, 3, 3, 7, 15, 17, 18, 18, 22, 24, 27, 30, 31, 31, 32, 38, 39, 39, 39, 39, 39, 39, 39, 39, 39, 39, 39, 39, 39, 39, 39, 39, 39, 39, 39, 39, 39, 39, 39, 39, 39, 39, 39, 39, 39, 39, 39, 39, 39, 39]}}, {"type": "Feature", "geometry": {"type": "Point", "coordinates": [-103.95545, 50.43846]}, "properties": {"twp": "017-15-W2", "prov": "SK", "total": 9, "first": 1902, "cum": [0, 0, 0, 0, 0, 0, 0, 0, 0, 0, 0, 0, 0, 0, 0, 0, 0, 0, 0, 0, 0, 3, 9, 9, 9, 9, 9, 9, 9, 9, 9, 9, 9, 9, 9, 9, 9, 9, 9, 9, 9, 9, 9, 9, 9, 9, 9, 9, 9, 9, 9, 9, 9, 9, 9, 9, 9, 9, 9, 9, 9, 9, 9, 9], "psum": [0, 0, 0, 0, 0, 0, 0, 0, 0, 0, 0, 0, 0, 0, 0, 0, 0, 0, 0, 0, 0, 16.0, 52.0, 52.0, 52.0, 52.0, 52.0, 52.0, 52.0, 52.0, 52.0, 52.0, 52.0, 52.0, 52.0, 52.0, 52.0, 52.0, 52.0, 52.0, 52.0, 52.0, 52.0, 52.0, 52.0, 52.0, 52.0, 52.0, 52.0, 52.0, 52.0, 52.0, 52.0, 52.0, 52.0, 52.0, 52.0, 52.0, 52.0, 52.0, 52.0, 52.0, 52.0, 52.0], "pcnt": [0, 0, 0, 0, 0, 0, 0, 0, 0, 0, 0, 0, 0, 0, 0, 0, 0, 0, 0, 0, 0, 3, 9, 9, 9, 9, 9, 9, 9, 9, 9, 9, 9, 9, 9, 9, 9, 9, 9, 9, 9, 9, 9, 9, 9, 9, 9, 9, 9, 9, 9, 9, 9, 9, 9, 9, 9, 9, 9, 9, 9, 9, 9, 9]}}, {"type": "Feature", "geometry": {"type": "Point", "coordinates": [-107.57797, 50.43875]}, "properties": {"twp": "017-12-W3", "prov": "SK", "total": 16, "first": 1908, "cum": [0, 0, 0, 0, 0, 0, 0, 0, 0, 0, 0, 0, 0, 0, 0, 0, 0, 0, 0, 0, 0, 0, 0, 0, 0, 0, 0, 4, 7, 12, 16, 16, 16, 16, 16, 16, 16, 16, 16, 16, 16, 16, 16, 16, 16, 16, 16, 16, 16, 16, 16, 16, 16, 16, 16, 16, 16, 16, 16, 16, 16, 16, 16, 16], "psum": [0, 0, 0, 0, 0, 0, 0, 0, 0, 0, 0, 0, 0, 0, 0, 0, 0, 0, 0, 0, 0, 0, 0, 0, 0, 0, 0, 32.0, 56.0, 250.0, 304.0, 304.0, 304.0, 304.0, 304.0, 304.0, 304.0, 304.0, 304.0, 304.0, 304.0, 304.0, 304.0, 304.0, 304.0, 304.0, 304.0, 304.0, 304.0, 304.0, 304.0, 304.0, 304.0, 304.0, 304.0, 304.0, 304.0, 304.0, 304.0, 304.0, 304.0, 304.0, 304.0, 304.0], "pcnt": [0, 0, 0, 0, 0, 0, 0, 0, 0, 0, 0, 0, 0, 0, 0, 0, 0, 0, 0, 0, 0, 0, 0, 0, 0, 0, 0, 4, 7, 12, 16, 16, 16, 16, 16, 16, 16, 16, 16, 16, 16, 16, 16, 16, 16, 16, 16, 16, 16, 16, 16, 16, 16, 16, 16, 16, 16, 16, 16, 16, 16, 16, 16, 16]}}, {"type": "Feature", "geometry": {"type": "Point", "coordinates": [-107.86042, 50.34771]}, "properties": {"twp": "016-14-W3", "prov": "SK", "total": 84, "first": 1903, "cum": [0, 0, 0, 0, 0, 0, 0, 0, 0, 0, 0, 0, 0, 0, 0, 0, 0, 0, 0, 0, 0, 0, 48, 48, 68, 84, 84, 84, 84, 84, 84, 84, 84, 84, 84, 84, 84, 84, 84, 84, 84, 84, 84, 84, 84, 84, 84, 84, 84, 84, 84, 84, 84, 84, 84, 84, 84, 84, 84, 84, 84, 84, 84, 84], "psum": [0, 0, 0, 0, 0, 0, 0, 0, 0, 0, 0, 0, 0, 0, 0, 0, 0, 0, 0, 0, 0, 0, 166.0, 166.0, 246.0, 342.0, 342.0, 342.0, 342.0, 342.0, 342.0, 342.0, 342.0, 342.0, 342.0, 342.0, 342.0, 342.0, 342.0, 342.0, 342.0, 342.0, 342.0, 342.0, 342.0, 342.0, 342.0, 342.0, 342.0, 342.0, 342.0, 342.0, 342.0, 342.0, 342.0, 342.0, 342.0, 342.0, 342.0, 342.0, 342.0, 342.0, 342.0, 342.0], "pcnt": [0, 0, 0, 0, 0, 0, 0, 0, 0, 0, 0, 0, 0, 0, 0, 0, 0, 0, 0, 0, 0, 0, 48, 48, 68, 84, 84, 84, 84, 84, 84, 84, 84, 84, 84, 84, 84, 84, 84, 84, 84, 84, 84, 84, 84, 84, 84, 84, 84, 84, 84, 84, 84, 84, 84, 84, 84, 84, 84, 84, 84, 84, 84, 84]}}, {"type": "Feature", "geometry": {"type": "Point", "coordinates": [-103.88551, 50.33943]}, "properties": {"twp": "016-14-W2", "prov": "SK", "total": 77, "first": 1902, "cum": [0, 0, 0, 0, 0, 0, 0, 0, 0, 0, 0, 0, 0, 0, 0, 0, 0, 0, 0, 0, 0, 3, 8, 20, 22, 72, 72, 72, 72, 75, 76, 77, 77, 77, 77, 77, 77, 77, 77, 77, 77, 77, 77, 77, 77, 77, 77, 77, 77, 77, 77, 77, 77, 77, 77, 77, 77, 77, 77, 77, 77, 77, 77, 77], "psum": [0, 0, 0, 0, 0, 0, 0, 0, 0, 0, 0, 0, 0, 0, 0, 0, 0, 0, 0, 0, 0, 18.0, 48.0, 108.0, 118.0, 630.0, 630.0, 630.0, 630.0, 660.0, 672.0, 689.0, 689.0, 689.0, 689.0, 689.0, 689.0, 689.0, 689.0, 689.0, 689.0, 689.0, 689.0, 689.0, 689.0, 689.0, 689.0, 689.0, 689.0, 689.0, 689.0, 689.0, 689.0, 689.0, 689.0, 689.0, 689.0, 689.0, 689.0, 689.0, 689.0, 689.0, 689.0, 689.0], "pcnt": [0, 0, 0, 0, 0, 0, 0, 0, 0, 0, 0, 0, 0, 0, 0, 0, 0, 0, 0, 0, 0, 3, 8, 20, 22, 72, 72, 72, 72, 75, 76, 77, 77, 77, 77, 77, 77, 77, 77, 77, 77, 77, 77, 77, 77, 77, 77, 77, 77, 77, 77, 77, 77, 77, 77, 77, 77, 77, 77, 77, 77, 77, 77, 77]}}, {"type": "Feature", "geometry": {"type": "Point", "coordinates": [-105.10044, 50.26768]}, "properties": {"twp": "015-23-W2", "prov": "SK", "total": 45, "first": 1882, "cum": [0, 6, 6, 6, 6, 6, 6, 6, 6, 6, 6, 6, 6, 6, 6, 6, 6, 6, 6, 6, 42, 42, 42, 42, 44, 44, 44, 45, 45, 45, 45, 45, 45, 45, 45, 45, 45, 45, 45, 45, 45, 45, 45, 45, 45, 45, 45, 45, 45, 45, 45, 45, 45, 45, 45, 45, 45, 45, 45, 45, 45, 45, 45, 45], "psum": [0, 15.0, 15.0, 15.0, 15.0, 15.0, 15.0, 15.0, 15.0, 15.0, 15.0, 15.0, 15.0, 15.0, 15.0, 15.0, 15.0, 15.0, 15.0, 15.0, 111.0, 111.0, 111.0, 111.0, 123.0, 123.0, 123.0, 133.0, 133.0, 133.0, 133.0, 133.0, 133.0, 133.0, 133.0, 133.0, 133.0, 133.0, 133.0, 133.0, 133.0, 133.0, 133.0, 133.0, 133.0, 133.0, 133.0, 133.0, 133.0, 133.0, 133.0, 133.0, 133.0, 133.0, 133.0, 133.0, 133.0, 133.0, 133.0, 133.0, 133.0, 133.0, 133.0, 133.0], "pcnt": [0, 6, 6, 6, 6, 6, 6, 6, 6, 6, 6, 6, 6, 6, 6, 6, 6, 6, 6, 6, 42, 42, 42, 42, 44, 44, 44, 45, 45, 45, 45, 45, 45, 45, 45, 45, 45, 45, 45, 45, 45, 45, 45, 45, 45, 45, 45, 45, 45, 45, 45, 45, 45, 45, 45, 45, 45, 45, 45, 45, 45, 45, 45, 45]}}, {"type": "Feature", "geometry": {"type": "Point", "coordinates": [-107.98566, 50.25861]}, "properties": {"twp": "015-15-W3", "prov": "SK", "total": 48, "first": 1904, "cum": [0, 0, 0, 0, 0, 0, 0, 0, 0, 0, 0, 0, 0, 0, 0, 0, 0, 0, 0, 0, 0, 0, 0, 20, 20, 36, 36, 36, 48, 48, 48, 48, 48, 48, 48, 48, 48, 48, 48, 48, 48, 48, 48, 48, 48, 48, 48, 48, 48, 48, 48, 48, 48, 48, 48, 48, 48, 48, 48, 48, 48, 48, 48, 48], "psum": [0, 0, 0, 0, 0, 0, 0, 0, 0, 0, 0, 0, 0, 0, 0, 0, 0, 0, 0, 0, 0, 0, 0, 70.0, 70.0, 166.0, 166.0, 166.0, 262.0, 262.0, 262.0, 262.0, 262.0, 262.0, 262.0, 262.0, 262.0, 262.0, 262.0, 262.0, 262.0, 262.0, 262.0, 262.0, 262.0, 262.0, 262.0, 262.0, 262.0, 262.0, 262.0, 262.0, 262.0, 262.0, 262.0, 262.0, 262.0, 262.0, 262.0, 262.0, 262.0, 262.0, 262.0, 262.0], "pcnt": [0, 0, 0, 0, 0, 0, 0, 0, 0, 0, 0, 0, 0, 0, 0, 0, 0, 0, 0, 0, 0, 0, 0, 20, 20, 36, 36, 36, 48, 48, 48, 48, 48, 48, 48, 48, 48, 48, 48, 48, 48, 48, 48, 48, 48, 48, 48, 48, 48, 48, 48, 48, 48, 48, 48, 48, 48, 48, 48, 48, 48, 48, 48, 48]}}, {"type": "Feature", "geometry": {"type": "Point", "coordinates": [-105.47683, 50.17104]}, "properties": {"twp": "014-26-W2", "prov": "SK", "total": 71, "first": 1902, "cum": [0, 0, 0, 0, 0, 0, 0, 0, 0, 0, 0, 0, 0, 0, 0, 0, 0, 0, 0, 0, 0, 56, 56, 56, 56, 64, 64, 65, 65, 71, 71, 71, 71, 71, 71, 71, 71, 71, 71, 71, 71, 71, 71, 71, 71, 71, 71, 71, 71, 71, 71, 71, 71, 71, 71, 71, 71, 71, 71, 71, 71, 71, 71, 71], "psum": [0, 0, 0, 0, 0, 0, 0, 0, 0, 0, 0, 0, 0, 0, 0, 0, 0, 0, 0, 0, 0, 224.0, 224.0, 224.0, 224.0, 272.0, 272.0, 282.0, 282.0, 342.0, 342.0, 342.0, 342.0, 342.0, 342.0, 342.0, 342.0, 342.0, 342.0, 342.0, 342.0, 342.0, 342.0, 342.0, 342.0, 342.0, 342.0, 342.0, 342.0, 342.0, 342.0, 342.0, 342.0, 342.0, 342.0, 342.0, 342.0, 342.0, 342.0, 342.0, 342.0, 342.0, 342.0, 342.0], "pcnt": [0, 0, 0, 0, 0, 0, 0, 0, 0, 0, 0, 0, 0, 0, 0, 0, 0, 0, 0, 0, 0, 56, 56, 56, 56, 64, 64, 65, 65, 71, 71, 71, 71, 71, 71, 71, 71, 71, 71, 71, 71, 71, 71, 71, 71, 71, 71, 71, 71, 71, 71, 71, 71, 71, 71, 71, 71, 71, 71, 71, 71, 71, 71, 71]}}, {"type": "Feature", "geometry": {"type": "Point", "coordinates": [-103.03918, 50.17423]}, "properties": {"twp": "014-08-W2", "prov": "SK", "total": 26, "first": 1904, "cum": [0, 0, 0, 0, 0, 0, 0, 0, 0, 0, 0, 0, 0, 0, 0, 0, 0, 0, 0, 0, 0, 0, 0, 6, 10, 13, 13, 18, 24, 26, 26, 26, 26, 26, 26, 26, 26, 26, 26, 26, 26, 26, 26, 26, 26, 26, 26, 26, 26, 26, 26, 26, 26, 26, 26, 26, 26, 26, 26, 26, 26, 26, 26, 26], "psum": [0, 0, 0, 0, 0, 0, 0, 0, 0, 0, 0, 0, 0, 0, 0, 0, 0, 0, 0, 0, 0, 0, 0, 48.0, 88.0, 118.0, 118.0, 254.0, 374.0, 400.0, 400.0, 400.0, 400.0, 400.0, 400.0, 400.0, 400.0, 400.0, 400.0, 400.0, 400.0, 400.0, 400.0, 400.0, 400.0, 400.0, 400.0, 400.0, 400.0, 400.0, 400.0, 400.0, 400.0, 400.0, 400.0, 400.0, 400.0, 400.0, 400.0, 400.0, 400.0, 400.0, 400.0, 400.0], "pcnt": [0, 0, 0, 0, 0, 0, 0, 0, 0, 0, 0, 0, 0, 0, 0, 0, 0, 0, 0, 0, 0, 0, 0, 6, 10, 13, 13, 18, 24, 26, 26, 26, 26, 26, 26, 26, 26, 26, 26, 26, 26, 26, 26, 26, 26, 26, 26, 26, 26, 26, 26, 26, 26, 26, 26, 26, 26, 26, 26, 26, 26, 26, 26, 26]}}, {"type": "Feature", "geometry": {"type": "Point", "coordinates": [-102.35589, 50.17151]}, "properties": {"twp": "014-03-W2", "prov": "SK", "total": 58, "first": 1882, "cum": [0, 29, 29, 31, 36, 36, 36, 36, 36, 36, 36, 36, 36, 36, 37, 37, 37, 38, 41, 41, 43, 56, 57, 57, 57, 57, 57, 57, 57, 57, 58, 58, 58, 58, 58, 58, 58, 58, 58, 58, 58, 58, 58, 58, 58, 58, 58, 58, 58, 58, 58, 58, 58, 58, 58, 58, 58, 58, 58, 58, 58, 58, 58, 58], "psum": [0, 72.5, 72.5, 79.5, 83.0, 83.0, 83.0, 83.0, 83.0, 83.0, 83.0, 83.0, 83.0, 83.0, 86.0, 86.0, 86.0, 89.0, 98.0, 98.0, 104.0, 167.0, 172.0, 172.0, 172.0, 172.0, 172.0, 172.0, 172.0, 172.0, 184.0, 184.0, 184.0, 184.0, 184.0, 184.0, 184.0, 184.0, 184.0, 184.0, 184.0, 184.0, 184.0, 184.0, 184.0, 184.0, 184.0, 184.0, 184.0, 184.0, 184.0, 184.0, 184.0, 184.0, 184.0, 184.0, 184.0, 184.0, 184.0, 184.0, 184.0, 184.0, 184.0, 184.0], "pcnt": [0, 29, 29, 31, 32, 32, 32, 32, 32, 32, 32, 32, 32, 32, 33, 33, 33, 34, 37, 37, 39, 52, 53, 53, 53, 53, 53, 53, 53, 53, 54, 54, 54, 54, 54, 54, 54, 54, 54, 54, 54, 54, 54, 54, 54, 54, 54, 54, 54, 54, 54, 54, 54, 54, 54, 54, 54, 54, 54, 54, 54, 54, 54, 54]}}, {"type": "Feature", "geometry": {"type": "Point", "coordinates": [-102.61393, 50.08723]}, "properties": {"twp": "013-05-W2", "prov": "SK", "total": 28, "first": 1902, "cum": [0, 0, 0, 0, 0, 0, 0, 0, 0, 0, 0, 0, 0, 0, 0, 0, 0, 0, 0, 0, 0, 13, 13, 13, 13, 13, 13, 13, 13, 13, 24, 28, 28, 28, 28, 28, 28, 28, 28, 28, 28, 28, 28, 28, 28, 28, 28, 28, 28, 28, 28, 28, 28, 28, 28, 28, 28, 28, 28, 28, 28, 28, 28, 28], "psum": [0, 0, 0, 0, 0, 0, 0, 0, 0, 0, 0, 0, 0, 0, 0, 0, 0, 0, 0, 0, 0, 57.0, 57.0, 57.0, 57.0, 57.0, 57.0, 57.0, 57.0, 57.0, 217.0, 281.0, 281.0, 281.0, 281.0, 281.0, 281.0, 281.0, 281.0, 281.0, 281.0, 281.0, 281.0, 281.0, 281.0, 281.0, 281.0, 281.0, 281.0, 281.0, 281.0, 281.0, 281.0, 281.0, 281.0, 281.0, 281.0, 281.0, 281.0, 281.0, 281.0, 281.0, 281.0, 281.0], "pcnt": [0, 0, 0, 0, 0, 0, 0, 0, 0, 0, 0, 0, 0, 0, 0, 0, 0, 0, 0, 0, 0, 13, 13, 13, 13, 13, 13, 13, 13, 13, 24, 28, 28, 28, 28, 28, 28, 28, 28, 28, 28, 28, 28, 28, 28, 28, 28, 28, 28, 28, 28, 28, 28, 28, 28, 28, 28, 28, 28, 28, 28, 28, 28, 28]}}, {"type": "Feature", "geometry": {"type": "Point", "coordinates": [-104.94975, 49.99377]}, "properties": {"twp": "012-22-W2", "prov": "SK", "total": 59, "first": 1905, "cum": [0, 0, 0, 0, 0, 0, 0, 0, 0, 0, 0, 0, 0, 0, 0, 0, 0, 0, 0, 0, 0, 0, 0, 0, 36, 44, 44, 44, 44, 49, 53, 59, 59, 59, 59, 59, 59, 59, 59, 59, 59, 59, 59, 59, 59, 59, 59, 59, 59, 59, 59, 59, 59, 59, 59, 59, 59, 59, 59, 59, 59, 59, 59, 59], "psum": [0, 0, 0, 0, 0, 0, 0, 0, 0, 0, 0, 0, 0, 0, 0, 0, 0, 0, 0, 0, 0, 0, 0, 0, 184.0, 228.0, 228.0, 228.0, 228.0, 282.0, 330.0, 390.0, 390.0, 390.0, 390.0, 390.0, 390.0, 390.0, 390.0, 390.0, 390.0, 390.0, 390.0, 390.0, 390.0, 390.0, 390.0, 390.0, 390.0, 390.0, 390.0, 390.0, 390.0, 390.0, 390.0, 390.0, 390.0, 390.0, 390.0, 390.0, 390.0, 390.0, 390.0, 390.0], "pcnt": [0, 0, 0, 0, 0, 0, 0, 0, 0, 0, 0, 0, 0, 0, 0, 0, 0, 0, 0, 0, 0, 0, 0, 0, 36, 44, 44, 44, 44, 49, 53, 59, 59, 59, 59, 59, 59, 59, 59, 59, 59, 59, 59, 59, 59, 59, 59, 59, 59, 59, 59, 59, 59, 59, 59, 59, 59, 59, 59, 59, 59, 59, 59, 59]}}, {"type": "Feature", "geometry": {"type": "Point", "coordinates": [-108.64997, 50.01217]}, "properties": {"twp": "012-20-W3", "prov": "SK", "total": 54, "first": 1903, "cum": [0, 0, 0, 0, 0, 0, 0, 0, 0, 0, 0, 0, 0, 0, 0, 0, 0, 0, 0, 0, 0, 0, 6, 6, 6, 28, 29, 31, 42, 42, 54, 54, 54, 54, 54, 54, 54, 54, 54, 54, 54, 54, 54, 54, 54, 54, 54, 54, 54, 54, 54, 54, 54, 54, 54, 54, 54, 54, 54, 54, 54, 54, 54, 54], "psum": [0, 0, 0, 0, 0, 0, 0, 0, 0, 0, 0, 0, 0, 0, 0, 0, 0, 0, 0, 0, 0, 0, 21.0, 21.0, 21.0, 185.0, 193.0, 209.0, 301.0, 301.0, 431.0, 431.0, 431.0, 431.0, 431.0, 431.0, 431.0, 431.0, 431.0, 431.0, 431.0, 431.0, 431.0, 431.0, 431.0, 431.0, 431.0, 431.0, 431.0, 431.0, 431.0, 431.0, 431.0, 431.0, 431.0, 431.0, 431.0, 431.0, 431.0, 431.0, 431.0, 431.0, 431.0, 431.0], "pcnt": [0, 0, 0, 0, 0, 0, 0, 0, 0, 0, 0, 0, 0, 0, 0, 0, 0, 0, 0, 0, 0, 0, 6, 6, 6, 28, 29, 31, 42, 42, 54, 54, 54, 54, 54, 54, 54, 54, 54, 54, 54, 54, 54, 54, 54, 54, 54, 54, 54, 54, 54, 54, 54, 54, 54, 54, 54, 54, 54, 54, 54, 54, 54, 54]}}, {"type": "Feature", "geometry": {"type": "Point", "coordinates": [-104.40536, 49.99487]}, "properties": {"twp": "012-18-W2", "prov": "SK", "total": 58, "first": 1901, "cum": [0, 0, 0, 0, 0, 0, 0, 0, 0, 0, 0, 0, 0, 0, 0, 0, 0, 0, 0, 0, 58, 58, 58, 58, 58, 58, 58, 58, 58, 58, 58, 58, 58, 58, 58, 58, 58, 58, 58, 58, 58, 58, 58, 58, 58, 58, 58, 58, 58, 58, 58, 58, 58, 58, 58, 58, 58, 58, 58, 58, 58, 58, 58, 58], "psum": [0, 0, 0, 0, 0, 0, 0, 0, 0, 0, 0, 0, 0, 0, 0, 0, 0, 0, 0, 0, 162.0, 162.0, 162.0, 162.0, 162.0, 162.0, 162.0, 162.0, 162.0, 162.0, 162.0, 162.0, 162.0, 162.0, 162.0, 162.0, 162.0, 162.0, 162.0, 162.0, 162.0, 162.0, 162.0, 162.0, 162.0, 162.0, 162.0, 162.0, 162.0, 162.0, 162.0, 162.0, 162.0, 162.0, 162.0, 162.0, 162.0, 162.0, 162.0, 162.0, 162.0, 162.0, 162.0, 162.0], "pcnt": [0, 0, 0, 0, 0, 0, 0, 0, 0, 0, 0, 0, 0, 0, 0, 0, 0, 0, 0, 0, 58, 58, 58, 58, 58, 58, 58, 58, 58, 58, 58, 58, 58, 58, 58, 58, 58, 58, 58, 58, 58, 58, 58, 58, 58, 58, 58, 58, 58, 58, 58, 58, 58, 58, 58, 58, 58, 58, 58, 58, 58, 58, 58, 58]}}, {"type": "Feature", "geometry": {"type": "Point", "coordinates": [-104.51539, 49.94109]}, "properties": {"twp": "011-19-W2", "prov": "SK", "total": 15, "first": 1900, "cum": [0, 0, 0, 0, 0, 0, 0, 0, 0, 0, 0, 0, 0, 0, 0, 0, 0, 0, 0, 3, 15, 15, 15, 15, 15, 15, 15, 15, 15, 15, 15, 15, 15, 15, 15, 15, 15, 15, 15, 15, 15, 15, 15, 15, 15, 15, 15, 15, 15, 15, 15, 15, 15, 15, 15, 15, 15, 15, 15, 15, 15, 15, 15, 15], "psum": [0, 0, 0, 0, 0, 0, 0, 0, 0, 0, 0, 0, 0, 0, 0, 0, 0, 0, 0, 9.0, 33.0, 33.0, 33.0, 33.0, 33.0, 33.0, 33.0, 33.0, 33.0, 33.0, 33.0, 33.0, 33.0, 33.0, 33.0, 33.0, 33.0, 33.0, 33.0, 33.0, 33.0, 33.0, 33.0, 33.0, 33.0, 33.0, 33.0, 33.0, 33.0, 33.0, 33.0, 33.0, 33.0, 33.0, 33.0, 33.0, 33.0, 33.0, 33.0, 33.0, 33.0, 33.0, 33.0, 33.0], "pcnt": [0, 0, 0, 0, 0, 0, 0, 0, 0, 0, 0, 0, 0, 0, 0, 0, 0, 0, 0, 3, 15, 15, 15, 15, 15, 15, 15, 15, 15, 15, 15, 15, 15, 15, 15, 15, 15, 15, 15, 15, 15, 15, 15, 15, 15, 15, 15, 15, 15, 15, 15, 15, 15, 15, 15, 15, 15, 15, 15, 15, 15, 15, 15, 15]}}, {"type": "Feature", "geometry": {"type": "Point", "coordinates": [-103.01922, 49.92165]}, "properties": {"twp": "011-08-W2", "prov": "SK", "total": 33, "first": 1902, "cum": [0, 0, 0, 0, 0, 0, 0, 0, 0, 0, 0, 0, 0, 0, 0, 0, 0, 0, 0, 0, 0, 3, 3, 3, 8, 28, 28, 28, 29, 29, 33, 33, 33, 33, 33, 33, 33, 33, 33, 33, 33, 33, 33, 33, 33, 33, 33, 33, 33, 33, 33, 33, 33, 33, 33, 33, 33, 33, 33, 33, 33, 33, 33, 33], "psum": [0, 0, 0, 0, 0, 0, 0, 0, 0, 0, 0, 0, 0, 0, 0, 0, 0, 0, 0, 0, 0, 15.0, 15.0, 15.0, 50.0, 253.0, 253.0, 253.0, 263.0, 263.0, 309.0, 309.0, 309.0, 309.0, 309.0, 309.0, 309.0, 309.0, 309.0, 309.0, 309.0, 309.0, 309.0, 309.0, 309.0, 309.0, 309.0, 309.0, 309.0, 309.0, 309.0, 309.0, 309.0, 309.0, 309.0, 309.0, 309.0, 309.0, 309.0, 309.0, 309.0, 309.0, 309.0, 309.0], "pcnt": [0, 0, 0, 0, 0, 0, 0, 0, 0, 0, 0, 0, 0, 0, 0, 0, 0, 0, 0, 0, 0, 3, 3, 3, 8, 28, 28, 28, 29, 29, 33, 33, 33, 33, 33, 33, 33, 33, 33, 33, 33, 33, 33, 33, 33, 33, 33, 33, 33, 33, 33, 33, 33, 33, 33, 33, 33, 33, 33, 33, 33, 33, 33, 33]}}, {"type": "Feature", "geometry": {"type": "Point", "coordinates": [-109.32519, 49.84168]}, "properties": {"twp": "010-25-W3", "prov": "SK", "total": 39, "first": 1889, "cum": [0, 0, 0, 0, 0, 0, 0, 0, 3, 3, 4, 5, 5, 5, 5, 7, 7, 7, 7, 7, 12, 14, 14, 19, 20, 30, 36, 38, 38, 39, 39, 39, 39, 39, 39, 39, 39, 39, 39, 39, 39, 39, 39, 39, 39, 39, 39, 39, 39, 39, 39, 39, 39, 39, 39, 39, 39, 39, 39, 39, 39, 39, 39, 39], "psum": [0, 0, 0, 0, 0, 0, 0, 0, 8.5, 8.5, 11.5, 14.0, 14.0, 14.0, 14.0, 20.0, 20.0, 20.0, 20.0, 20.0, 35.0, 41.5, 41.5, 66.5, 70.0, 130.0, 164.0, 183.0, 183.0, 191.0, 191.0, 191.0, 191.0, 191.0, 191.0, 191.0, 191.0, 191.0, 191.0, 191.0, 191.0, 191.0, 191.0, 191.0, 191.0, 191.0, 191.0, 191.0, 191.0, 191.0, 191.0, 191.0, 191.0, 191.0, 191.0, 191.0, 191.0, 191.0, 191.0, 191.0, 191.0, 191.0, 191.0, 191.0], "pcnt": [0, 0, 0, 0, 0, 0, 0, 0, 3, 3, 4, 5, 5, 5, 5, 7, 7, 7, 7, 7, 12, 14, 14, 19, 20, 30, 36, 38, 38, 39, 39, 39, 39, 39, 39, 39, 39, 39, 39, 39, 39, 39, 39, 39, 39, 39, 39, 39, 39, 39, 39, 39, 39, 39, 39, 39, 39, 39, 39, 39, 39, 39, 39, 39]}}, {"type": "Feature", "geometry": {"type": "Point", "coordinates": [-109.96318, 49.6766]}, "properties": {"twp": "008-30-W3", "prov": "SK", "total": 10, "first": 1901, "cum": [0, 0, 0, 0, 0, 0, 0, 0, 0, 0, 0, 0, 0, 0, 0, 0, 0, 0, 0, 0, 4, 6, 10, 10, 10, 10, 10, 10, 10, 10, 10, 10, 10, 10, 10, 10, 10, 10, 10, 10, 10, 10, 10, 10, 10, 10, 10, 10, 10, 10, 10, 10, 10, 10, 10, 10, 10, 10, 10, 10, 10, 10, 10, 10], "psum": [0, 0, 0, 0, 0, 0, 0, 0, 0, 0, 0, 0, 0, 0, 0, 0, 0, 0, 0, 0, 12.0, 18.4, 32.4, 32.4, 32.4, 32.4, 32.4, 32.4, 32.4, 32.4, 32.4, 32.4, 32.4, 32.4, 32.4, 32.4, 32.4, 32.4, 32.4, 32.4, 32.4, 32.4, 32.4, 32.4, 32.4, 32.4, 32.4, 32.4, 32.4, 32.4, 32.4, 32.4, 32.4, 32.4, 32.4, 32.4, 32.4, 32.4, 32.4, 32.4, 32.4, 32.4, 32.4, 32.4], "pcnt": [0, 0, 0, 0, 0, 0, 0, 0, 0, 0, 0, 0, 0, 0, 0, 0, 0, 0, 0, 0, 4, 6, 10, 10, 10, 10, 10, 10, 10, 10, 10, 10, 10, 10, 10, 10, 10, 10, 10, 10, 10, 10, 10, 10, 10, 10, 10, 10, 10, 10, 10, 10, 10, 10, 10, 10, 10, 10, 10, 10, 10, 10, 10, 10]}}, {"type": "Feature", "geometry": {"type": "Point", "coordinates": [-109.44769, 49.58574]}, "properties": {"twp": "007-26-W3", "prov": "SK", "total": 3, "first": 1902, "cum": [0, 0, 0, 0, 0, 0, 0, 0, 0, 0, 0, 0, 0, 0, 0, 0, 0, 0, 0, 0, 0, 1, 2, 3, 3, 3, 3, 3, 3, 3, 3, 3, 3, 3, 3, 3, 3, 3, 3, 3, 3, 3, 3, 3, 3, 3, 3, 3, 3, 3, 3, 3, 3, 3, 3, 3, 3, 3, 3, 3, 3, 3, 3, 3], "psum": [0, 0, 0, 0, 0, 0, 0, 0, 0, 0, 0, 0, 0, 0, 0, 0, 0, 0, 0, 0, 0, 3.5, 7.0, 10.5, 10.5, 10.5, 10.5, 10.5, 10.5, 10.5, 10.5, 10.5, 10.5, 10.5, 10.5, 10.5, 10.5, 10.5, 10.5, 10.5, 10.5, 10.5, 10.5, 10.5, 10.5, 10.5, 10.5, 10.5, 10.5, 10.5, 10.5, 10.5, 10.5, 10.5, 10.5, 10.5, 10.5, 10.5, 10.5, 10.5, 10.5, 10.5, 10.5, 10.5], "pcnt": [0, 0, 0, 0, 0, 0, 0, 0, 0, 0, 0, 0, 0, 0, 0, 0, 0, 0, 0, 0, 0, 1, 2, 3, 3, 3, 3, 3, 3, 3, 3, 3, 3, 3, 3, 3, 3, 3, 3, 3, 3, 3, 3, 3, 3, 3, 3, 3, 3, 3, 3, 3, 3, 3, 3, 3, 3, 3, 3, 3, 3, 3, 3, 3]}}, {"type": "Feature", "geometry": {"type": "Point", "coordinates": [-103.66301, 49.50521]}, "properties": {"twp": "006-13-W2", "prov": "SK", "total": 11, "first": 1902, "cum": [0, 0, 0, 0, 0, 0, 0, 0, 0, 0, 0, 0, 0, 0, 0, 0, 0, 0, 0, 0, 0, 4, 5, 5, 7, 10, 10, 10, 11, 11, 11, 11, 11, 11, 11, 11, 11, 11, 11, 11, 11, 11, 11, 11, 11, 11, 11, 11, 11, 11, 11, 11, 11, 11, 11, 11, 11, 11, 11, 11, 11, 11, 11, 11], "psum": [0, 0, 0, 0, 0, 0, 0, 0, 0, 0, 0, 0, 0, 0, 0, 0, 0, 0, 0, 0, 0, 12.0, 17.0, 17.0, 27.0, 45.0, 45.0, 45.0, 55.0, 55.0, 55.0, 55.0, 55.0, 55.0, 55.0, 55.0, 55.0, 55.0, 55.0, 55.0, 55.0, 55.0, 55.0, 55.0, 55.0, 55.0, 55.0, 55.0, 55.0, 55.0, 55.0, 55.0, 55.0, 55.0, 55.0, 55.0, 55.0, 55.0, 55.0, 55.0, 55.0, 55.0, 55.0, 55.0], "pcnt": [0, 0, 0, 0, 0, 0, 0, 0, 0, 0, 0, 0, 0, 0, 0, 0, 0, 0, 0, 0, 0, 4, 5, 5, 7, 10, 10, 10, 11, 11, 11, 11, 11, 11, 11, 11, 11, 11, 11, 11, 11, 11, 11, 11, 11, 11, 11, 11, 11, 11, 11, 11, 11, 11, 11, 11, 11, 11, 11, 11, 11, 11, 11, 11]}}, {"type": "Feature", "geometry": {"type": "Point", "coordinates": [-102.22998, 49.37062]}, "properties": {"twp": "005-02-W2", "prov": "SK", "total": 14, "first": 1883, "cum": [0, 0, 2, 2, 2, 2, 2, 2, 2, 2, 2, 9, 9, 9, 9, 9, 9, 9, 9, 13, 14, 14, 14, 14, 14, 14, 14, 14, 14, 14, 14, 14, 14, 14, 14, 14, 14, 14, 14, 14, 14, 14, 14, 14, 14, 14, 14, 14, 14, 14, 14, 14, 14, 14, 14, 14, 14, 14, 14, 14, 14, 14, 14, 14], "psum": [0, 0, 8.0, 8.0, 8.0, 8.0, 8.0, 8.0, 8.0, 8.0, 8.0, 29.0, 29.0, 29.0, 29.0, 29.0, 29.0, 29.0, 29.0, 41.0, 44.0, 44.0, 44.0, 44.0, 44.0, 44.0, 44.0, 44.0, 44.0, 44.0, 44.0, 44.0, 44.0, 44.0, 44.0, 44.0, 44.0, 44.0, 44.0, 44.0, 44.0, 44.0, 44.0, 44.0, 44.0, 44.0, 44.0, 44.0, 44.0, 44.0, 44.0, 44.0, 44.0, 44.0, 44.0, 44.0, 44.0, 44.0, 44.0, 44.0, 44.0, 44.0, 44.0, 44.0], "pcnt": [0, 0, 2, 2, 2, 2, 2, 2, 2, 2, 2, 9, 9, 9, 9, 9, 9, 9, 9, 13, 14, 14, 14, 14, 14, 14, 14, 14, 14, 14, 14, 14, 14, 14, 14, 14, 14, 14, 14, 14, 14, 14, 14, 14, 14, 14, 14, 14, 14, 14, 14, 14, 14, 14, 14, 14, 14, 14, 14, 14, 14, 14, 14, 14]}}, {"type": "Feature", "geometry": {"type": "Point", "coordinates": [-102.08706, 49.1211]}, "properties": {"twp": "002-01-W2", "prov": "SK", "total": 38, "first": 1892, "cum": [0, 0, 0, 0, 0, 0, 0, 0, 0, 0, 0, 8, 8, 8, 8, 9, 10, 16, 16, 26, 36, 38, 38, 38, 38, 38, 38, 38, 38, 38, 38, 38, 38, 38, 38, 38, 38, 38, 38, 38, 38, 38, 38, 38, 38, 38, 38, 38, 38, 38, 38, 38, 38, 38, 38, 38, 38, 38, 38, 38, 38, 38, 38, 38], "psum": [0, 0, 0, 0, 0, 0, 0, 0, 0, 0, 0, 25.0, 25.0, 25.0, 25.0, 28.0, 31.0, 49.0, 49.0, 79.0, 113.5, 121.5, 121.5, 121.5, 121.5, 121.5, 121.5, 121.5, 121.5, 121.5, 121.5, 121.5, 121.5, 121.5, 121.5, 121.5, 121.5, 121.5, 121.5, 121.5, 121.5, 121.5, 121.5, 121.5, 121.5, 121.5, 121.5, 121.5, 121.5, 121.5, 121.5, 121.5, 121.5, 121.5, 121.5, 121.5, 121.5, 121.5, 121.5, 121.5, 121.5, 121.5, 121.5, 121.5], "pcnt": [0, 0, 0, 0, 0, 0, 0, 0, 0, 0, 0, 8, 8, 8, 8, 9, 10, 16, 16, 26, 36, 38, 38, 38, 38, 38, 38, 38, 38, 38, 38, 38, 38, 38, 38, 38, 38, 38, 38, 38, 38, 38, 38, 38, 38, 38, 38, 38, 38, 38, 38, 38, 38, 38, 38, 38, 38, 38, 38, 38, 38, 38, 38, 38]}}, {"type": "Feature", "geometry": {"type": "Point", "coordinates": [-109.99876, 53.59984]}, "properties": {"twp": "053-28-W3", "prov": "SK", "total": 5, "first": 1911, "cum": [0, 0, 0, 0, 0, 0, 0, 0, 0, 0, 0, 0, 0, 0, 0, 0, 0, 0, 0, 0, 0, 0, 0, 0, 0, 0, 0, 0, 0, 0, 1, 5, 5, 5, 5, 5, 5, 5, 5, 5, 5, 5, 5, 5, 5, 5, 5, 5, 5, 5, 5, 5, 5, 5, 5, 5, 5, 5, 5, 5, 5, 5, 5, 5], "psum": [0, 0, 0, 0, 0, 0, 0, 0, 0, 0, 0, 0, 0, 0, 0, 0, 0, 0, 0, 0, 0, 0, 0, 0, 0, 0, 0, 0, 0, 0, 10.0, 50.0, 50.0, 50.0, 50.0, 50.0, 50.0, 50.0, 50.0, 50.0, 50.0, 50.0, 50.0, 50.0, 50.0, 50.0, 50.0, 50.0, 50.0, 50.0, 50.0, 50.0, 50.0, 50.0, 50.0, 50.0, 50.0, 50.0, 50.0, 50.0, 50.0, 50.0, 50.0, 50.0], "pcnt": [0, 0, 0, 0, 0, 0, 0, 0, 0, 0, 0, 0, 0, 0, 0, 0, 0, 0, 0, 0, 0, 0, 0, 0, 0, 0, 0, 0, 0, 0, 1, 5, 5, 5, 5, 5, 5, 5, 5, 5, 5, 5, 5, 5, 5, 5, 5, 5, 5, 5, 5, 5, 5, 5, 5, 5, 5, 5, 5, 5, 5, 5, 5, 5]}}, {"type": "Feature", "geometry": {"type": "Point", "coordinates": [-109.99548, 53.42809]}, "properties": {"twp": "051-28-W3", "prov": "SK", "total": 4, "first": 1907, "cum": [0, 0, 0, 0, 0, 0, 0, 0, 0, 0, 0, 0, 0, 0, 0, 0, 0, 0, 0, 0, 0, 0, 0, 0, 0, 0, 4, 4, 4, 4, 4, 4, 4, 4, 4, 4, 4, 4, 4, 4, 4, 4, 4, 4, 4, 4, 4, 4, 4, 4, 4, 4, 4, 4, 4, 4, 4, 4, 4, 4, 4, 4, 4, 4], "psum": [0, 0, 0, 0, 0, 0, 0, 0, 0, 0, 0, 0, 0, 0, 0, 0, 0, 0, 0, 0, 0, 0, 0, 0, 0, 0, 40.0, 40.0, 40.0, 40.0, 40.0, 40.0, 40.0, 40.0, 40.0, 40.0, 40.0, 40.0, 40.0, 40.0, 40.0, 40.0, 40.0, 40.0, 40.0, 40.0, 40.0, 40.0, 40.0, 40.0, 40.0, 40.0, 40.0, 40.0, 40.0, 40.0, 40.0, 40.0, 40.0, 40.0, 40.0, 40.0, 40.0, 40.0], "pcnt": [0, 0, 0, 0, 0, 0, 0, 0, 0, 0, 0, 0, 0, 0, 0, 0, 0, 0, 0, 0, 0, 0, 0, 0, 0, 0, 4, 4, 4, 4, 4, 4, 4, 4, 4, 4, 4, 4, 4, 4, 4, 4, 4, 4, 4, 4, 4, 4, 4, 4, 4, 4, 4, 4, 4, 4, 4, 4, 4, 4, 4, 4, 4, 4]}}, {"type": "Feature", "geometry": {"type": "Point", "coordinates": [-107.97317, 53.22716]}, "properties": {"twp": "049-14-W3", "prov": "SK", "total": 2, "first": 1911, "cum": [0, 0, 0, 0, 0, 0, 0, 0, 0, 0, 0, 0, 0, 0, 0, 0, 0, 0, 0, 0, 0, 0, 0, 0, 0, 0, 0, 0, 0, 0, 1, 2, 2, 2, 2, 2, 2, 2, 2, 2, 2, 2, 2, 2, 2, 2, 2, 2, 2, 2, 2, 2, 2, 2, 2, 2, 2, 2, 2, 2, 2, 2, 2, 2], "psum": [0, 0, 0, 0, 0, 0, 0, 0, 0, 0, 0, 0, 0, 0, 0, 0, 0, 0, 0, 0, 0, 0, 0, 0, 0, 0, 0, 0, 0, 0, 11.0, 23.0, 23.0, 23.0, 23.0, 23.0, 23.0, 23.0, 23.0, 23.0, 23.0, 23.0, 23.0, 23.0, 23.0, 23.0, 23.0, 23.0, 23.0, 23.0, 23.0, 23.0, 23.0, 23.0, 23.0, 23.0, 23.0, 23.0, 23.0, 23.0, 23.0, 23.0, 23.0, 23.0], "pcnt": [0, 0, 0, 0, 0, 0, 0, 0, 0, 0, 0, 0, 0, 0, 0, 0, 0, 0, 0, 0, 0, 0, 0, 0, 0, 0, 0, 0, 0, 0, 1, 2, 2, 2, 2, 2, 2, 2, 2, 2, 2, 2, 2, 2, 2, 2, 2, 2, 2, 2, 2, 2, 2, 2, 2, 2, 2, 2, 2, 2, 2, 2, 2, 2]}}, {"type": "Feature", "geometry": {"type": "Point", "coordinates": [-108.85433, 53.13928]}, "properties": {"twp": "048-20-W3", "prov": "SK", "total": 16, "first": 1910, "cum": [0, 0, 0, 0, 0, 0, 0, 0, 0, 0, 0, 0, 0, 0, 0, 0, 0, 0, 0, 0, 0, 0, 0, 0, 0, 0, 0, 0, 0, 8, 15, 16, 16, 16, 16, 16, 16, 16, 16, 16, 16, 16, 16, 16, 16, 16, 16, 16, 16, 16, 16, 16, 16, 16, 16, 16, 16, 16, 16, 16, 16, 16, 16, 16], "psum": [0, 0, 0, 0, 0, 0, 0, 0, 0, 0, 0, 0, 0, 0, 0, 0, 0, 0, 0, 0, 0, 0, 0, 0, 0, 0, 0, 0, 0, 107.9, 205.9, 221.9, 221.9, 221.9, 221.9, 221.9, 221.9, 221.9, 221.9, 221.9, 221.9, 221.9, 221.9, 221.9, 221.9, 221.9, 221.9, 221.9, 221.9, 221.9, 221.9, 221.9, 221.9, 221.9, 221.9, 221.9, 221.9, 221.9, 221.9, 221.9, 221.9, 221.9, 221.9, 221.9], "pcnt": [0, 0, 0, 0, 0, 0, 0, 0, 0, 0, 0, 0, 0, 0, 0, 0, 0, 0, 0, 0, 0, 0, 0, 0, 0, 0, 0, 0, 0, 8, 15, 16, 16, 16, 16, 16, 16, 16, 16, 16, 16, 16, 16, 16, 16, 16, 16, 16, 16, 16, 16, 16, 16, 16, 16, 16, 16, 16, 16, 16, 16, 16, 16, 16]}}, {"type": "Feature", "geometry": {"type": "Point", "coordinates": [-108.36676, 52.79691]}, "properties": {"twp": "044-17-W3", "prov": "SK", "total": 31, "first": 1911, "cum": [0, 0, 0, 0, 0, 0, 0, 0, 0, 0, 0, 0, 0, 0, 0, 0, 0, 0, 0, 0, 0, 0, 0, 0, 0, 0, 0, 0, 0, 0, 24, 31, 31, 31, 31, 31, 31, 31, 31, 31, 31, 31, 31, 31, 31, 31, 31, 31, 31, 31, 31, 31, 31, 31, 31, 31, 31, 31, 31, 31, 31, 31, 31, 31], "psum": [0, 0, 0, 0, 0, 0, 0, 0, 0, 0, 0, 0, 0, 0, 0, 0, 0, 0, 0, 0, 0, 0, 0, 0, 0, 0, 0, 0, 0, 0, 481.1, 610.1, 610.1, 610.1, 610.1, 610.1, 610.1, 610.1, 610.1, 610.1, 610.1, 610.1, 610.1, 610.1, 610.1, 610.1, 610.1, 610.1, 610.1, 610.1, 610.1, 610.1, 610.1, 610.1, 610.1, 610.1, 610.1, 610.1, 610.1, 610.1, 610.1, 610.1, 610.1, 610.1], "pcnt": [0, 0, 0, 0, 0, 0, 0, 0, 0, 0, 0, 0, 0, 0, 0, 0, 0, 0, 0, 0, 0, 0, 0, 0, 0, 0, 0, 0, 0, 0, 24, 31, 31, 31, 31, 31, 31, 31, 31, 31, 31, 31, 31, 31, 31, 31, 31, 31, 31, 31, 31, 31, 31, 31, 31, 31, 31, 31, 31, 31, 31, 31, 31, 31]}}, {"type": "Feature", "geometry": {"type": "Point", "coordinates": [-107.58687, 52.1804]}, "properties": {"twp": "037-12-W3", "prov": "SK", "total": 28, "first": 1905, "cum": [0, 0, 0, 0, 0, 0, 0, 0, 0, 0, 0, 0, 0, 0, 0, 0, 0, 0, 0, 0, 0, 0, 0, 0, 20, 20, 23, 24, 24, 25, 28, 28, 28, 28, 28, 28, 28, 28, 28, 28, 28, 28, 28, 28, 28, 28, 28, 28, 28, 28, 28, 28, 28, 28, 28, 28, 28, 28, 28, 28, 28, 28, 28, 28], "psum": [0, 0, 0, 0, 0, 0, 0, 0, 0, 0, 0, 0, 0, 0, 0, 0, 0, 0, 0, 0, 0, 0, 0, 0, 158.0, 158.0, 188.0, 198.0, 198.0, 208.0, 257.0, 257.0, 257.0, 257.0, 257.0, 257.0, 257.0, 257.0, 257.0, 257.0, 257.0, 257.0, 257.0, 257.0, 257.0, 257.0, 257.0, 257.0, 257.0, 257.0, 257.0, 257.0, 257.0, 257.0, 257.0, 257.0, 257.0, 257.0, 257.0, 257.0, 257.0, 257.0, 257.0, 257.0], "pcnt": [0, 0, 0, 0, 0, 0, 0, 0, 0, 0, 0, 0, 0, 0, 0, 0, 0, 0, 0, 0, 0, 0, 0, 0, 20, 20, 23, 24, 24, 25, 28, 28, 28, 28, 28, 28, 28, 28, 28, 28, 28, 28, 28, 28, 28, 28, 28, 28, 28, 28, 28, 28, 28, 28, 28, 28, 28, 28, 28, 28, 28, 28, 28, 28]}}, {"type": "Feature", "geometry": {"type": "Point", "coordinates": [-107.5864, 52.10189]}, "properties": {"twp": "036-12-W3", "prov": "SK", "total": 24, "first": 1902, "cum": [0, 0, 0, 0, 0, 0, 0, 0, 0, 0, 0, 0, 0, 0, 0, 0, 0, 0, 0, 0, 0, 16, 16, 16, 16, 16, 16, 16, 16, 21, 24, 24, 24, 24, 24, 24, 24, 24, 24, 24, 24, 24, 24, 24, 24, 24, 24, 24, 24, 24, 24, 24, 24, 24, 24, 24, 24, 24, 24, 24, 24, 24, 24, 24], "psum": [0, 0, 0, 0, 0, 0, 0, 0, 0, 0, 0, 0, 0, 0, 0, 0, 0, 0, 0, 0, 0, 64.0, 64.0, 64.0, 64.0, 64.0, 64.0, 64.0, 64.0, 149.0, 194.0, 194.0, 194.0, 194.0, 194.0, 194.0, 194.0, 194.0, 194.0, 194.0, 194.0, 194.0, 194.0, 194.0, 194.0, 194.0, 194.0, 194.0, 194.0, 194.0, 194.0, 194.0, 194.0, 194.0, 194.0, 194.0, 194.0, 194.0, 194.0, 194.0, 194.0, 194.0, 194.0, 194.0], "pcnt": [0, 0, 0, 0, 0, 0, 0, 0, 0, 0, 0, 0, 0, 0, 0, 0, 0, 0, 0, 0, 0, 16, 16, 16, 16, 16, 16, 16, 16, 21, 24, 24, 24, 24, 24, 24, 24, 24, 24, 24, 24, 24, 24, 24, 24, 24, 24, 24, 24, 24, 24, 24, 24, 24, 24, 24, 24, 24, 24, 24, 24, 24, 24, 24]}}, {"type": "Feature", "geometry": {"type": "Point", "coordinates": [-107.5999, 52.02287]}, "properties": {"twp": "035-12-W3", "prov": "SK", "total": 11, "first": 1906, "cum": [0, 0, 0, 0, 0, 0, 0, 0, 0, 0, 0, 0, 0, 0, 0, 0, 0, 0, 0, 0, 0, 0, 0, 0, 0, 6, 6, 6, 6, 10, 11, 11, 11, 11, 11, 11, 11, 11, 11, 11, 11, 11, 11, 11, 11, 11, 11, 11, 11, 11, 11, 11, 11, 11, 11, 11, 11, 11, 11, 11, 11, 11, 11, 11], "psum": [0, 0, 0, 0, 0, 0, 0, 0, 0, 0, 0, 0, 0, 0, 0, 0, 0, 0, 0, 0, 0, 0, 0, 0, 0, 90.0, 90.0, 90.0, 90.0, 157.0, 174.0, 174.0, 174.0, 174.0, 174.0, 174.0, 174.0, 174.0, 174.0, 174.0, 174.0, 174.0, 174.0, 174.0, 174.0, 174.0, 174.0, 174.0, 174.0, 174.0, 174.0, 174.0, 174.0, 174.0, 174.0, 174.0, 174.0, 174.0, 174.0, 174.0, 174.0, 174.0, 174.0, 174.0], "pcnt": [0, 0, 0, 0, 0, 0, 0, 0, 0, 0, 0, 0, 0, 0, 0, 0, 0, 0, 0, 0, 0, 0, 0, 0, 0, 6, 6, 6, 6, 10, 11, 11, 11, 11, 11, 11, 11, 11, 11, 11, 11, 11, 11, 11, 11, 11, 11, 11, 11, 11, 11, 11, 11, 11, 11, 11, 11, 11, 11, 11, 11, 11, 11, 11]}}, {"type": "Feature", "geometry": {"type": "Point", "coordinates": [-102.61268, 51.35742]}, "properties": {"twp": "027-05-W2", "prov": "SK", "total": 12, "first": 1906, "cum": [0, 0, 0, 0, 0, 0, 0, 0, 0, 0, 0, 0, 0, 0, 0, 0, 0, 0, 0, 0, 0, 0, 0, 0, 0, 1, 4, 6, 6, 7, 12, 12, 12, 12, 12, 12, 12, 12, 12, 12, 12, 12, 12, 12, 12, 12, 12, 12, 12, 12, 12, 12, 12, 12, 12, 12, 12, 12, 12, 12, 12, 12, 12, 12], "psum": [0, 0, 0, 0, 0, 0, 0, 0, 0, 0, 0, 0, 0, 0, 0, 0, 0, 0, 0, 0, 0, 0, 0, 0, 0, 8.0, 38.0, 58.0, 58.0, 68.0, 128.0, 128.0, 128.0, 128.0, 128.0, 128.0, 128.0, 128.0, 128.0, 128.0, 128.0, 128.0, 128.0, 128.0, 128.0, 128.0, 128.0, 128.0, 128.0, 128.0, 128.0, 128.0, 128.0, 128.0, 128.0, 128.0, 128.0, 128.0, 128.0, 128.0, 128.0, 128.0, 128.0, 128.0], "pcnt": [0, 0, 0, 0, 0, 0, 0, 0, 0, 0, 0, 0, 0, 0, 0, 0, 0, 0, 0, 0, 0, 0, 0, 0, 0, 1, 4, 6, 6, 7, 12, 12, 12, 12, 12, 12, 12, 12, 12, 12, 12, 12, 12, 12, 12, 12, 12, 12, 12, 12, 12, 12, 12, 12, 12, 12, 12, 12, 12, 12, 12, 12, 12, 12]}}, {"type": "Feature", "geometry": {"type": "Point", "coordinates": [-102.02379, 51.36123]}, "properties": {"twp": "027-01-W2", "prov": "SK", "total": 1, "first": 1911, "cum": [0, 0, 0, 0, 0, 0, 0, 0, 0, 0, 0, 0, 0, 0, 0, 0, 0, 0, 0, 0, 0, 0, 0, 0, 0, 0, 0, 0, 0, 0, 1, 1, 1, 1, 1, 1, 1, 1, 1, 1, 1, 1, 1, 1, 1, 1, 1, 1, 1, 1, 1, 1, 1, 1, 1, 1, 1, 1, 1, 1, 1, 1, 1, 1], "psum": [0, 0, 0, 0, 0, 0, 0, 0, 0, 0, 0, 0, 0, 0, 0, 0, 0, 0, 0, 0, 0, 0, 0, 0, 0, 0, 0, 0, 0, 0, 15.0, 15.0, 15.0, 15.0, 15.0, 15.0, 15.0, 15.0, 15.0, 15.0, 15.0, 15.0, 15.0, 15.0, 15.0, 15.0, 15.0, 15.0, 15.0, 15.0, 15.0, 15.0, 15.0, 15.0, 15.0, 15.0, 15.0, 15.0, 15.0, 15.0, 15.0, 15.0, 15.0, 15.0], "pcnt": [0, 0, 0, 0, 0, 0, 0, 0, 0, 0, 0, 0, 0, 0, 0, 0, 0, 0, 0, 0, 0, 0, 0, 0, 0, 0, 0, 0, 0, 0, 1, 1, 1, 1, 1, 1, 1, 1, 1, 1, 1, 1, 1, 1, 1, 1, 1, 1, 1, 1, 1, 1, 1, 1, 1, 1, 1, 1, 1, 1, 1, 1, 1, 1]}}, {"type": "Feature", "geometry": {"type": "Point", "coordinates": [-104.566, 50.7935]}, "properties": {"twp": "021-19-W2", "prov": "SK", "total": 27, "first": 1888, "cum": [0, 0, 0, 0, 0, 0, 0, 12, 20, 20, 20, 20, 20, 20, 20, 20, 20, 20, 20, 20, 20, 20, 23, 23, 23, 25, 26, 26, 26, 27, 27, 27, 27, 27, 27, 27, 27, 27, 27, 27, 27, 27, 27, 27, 27, 27, 27, 27, 27, 27, 27, 27, 27, 27, 27, 27, 27, 27, 27, 27, 27, 27, 27, 27], "psum": [0, 0, 0, 0, 0, 0, 0, 26.0, 42.0, 42.0, 42.0, 42.0, 42.0, 42.0, 42.0, 42.0, 42.0, 42.0, 42.0, 42.0, 42.0, 42.0, 57.0, 57.0, 57.0, 71.0, 81.0, 81.0, 81.0, 91.0, 91.0, 91.0, 91.0, 91.0, 91.0, 91.0, 91.0, 91.0, 91.0, 91.0, 91.0, 91.0, 91.0, 91.0, 91.0, 91.0, 91.0, 91.0, 91.0, 91.0, 91.0, 91.0, 91.0, 91.0, 91.0, 91.0, 91.0, 91.0, 91.0, 91.0, 91.0, 91.0, 91.0, 91.0], "pcnt": [0, 0, 0, 0, 0, 0, 0, 12, 20, 20, 20, 20, 20, 20, 20, 20, 20, 20, 20, 20, 20, 20, 23, 23, 23, 25, 26, 26, 26, 27, 27, 27, 27, 27, 27, 27, 27, 27, 27, 27, 27, 27, 27, 27, 27, 27, 27, 27, 27, 27, 27, 27, 27, 27, 27, 27, 27, 27, 27, 27, 27, 27, 27, 27]}}, {"type": "Feature", "geometry": {"type": "Point", "coordinates": [-106.47519, 50.80796]}, "properties": {"twp": "021-04-W3", "prov": "SK", "total": 11, "first": 1909, "cum": [0, 0, 0, 0, 0, 0, 0, 0, 0, 0, 0, 0, 0, 0, 0, 0, 0, 0, 0, 0, 0, 0, 0, 0, 0, 0, 0, 0, 2, 2, 11, 11, 11, 11, 11, 11, 11, 11, 11, 11, 11, 11, 11, 11, 11, 11, 11, 11, 11, 11, 11, 11, 11, 11, 11, 11, 11, 11, 11, 11, 11, 11, 11, 11], "psum": [0, 0, 0, 0, 0, 0, 0, 0, 0, 0, 0, 0, 0, 0, 0, 0, 0, 0, 0, 0, 0, 0, 0, 0, 0, 0, 0, 0, 30.0, 30.0, 198.0, 198.0, 198.0, 198.0, 198.0, 198.0, 198.0, 198.0, 198.0, 198.0, 198.0, 198.0, 198.0, 198.0, 198.0, 198.0, 198.0, 198.0, 198.0, 198.0, 198.0, 198.0, 198.0, 198.0, 198.0, 198.0, 198.0, 198.0, 198.0, 198.0, 198.0, 198.0, 198.0, 198.0], "pcnt": [0, 0, 0, 0, 0, 0, 0, 0, 0, 0, 0, 0, 0, 0, 0, 0, 0, 0, 0, 0, 0, 0, 0, 0, 0, 0, 0, 0, 2, 2, 11, 11, 11, 11, 11, 11, 11, 11, 11, 11, 11, 11, 11, 11, 11, 11, 11, 11, 11, 11, 11, 11, 11, 11, 11, 11, 11, 11, 11, 11, 11, 11, 11, 11]}}, {"type": "Feature", "geometry": {"type": "Point", "coordinates": [-103.85082, 50.68736]}, "properties": {"twp": "020-14-W2", "prov": "SK", "total": 35, "first": 1896, "cum": [0, 0, 0, 0, 0, 0, 0, 0, 0, 0, 0, 0, 0, 0, 0, 1, 9, 18, 20, 23, 24, 26, 29, 29, 32, 34, 34, 34, 34, 35, 35, 35, 35, 35, 35, 35, 35, 35, 35, 35, 35, 35, 35, 35, 35, 35, 35, 35, 35, 35, 35, 35, 35, 35, 35, 35, 35, 35, 35, 35, 35, 35, 35, 35], "psum": [0, 0, 0, 0, 0, 0, 0, 0, 0, 0, 0, 0, 0, 0, 0, 3.0, 27.0, 54.0, 60.0, 69.0, 72.0, 79.0, 94.0, 94.0, 111.5, 125.5, 125.5, 125.5, 125.5, 135.5, 135.5, 135.5, 135.5, 135.5, 135.5, 135.5, 135.5, 135.5, 135.5, 135.5, 135.5, 135.5, 135.5, 135.5, 135.5, 135.5, 135.5, 135.5, 135.5, 135.5, 135.5, 135.5, 135.5, 135.5, 135.5, 135.5, 135.5, 135.5, 135.5, 135.5, 135.5, 135.5, 135.5, 135.5], "pcnt": [0, 0, 0, 0, 0, 0, 0, 0, 0, 0, 0, 0, 0, 0, 0, 1, 9, 18, 20, 23, 24, 26, 29, 29, 32, 34, 34, 34, 34, 35, 35, 35, 35, 35, 35, 35, 35, 35, 35, 35, 35, 35, 35, 35, 35, 35, 35, 35, 35, 35, 35, 35, 35, 35, 35, 35, 35, 35, 35, 35, 35, 35, 35, 35]}}, {"type": "Feature", "geometry": {"type": "Point", "coordinates": [-107.72572, 50.60431]}, "properties": {"twp": "019-13-W3", "prov": "SK", "total": 87, "first": 1903, "cum": [0, 0, 0, 0, 0, 0, 0, 0, 0, 0, 0, 0, 0, 0, 0, 0, 0, 0, 0, 0, 0, 0, 20, 20, 34, 80, 82, 82, 82, 85, 87, 87, 87, 87, 87, 87, 87, 87, 87, 87, 87, 87, 87, 87, 87, 87, 87, 87, 87, 87, 87, 87, 87, 87, 87, 87, 87, 87, 87, 87, 87, 87, 87, 87], "psum": [0, 0, 0, 0, 0, 0, 0, 0, 0, 0, 0, 0, 0, 0, 0, 0, 0, 0, 0, 0, 0, 0, 64.0, 64.0, 120.0, 392.0, 408.0, 408.0, 408.0, 432.0, 448.0, 448.0, 448.0, 448.0, 448.0, 448.0, 448.0, 448.0, 448.0, 448.0, 448.0, 448.0, 448.0, 448.0, 448.0, 448.0, 448.0, 448.0, 448.0, 448.0, 448.0, 448.0, 448.0, 448.0, 448.0, 448.0, 448.0, 448.0, 448.0, 448.0, 448.0, 448.0, 448.0, 448.0], "pcnt": [0, 0, 0, 0, 0, 0, 0, 0, 0, 0, 0, 0, 0, 0, 0, 0, 0, 0, 0, 0, 0, 0, 20, 20, 34, 80, 82, 82, 82, 85, 87, 87, 87, 87, 87, 87, 87, 87, 87, 87, 87, 87, 87, 87, 87, 87, 87, 87, 87, 87, 87, 87, 87, 87, 87, 87, 87, 87, 87, 87, 87, 87, 87, 87]}}, {"type": "Feature", "geometry": {"type": "Point", "coordinates": [-106.2946, 50.46496]}, "properties": {"twp": "017-03-W3", "prov": "SK", "total": 10, "first": 1906, "cum": [0, 0, 0, 0, 0, 0, 0, 0, 0, 0, 0, 0, 0, 0, 0, 0, 0, 0, 0, 0, 0, 0, 0, 0, 0, 6, 6, 6, 6, 6, 10, 10, 10, 10, 10, 10, 10, 10, 10, 10, 10, 10, 10, 10, 10, 10, 10, 10, 10, 10, 10, 10, 10, 10, 10, 10, 10, 10, 10, 10, 10, 10, 10, 10], "psum": [0, 0, 0, 0, 0, 0, 0, 0, 0, 0, 0, 0, 0, 0, 0, 0, 0, 0, 0, 0, 0, 0, 0, 0, 0, 37.0, 37.0, 37.0, 37.0, 37.0, 77.0, 77.0, 77.0, 77.0, 77.0, 77.0, 77.0, 77.0, 77.0, 77.0, 77.0, 77.0, 77.0, 77.0, 77.0, 77.0, 77.0, 77.0, 77.0, 77.0, 77.0, 77.0, 77.0, 77.0, 77.0, 77.0, 77.0, 77.0, 77.0, 77.0, 77.0, 77.0, 77.0, 77.0], "pcnt": [0, 0, 0, 0, 0, 0, 0, 0, 0, 0, 0, 0, 0, 0, 0, 0, 0, 0, 0, 0, 0, 0, 0, 0, 0, 6, 6, 6, 6, 6, 10, 10, 10, 10, 10, 10, 10, 10, 10, 10, 10, 10, 10, 10, 10, 10, 10, 10, 10, 10, 10, 10, 10, 10, 10, 10, 10, 10, 10, 10, 10, 10, 10, 10]}}, {"type": "Feature", "geometry": {"type": "Point", "coordinates": [-107.60178, 50.26018]}, "properties": {"twp": "015-12-W3", "prov": "SK", "total": 60, "first": 1903, "cum": [0, 0, 0, 0, 0, 0, 0, 0, 0, 0, 0, 0, 0, 0, 0, 0, 0, 0, 0, 0, 0, 0, 18, 27, 47, 56, 58, 58, 60, 60, 60, 60, 60, 60, 60, 60, 60, 60, 60, 60, 60, 60, 60, 60, 60, 60, 60, 60, 60, 60, 60, 60, 60, 60, 60, 60, 60, 60, 60, 60, 60, 60, 60, 60], "psum": [0, 0, 0, 0, 0, 0, 0, 0, 0, 0, 0, 0, 0, 0, 0, 0, 0, 0, 0, 0, 0, 0, 62.0, 93.5, 173.5, 227.5, 243.5, 243.5, 259.5, 259.5, 259.5, 259.5, 259.5, 259.5, 259.5, 259.5, 259.5, 259.5, 259.5, 259.5, 259.5, 259.5, 259.5, 259.5, 259.5, 259.5, 259.5, 259.5, 259.5, 259.5, 259.5, 259.5, 259.5, 259.5, 259.5, 259.5, 259.5, 259.5, 259.5, 259.5, 259.5, 259.5, 259.5, 259.5], "pcnt": [0, 0, 0, 0, 0, 0, 0, 0, 0, 0, 0, 0, 0, 0, 0, 0, 0, 0, 0, 0, 0, 0, 18, 27, 47, 56, 58, 58, 60, 60, 60, 60, 60, 60, 60, 60, 60, 60, 60, 60, 60, 60, 60, 60, 60, 60, 60, 60, 60, 60, 60, 60, 60, 60, 60, 60, 60, 60, 60, 60, 60, 60, 60, 60]}}, {"type": "Feature", "geometry": {"type": "Point", "coordinates": [-103.10568, 49.15592]}, "properties": {"twp": "002-09-W2", "prov": "SK", "total": 4, "first": 1892, "cum": [0, 0, 0, 0, 0, 0, 0, 0, 0, 0, 0, 2, 2, 2, 2, 2, 2, 2, 2, 4, 4, 4, 4, 4, 4, 4, 4, 4, 4, 4, 4, 4, 4, 4, 4, 4, 4, 4, 4, 4, 4, 4, 4, 4, 4, 4, 4, 4, 4, 4, 4, 4, 4, 4, 4, 4, 4, 4, 4, 4, 4, 4, 4, 4], "psum": [0, 0, 0, 0, 0, 0, 0, 0, 0, 0, 0, 7.0, 7.0, 7.0, 7.0, 7.0, 7.0, 7.0, 7.0, 15.0, 15.0, 15.0, 15.0, 15.0, 15.0, 15.0, 15.0, 15.0, 15.0, 15.0, 15.0, 15.0, 15.0, 15.0, 15.0, 15.0, 15.0, 15.0, 15.0, 15.0, 15.0, 15.0, 15.0, 15.0, 15.0, 15.0, 15.0, 15.0, 15.0, 15.0, 15.0, 15.0, 15.0, 15.0, 15.0, 15.0, 15.0, 15.0, 15.0, 15.0, 15.0, 15.0, 15.0, 15.0], "pcnt": [0, 0, 0, 0, 0, 0, 0, 0, 0, 0, 0, 2, 2, 2, 2, 2, 2, 2, 2, 4, 4, 4, 4, 4, 4, 4, 4, 4, 4, 4, 4, 4, 4, 4, 4, 4, 4, 4, 4, 4, 4, 4, 4, 4, 4, 4, 4, 4, 4, 4, 4, 4, 4, 4, 4, 4, 4, 4, 4, 4, 4, 4, 4, 4]}}, {"type": "Feature", "geometry": {"type": "Point", "coordinates": [-102.86411, 49.02686]}, "properties": {"twp": "001-07-W2", "prov": "SK", "total": 18, "first": 1901, "cum": [0, 0, 0, 0, 0, 0, 0, 0, 0, 0, 0, 0, 0, 0, 0, 0, 0, 0, 0, 0, 2, 15, 15, 15, 15, 15, 15, 15, 18, 18, 18, 18, 18, 18, 18, 18, 18, 18, 18, 18, 18, 18, 18, 18, 18, 18, 18, 18, 18, 18, 18, 18, 18, 18, 18, 18, 18, 18, 18, 18, 18, 18, 18, 18], "psum": [0, 0, 0, 0, 0, 0, 0, 0, 0, 0, 0, 0, 0, 0, 0, 0, 0, 0, 0, 0, 6.0, 47.0, 47.0, 47.0, 47.0, 47.0, 47.0, 47.0, 77.0, 77.0, 77.0, 77.0, 77.0, 77.0, 77.0, 77.0, 77.0, 77.0, 77.0, 77.0, 77.0, 77.0, 77.0, 77.0, 77.0, 77.0, 77.0, 77.0, 77.0, 77.0, 77.0, 77.0, 77.0, 77.0, 77.0, 77.0, 77.0, 77.0, 77.0, 77.0, 77.0, 77.0, 77.0, 77.0], "pcnt": [0, 0, 0, 0, 0, 0, 0, 0, 0, 0, 0, 0, 0, 0, 0, 0, 0, 0, 0, 0, 2, 15, 15, 15, 15, 15, 15, 15, 18, 18, 18, 18, 18, 18, 18, 18, 18, 18, 18, 18, 18, 18, 18, 18, 18, 18, 18, 18, 18, 18, 18, 18, 18, 18, 18, 18, 18, 18, 18, 18, 18, 18, 18, 18]}}, {"type": "Feature", "geometry": {"type": "Point", "coordinates": [-108.41801, 53.12613]}, "properties": {"twp": "048-17-W3", "prov": "SK", "total": 28, "first": 1902, "cum": [0, 0, 0, 0, 0, 0, 0, 0, 0, 0, 0, 0, 0, 0, 0, 0, 0, 0, 0, 0, 0, 2, 3, 9, 9, 11, 13, 13, 13, 17, 25, 28, 28, 28, 28, 28, 28, 28, 28, 28, 28, 28, 28, 28, 28, 28, 28, 28, 28, 28, 28, 28, 28, 28, 28, 28, 28, 28, 28, 28, 28, 28, 28, 28], "psum": [0, 0, 0, 0, 0, 0, 0, 0, 0, 0, 0, 0, 0, 0, 0, 0, 0, 0, 0, 0, 0, 8.0, 14.0, 50.0, 50.0, 66.0, 86.0, 86.0, 86.0, 126.0, 244.0, 284.0, 284.0, 284.0, 284.0, 284.0, 284.0, 284.0, 284.0, 284.0, 284.0, 284.0, 284.0, 284.0, 284.0, 284.0, 284.0, 284.0, 284.0, 284.0, 284.0, 284.0, 284.0, 284.0, 284.0, 284.0, 284.0, 284.0, 284.0, 284.0, 284.0, 284.0, 284.0, 284.0], "pcnt": [0, 0, 0, 0, 0, 0, 0, 0, 0, 0, 0, 0, 0, 0, 0, 0, 0, 0, 0, 0, 0, 2, 3, 9, 9, 11, 13, 13, 13, 17, 25, 28, 28, 28, 28, 28, 28, 28, 28, 28, 28, 28, 28, 28, 28, 28, 28, 28, 28, 28, 28, 28, 28, 28, 28, 28, 28, 28, 28, 28, 28, 28, 28, 28]}}, {"type": "Feature", "geometry": {"type": "Point", "coordinates": [-108.85031, 52.78325]}, "properties": {"twp": "044-20-W3", "prov": "SK", "total": 34, "first": 1906, "cum": [0, 0, 0, 0, 0, 0, 0, 0, 0, 0, 0, 0, 0, 0, 0, 0, 0, 0, 0, 0, 0, 0, 0, 0, 0, 19, 19, 21, 22, 33, 34, 34, 34, 34, 34, 34, 34, 34, 34, 34, 34, 34, 34, 34, 34, 34, 34, 34, 34, 34, 34, 34, 34, 34, 34, 34, 34, 34, 34, 34, 34, 34, 34, 34], "psum": [0, 0, 0, 0, 0, 0, 0, 0, 0, 0, 0, 0, 0, 0, 0, 0, 0, 0, 0, 0, 0, 0, 0, 0, 0, 160.0, 160.0, 180.0, 190.0, 329.0, 341.0, 341.0, 341.0, 341.0, 341.0, 341.0, 341.0, 341.0, 341.0, 341.0, 341.0, 341.0, 341.0, 341.0, 341.0, 341.0, 341.0, 341.0, 341.0, 341.0, 341.0, 341.0, 341.0, 341.0, 341.0, 341.0, 341.0, 341.0, 341.0, 341.0, 341.0, 341.0, 341.0, 341.0], "pcnt": [0, 0, 0, 0, 0, 0, 0, 0, 0, 0, 0, 0, 0, 0, 0, 0, 0, 0, 0, 0, 0, 0, 0, 0, 0, 19, 19, 21, 22, 33, 34, 34, 34, 34, 34, 34, 34, 34, 34, 34, 34, 34, 34, 34, 34, 34, 34, 34, 34, 34, 34, 34, 34, 34, 34, 34, 34, 34, 34, 34, 34, 34, 34, 34]}}, {"type": "Feature", "geometry": {"type": "Point", "coordinates": [-108.09638, 52.78151]}, "properties": {"twp": "044-15-W3", "prov": "SK", "total": 59, "first": 1902, "cum": [0, 0, 0, 0, 0, 0, 0, 0, 0, 0, 0, 0, 0, 0, 0, 0, 0, 0, 0, 0, 0, 25, 57, 57, 59, 59, 59, 59, 59, 59, 59, 59, 59, 59, 59, 59, 59, 59, 59, 59, 59, 59, 59, 59, 59, 59, 59, 59, 59, 59, 59, 59, 59, 59, 59, 59, 59, 59, 59, 59, 59, 59, 59, 59], "psum": [0, 0, 0, 0, 0, 0, 0, 0, 0, 0, 0, 0, 0, 0, 0, 0, 0, 0, 0, 0, 0, 96.5, 256.5, 256.5, 268.5, 268.5, 268.5, 268.5, 268.5, 268.5, 268.5, 268.5, 268.5, 268.5, 268.5, 268.5, 268.5, 268.5, 268.5, 268.5, 268.5, 268.5, 268.5, 268.5, 268.5, 268.5, 268.5, 268.5, 268.5, 268.5, 268.5, 268.5, 268.5, 268.5, 268.5, 268.5, 268.5, 268.5, 268.5, 268.5, 268.5, 268.5, 268.5, 268.5], "pcnt": [0, 0, 0, 0, 0, 0, 0, 0, 0, 0, 0, 0, 0, 0, 0, 0, 0, 0, 0, 0, 0, 25, 57, 57, 59, 59, 59, 59, 59, 59, 59, 59, 59, 59, 59, 59, 59, 59, 59, 59, 59, 59, 59, 59, 59, 59, 59, 59, 59, 59, 59, 59, 59, 59, 59, 59, 59, 59, 59, 59, 59, 59, 59, 59]}}, {"type": "Feature", "geometry": {"type": "Point", "coordinates": [-109.21144, 52.61139]}, "properties": {"twp": "042-23-W3", "prov": "SK", "total": 28, "first": 1905, "cum": [0, 0, 0, 0, 0, 0, 0, 0, 0, 0, 0, 0, 0, 0, 0, 0, 0, 0, 0, 0, 0, 0, 0, 0, 5, 5, 5, 5, 7, 7, 28, 28, 28, 28, 28, 28, 28, 28, 28, 28, 28, 28, 28, 28, 28, 28, 28, 28, 28, 28, 28, 28, 28, 28, 28, 28, 28, 28, 28, 28, 28, 28, 28, 28], "psum": [0, 0, 0, 0, 0, 0, 0, 0, 0, 0, 0, 0, 0, 0, 0, 0, 0, 0, 0, 0, 0, 0, 0, 0, 30.0, 30.0, 30.0, 30.0, 60.0, 60.0, 448.0, 448.0, 448.0, 448.0, 448.0, 448.0, 448.0, 448.0, 448.0, 448.0, 448.0, 448.0, 448.0, 448.0, 448.0, 448.0, 448.0, 448.0, 448.0, 448.0, 448.0, 448.0, 448.0, 448.0, 448.0, 448.0, 448.0, 448.0, 448.0, 448.0, 448.0, 448.0, 448.0, 448.0], "pcnt": [0, 0, 0, 0, 0, 0, 0, 0, 0, 0, 0, 0, 0, 0, 0, 0, 0, 0, 0, 0, 0, 0, 0, 0, 5, 5, 5, 5, 7, 7, 28, 28, 28, 28, 28, 28, 28, 28, 28, 28, 28, 28, 28, 28, 28, 28, 28, 28, 28, 28, 28, 28, 28, 28, 28, 28, 28, 28, 28, 28, 28, 28, 28, 28]}}, {"type": "Feature", "geometry": {"type": "Point", "coordinates": [-107.8317, 52.45359]}, "properties": {"twp": "040-13-W3", "prov": "SK", "total": 16, "first": 1904, "cum": [0, 0, 0, 0, 0, 0, 0, 0, 0, 0, 0, 0, 0, 0, 0, 0, 0, 0, 0, 0, 0, 0, 0, 4, 14, 14, 14, 14, 14, 15, 16, 16, 16, 16, 16, 16, 16, 16, 16, 16, 16, 16, 16, 16, 16, 16, 16, 16, 16, 16, 16, 16, 16, 16, 16, 16, 16, 16, 16, 16, 16, 16, 16, 16], "psum": [0, 0, 0, 0, 0, 0, 0, 0, 0, 0, 0, 0, 0, 0, 0, 0, 0, 0, 0, 0, 0, 0, 0, 24.0, 84.0, 84.0, 84.0, 84.0, 84.0, 94.0, 108.0, 108.0, 108.0, 108.0, 108.0, 108.0, 108.0, 108.0, 108.0, 108.0, 108.0, 108.0, 108.0, 108.0, 108.0, 108.0, 108.0, 108.0, 108.0, 108.0, 108.0, 108.0, 108.0, 108.0, 108.0, 108.0, 108.0, 108.0, 108.0, 108.0, 108.0, 108.0, 108.0, 108.0], "pcnt": [0, 0, 0, 0, 0, 0, 0, 0, 0, 0, 0, 0, 0, 0, 0, 0, 0, 0, 0, 0, 0, 0, 0, 4, 14, 14, 14, 14, 14, 15, 16, 16, 16, 16, 16, 16, 16, 16, 16, 16, 16, 16, 16, 16, 16, 16, 16, 16, 16, 16, 16, 16, 16, 16, 16, 16, 16, 16, 16, 16, 16, 16, 16, 16]}}, {"type": "Feature", "geometry": {"type": "Point", "coordinates": [-108.09882, 52.36543]}, "properties": {"twp": "039-15-W3", "prov": "SK", "total": 17, "first": 1906, "cum": [0, 0, 0, 0, 0, 0, 0, 0, 0, 0, 0, 0, 0, 0, 0, 0, 0, 0, 0, 0, 0, 0, 0, 0, 0, 6, 6, 6, 6, 11, 17, 17, 17, 17, 17, 17, 17, 17, 17, 17, 17, 17, 17, 17, 17, 17, 17, 17, 17, 17, 17, 17, 17, 17, 17, 17, 17, 17, 17, 17, 17, 17, 17, 17], "psum": [0, 0, 0, 0, 0, 0, 0, 0, 0, 0, 0, 0, 0, 0, 0, 0, 0, 0, 0, 0, 0, 0, 0, 0, 0, 48.0, 48.0, 48.0, 48.0, 108.0, 190.0, 190.0, 190.0, 190.0, 190.0, 190.0, 190.0, 190.0, 190.0, 190.0, 190.0, 190.0, 190.0, 190.0, 190.0, 190.0, 190.0, 190.0, 190.0, 190.0, 190.0, 190.0, 190.0, 190.0, 190.0, 190.0, 190.0, 190.0, 190.0, 190.0, 190.0, 190.0, 190.0, 190.0], "pcnt": [0, 0, 0, 0, 0, 0, 0, 0, 0, 0, 0, 0, 0, 0, 0, 0, 0, 0, 0, 0, 0, 0, 0, 0, 0, 6, 6, 6, 6, 11, 17, 17, 17, 17, 17, 17, 17, 17, 17, 17, 17, 17, 17, 17, 17, 17, 17, 17, 17, 17, 17, 17, 17, 17, 17, 17, 17, 17, 17, 17, 17, 17, 17, 17]}}, {"type": "Feature", "geometry": {"type": "Point", "coordinates": [-109.89536, 52.01618]}, "properties": {"twp": "035-28-W3", "prov": "SK", "total": 2, "first": 1905, "cum": [0, 0, 0, 0, 0, 0, 0, 0, 0, 0, 0, 0, 0, 0, 0, 0, 0, 0, 0, 0, 0, 0, 0, 0, 2, 2, 2, 2, 2, 2, 2, 2, 2, 2, 2, 2, 2, 2, 2, 2, 2, 2, 2, 2, 2, 2, 2, 2, 2, 2, 2, 2, 2, 2, 2, 2, 2, 2, 2, 2, 2, 2, 2, 2], "psum": [0, 0, 0, 0, 0, 0, 0, 0, 0, 0, 0, 0, 0, 0, 0, 0, 0, 0, 0, 0, 0, 0, 0, 0, 10.0, 10.0, 10.0, 10.0, 10.0, 10.0, 10.0, 10.0, 10.0, 10.0, 10.0, 10.0, 10.0, 10.0, 10.0, 10.0, 10.0, 10.0, 10.0, 10.0, 10.0, 10.0, 10.0, 10.0, 10.0, 10.0, 10.0, 10.0, 10.0, 10.0, 10.0, 10.0, 10.0, 10.0, 10.0, 10.0, 10.0, 10.0, 10.0, 10.0], "pcnt": [0, 0, 0, 0, 0, 0, 0, 0, 0, 0, 0, 0, 0, 0, 0, 0, 0, 0, 0, 0, 0, 0, 0, 0, 2, 2, 2, 2, 2, 2, 2, 2, 2, 2, 2, 2, 2, 2, 2, 2, 2, 2, 2, 2, 2, 2, 2, 2, 2, 2, 2, 2, 2, 2, 2, 2, 2, 2, 2, 2, 2, 2, 2, 2]}}, {"type": "Feature", "geometry": {"type": "Point", "coordinates": [-104.14326, 51.51397]}, "properties": {"twp": "029-16-W2", "prov": "SK", "total": 7, "first": 1906, "cum": [0, 0, 0, 0, 0, 0, 0, 0, 0, 0, 0, 0, 0, 0, 0, 0, 0, 0, 0, 0, 0, 0, 0, 0, 0, 6, 6, 6, 6, 6, 7, 7, 7, 7, 7, 7, 7, 7, 7, 7, 7, 7, 7, 7, 7, 7, 7, 7, 7, 7, 7, 7, 7, 7, 7, 7, 7, 7, 7, 7, 7, 7, 7, 7], "psum": [0, 0, 0, 0, 0, 0, 0, 0, 0, 0, 0, 0, 0, 0, 0, 0, 0, 0, 0, 0, 0, 0, 0, 0, 0, 48.0, 48.0, 48.0, 48.0, 48.0, 60.0, 60.0, 60.0, 60.0, 60.0, 60.0, 60.0, 60.0, 60.0, 60.0, 60.0, 60.0, 60.0, 60.0, 60.0, 60.0, 60.0, 60.0, 60.0, 60.0, 60.0, 60.0, 60.0, 60.0, 60.0, 60.0, 60.0, 60.0, 60.0, 60.0, 60.0, 60.0, 60.0, 60.0], "pcnt": [0, 0, 0, 0, 0, 0, 0, 0, 0, 0, 0, 0, 0, 0, 0, 0, 0, 0, 0, 0, 0, 0, 0, 0, 0, 6, 6, 6, 6, 6, 7, 7, 7, 7, 7, 7, 7, 7, 7, 7, 7, 7, 7, 7, 7, 7, 7, 7, 7, 7, 7, 7, 7, 7, 7, 7, 7, 7, 7, 7, 7, 7, 7, 7]}}, {"type": "Feature", "geometry": {"type": "Point", "coordinates": [-103.76275, 51.52886]}, "properties": {"twp": "029-13-W2", "prov": "SK", "total": 11, "first": 1907, "cum": [0, 0, 0, 0, 0, 0, 0, 0, 0, 0, 0, 0, 0, 0, 0, 0, 0, 0, 0, 0, 0, 0, 0, 0, 0, 0, 1, 1, 1, 1, 7, 11, 11, 11, 11, 11, 11, 11, 11, 11, 11, 11, 11, 11, 11, 11, 11, 11, 11, 11, 11, 11, 11, 11, 11, 11, 11, 11, 11, 11, 11, 11, 11, 11], "psum": [0, 0, 0, 0, 0, 0, 0, 0, 0, 0, 0, 0, 0, 0, 0, 0, 0, 0, 0, 0, 0, 0, 0, 0, 0, 0, 10.0, 10.0, 10.0, 10.0, 97.0, 160.0, 160.0, 160.0, 160.0, 160.0, 160.0, 160.0, 160.0, 160.0, 160.0, 160.0, 160.0, 160.0, 160.0, 160.0, 160.0, 160.0, 160.0, 160.0, 160.0, 160.0, 160.0, 160.0, 160.0, 160.0, 160.0, 160.0, 160.0, 160.0, 160.0, 160.0, 160.0, 160.0], "pcnt": [0, 0, 0, 0, 0, 0, 0, 0, 0, 0, 0, 0, 0, 0, 0, 0, 0, 0, 0, 0, 0, 0, 0, 0, 0, 0, 1, 1, 1, 1, 7, 11, 11, 11, 11, 11, 11, 11, 11, 11, 11, 11, 11, 11, 11, 11, 11, 11, 11, 11, 11, 11, 11, 11, 11, 11, 11, 11, 11, 11, 11, 11, 11, 11]}}, {"type": "Feature", "geometry": {"type": "Point", "coordinates": [-102.88508, 51.34268]}, "properties": {"twp": "027-07-W2", "prov": "SK", "total": 2, "first": 1910, "cum": [0, 0, 0, 0, 0, 0, 0, 0, 0, 0, 0, 0, 0, 0, 0, 0, 0, 0, 0, 0, 0, 0, 0, 0, 0, 0, 0, 0, 0, 2, 2, 2, 2, 2, 2, 2, 2, 2, 2, 2, 2, 2, 2, 2, 2, 2, 2, 2, 2, 2, 2, 2, 2, 2, 2, 2, 2, 2, 2, 2, 2, 2, 2, 2], "psum": [0, 0, 0, 0, 0, 0, 0, 0, 0, 0, 0, 0, 0, 0, 0, 0, 0, 0, 0, 0, 0, 0, 0, 0, 0, 0, 0, 0, 0, 20.0, 20.0, 20.0, 20.0, 20.0, 20.0, 20.0, 20.0, 20.0, 20.0, 20.0, 20.0, 20.0, 20.0, 20.0, 20.0, 20.0, 20.0, 20.0, 20.0, 20.0, 20.0, 20.0, 20.0, 20.0, 20.0, 20.0, 20.0, 20.0, 20.0, 20.0, 20.0, 20.0, 20.0, 20.0], "pcnt": [0, 0, 0, 0, 0, 0, 0, 0, 0, 0, 0, 0, 0, 0, 0, 0, 0, 0, 0, 0, 0, 0, 0, 0, 0, 0, 0, 0, 0, 2, 2, 2, 2, 2, 2, 2, 2, 2, 2, 2, 2, 2, 2, 2, 2, 2, 2, 2, 2, 2, 2, 2, 2, 2, 2, 2, 2, 2, 2, 2, 2, 2, 2, 2]}}, {"type": "Feature", "geometry": {"type": "Point", "coordinates": [-102.65287, 51.14533]}, "properties": {"twp": "025-05-W2", "prov": "SK", "total": 33, "first": 1906, "cum": [0, 0, 0, 0, 0, 0, 0, 0, 0, 0, 0, 0, 0, 0, 0, 0, 0, 0, 0, 0, 0, 0, 0, 0, 0, 2, 5, 7, 16, 27, 33, 33, 33, 33, 33, 33, 33, 33, 33, 33, 33, 33, 33, 33, 33, 33, 33, 33, 33, 33, 33, 33, 33, 33, 33, 33, 33, 33, 33, 33, 33, 33, 33, 33], "psum": [0, 0, 0, 0, 0, 0, 0, 0, 0, 0, 0, 0, 0, 0, 0, 0, 0, 0, 0, 0, 0, 0, 0, 0, 0, 20.0, 50.0, 70.0, 160.0, 284.0, 369.0, 369.0, 369.0, 369.0, 369.0, 369.0, 369.0, 369.0, 369.0, 369.0, 369.0, 369.0, 369.0, 369.0, 369.0, 369.0, 369.0, 369.0, 369.0, 369.0, 369.0, 369.0, 369.0, 369.0, 369.0, 369.0, 369.0, 369.0, 369.0, 369.0, 369.0, 369.0, 369.0, 369.0], "pcnt": [0, 0, 0, 0, 0, 0, 0, 0, 0, 0, 0, 0, 0, 0, 0, 0, 0, 0, 0, 0, 0, 0, 0, 0, 0, 2, 5, 7, 16, 27, 33, 33, 33, 33, 33, 33, 33, 33, 33, 33, 33, 33, 33, 33, 33, 33, 33, 33, 33, 33, 33, 33, 33, 33, 33, 33, 33, 33, 33, 33, 33, 33, 33, 33]}}, {"type": "Feature", "geometry": {"type": "Point", "coordinates": [-103.31695, 51.09254]}, "properties": {"twp": "024-10-W2", "prov": "SK", "total": 2, "first": 1911, "cum": [0, 0, 0, 0, 0, 0, 0, 0, 0, 0, 0, 0, 0, 0, 0, 0, 0, 0, 0, 0, 0, 0, 0, 0, 0, 0, 0, 0, 0, 0, 1, 2, 2, 2, 2, 2, 2, 2, 2, 2, 2, 2, 2, 2, 2, 2, 2, 2, 2, 2, 2, 2, 2, 2, 2, 2, 2, 2, 2, 2, 2, 2, 2, 2], "psum": [0, 0, 0, 0, 0, 0, 0, 0, 0, 0, 0, 0, 0, 0, 0, 0, 0, 0, 0, 0, 0, 0, 0, 0, 0, 0, 0, 0, 0, 0, 18.0, 38.7, 38.7, 38.7, 38.7, 38.7, 38.7, 38.7, 38.7, 38.7, 38.7, 38.7, 38.7, 38.7, 38.7, 38.7, 38.7, 38.7, 38.7, 38.7, 38.7, 38.7, 38.7, 38.7, 38.7, 38.7, 38.7, 38.7, 38.7, 38.7, 38.7, 38.7, 38.7, 38.7], "pcnt": [0, 0, 0, 0, 0, 0, 0, 0, 0, 0, 0, 0, 0, 0, 0, 0, 0, 0, 0, 0, 0, 0, 0, 0, 0, 0, 0, 0, 0, 0, 1, 2, 2, 2, 2, 2, 2, 2, 2, 2, 2, 2, 2, 2, 2, 2, 2, 2, 2, 2, 2, 2, 2, 2, 2, 2, 2, 2, 2, 2, 2, 2, 2, 2]}}, {"type": "Feature", "geometry": {"type": "Point", "coordinates": [-104.67343, 50.77434]}, "properties": {"twp": "021-20-W2", "prov": "SK", "total": 18, "first": 1888, "cum": [0, 0, 0, 0, 0, 0, 0, 2, 2, 2, 4, 4, 4, 4, 4, 4, 4, 5, 5, 5, 5, 5, 7, 8, 9, 9, 12, 12, 13, 14, 18, 18, 18, 18, 18, 18, 18, 18, 18, 18, 18, 18, 18, 18, 18, 18, 18, 18, 18, 18, 18, 18, 18, 18, 18, 18, 18, 18, 18, 18, 18, 18, 18, 18], "psum": [0, 0, 0, 0, 0, 0, 0, 5.0, 5.0, 5.0, 12.0, 12.0, 12.0, 12.0, 12.0, 12.0, 12.0, 15.0, 15.0, 15.0, 15.0, 15.0, 25.0, 30.0, 34.6, 34.6, 64.6, 64.6, 74.6, 84.6, 124.6, 124.6, 124.6, 124.6, 124.6, 124.6, 124.6, 124.6, 124.6, 124.6, 124.6, 124.6, 124.6, 124.6, 124.6, 124.6, 124.6, 124.6, 124.6, 124.6, 124.6, 124.6, 124.6, 124.6, 124.6, 124.6, 124.6, 124.6, 124.6, 124.6, 124.6, 124.6, 124.6, 124.6], "pcnt": [0, 0, 0, 0, 0, 0, 0, 2, 2, 2, 4, 4, 4, 4, 4, 4, 4, 5, 5, 5, 5, 5, 7, 8, 9, 9, 12, 12, 13, 14, 18, 18, 18, 18, 18, 18, 18, 18, 18, 18, 18, 18, 18, 18, 18, 18, 18, 18, 18, 18, 18, 18, 18, 18, 18, 18, 18, 18, 18, 18, 18, 18, 18, 18]}}, {"type": "Feature", "geometry": {"type": "Point", "coordinates": [-101.59555, 50.71081]}, "properties": {"twp": "020-30-W1", "prov": "SK", "total": 31, "first": 1905, "cum": [0, 0, 0, 0, 0, 0, 0, 0, 0, 0, 0, 0, 0, 0, 0, 0, 0, 0, 0, 0, 0, 0, 0, 0, 14, 21, 30, 30, 31, 31, 31, 31, 31, 31, 31, 31, 31, 31, 31, 31, 31, 31, 31, 31, 31, 31, 31, 31, 31, 31, 31, 31, 31, 31, 31, 31, 31, 31, 31, 31, 31, 31, 31, 31], "psum": [0, 0, 0, 0, 0, 0, 0, 0, 0, 0, 0, 0, 0, 0, 0, 0, 0, 0, 0, 0, 0, 0, 0, 0, 102.0, 160.0, 274.0, 274.0, 286.0, 286.0, 286.0, 286.0, 286.0, 286.0, 286.0, 286.0, 286.0, 286.0, 286.0, 286.0, 286.0, 286.0, 286.0, 286.0, 286.0, 286.0, 286.0, 286.0, 286.0, 286.0, 286.0, 286.0, 286.0, 286.0, 286.0, 286.0, 286.0, 286.0, 286.0, 286.0, 286.0, 286.0, 286.0, 286.0], "pcnt": [0, 0, 0, 0, 0, 0, 0, 0, 0, 0, 0, 0, 0, 0, 0, 0, 0, 0, 0, 0, 0, 0, 0, 0, 14, 21, 30, 30, 31, 31, 31, 31, 31, 31, 31, 31, 31, 31, 31, 31, 31, 31, 31, 31, 31, 31, 31, 31, 31, 31, 31, 31, 31, 31, 31, 31, 31, 31, 31, 31, 31, 31, 31, 31]}}, {"type": "Feature", "geometry": {"type": "Point", "coordinates": [-105.42782, 50.70358]}, "properties": {"twp": "020-25-W2", "prov": "SK", "total": 36, "first": 1906, "cum": [0, 0, 0, 0, 0, 0, 0, 0, 0, 0, 0, 0, 0, 0, 0, 0, 0, 0, 0, 0, 0, 0, 0, 0, 0, 24, 24, 25, 27, 27, 35, 36, 36, 36, 36, 36, 36, 36, 36, 36, 36, 36, 36, 36, 36, 36, 36, 36, 36, 36, 36, 36, 36, 36, 36, 36, 36, 36, 36, 36, 36, 36, 36, 36], "psum": [0, 0, 0, 0, 0, 0, 0, 0, 0, 0, 0, 0, 0, 0, 0, 0, 0, 0, 0, 0, 0, 0, 0, 0, 0, 144.0, 144.0, 154.0, 174.0, 174.0, 286.0, 300.0, 300.0, 300.0, 300.0, 300.0, 300.0, 300.0, 300.0, 300.0, 300.0, 300.0, 300.0, 300.0, 300.0, 300.0, 300.0, 300.0, 300.0, 300.0, 300.0, 300.0, 300.0, 300.0, 300.0, 300.0, 300.0, 300.0, 300.0, 300.0, 300.0, 300.0, 300.0, 300.0], "pcnt": [0, 0, 0, 0, 0, 0, 0, 0, 0, 0, 0, 0, 0, 0, 0, 0, 0, 0, 0, 0, 0, 0, 0, 0, 0, 24, 24, 25, 27, 27, 35, 36, 36, 36, 36, 36, 36, 36, 36, 36, 36, 36, 36, 36, 36, 36, 36, 36, 36, 36, 36, 36, 36, 36, 36, 36, 36, 36, 36, 36, 36, 36, 36, 36]}}, {"type": "Feature", "geometry": {"type": "Point", "coordinates": [-104.29184, 50.6887]}, "properties": {"twp": "020-17-W2", "prov": "SK", "total": 23, "first": 1890, "cum": [0, 0, 0, 0, 0, 0, 0, 0, 0, 1, 1, 1, 2, 2, 2, 2, 2, 2, 6, 7, 8, 15, 19, 20, 23, 23, 23, 23, 23, 23, 23, 23, 23, 23, 23, 23, 23, 23, 23, 23, 23, 23, 23, 23, 23, 23, 23, 23, 23, 23, 23, 23, 23, 23, 23, 23, 23, 23, 23, 23, 23, 23, 23, 23], "psum": [0, 0, 0, 0, 0, 0, 0, 0, 0, 3.5, 3.5, 3.5, 6.5, 6.5, 6.5, 6.5, 6.5, 6.5, 18.5, 21.5, 24.5, 55.5, 75.5, 80.5, 98.5, 98.5, 98.5, 98.5, 98.5, 98.5, 98.5, 98.5, 98.5, 98.5, 98.5, 98.5, 98.5, 98.5, 98.5, 98.5, 98.5, 98.5, 98.5, 98.5, 98.5, 98.5, 98.5, 98.5, 98.5, 98.5, 98.5, 98.5, 98.5, 98.5, 98.5, 98.5, 98.5, 98.5, 98.5, 98.5, 98.5, 98.5, 98.5, 98.5], "pcnt": [0, 0, 0, 0, 0, 0, 0, 0, 0, 1, 1, 1, 2, 2, 2, 2, 2, 2, 6, 7, 8, 15, 19, 20, 23, 23, 23, 23, 23, 23, 23, 23, 23, 23, 23, 23, 23, 23, 23, 23, 23, 23, 23, 23, 23, 23, 23, 23, 23, 23, 23, 23, 23, 23, 23, 23, 23, 23, 23, 23, 23, 23, 23, 23]}}, {"type": "Feature", "geometry": {"type": "Point", "coordinates": [-107.88432, 50.60846]}, "properties": {"twp": "019-14-W3", "prov": "SK", "total": 45, "first": 1903, "cum": [0, 0, 0, 0, 0, 0, 0, 0, 0, 0, 0, 0, 0, 0, 0, 0, 0, 0, 0, 0, 0, 0, 8, 8, 30, 40, 40, 40, 40, 40, 45, 45, 45, 45, 45, 45, 45, 45, 45, 45, 45, 45, 45, 45, 45, 45, 45, 45, 45, 45, 45, 45, 45, 45, 45, 45, 45, 45, 45, 45, 45, 45, 45, 45], "psum": [0, 0, 0, 0, 0, 0, 0, 0, 0, 0, 0, 0, 0, 0, 0, 0, 0, 0, 0, 0, 0, 0, 28.0, 28.0, 118.0, 178.0, 178.0, 178.0, 178.0, 178.0, 238.0, 238.0, 238.0, 238.0, 238.0, 238.0, 238.0, 238.0, 238.0, 238.0, 238.0, 238.0, 238.0, 238.0, 238.0, 238.0, 238.0, 238.0, 238.0, 238.0, 238.0, 238.0, 238.0, 238.0, 238.0, 238.0, 238.0, 238.0, 238.0, 238.0, 238.0, 238.0, 238.0, 238.0], "pcnt": [0, 0, 0, 0, 0, 0, 0, 0, 0, 0, 0, 0, 0, 0, 0, 0, 0, 0, 0, 0, 0, 0, 8, 8, 30, 40, 40, 40, 40, 40, 45, 45, 45, 45, 45, 45, 45, 45, 45, 45, 45, 45, 45, 45, 45, 45, 45, 45, 45, 45, 45, 45, 45, 45, 45, 45, 45, 45, 45, 45, 45, 45, 45, 45]}}, {"type": "Feature", "geometry": {"type": "Point", "coordinates": [-104.01508, 50.33925]}, "properties": {"twp": "016-15-W2", "prov": "SK", "total": 69, "first": 1900, "cum": [0, 0, 0, 0, 0, 0, 0, 0, 0, 0, 0, 0, 0, 0, 0, 0, 0, 0, 0, 3, 3, 39, 42, 42, 42, 65, 65, 66, 66, 68, 69, 69, 69, 69, 69, 69, 69, 69, 69, 69, 69, 69, 69, 69, 69, 69, 69, 69, 69, 69, 69, 69, 69, 69, 69, 69, 69, 69, 69, 69, 69, 69, 69, 69], "psum": [0, 0, 0, 0, 0, 0, 0, 0, 0, 0, 0, 0, 0, 0, 0, 0, 0, 0, 0, 9.0, 9.0, 129.0, 149.0, 149.0, 149.0, 351.0, 351.0, 366.0, 366.0, 392.0, 407.0, 407.0, 407.0, 407.0, 407.0, 407.0, 407.0, 407.0, 407.0, 407.0, 407.0, 407.0, 407.0, 407.0, 407.0, 407.0, 407.0, 407.0, 407.0, 407.0, 407.0, 407.0, 407.0, 407.0, 407.0, 407.0, 407.0, 407.0, 407.0, 407.0, 407.0, 407.0, 407.0, 407.0], "pcnt": [0, 0, 0, 0, 0, 0, 0, 0, 0, 0, 0, 0, 0, 0, 0, 0, 0, 0, 0, 3, 3, 39, 42, 42, 42, 65, 65, 66, 66, 68, 69, 69, 69, 69, 69, 69, 69, 69, 69, 69, 69, 69, 69, 69, 69, 69, 69, 69, 69, 69, 69, 69, 69, 69, 69, 69, 69, 69, 69, 69, 69, 69, 69, 69]}}, {"type": "Feature", "geometry": {"type": "Point", "coordinates": [-107.14369, 50.36455]}, "properties": {"twp": "016-09-W3", "prov": "SK", "total": 11, "first": 1903, "cum": [0, 0, 0, 0, 0, 0, 0, 0, 0, 0, 0, 0, 0, 0, 0, 0, 0, 0, 0, 0, 0, 0, 2, 11, 11, 11, 11, 11, 11, 11, 11, 11, 11, 11, 11, 11, 11, 11, 11, 11, 11, 11, 11, 11, 11, 11, 11, 11, 11, 11, 11, 11, 11, 11, 11, 11, 11, 11, 11, 11, 11, 11, 11, 11], "psum": [0, 0, 0, 0, 0, 0, 0, 0, 0, 0, 0, 0, 0, 0, 0, 0, 0, 0, 0, 0, 0, 0, 7.0, 38.5, 38.5, 38.5, 38.5, 38.5, 38.5, 38.5, 38.5, 38.5, 38.5, 38.5, 38.5, 38.5, 38.5, 38.5, 38.5, 38.5, 38.5, 38.5, 38.5, 38.5, 38.5, 38.5, 38.5, 38.5, 38.5, 38.5, 38.5, 38.5, 38.5, 38.5, 38.5, 38.5, 38.5, 38.5, 38.5, 38.5, 38.5, 38.5, 38.5, 38.5], "pcnt": [0, 0, 0, 0, 0, 0, 0, 0, 0, 0, 0, 0, 0, 0, 0, 0, 0, 0, 0, 0, 0, 0, 2, 11, 11, 11, 11, 11, 11, 11, 11, 11, 11, 11, 11, 11, 11, 11, 11, 11, 11, 11, 11, 11, 11, 11, 11, 11, 11, 11, 11, 11, 11, 11, 11, 11, 11, 11, 11, 11, 11, 11, 11, 11]}}, {"type": "Feature", "geometry": {"type": "Point", "coordinates": [-103.55923, 50.25226]}, "properties": {"twp": "015-12-W2", "prov": "SK", "total": 36, "first": 1902, "cum": [0, 0, 0, 0, 0, 0, 0, 0, 0, 0, 0, 0, 0, 0, 0, 0, 0, 0, 0, 0, 0, 8, 21, 24, 24, 24, 26, 27, 31, 32, 36, 36, 36, 36, 36, 36, 36, 36, 36, 36, 36, 36, 36, 36, 36, 36, 36, 36, 36, 36, 36, 36, 36, 36, 36, 36, 36, 36, 36, 36, 36, 36, 36, 36], "psum": [0, 0, 0, 0, 0, 0, 0, 0, 0, 0, 0, 0, 0, 0, 0, 0, 0, 0, 0, 0, 0, 40.0, 119.0, 140.0, 140.0, 140.0, 170.0, 200.0, 280.0, 295.0, 374.0, 374.0, 374.0, 374.0, 374.0, 374.0, 374.0, 374.0, 374.0, 374.0, 374.0, 374.0, 374.0, 374.0, 374.0, 374.0, 374.0, 374.0, 374.0, 374.0, 374.0, 374.0, 374.0, 374.0, 374.0, 374.0, 374.0, 374.0, 374.0, 374.0, 374.0, 374.0, 374.0, 374.0], "pcnt": [0, 0, 0, 0, 0, 0, 0, 0, 0, 0, 0, 0, 0, 0, 0, 0, 0, 0, 0, 0, 0, 8, 21, 24, 24, 24, 26, 27, 31, 32, 36, 36, 36, 36, 36, 36, 36, 36, 36, 36, 36, 36, 36, 36, 36, 36, 36, 36, 36, 36, 36, 36, 36, 36, 36, 36, 36, 36, 36, 36, 36, 36, 36, 36]}}, {"type": "Feature", "geometry": {"type": "Point", "coordinates": [-102.4818, 50.17159]}, "properties": {"twp": "014-04-W2", "prov": "SK", "total": 27, "first": 1883, "cum": [0, 0, 4, 4, 4, 4, 4, 4, 4, 4, 4, 4, 4, 4, 4, 4, 4, 5, 5, 7, 7, 16, 18, 20, 21, 26, 27, 27, 27, 27, 27, 27, 27, 27, 27, 27, 27, 27, 27, 27, 27, 27, 27, 27, 27, 27, 27, 27, 27, 27, 27, 27, 27, 27, 27, 27, 27, 27, 27, 27, 27, 27, 27, 27], "psum": [0, 0, 14.0, 14.0, 14.0, 14.0, 14.0, 14.0, 14.0, 14.0, 14.0, 14.0, 14.0, 14.0, 14.0, 14.0, 14.0, 17.0, 17.0, 23.0, 23.0, 68.0, 78.0, 96.0, 104.0, 148.0, 163.0, 163.0, 163.0, 163.0, 163.0, 163.0, 163.0, 163.0, 163.0, 163.0, 163.0, 163.0, 163.0, 163.0, 163.0, 163.0, 163.0, 163.0, 163.0, 163.0, 163.0, 163.0, 163.0, 163.0, 163.0, 163.0, 163.0, 163.0, 163.0, 163.0, 163.0, 163.0, 163.0, 163.0, 163.0, 163.0, 163.0, 163.0], "pcnt": [0, 0, 4, 4, 4, 4, 4, 4, 4, 4, 4, 4, 4, 4, 4, 4, 4, 5, 5, 7, 7, 16, 18, 20, 21, 26, 27, 27, 27, 27, 27, 27, 27, 27, 27, 27, 27, 27, 27, 27, 27, 27, 27, 27, 27, 27, 27, 27, 27, 27, 27, 27, 27, 27, 27, 27, 27, 27, 27, 27, 27, 27, 27, 27]}}, {"type": "Feature", "geometry": {"type": "Point", "coordinates": [-109.99697, 50.09521]}, "properties": {"twp": "013-30-W3", "prov": "SK", "total": 2, "first": 1903, "cum": [0, 0, 0, 0, 0, 0, 0, 0, 0, 0, 0, 0, 0, 0, 0, 0, 0, 0, 0, 0, 0, 0, 2, 2, 2, 2, 2, 2, 2, 2, 2, 2, 2, 2, 2, 2, 2, 2, 2, 2, 2, 2, 2, 2, 2, 2, 2, 2, 2, 2, 2, 2, 2, 2, 2, 2, 2, 2, 2, 2, 2, 2, 2, 2], "psum": [0, 0, 0, 0, 0, 0, 0, 0, 0, 0, 0, 0, 0, 0, 0, 0, 0, 0, 0, 0, 0, 0, 7.0, 7.0, 7.0, 7.0, 7.0, 7.0, 7.0, 7.0, 7.0, 7.0, 7.0, 7.0, 7.0, 7.0, 7.0, 7.0, 7.0, 7.0, 7.0, 7.0, 7.0, 7.0, 7.0, 7.0, 7.0, 7.0, 7.0, 7.0, 7.0, 7.0, 7.0, 7.0, 7.0, 7.0, 7.0, 7.0, 7.0, 7.0, 7.0, 7.0, 7.0, 7.0], "pcnt": [0, 0, 0, 0, 0, 0, 0, 0, 0, 0, 0, 0, 0, 0, 0, 0, 0, 0, 0, 0, 0, 0, 2, 2, 2, 2, 2, 2, 2, 2, 2, 2, 2, 2, 2, 2, 2, 2, 2, 2, 2, 2, 2, 2, 2, 2, 2, 2, 2, 2, 2, 2, 2, 2, 2, 2, 2, 2, 2, 2, 2, 2, 2, 2]}}, {"type": "Feature", "geometry": {"type": "Point", "coordinates": [-104.78629, 49.99605]}, "properties": {"twp": "012-21-W2", "prov": "SK", "total": 35, "first": 1902, "cum": [0, 0, 0, 0, 0, 0, 0, 0, 0, 0, 0, 0, 0, 0, 0, 0, 0, 0, 0, 0, 0, 12, 16, 18, 34, 34, 34, 34, 34, 35, 35, 35, 35, 35, 35, 35, 35, 35, 35, 35, 35, 35, 35, 35, 35, 35, 35, 35, 35, 35, 35, 35, 35, 35, 35, 35, 35, 35, 35, 35, 35, 35, 35, 35], "psum": [0, 0, 0, 0, 0, 0, 0, 0, 0, 0, 0, 0, 0, 0, 0, 0, 0, 0, 0, 0, 0, 60.0, 80.0, 90.0, 170.0, 170.0, 170.0, 170.0, 170.0, 178.0, 178.0, 178.0, 178.0, 178.0, 178.0, 178.0, 178.0, 178.0, 178.0, 178.0, 178.0, 178.0, 178.0, 178.0, 178.0, 178.0, 178.0, 178.0, 178.0, 178.0, 178.0, 178.0, 178.0, 178.0, 178.0, 178.0, 178.0, 178.0, 178.0, 178.0, 178.0, 178.0, 178.0, 178.0], "pcnt": [0, 0, 0, 0, 0, 0, 0, 0, 0, 0, 0, 0, 0, 0, 0, 0, 0, 0, 0, 0, 0, 12, 16, 18, 34, 34, 34, 34, 34, 35, 35, 35, 35, 35, 35, 35, 35, 35, 35, 35, 35, 35, 35, 35, 35, 35, 35, 35, 35, 35, 35, 35, 35, 35, 35, 35, 35, 35, 35, 35, 35, 35, 35, 35]}}, {"type": "Feature", "geometry": {"type": "Point", "coordinates": [-104.65782, 49.90291]}, "properties": {"twp": "011-20-W2", "prov": "SK", "total": 49, "first": 1903, "cum": [0, 0, 0, 0, 0, 0, 0, 0, 0, 0, 0, 0, 0, 0, 0, 0, 0, 0, 0, 0, 0, 0, 6, 6, 35, 49, 49, 49, 49, 49, 49, 49, 49, 49, 49, 49, 49, 49, 49, 49, 49, 49, 49, 49, 49, 49, 49, 49, 49, 49, 49, 49, 49, 49, 49, 49, 49, 49, 49, 49, 49, 49, 49, 49], "psum": [0, 0, 0, 0, 0, 0, 0, 0, 0, 0, 0, 0, 0, 0, 0, 0, 0, 0, 0, 0, 0, 0, 30.0, 30.0, 4135.0, 4213.0, 4213.0, 4213.0, 4213.0, 4213.0, 4213.0, 4213.0, 4213.0, 4213.0, 4213.0, 4213.0, 4213.0, 4213.0, 4213.0, 4213.0, 4213.0, 4213.0, 4213.0, 4213.0, 4213.0, 4213.0, 4213.0, 4213.0, 4213.0, 4213.0, 4213.0, 4213.0, 4213.0, 4213.0, 4213.0, 4213.0, 4213.0, 4213.0, 4213.0, 4213.0, 4213.0, 4213.0, 4213.0, 4213.0], "pcnt": [0, 0, 0, 0, 0, 0, 0, 0, 0, 0, 0, 0, 0, 0, 0, 0, 0, 0, 0, 0, 0, 0, 6, 6, 35, 49, 49, 49, 49, 49, 49, 49, 49, 49, 49, 49, 49, 49, 49, 49, 49, 49, 49, 49, 49, 49, 49, 49, 49, 49, 49, 49, 49, 49, 49, 49, 49, 49, 49, 49, 49, 49, 49, 49]}}, {"type": "Feature", "geometry": {"type": "Point", "coordinates": [-104.24151, 49.89023]}, "properties": {"twp": "011-17-W2", "prov": "SK", "total": 26, "first": 1900, "cum": [0, 0, 0, 0, 0, 0, 0, 0, 0, 0, 0, 0, 0, 0, 0, 0, 0, 0, 0, 14, 18, 18, 18, 18, 18, 18, 18, 26, 26, 26, 26, 26, 26, 26, 26, 26, 26, 26, 26, 26, 26, 26, 26, 26, 26, 26, 26, 26, 26, 26, 26, 26, 26, 26, 26, 26, 26, 26, 26, 26, 26, 26, 26, 26], "psum": [0, 0, 0, 0, 0, 0, 0, 0, 0, 0, 0, 0, 0, 0, 0, 0, 0, 0, 0, 42.0, 54.0, 54.0, 54.0, 54.0, 54.0, 54.0, 54.0, 212.0, 212.0, 212.0, 212.0, 212.0, 212.0, 212.0, 212.0, 212.0, 212.0, 212.0, 212.0, 212.0, 212.0, 212.0, 212.0, 212.0, 212.0, 212.0, 212.0, 212.0, 212.0, 212.0, 212.0, 212.0, 212.0, 212.0, 212.0, 212.0, 212.0, 212.0, 212.0, 212.0, 212.0, 212.0, 212.0, 212.0], "pcnt": [0, 0, 0, 0, 0, 0, 0, 0, 0, 0, 0, 0, 0, 0, 0, 0, 0, 0, 0, 14, 18, 18, 18, 18, 18, 18, 18, 26, 26, 26, 26, 26, 26, 26, 26, 26, 26, 26, 26, 26, 26, 26, 26, 26, 26, 26, 26, 26, 26, 26, 26, 26, 26, 26, 26, 26, 26, 26, 26, 26, 26, 26, 26, 26]}}, {"type": "Feature", "geometry": {"type": "Point", "coordinates": [-102.22158, 49.90179]}, "properties": {"twp": "011-02-W2", "prov": "SK", "total": 27, "first": 1900, "cum": [0, 0, 0, 0, 0, 0, 0, 0, 0, 0, 0, 0, 0, 0, 0, 0, 0, 0, 0, 1, 2, 7, 23, 23, 23, 23, 23, 24, 26, 27, 27, 27, 27, 27, 27, 27, 27, 27, 27, 27, 27, 27, 27, 27, 27, 27, 27, 27, 27, 27, 27, 27, 27, 27, 27, 27, 27, 27, 27, 27, 27, 27, 27, 27], "psum": [0, 0, 0, 0, 0, 0, 0, 0, 0, 0, 0, 0, 0, 0, 0, 0, 0, 0, 0, 3.0, 5.9, 28.9, 113.9, 113.9, 113.9, 113.9, 113.9, 125.9, 145.9, 155.9, 155.9, 155.9, 155.9, 155.9, 155.9, 155.9, 155.9, 155.9, 155.9, 155.9, 155.9, 155.9, 155.9, 155.9, 155.9, 155.9, 155.9, 155.9, 155.9, 155.9, 155.9, 155.9, 155.9, 155.9, 155.9, 155.9, 155.9, 155.9, 155.9, 155.9, 155.9, 155.9, 155.9, 155.9], "pcnt": [0, 0, 0, 0, 0, 0, 0, 0, 0, 0, 0, 0, 0, 0, 0, 0, 0, 0, 0, 1, 2, 7, 23, 23, 23, 23, 23, 24, 26, 27, 27, 27, 27, 27, 27, 27, 27, 27, 27, 27, 27, 27, 27, 27, 27, 27, 27, 27, 27, 27, 27, 27, 27, 27, 27, 27, 27, 27, 27, 27, 27, 27, 27, 27]}}, {"type": "Feature", "geometry": {"type": "Point", "coordinates": [-102.75594, 49.72443]}, "properties": {"twp": "009-06-W2", "prov": "SK", "total": 18, "first": 1897, "cum": [0, 0, 0, 0, 0, 0, 0, 0, 0, 0, 0, 0, 0, 0, 0, 0, 1, 2, 2, 3, 3, 6, 9, 9, 11, 14, 15, 16, 16, 16, 18, 18, 18, 18, 18, 18, 18, 18, 18, 18, 18, 18, 18, 18, 18, 18, 18, 18, 18, 18, 18, 18, 18, 18, 18, 18, 18, 18, 18, 18, 18, 18, 18, 18], "psum": [0, 0, 0, 0, 0, 0, 0, 0, 0, 0, 0, 0, 0, 0, 0, 0, 3.0, 6.0, 6.0, 10.0, 10.0, 22.0, 40.0, 40.0, 54.0, 81.0, 81.0, 91.0, 91.0, 91.0, 111.0, 111.0, 111.0, 111.0, 111.0, 111.0, 111.0, 111.0, 111.0, 111.0, 111.0, 111.0, 111.0, 111.0, 111.0, 111.0, 111.0, 111.0, 111.0, 111.0, 111.0, 111.0, 111.0, 111.0, 111.0, 111.0, 111.0, 111.0, 111.0, 111.0, 111.0, 111.0, 111.0, 111.0], "pcnt": [0, 0, 0, 0, 0, 0, 0, 0, 0, 0, 0, 0, 0, 0, 0, 0, 1, 2, 2, 3, 3, 6, 9, 9, 11, 14, 14, 15, 15, 15, 17, 17, 17, 17, 17, 17, 17, 17, 17, 17, 17, 17, 17, 17, 17, 17, 17, 17, 17, 17, 17, 17, 17, 17, 17, 17, 17, 17, 17, 17, 17, 17, 17, 17]}}, {"type": "Feature", "geometry": {"type": "Point", "coordinates": [-101.97752, 49.40516]}, "properties": {"twp": "005-34-W1", "prov": "SK", "total": 11, "first": 1899, "cum": [0, 0, 0, 0, 0, 0, 0, 0, 0, 0, 0, 0, 0, 0, 0, 0, 0, 0, 2, 2, 11, 11, 11, 11, 11, 11, 11, 11, 11, 11, 11, 11, 11, 11, 11, 11, 11, 11, 11, 11, 11, 11, 11, 11, 11, 11, 11, 11, 11, 11, 11, 11, 11, 11, 11, 11, 11, 11, 11, 11, 11, 11, 11, 11], "psum": [0, 0, 0, 0, 0, 0, 0, 0, 0, 0, 0, 0, 0, 0, 0, 0, 0, 0, 6.0, 6.0, 33.0, 33.0, 33.0, 33.0, 33.0, 33.0, 33.0, 33.0, 33.0, 33.0, 33.0, 33.0, 33.0, 33.0, 33.0, 33.0, 33.0, 33.0, 33.0, 33.0, 33.0, 33.0, 33.0, 33.0, 33.0, 33.0, 33.0, 33.0, 33.0, 33.0, 33.0, 33.0, 33.0, 33.0, 33.0, 33.0, 33.0, 33.0, 33.0, 33.0, 33.0, 33.0, 33.0, 33.0], "pcnt": [0, 0, 0, 0, 0, 0, 0, 0, 0, 0, 0, 0, 0, 0, 0, 0, 0, 0, 2, 2, 11, 11, 11, 11, 11, 11, 11, 11, 11, 11, 11, 11, 11, 11, 11, 11, 11, 11, 11, 11, 11, 11, 11, 11, 11, 11, 11, 11, 11, 11, 11, 11, 11, 11, 11, 11, 11, 11, 11, 11, 11, 11, 11, 11]}}, {"type": "Feature", "geometry": {"type": "Point", "coordinates": [-102.10222, 49.38256]}, "properties": {"twp": "005-01-W2", "prov": "SK", "total": 23, "first": 1900, "cum": [0, 0, 0, 0, 0, 0, 0, 0, 0, 0, 0, 0, 0, 0, 0, 0, 0, 0, 0, 1, 23, 23, 23, 23, 23, 23, 23, 23, 23, 23, 23, 23, 23, 23, 23, 23, 23, 23, 23, 23, 23, 23, 23, 23, 23, 23, 23, 23, 23, 23, 23, 23, 23, 23, 23, 23, 23, 23, 23, 23, 23, 23, 23, 23], "psum": [0, 0, 0, 0, 0, 0, 0, 0, 0, 0, 0, 0, 0, 0, 0, 0, 0, 0, 0, 3.0, 69.0, 69.0, 69.0, 69.0, 69.0, 69.0, 69.0, 69.0, 69.0, 69.0, 69.0, 69.0, 69.0, 69.0, 69.0, 69.0, 69.0, 69.0, 69.0, 69.0, 69.0, 69.0, 69.0, 69.0, 69.0, 69.0, 69.0, 69.0, 69.0, 69.0, 69.0, 69.0, 69.0, 69.0, 69.0, 69.0, 69.0, 69.0, 69.0, 69.0, 69.0, 69.0, 69.0, 69.0], "pcnt": [0, 0, 0, 0, 0, 0, 0, 0, 0, 0, 0, 0, 0, 0, 0, 0, 0, 0, 0, 1, 23, 23, 23, 23, 23, 23, 23, 23, 23, 23, 23, 23, 23, 23, 23, 23, 23, 23, 23, 23, 23, 23, 23, 23, 23, 23, 23, 23, 23, 23, 23, 23, 23, 23, 23, 23, 23, 23, 23, 23, 23, 23, 23, 23]}}, {"type": "Feature", "geometry": {"type": "Point", "coordinates": [-102.61722, 49.0241]}, "properties": {"twp": "001-05-W2", "prov": "SK", "total": 60, "first": 1891, "cum": [0, 0, 0, 0, 0, 0, 0, 0, 0, 0, 2, 24, 24, 24, 24, 24, 24, 25, 26, 54, 55, 56, 56, 57, 57, 58, 58, 60, 60, 60, 60, 60, 60, 60, 60, 60, 60, 60, 60, 60, 60, 60, 60, 60, 60, 60, 60, 60, 60, 60, 60, 60, 60, 60, 60, 60, 60, 60, 60, 60, 60, 60, 60, 60], "psum": [0, 0, 0, 0, 0, 0, 0, 0, 0, 0, 8.0, 75.0, 75.0, 75.0, 75.0, 75.0, 75.0, 78.0, 81.0, 165.0, 168.0, 168.0, 168.0, 193.0, 193.0, 218.0, 218.0, 273.0, 273.0, 273.0, 273.0, 273.0, 273.0, 273.0, 273.0, 273.0, 273.0, 273.0, 273.0, 273.0, 273.0, 273.0, 273.0, 273.0, 273.0, 273.0, 273.0, 273.0, 273.0, 273.0, 273.0, 273.0, 273.0, 273.0, 273.0, 273.0, 273.0, 273.0, 273.0, 273.0, 273.0, 273.0, 273.0, 273.0], "pcnt": [0, 0, 0, 0, 0, 0, 0, 0, 0, 0, 2, 24, 24, 24, 24, 24, 24, 25, 26, 54, 55, 55, 55, 56, 56, 57, 57, 59, 59, 59, 59, 59, 59, 59, 59, 59, 59, 59, 59, 59, 59, 59, 59, 59, 59, 59, 59, 59, 59, 59, 59, 59, 59, 59, 59, 59, 59, 59, 59, 59, 59, 59, 59, 59]}}, {"type": "Feature", "geometry": {"type": "Point", "coordinates": [-106.77732, 51.84158]}, "properties": {"twp": "033-06-W3", "prov": "SK", "total": 3, "first": 1905, "cum": [0, 0, 0, 0, 0, 0, 0, 0, 0, 0, 0, 0, 0, 0, 0, 0, 0, 0, 0, 0, 0, 0, 0, 0, 3, 3, 3, 3, 3, 3, 3, 3, 3, 3, 3, 3, 3, 3, 3, 3, 3, 3, 3, 3, 3, 3, 3, 3, 3, 3, 3, 3, 3, 3, 3, 3, 3, 3, 3, 3, 3, 3, 3, 3], "psum": [0, 0, 0, 0, 0, 0, 0, 0, 0, 0, 0, 0, 0, 0, 0, 0, 0, 0, 0, 0, 0, 0, 0, 0, 15.0, 15.0, 15.0, 15.0, 15.0, 15.0, 15.0, 15.0, 15.0, 15.0, 15.0, 15.0, 15.0, 15.0, 15.0, 15.0, 15.0, 15.0, 15.0, 15.0, 15.0, 15.0, 15.0, 15.0, 15.0, 15.0, 15.0, 15.0, 15.0, 15.0, 15.0, 15.0, 15.0, 15.0, 15.0, 15.0, 15.0, 15.0, 15.0, 15.0], "pcnt": [0, 0, 0, 0, 0, 0, 0, 0, 0, 0, 0, 0, 0, 0, 0, 0, 0, 0, 0, 0, 0, 0, 0, 0, 3, 3, 3, 3, 3, 3, 3, 3, 3, 3, 3, 3, 3, 3, 3, 3, 3, 3, 3, 3, 3, 3, 3, 3, 3, 3, 3, 3, 3, 3, 3, 3, 3, 3, 3, 3, 3, 3, 3, 3]}}, {"type": "Feature", "geometry": {"type": "Point", "coordinates": [-108.166, 53.4071]}, "properties": {"twp": "051-15-W3", "prov": "SK", "total": 7, "first": 1911, "cum": [0, 0, 0, 0, 0, 0, 0, 0, 0, 0, 0, 0, 0, 0, 0, 0, 0, 0, 0, 0, 0, 0, 0, 0, 0, 0, 0, 0, 0, 0, 7, 7, 7, 7, 7, 7, 7, 7, 7, 7, 7, 7, 7, 7, 7, 7, 7, 7, 7, 7, 7, 7, 7, 7, 7, 7, 7, 7, 7, 7, 7, 7, 7, 7], "psum": [0, 0, 0, 0, 0, 0, 0, 0, 0, 0, 0, 0, 0, 0, 0, 0, 0, 0, 0, 0, 0, 0, 0, 0, 0, 0, 0, 0, 0, 0, 88.0, 88.0, 88.0, 88.0, 88.0, 88.0, 88.0, 88.0, 88.0, 88.0, 88.0, 88.0, 88.0, 88.0, 88.0, 88.0, 88.0, 88.0, 88.0, 88.0, 88.0, 88.0, 88.0, 88.0, 88.0, 88.0, 88.0, 88.0, 88.0, 88.0, 88.0, 88.0, 88.0, 88.0], "pcnt": [0, 0, 0, 0, 0, 0, 0, 0, 0, 0, 0, 0, 0, 0, 0, 0, 0, 0, 0, 0, 0, 0, 0, 0, 0, 0, 0, 0, 0, 0, 7, 7, 7, 7, 7, 7, 7, 7, 7, 7, 7, 7, 7, 7, 7, 7, 7, 7, 7, 7, 7, 7, 7, 7, 7, 7, 7, 7, 7, 7, 7, 7, 7, 7]}}, {"type": "Feature", "geometry": {"type": "Point", "coordinates": [-108.70805, 53.15068]}, "properties": {"twp": "048-19-W3", "prov": "SK", "total": 10, "first": 1909, "cum": [0, 0, 0, 0, 0, 0, 0, 0, 0, 0, 0, 0, 0, 0, 0, 0, 0, 0, 0, 0, 0, 0, 0, 0, 0, 0, 0, 0, 4, 4, 6, 10, 10, 10, 10, 10, 10, 10, 10, 10, 10, 10, 10, 10, 10, 10, 10, 10, 10, 10, 10, 10, 10, 10, 10, 10, 10, 10, 10, 10, 10, 10, 10, 10], "psum": [0, 0, 0, 0, 0, 0, 0, 0, 0, 0, 0, 0, 0, 0, 0, 0, 0, 0, 0, 0, 0, 0, 0, 0, 0, 0, 0, 0, 70.0, 70.0, 70.0, 130.0, 130.0, 130.0, 130.0, 130.0, 130.0, 130.0, 130.0, 130.0, 130.0, 130.0, 130.0, 130.0, 130.0, 130.0, 130.0, 130.0, 130.0, 130.0, 130.0, 130.0, 130.0, 130.0, 130.0, 130.0, 130.0, 130.0, 130.0, 130.0, 130.0, 130.0, 130.0, 130.0], "pcnt": [0, 0, 0, 0, 0, 0, 0, 0, 0, 0, 0, 0, 0, 0, 0, 0, 0, 0, 0, 0, 0, 0, 0, 0, 0, 0, 0, 0, 4, 4, 4, 8, 8, 8, 8, 8, 8, 8, 8, 8, 8, 8, 8, 8, 8, 8, 8, 8, 8, 8, 8, 8, 8, 8, 8, 8, 8, 8, 8, 8, 8, 8, 8, 8]}}, {"type": "Feature", "geometry": {"type": "Point", "coordinates": [-109.14489, 52.86377]}, "properties": {"twp": "045-22-W3", "prov": "SK", "total": 19, "first": 1904, "cum": [0, 0, 0, 0, 0, 0, 0, 0, 0, 0, 0, 0, 0, 0, 0, 0, 0, 0, 0, 0, 0, 0, 0, 7, 13, 19, 19, 19, 19, 19, 19, 19, 19, 19, 19, 19, 19, 19, 19, 19, 19, 19, 19, 19, 19, 19, 19, 19, 19, 19, 19, 19, 19, 19, 19, 19, 19, 19, 19, 19, 19, 19, 19, 19], "psum": [0, 0, 0, 0, 0, 0, 0, 0, 0, 0, 0, 0, 0, 0, 0, 0, 0, 0, 0, 0, 0, 0, 0, 42.0, 78.0, 126.0, 126.0, 126.0, 126.0, 126.0, 126.0, 126.0, 126.0, 126.0, 126.0, 126.0, 126.0, 126.0, 126.0, 126.0, 126.0, 126.0, 126.0, 126.0, 126.0, 126.0, 126.0, 126.0, 126.0, 126.0, 126.0, 126.0, 126.0, 126.0, 126.0, 126.0, 126.0, 126.0, 126.0, 126.0, 126.0, 126.0, 126.0, 126.0], "pcnt": [0, 0, 0, 0, 0, 0, 0, 0, 0, 0, 0, 0, 0, 0, 0, 0, 0, 0, 0, 0, 0, 0, 0, 7, 13, 19, 19, 19, 19, 19, 19, 19, 19, 19, 19, 19, 19, 19, 19, 19, 19, 19, 19, 19, 19, 19, 19, 19, 19, 19, 19, 19, 19, 19, 19, 19, 19, 19, 19, 19, 19, 19, 19, 19]}}, {"type": "Feature", "geometry": {"type": "Point", "coordinates": [-107.51627, 52.34409]}, "properties": {"twp": "039-11-W3", "prov": "SK", "total": 39, "first": 1902, "cum": [0, 0, 0, 0, 0, 0, 0, 0, 0, 0, 0, 0, 0, 0, 0, 0, 0, 0, 0, 0, 0, 11, 30, 30, 30, 33, 33, 35, 37, 37, 39, 39, 39, 39, 39, 39, 39, 39, 39, 39, 39, 39, 39, 39, 39, 39, 39, 39, 39, 39, 39, 39, 39, 39, 39, 39, 39, 39, 39, 39, 39, 39, 39, 39], "psum": [0, 0, 0, 0, 0, 0, 0, 0, 0, 0, 0, 0, 0, 0, 0, 0, 0, 0, 0, 0, 0, 38.5, 111.0, 111.0, 111.0, 121.5, 121.5, 141.5, 171.5, 171.5, 198.5, 198.5, 198.5, 198.5, 198.5, 198.5, 198.5, 198.5, 198.5, 198.5, 198.5, 198.5, 198.5, 198.5, 198.5, 198.5, 198.5, 198.5, 198.5, 198.5, 198.5, 198.5, 198.5, 198.5, 198.5, 198.5, 198.5, 198.5, 198.5, 198.5, 198.5, 198.5, 198.5, 198.5], "pcnt": [0, 0, 0, 0, 0, 0, 0, 0, 0, 0, 0, 0, 0, 0, 0, 0, 0, 0, 0, 0, 0, 11, 30, 30, 30, 33, 33, 35, 37, 37, 39, 39, 39, 39, 39, 39, 39, 39, 39, 39, 39, 39, 39, 39, 39, 39, 39, 39, 39, 39, 39, 39, 39, 39, 39, 39, 39, 39, 39, 39, 39, 39, 39, 39]}}, {"type": "Feature", "geometry": {"type": "Point", "coordinates": [-106.96002, 52.35049]}, "properties": {"twp": "039-07-W3", "prov": "SK", "total": 54, "first": 1901, "cum": [0, 0, 0, 0, 0, 0, 0, 0, 0, 0, 0, 0, 0, 0, 0, 0, 0, 0, 0, 0, 33, 47, 47, 47, 54, 54, 54, 54, 54, 54, 54, 54, 54, 54, 54, 54, 54, 54, 54, 54, 54, 54, 54, 54, 54, 54, 54, 54, 54, 54, 54, 54, 54, 54, 54, 54, 54, 54, 54, 54, 54, 54, 54, 54], "psum": [0, 0, 0, 0, 0, 0, 0, 0, 0, 0, 0, 0, 0, 0, 0, 0, 0, 0, 0, 0, 115.5, 164.5, 164.5, 164.5, 189.0, 189.0, 189.0, 189.0, 189.0, 189.0, 189.0, 189.0, 189.0, 189.0, 189.0, 189.0, 189.0, 189.0, 189.0, 189.0, 189.0, 189.0, 189.0, 189.0, 189.0, 189.0, 189.0, 189.0, 189.0, 189.0, 189.0, 189.0, 189.0, 189.0, 189.0, 189.0, 189.0, 189.0, 189.0, 189.0, 189.0, 189.0, 189.0, 189.0], "pcnt": [0, 0, 0, 0, 0, 0, 0, 0, 0, 0, 0, 0, 0, 0, 0, 0, 0, 0, 0, 0, 33, 47, 47, 47, 54, 54, 54, 54, 54, 54, 54, 54, 54, 54, 54, 54, 54, 54, 54, 54, 54, 54, 54, 54, 54, 54, 54, 54, 54, 54, 54, 54, 54, 54, 54, 54, 54, 54, 54, 54, 54, 54, 54, 54]}}, {"type": "Feature", "geometry": {"type": "Point", "coordinates": [-108.3704, 52.2646]}, "properties": {"twp": "038-17-W3", "prov": "SK", "total": 8, "first": 1905, "cum": [0, 0, 0, 0, 0, 0, 0, 0, 0, 0, 0, 0, 0, 0, 0, 0, 0, 0, 0, 0, 0, 0, 0, 0, 2, 2, 2, 2, 2, 2, 8, 8, 8, 8, 8, 8, 8, 8, 8, 8, 8, 8, 8, 8, 8, 8, 8, 8, 8, 8, 8, 8, 8, 8, 8, 8, 8, 8, 8, 8, 8, 8, 8, 8], "psum": [0, 0, 0, 0, 0, 0, 0, 0, 0, 0, 0, 0, 0, 0, 0, 0, 0, 0, 0, 0, 0, 0, 0, 0, 12.0, 12.0, 12.0, 12.0, 12.0, 12.0, 128.0, 128.0, 128.0, 128.0, 128.0, 128.0, 128.0, 128.0, 128.0, 128.0, 128.0, 128.0, 128.0, 128.0, 128.0, 128.0, 128.0, 128.0, 128.0, 128.0, 128.0, 128.0, 128.0, 128.0, 128.0, 128.0, 128.0, 128.0, 128.0, 128.0, 128.0, 128.0, 128.0, 128.0], "pcnt": [0, 0, 0, 0, 0, 0, 0, 0, 0, 0, 0, 0, 0, 0, 0, 0, 0, 0, 0, 0, 0, 0, 0, 0, 2, 2, 2, 2, 2, 2, 8, 8, 8, 8, 8, 8, 8, 8, 8, 8, 8, 8, 8, 8, 8, 8, 8, 8, 8, 8, 8, 8, 8, 8, 8, 8, 8, 8, 8, 8, 8, 8, 8, 8]}}, {"type": "Feature", "geometry": {"type": "Point", "coordinates": [-106.07305, 52.07533]}, "properties": {"twp": "036-01-W3", "prov": "SK", "total": 46, "first": 1902, "cum": [0, 0, 0, 0, 0, 0, 0, 0, 0, 0, 0, 0, 0, 0, 0, 0, 0, 0, 0, 0, 0, 10, 38, 42, 42, 46, 46, 46, 46, 46, 46, 46, 46, 46, 46, 46, 46, 46, 46, 46, 46, 46, 46, 46, 46, 46, 46, 46, 46, 46, 46, 46, 46, 46, 46, 46, 46, 46, 46, 46, 46, 46, 46, 46], "psum": [0, 0, 0, 0, 0, 0, 0, 0, 0, 0, 0, 0, 0, 0, 0, 0, 0, 0, 0, 0, 0, 40.0, 152.0, 168.0, 168.0, 200.0, 200.0, 200.0, 200.0, 200.0, 200.0, 200.0, 200.0, 200.0, 200.0, 200.0, 200.0, 200.0, 200.0, 200.0, 200.0, 200.0, 200.0, 200.0, 200.0, 200.0, 200.0, 200.0, 200.0, 200.0, 200.0, 200.0, 200.0, 200.0, 200.0, 200.0, 200.0, 200.0, 200.0, 200.0, 200.0, 200.0, 200.0, 200.0], "pcnt": [0, 0, 0, 0, 0, 0, 0, 0, 0, 0, 0, 0, 0, 0, 0, 0, 0, 0, 0, 0, 0, 10, 38, 42, 42, 46, 46, 46, 46, 46, 46, 46, 46, 46, 46, 46, 46, 46, 46, 46, 46, 46, 46, 46, 46, 46, 46, 46, 46, 46, 46, 46, 46, 46, 46, 46, 46, 46, 46, 46, 46, 46, 46, 46]}}, {"type": "Feature", "geometry": {"type": "Point", "coordinates": [-103.93075, 51.51508]}, "properties": {"twp": "029-14-W2", "prov": "SK", "total": 26, "first": 1905, "cum": [0, 0, 0, 0, 0, 0, 0, 0, 0, 0, 0, 0, 0, 0, 0, 0, 0, 0, 0, 0, 0, 0, 0, 0, 1, 22, 24, 24, 24, 24, 25, 26, 26, 26, 26, 26, 26, 26, 26, 26, 26, 26, 26, 26, 26, 26, 26, 26, 26, 26, 26, 26, 26, 26, 26, 26, 26, 26, 26, 26, 26, 26, 26, 26], "psum": [0, 0, 0, 0, 0, 0, 0, 0, 0, 0, 0, 0, 0, 0, 0, 0, 0, 0, 0, 0, 0, 0, 0, 0, 8.0, 191.0, 213.0, 213.0, 213.0, 213.0, 230.0, 247.0, 247.0, 247.0, 247.0, 247.0, 247.0, 247.0, 247.0, 247.0, 247.0, 247.0, 247.0, 247.0, 247.0, 247.0, 247.0, 247.0, 247.0, 247.0, 247.0, 247.0, 247.0, 247.0, 247.0, 247.0, 247.0, 247.0, 247.0, 247.0, 247.0, 247.0, 247.0, 247.0], "pcnt": [0, 0, 0, 0, 0, 0, 0, 0, 0, 0, 0, 0, 0, 0, 0, 0, 0, 0, 0, 0, 0, 0, 0, 0, 1, 22, 24, 24, 24, 24, 25, 26, 26, 26, 26, 26, 26, 26, 26, 26, 26, 26, 26, 26, 26, 26, 26, 26, 26, 26, 26, 26, 26, 26, 26, 26, 26, 26, 26, 26, 26, 26, 26, 26]}}, {"type": "Feature", "geometry": {"type": "Point", "coordinates": [-102.66111, 51.41029]}, "properties": {"twp": "028-05-W2", "prov": "SK", "total": 15, "first": 1907, "cum": [0, 0, 0, 0, 0, 0, 0, 0, 0, 0, 0, 0, 0, 0, 0, 0, 0, 0, 0, 0, 0, 0, 0, 0, 0, 0, 6, 6, 7, 8, 15, 15, 15, 15, 15, 15, 15, 15, 15, 15, 15, 15, 15, 15, 15, 15, 15, 15, 15, 15, 15, 15, 15, 15, 15, 15, 15, 15, 15, 15, 15, 15, 15, 15], "psum": [0, 0, 0, 0, 0, 0, 0, 0, 0, 0, 0, 0, 0, 0, 0, 0, 0, 0, 0, 0, 0, 0, 0, 0, 0, 0, 45.0, 45.0, 55.0, 67.0, 153.0, 153.0, 153.0, 153.0, 153.0, 153.0, 153.0, 153.0, 153.0, 153.0, 153.0, 153.0, 153.0, 153.0, 153.0, 153.0, 153.0, 153.0, 153.0, 153.0, 153.0, 153.0, 153.0, 153.0, 153.0, 153.0, 153.0, 153.0, 153.0, 153.0, 153.0, 153.0, 153.0, 153.0], "pcnt": [0, 0, 0, 0, 0, 0, 0, 0, 0, 0, 0, 0, 0, 0, 0, 0, 0, 0, 0, 0, 0, 0, 0, 0, 0, 0, 6, 6, 7, 8, 15, 15, 15, 15, 15, 15, 15, 15, 15, 15, 15, 15, 15, 15, 15, 15, 15, 15, 15, 15, 15, 15, 15, 15, 15, 15, 15, 15, 15, 15, 15, 15, 15, 15]}}, {"type": "Feature", "geometry": {"type": "Point", "coordinates": [-103.15314, 51.04324]}, "properties": {"twp": "024-09-W2", "prov": "SK", "total": 10, "first": 1905, "cum": [0, 0, 0, 0, 0, 0, 0, 0, 0, 0, 0, 0, 0, 0, 0, 0, 0, 0, 0, 0, 0, 0, 0, 0, 10, 10, 10, 10, 10, 10, 10, 10, 10, 10, 10, 10, 10, 10, 10, 10, 10, 10, 10, 10, 10, 10, 10, 10, 10, 10, 10, 10, 10, 10, 10, 10, 10, 10, 10, 10, 10, 10, 10, 10], "psum": [0, 0, 0, 0, 0, 0, 0, 0, 0, 0, 0, 0, 0, 0, 0, 0, 0, 0, 0, 0, 0, 0, 0, 0, 66.0, 66.0, 66.0, 66.0, 66.0, 66.0, 66.0, 66.0, 66.0, 66.0, 66.0, 66.0, 66.0, 66.0, 66.0, 66.0, 66.0, 66.0, 66.0, 66.0, 66.0, 66.0, 66.0, 66.0, 66.0, 66.0, 66.0, 66.0, 66.0, 66.0, 66.0, 66.0, 66.0, 66.0, 66.0, 66.0, 66.0, 66.0, 66.0, 66.0], "pcnt": [0, 0, 0, 0, 0, 0, 0, 0, 0, 0, 0, 0, 0, 0, 0, 0, 0, 0, 0, 0, 0, 0, 0, 0, 10, 10, 10, 10, 10, 10, 10, 10, 10, 10, 10, 10, 10, 10, 10, 10, 10, 10, 10, 10, 10, 10, 10, 10, 10, 10, 10, 10, 10, 10, 10, 10, 10, 10, 10, 10, 10, 10, 10, 10]}}, {"type": "Feature", "geometry": {"type": "Point", "coordinates": [-102.64642, 50.88937]}, "properties": {"twp": "022-05-W2", "prov": "SK", "total": 45, "first": 1905, "cum": [0, 0, 0, 0, 0, 0, 0, 0, 0, 0, 0, 0, 0, 0, 0, 0, 0, 0, 0, 0, 0, 0, 0, 0, 42, 42, 42, 42, 42, 42, 45, 45, 45, 45, 45, 45, 45, 45, 45, 45, 45, 45, 45, 45, 45, 45, 45, 45, 45, 45, 45, 45, 45, 45, 45, 45, 45, 45, 45, 45, 45, 45, 45, 45], "psum": [0, 0, 0, 0, 0, 0, 0, 0, 0, 0, 0, 0, 0, 0, 0, 0, 0, 0, 0, 0, 0, 0, 0, 0, 284.0, 284.0, 284.0, 284.0, 284.0, 284.0, 338.0, 338.0, 338.0, 338.0, 338.0, 338.0, 338.0, 338.0, 338.0, 338.0, 338.0, 338.0, 338.0, 338.0, 338.0, 338.0, 338.0, 338.0, 338.0, 338.0, 338.0, 338.0, 338.0, 338.0, 338.0, 338.0, 338.0, 338.0, 338.0, 338.0, 338.0, 338.0, 338.0, 338.0], "pcnt": [0, 0, 0, 0, 0, 0, 0, 0, 0, 0, 0, 0, 0, 0, 0, 0, 0, 0, 0, 0, 0, 0, 0, 0, 42, 42, 42, 42, 42, 42, 45, 45, 45, 45, 45, 45, 45, 45, 45, 45, 45, 45, 45, 45, 45, 45, 45, 45, 45, 45, 45, 45, 45, 45, 45, 45, 45, 45, 45, 45, 45, 45, 45, 45]}}, {"type": "Feature", "geometry": {"type": "Point", "coordinates": [-103.62669, 50.79649]}, "properties": {"twp": "021-12-W2", "prov": "SK", "total": 40, "first": 1895, "cum": [0, 0, 0, 0, 0, 0, 0, 0, 0, 0, 0, 0, 0, 0, 2, 3, 9, 18, 20, 22, 23, 40, 40, 40, 40, 40, 40, 40, 40, 40, 40, 40, 40, 40, 40, 40, 40, 40, 40, 40, 40, 40, 40, 40, 40, 40, 40, 40, 40, 40, 40, 40, 40, 40, 40, 40, 40, 40, 40, 40, 40, 40, 40, 40], "psum": [0, 0, 0, 0, 0, 0, 0, 0, 0, 0, 0, 0, 0, 0, 6.0, 9.0, 24.0, 50.7, 56.7, 62.7, 65.7, 126.7, 126.7, 126.7, 126.7, 126.7, 126.7, 126.7, 126.7, 126.7, 126.7, 126.7, 126.7, 126.7, 126.7, 126.7, 126.7, 126.7, 126.7, 126.7, 126.7, 126.7, 126.7, 126.7, 126.7, 126.7, 126.7, 126.7, 126.7, 126.7, 126.7, 126.7, 126.7, 126.7, 126.7, 126.7, 126.7, 126.7, 126.7, 126.7, 126.7, 126.7, 126.7, 126.7], "pcnt": [0, 0, 0, 0, 0, 0, 0, 0, 0, 0, 0, 0, 0, 0, 2, 3, 8, 17, 19, 21, 22, 39, 39, 39, 39, 39, 39, 39, 39, 39, 39, 39, 39, 39, 39, 39, 39, 39, 39, 39, 39, 39, 39, 39, 39, 39, 39, 39, 39, 39, 39, 39, 39, 39, 39, 39, 39, 39, 39, 39, 39, 39, 39, 39]}}, {"type": "Feature", "geometry": {"type": "Point", "coordinates": [-107.99763, 50.34305]}, "properties": {"twp": "016-15-W3", "prov": "SK", "total": 73, "first": 1905, "cum": [0, 0, 0, 0, 0, 0, 0, 0, 0, 0, 0, 0, 0, 0, 0, 0, 0, 0, 0, 0, 0, 0, 0, 0, 60, 60, 62, 62, 62, 73, 73, 73, 73, 73, 73, 73, 73, 73, 73, 73, 73, 73, 73, 73, 73, 73, 73, 73, 73, 73, 73, 73, 73, 73, 73, 73, 73, 73, 73, 73, 73, 73, 73, 73], "psum": [0, 0, 0, 0, 0, 0, 0, 0, 0, 0, 0, 0, 0, 0, 0, 0, 0, 0, 0, 0, 0, 0, 0, 0, 240.0, 240.0, 248.0, 248.0, 248.0, 342.0, 342.0, 342.0, 342.0, 342.0, 342.0, 342.0, 342.0, 342.0, 342.0, 342.0, 342.0, 342.0, 342.0, 342.0, 342.0, 342.0, 342.0, 342.0, 342.0, 342.0, 342.0, 342.0, 342.0, 342.0, 342.0, 342.0, 342.0, 342.0, 342.0, 342.0, 342.0, 342.0, 342.0, 342.0], "pcnt": [0, 0, 0, 0, 0, 0, 0, 0, 0, 0, 0, 0, 0, 0, 0, 0, 0, 0, 0, 0, 0, 0, 0, 0, 60, 60, 62, 62, 62, 73, 73, 73, 73, 73, 73, 73, 73, 73, 73, 73, 73, 73, 73, 73, 73, 73, 73, 73, 73, 73, 73, 73, 73, 73, 73, 73, 73, 73, 73, 73, 73, 73, 73, 73]}}, {"type": "Feature", "geometry": {"type": "Point", "coordinates": [-101.88983, 49.99412]}, "properties": {"twp": "012-33-W1", "prov": "SK", "total": 17, "first": 1898, "cum": [0, 0, 0, 0, 0, 0, 0, 0, 0, 0, 0, 0, 0, 0, 0, 0, 0, 1, 1, 1, 1, 2, 17, 17, 17, 17, 17, 17, 17, 17, 17, 17, 17, 17, 17, 17, 17, 17, 17, 17, 17, 17, 17, 17, 17, 17, 17, 17, 17, 17, 17, 17, 17, 17, 17, 17, 17, 17, 17, 17, 17, 17, 17, 17], "psum": [0, 0, 0, 0, 0, 0, 0, 0, 0, 0, 0, 0, 0, 0, 0, 0, 0, 3.0, 3.0, 3.0, 3.0, 8.0, 83.0, 83.0, 83.0, 83.0, 83.0, 83.0, 83.0, 83.0, 83.0, 83.0, 83.0, 83.0, 83.0, 83.0, 83.0, 83.0, 83.0, 83.0, 83.0, 83.0, 83.0, 83.0, 83.0, 83.0, 83.0, 83.0, 83.0, 83.0, 83.0, 83.0, 83.0, 83.0, 83.0, 83.0, 83.0, 83.0, 83.0, 83.0, 83.0, 83.0, 83.0, 83.0], "pcnt": [0, 0, 0, 0, 0, 0, 0, 0, 0, 0, 0, 0, 0, 0, 0, 0, 0, 1, 1, 1, 1, 2, 17, 17, 17, 17, 17, 17, 17, 17, 17, 17, 17, 17, 17, 17, 17, 17, 17, 17, 17, 17, 17, 17, 17, 17, 17, 17, 17, 17, 17, 17, 17, 17, 17, 17, 17, 17, 17, 17, 17, 17, 17, 17]}}, {"type": "Feature", "geometry": {"type": "Point", "coordinates": [-103.18524, 49.90361]}, "properties": {"twp": "011-09-W2", "prov": "SK", "total": 31, "first": 1901, "cum": [0, 0, 0, 0, 0, 0, 0, 0, 0, 0, 0, 0, 0, 0, 0, 0, 0, 0, 0, 0, 16, 17, 17, 17, 19, 21, 21, 21, 30, 30, 31, 31, 31, 31, 31, 31, 31, 31, 31, 31, 31, 31, 31, 31, 31, 31, 31, 31, 31, 31, 31, 31, 31, 31, 31, 31, 31, 31, 31, 31, 31, 31, 31, 31], "psum": [0, 0, 0, 0, 0, 0, 0, 0, 0, 0, 0, 0, 0, 0, 0, 0, 0, 0, 0, 0, 48.0, 53.0, 53.0, 53.0, 69.0, 89.0, 89.0, 89.0, 197.0, 197.0, 210.0, 210.0, 210.0, 210.0, 210.0, 210.0, 210.0, 210.0, 210.0, 210.0, 210.0, 210.0, 210.0, 210.0, 210.0, 210.0, 210.0, 210.0, 210.0, 210.0, 210.0, 210.0, 210.0, 210.0, 210.0, 210.0, 210.0, 210.0, 210.0, 210.0, 210.0, 210.0, 210.0, 210.0], "pcnt": [0, 0, 0, 0, 0, 0, 0, 0, 0, 0, 0, 0, 0, 0, 0, 0, 0, 0, 0, 0, 16, 17, 17, 17, 19, 21, 21, 21, 30, 30, 31, 31, 31, 31, 31, 31, 31, 31, 31, 31, 31, 31, 31, 31, 31, 31, 31, 31, 31, 31, 31, 31, 31, 31, 31, 31, 31, 31, 31, 31, 31, 31, 31, 31]}}, {"type": "Feature", "geometry": {"type": "Point", "coordinates": [-109.46648, 49.66254]}, "properties": {"twp": "008-26-W3", "prov": "SK", "total": 7, "first": 1896, "cum": [0, 0, 0, 0, 0, 0, 0, 0, 0, 0, 0, 0, 0, 0, 0, 1, 1, 1, 1, 1, 1, 7, 7, 7, 7, 7, 7, 7, 7, 7, 7, 7, 7, 7, 7, 7, 7, 7, 7, 7, 7, 7, 7, 7, 7, 7, 7, 7, 7, 7, 7, 7, 7, 7, 7, 7, 7, 7, 7, 7, 7, 7, 7, 7], "psum": [0, 0, 0, 0, 0, 0, 0, 0, 0, 0, 0, 0, 0, 0, 0, 3.0, 3.0, 3.0, 3.0, 3.0, 3.0, 24.0, 24.0, 24.0, 24.0, 24.0, 24.0, 24.0, 24.0, 24.0, 24.0, 24.0, 24.0, 24.0, 24.0, 24.0, 24.0, 24.0, 24.0, 24.0, 24.0, 24.0, 24.0, 24.0, 24.0, 24.0, 24.0, 24.0, 24.0, 24.0, 24.0, 24.0, 24.0, 24.0, 24.0, 24.0, 24.0, 24.0, 24.0, 24.0, 24.0, 24.0, 24.0, 24.0], "pcnt": [0, 0, 0, 0, 0, 0, 0, 0, 0, 0, 0, 0, 0, 0, 0, 1, 1, 1, 1, 1, 1, 7, 7, 7, 7, 7, 7, 7, 7, 7, 7, 7, 7, 7, 7, 7, 7, 7, 7, 7, 7, 7, 7, 7, 7, 7, 7, 7, 7, 7, 7, 7, 7, 7, 7, 7, 7, 7, 7, 7, 7, 7, 7, 7]}}, {"type": "Feature", "geometry": {"type": "Point", "coordinates": [-101.61632, 49.20561]}, "properties": {"twp": "003-31-W1", "prov": "SK", "total": 56, "first": 1892, "cum": [0, 0, 0, 0, 0, 0, 0, 0, 0, 0, 0, 20, 20, 20, 20, 20, 25, 34, 43, 43, 48, 52, 52, 54, 54, 55, 55, 55, 55, 56, 56, 56, 56, 56, 56, 56, 56, 56, 56, 56, 56, 56, 56, 56, 56, 56, 56, 56, 56, 56, 56, 56, 56, 56, 56, 56, 56, 56, 56, 56, 56, 56, 56, 56], "psum": [0, 0, 0, 0, 0, 0, 0, 0, 0, 0, 0, 88.0, 88.0, 88.0, 88.0, 88.0, 107.0, 139.0, 182.0, 182.0, 200.0, 220.0, 220.0, 274.0, 274.0, 299.0, 299.0, 299.0, 299.0, 329.0, 329.0, 329.0, 329.0, 329.0, 329.0, 329.0, 329.0, 329.0, 329.0, 329.0, 329.0, 329.0, 329.0, 329.0, 329.0, 329.0, 329.0, 329.0, 329.0, 329.0, 329.0, 329.0, 329.0, 329.0, 329.0, 329.0, 329.0, 329.0, 329.0, 329.0, 329.0, 329.0, 329.0, 329.0], "pcnt": [0, 0, 0, 0, 0, 0, 0, 0, 0, 0, 0, 20, 20, 20, 20, 20, 25, 34, 43, 43, 48, 52, 52, 54, 54, 55, 55, 55, 55, 56, 56, 56, 56, 56, 56, 56, 56, 56, 56, 56, 56, 56, 56, 56, 56, 56, 56, 56, 56, 56, 56, 56, 56, 56, 56, 56, 56, 56, 56, 56, 56, 56, 56, 56]}}, {"type": "Feature", "geometry": {"type": "Point", "coordinates": [-101.93499, 49.03819]}, "properties": {"twp": "001-34-W1", "prov": "SK", "total": 19, "first": 1889, "cum": [0, 0, 0, 0, 0, 0, 0, 0, 1, 1, 1, 1, 4, 4, 4, 4, 4, 4, 4, 6, 7, 19, 19, 19, 19, 19, 19, 19, 19, 19, 19, 19, 19, 19, 19, 19, 19, 19, 19, 19, 19, 19, 19, 19, 19, 19, 19, 19, 19, 19, 19, 19, 19, 19, 19, 19, 19, 19, 19, 19, 19, 19, 19, 19], "psum": [0, 0, 0, 0, 0, 0, 0, 0, 2.5, 2.5, 2.5, 2.5, 11.5, 11.5, 11.5, 11.5, 11.5, 11.5, 11.5, 17.5, 21.0, 63.0, 63.0, 63.0, 63.0, 63.0, 63.0, 63.0, 63.0, 63.0, 63.0, 63.0, 63.0, 63.0, 63.0, 63.0, 63.0, 63.0, 63.0, 63.0, 63.0, 63.0, 63.0, 63.0, 63.0, 63.0, 63.0, 63.0, 63.0, 63.0, 63.0, 63.0, 63.0, 63.0, 63.0, 63.0, 63.0, 63.0, 63.0, 63.0, 63.0, 63.0, 63.0, 63.0], "pcnt": [0, 0, 0, 0, 0, 0, 0, 0, 1, 1, 1, 1, 4, 4, 4, 4, 4, 4, 4, 6, 7, 19, 19, 19, 19, 19, 19, 19, 19, 19, 19, 19, 19, 19, 19, 19, 19, 19, 19, 19, 19, 19, 19, 19, 19, 19, 19, 19, 19, 19, 19, 19, 19, 19, 19, 19, 19, 19, 19, 19, 19, 19, 19, 19]}}, {"type": "Feature", "geometry": {"type": "Point", "coordinates": [-102.48992, 49.02519]}, "properties": {"twp": "001-04-W2", "prov": "SK", "total": 64, "first": 1892, "cum": [0, 0, 0, 0, 0, 0, 0, 0, 0, 0, 0, 9, 11, 11, 11, 11, 11, 12, 22, 49, 58, 61, 61, 62, 62, 62, 62, 62, 64, 64, 64, 64, 64, 64, 64, 64, 64, 64, 64, 64, 64, 64, 64, 64, 64, 64, 64, 64, 64, 64, 64, 64, 64, 64, 64, 64, 64, 64, 64, 64, 64, 64, 64, 64], "psum": [0, 0, 0, 0, 0, 0, 0, 0, 0, 0, 0, 27.0, 33.0, 33.0, 33.0, 33.0, 33.0, 36.0, 66.0, 147.0, 180.0, 192.0, 192.0, 200.0, 200.0, 200.0, 200.0, 200.0, 220.0, 220.0, 220.0, 220.0, 220.0, 220.0, 220.0, 220.0, 220.0, 220.0, 220.0, 220.0, 220.0, 220.0, 220.0, 220.0, 220.0, 220.0, 220.0, 220.0, 220.0, 220.0, 220.0, 220.0, 220.0, 220.0, 220.0, 220.0, 220.0, 220.0, 220.0, 220.0, 220.0, 220.0, 220.0, 220.0], "pcnt": [0, 0, 0, 0, 0, 0, 0, 0, 0, 0, 0, 9, 11, 11, 11, 11, 11, 12, 22, 49, 58, 61, 61, 62, 62, 62, 62, 62, 64, 64, 64, 64, 64, 64, 64, 64, 64, 64, 64, 64, 64, 64, 64, 64, 64, 64, 64, 64, 64, 64, 64, 64, 64, 64, 64, 64, 64, 64, 64, 64, 64, 64, 64, 64]}}, {"type": "Feature", "geometry": {"type": "Point", "coordinates": [-104.52725, 51.75436]}, "properties": {"twp": "032-18-W2", "prov": "SK", "total": 1, "first": 1910, "cum": [0, 0, 0, 0, 0, 0, 0, 0, 0, 0, 0, 0, 0, 0, 0, 0, 0, 0, 0, 0, 0, 0, 0, 0, 0, 0, 0, 0, 0, 1, 1, 1, 1, 1, 1, 1, 1, 1, 1, 1, 1, 1, 1, 1, 1, 1, 1, 1, 1, 1, 1, 1, 1, 1, 1, 1, 1, 1, 1, 1, 1, 1, 1, 1], "psum": [0, 0, 0, 0, 0, 0, 0, 0, 0, 0, 0, 0, 0, 0, 0, 0, 0, 0, 0, 0, 0, 0, 0, 0, 0, 0, 0, 0, 0, 6.0, 6.0, 6.0, 6.0, 6.0, 6.0, 6.0, 6.0, 6.0, 6.0, 6.0, 6.0, 6.0, 6.0, 6.0, 6.0, 6.0, 6.0, 6.0, 6.0, 6.0, 6.0, 6.0, 6.0, 6.0, 6.0, 6.0, 6.0, 6.0, 6.0, 6.0, 6.0, 6.0, 6.0, 6.0], "pcnt": [0, 0, 0, 0, 0, 0, 0, 0, 0, 0, 0, 0, 0, 0, 0, 0, 0, 0, 0, 0, 0, 0, 0, 0, 0, 0, 0, 0, 0, 1, 1, 1, 1, 1, 1, 1, 1, 1, 1, 1, 1, 1, 1, 1, 1, 1, 1, 1, 1, 1, 1, 1, 1, 1, 1, 1, 1, 1, 1, 1, 1, 1, 1, 1]}}, {"type": "Feature", "geometry": {"type": "Point", "coordinates": [-109.19196, 53.06207]}, "properties": {"twp": "047-22-W3", "prov": "SK", "total": 12, "first": 1905, "cum": [0, 0, 0, 0, 0, 0, 0, 0, 0, 0, 0, 0, 0, 0, 0, 0, 0, 0, 0, 0, 0, 0, 0, 0, 10, 10, 10, 10, 10, 12, 12, 12, 12, 12, 12, 12, 12, 12, 12, 12, 12, 12, 12, 12, 12, 12, 12, 12, 12, 12, 12, 12, 12, 12, 12, 12, 12, 12, 12, 12, 12, 12, 12, 12], "psum": [0, 0, 0, 0, 0, 0, 0, 0, 0, 0, 0, 0, 0, 0, 0, 0, 0, 0, 0, 0, 0, 0, 0, 0, 60.0, 60.0, 60.0, 60.0, 60.0, 76.0, 76.0, 76.0, 76.0, 76.0, 76.0, 76.0, 76.0, 76.0, 76.0, 76.0, 76.0, 76.0, 76.0, 76.0, 76.0, 76.0, 76.0, 76.0, 76.0, 76.0, 76.0, 76.0, 76.0, 76.0, 76.0, 76.0, 76.0, 76.0, 76.0, 76.0, 76.0, 76.0, 76.0, 76.0], "pcnt": [0, 0, 0, 0, 0, 0, 0, 0, 0, 0, 0, 0, 0, 0, 0, 0, 0, 0, 0, 0, 0, 0, 0, 0, 10, 10, 10, 10, 10, 12, 12, 12, 12, 12, 12, 12, 12, 12, 12, 12, 12, 12, 12, 12, 12, 12, 12, 12, 12, 12, 12, 12, 12, 12, 12, 12, 12, 12, 12, 12, 12, 12, 12, 12]}}, {"type": "Feature", "geometry": {"type": "Point", "coordinates": [-108.30545, 53.04325]}, "properties": {"twp": "047-16-W3", "prov": "SK", "total": 12, "first": 1902, "cum": [0, 0, 0, 0, 0, 0, 0, 0, 0, 0, 0, 0, 0, 0, 0, 0, 0, 0, 0, 0, 0, 1, 1, 1, 2, 2, 3, 5, 5, 5, 7, 12, 12, 12, 12, 12, 12, 12, 12, 12, 12, 12, 12, 12, 12, 12, 12, 12, 12, 12, 12, 12, 12, 12, 12, 12, 12, 12, 12, 12, 12, 12, 12, 12], "psum": [0, 0, 0, 0, 0, 0, 0, 0, 0, 0, 0, 0, 0, 0, 0, 0, 0, 0, 0, 0, 0, 0, 0, 0, 6.0, 6.0, 21.0, 51.0, 51.0, 51.0, 95.0, 170.0, 170.0, 170.0, 170.0, 170.0, 170.0, 170.0, 170.0, 170.0, 170.0, 170.0, 170.0, 170.0, 170.0, 170.0, 170.0, 170.0, 170.0, 170.0, 170.0, 170.0, 170.0, 170.0, 170.0, 170.0, 170.0, 170.0, 170.0, 170.0, 170.0, 170.0, 170.0, 170.0], "pcnt": [0, 0, 0, 0, 0, 0, 0, 0, 0, 0, 0, 0, 0, 0, 0, 0, 0, 0, 0, 0, 0, 0, 0, 0, 1, 1, 2, 4, 4, 4, 6, 11, 11, 11, 11, 11, 11, 11, 11, 11, 11, 11, 11, 11, 11, 11, 11, 11, 11, 11, 11, 11, 11, 11, 11, 11, 11, 11, 11, 11, 11, 11, 11, 11]}}, {"type": "Feature", "geometry": {"type": "Point", "coordinates": [-108.14581, 52.95188]}, "properties": {"twp": "046-15-W3", "prov": "SK", "total": 10, "first": 1902, "cum": [0, 0, 0, 0, 0, 0, 0, 0, 0, 0, 0, 0, 0, 0, 0, 0, 0, 0, 0, 0, 0, 1, 1, 2, 2, 2, 3, 3, 4, 7, 7, 10, 10, 10, 10, 10, 10, 10, 10, 10, 10, 10, 10, 10, 10, 10, 10, 10, 10, 10, 10, 10, 10, 10, 10, 10, 10, 10, 10, 10, 10, 10, 10, 10], "psum": [0, 0, 0, 0, 0, 0, 0, 0, 0, 0, 0, 0, 0, 0, 0, 0, 0, 0, 0, 0, 0, 4.0, 4.0, 10.0, 10.0, 10.0, 20.0, 20.0, 30.0, 64.0, 64.0, 106.0, 106.0, 106.0, 106.0, 106.0, 106.0, 106.0, 106.0, 106.0, 106.0, 106.0, 106.0, 106.0, 106.0, 106.0, 106.0, 106.0, 106.0, 106.0, 106.0, 106.0, 106.0, 106.0, 106.0, 106.0, 106.0, 106.0, 106.0, 106.0, 106.0, 106.0, 106.0, 106.0], "pcnt": [0, 0, 0, 0, 0, 0, 0, 0, 0, 0, 0, 0, 0, 0, 0, 0, 0, 0, 0, 0, 0, 1, 1, 2, 2, 2, 3, 3, 4, 7, 7, 10, 10, 10, 10, 10, 10, 10, 10, 10, 10, 10, 10, 10, 10, 10, 10, 10, 10, 10, 10, 10, 10, 10, 10, 10, 10, 10, 10, 10, 10, 10, 10, 10]}}, {"type": "Feature", "geometry": {"type": "Point", "coordinates": [-108.97355, 52.76583]}, "properties": {"twp": "044-21-W3", "prov": "SK", "total": 61, "first": 1903, "cum": [0, 0, 0, 0, 0, 0, 0, 0, 0, 0, 0, 0, 0, 0, 0, 0, 0, 0, 0, 0, 0, 0, 24, 24, 24, 25, 25, 25, 25, 60, 61, 61, 61, 61, 61, 61, 61, 61, 61, 61, 61, 61, 61, 61, 61, 61, 61, 61, 61, 61, 61, 61, 61, 61, 61, 61, 61, 61, 61, 61, 61, 61, 61, 61], "psum": [0, 0, 0, 0, 0, 0, 0, 0, 0, 0, 0, 0, 0, 0, 0, 0, 0, 0, 0, 0, 0, 0, 96.0, 96.0, 96.0, 104.0, 104.0, 104.0, 104.0, 368.0, 384.0, 384.0, 384.0, 384.0, 384.0, 384.0, 384.0, 384.0, 384.0, 384.0, 384.0, 384.0, 384.0, 384.0, 384.0, 384.0, 384.0, 384.0, 384.0, 384.0, 384.0, 384.0, 384.0, 384.0, 384.0, 384.0, 384.0, 384.0, 384.0, 384.0, 384.0, 384.0, 384.0, 384.0], "pcnt": [0, 0, 0, 0, 0, 0, 0, 0, 0, 0, 0, 0, 0, 0, 0, 0, 0, 0, 0, 0, 0, 0, 24, 24, 24, 25, 25, 25, 25, 60, 61, 61, 61, 61, 61, 61, 61, 61, 61, 61, 61, 61, 61, 61, 61, 61, 61, 61, 61, 61, 61, 61, 61, 61, 61, 61, 61, 61, 61, 61, 61, 61, 61, 61]}}, {"type": "Feature", "geometry": {"type": "Point", "coordinates": [-106.11284, 52.18211]}, "properties": {"twp": "037-01-W3", "prov": "SK", "total": 20, "first": 1910, "cum": [0, 0, 0, 0, 0, 0, 0, 0, 0, 0, 0, 0, 0, 0, 0, 0, 0, 0, 0, 0, 0, 0, 0, 0, 0, 0, 0, 0, 0, 19, 20, 20, 20, 20, 20, 20, 20, 20, 20, 20, 20, 20, 20, 20, 20, 20, 20, 20, 20, 20, 20, 20, 20, 20, 20, 20, 20, 20, 20, 20, 20, 20, 20, 20], "psum": [0, 0, 0, 0, 0, 0, 0, 0, 0, 0, 0, 0, 0, 0, 0, 0, 0, 0, 0, 0, 0, 0, 0, 0, 0, 0, 0, 0, 0, 190.0, 202.0, 202.0, 202.0, 202.0, 202.0, 202.0, 202.0, 202.0, 202.0, 202.0, 202.0, 202.0, 202.0, 202.0, 202.0, 202.0, 202.0, 202.0, 202.0, 202.0, 202.0, 202.0, 202.0, 202.0, 202.0, 202.0, 202.0, 202.0, 202.0, 202.0, 202.0, 202.0, 202.0, 202.0], "pcnt": [0, 0, 0, 0, 0, 0, 0, 0, 0, 0, 0, 0, 0, 0, 0, 0, 0, 0, 0, 0, 0, 0, 0, 0, 0, 0, 0, 0, 0, 19, 20, 20, 20, 20, 20, 20, 20, 20, 20, 20, 20, 20, 20, 20, 20, 20, 20, 20, 20, 20, 20, 20, 20, 20, 20, 20, 20, 20, 20, 20, 20, 20, 20, 20]}}, {"type": "Feature", "geometry": {"type": "Point", "coordinates": [-102.84969, 51.34642]}, "properties": {"twp": "027-06-W2", "prov": "SK", "total": 1, "first": 1909, "cum": [0, 0, 0, 0, 0, 0, 0, 0, 0, 0, 0, 0, 0, 0, 0, 0, 0, 0, 0, 0, 0, 0, 0, 0, 0, 0, 0, 0, 1, 1, 1, 1, 1, 1, 1, 1, 1, 1, 1, 1, 1, 1, 1, 1, 1, 1, 1, 1, 1, 1, 1, 1, 1, 1, 1, 1, 1, 1, 1, 1, 1, 1, 1, 1], "psum": [0, 0, 0, 0, 0, 0, 0, 0, 0, 0, 0, 0, 0, 0, 0, 0, 0, 0, 0, 0, 0, 0, 0, 0, 0, 0, 0, 0, 10.0, 10.0, 10.0, 10.0, 10.0, 10.0, 10.0, 10.0, 10.0, 10.0, 10.0, 10.0, 10.0, 10.0, 10.0, 10.0, 10.0, 10.0, 10.0, 10.0, 10.0, 10.0, 10.0, 10.0, 10.0, 10.0, 10.0, 10.0, 10.0, 10.0, 10.0, 10.0, 10.0, 10.0, 10.0, 10.0], "pcnt": [0, 0, 0, 0, 0, 0, 0, 0, 0, 0, 0, 0, 0, 0, 0, 0, 0, 0, 0, 0, 0, 0, 0, 0, 0, 0, 0, 0, 1, 1, 1, 1, 1, 1, 1, 1, 1, 1, 1, 1, 1, 1, 1, 1, 1, 1, 1, 1, 1, 1, 1, 1, 1, 1, 1, 1, 1, 1, 1, 1, 1, 1, 1, 1]}}, {"type": "Feature", "geometry": {"type": "Point", "coordinates": [-105.70979, 50.7763]}, "properties": {"twp": "021-27-W2", "prov": "SK", "total": 29, "first": 1902, "cum": [0, 0, 0, 0, 0, 0, 0, 0, 0, 0, 0, 0, 0, 0, 0, 0, 0, 0, 0, 0, 0, 2, 7, 7, 17, 27, 27, 27, 27, 27, 28, 29, 29, 29, 29, 29, 29, 29, 29, 29, 29, 29, 29, 29, 29, 29, 29, 29, 29, 29, 29, 29, 29, 29, 29, 29, 29, 29, 29, 29, 29, 29, 29, 29], "psum": [0, 0, 0, 0, 0, 0, 0, 0, 0, 0, 0, 0, 0, 0, 0, 0, 0, 0, 0, 0, 0, 8.0, 32.0, 32.0, 81.0, 146.0, 146.0, 146.0, 146.0, 146.0, 158.0, 170.0, 170.0, 170.0, 170.0, 170.0, 170.0, 170.0, 170.0, 170.0, 170.0, 170.0, 170.0, 170.0, 170.0, 170.0, 170.0, 170.0, 170.0, 170.0, 170.0, 170.0, 170.0, 170.0, 170.0, 170.0, 170.0, 170.0, 170.0, 170.0, 170.0, 170.0, 170.0, 170.0], "pcnt": [0, 0, 0, 0, 0, 0, 0, 0, 0, 0, 0, 0, 0, 0, 0, 0, 0, 0, 0, 0, 0, 2, 7, 7, 17, 27, 27, 27, 27, 27, 28, 29, 29, 29, 29, 29, 29, 29, 29, 29, 29, 29, 29, 29, 29, 29, 29, 29, 29, 29, 29, 29, 29, 29, 29, 29, 29, 29, 29, 29, 29, 29, 29, 29]}}, {"type": "Feature", "geometry": {"type": "Point", "coordinates": [-104.1733, 50.6842]}, "properties": {"twp": "020-16-W2", "prov": "SK", "total": 27, "first": 1882, "cum": [0, 8, 12, 12, 12, 12, 12, 12, 12, 12, 12, 12, 12, 12, 12, 12, 12, 12, 12, 13, 13, 15, 18, 21, 25, 25, 27, 27, 27, 27, 27, 27, 27, 27, 27, 27, 27, 27, 27, 27, 27, 27, 27, 27, 27, 27, 27, 27, 27, 27, 27, 27, 27, 27, 27, 27, 27, 27, 27, 27, 27, 27, 27, 27], "psum": [0, 20.0, 36.0, 36.0, 36.0, 36.0, 36.0, 36.0, 36.0, 36.0, 36.0, 36.0, 36.0, 36.0, 36.0, 36.0, 36.0, 36.0, 36.0, 39.0, 39.0, 47.0, 64.0, 82.0, 106.0, 106.0, 126.0, 126.0, 126.0, 126.0, 126.0, 126.0, 126.0, 126.0, 126.0, 126.0, 126.0, 126.0, 126.0, 126.0, 126.0, 126.0, 126.0, 126.0, 126.0, 126.0, 126.0, 126.0, 126.0, 126.0, 126.0, 126.0, 126.0, 126.0, 126.0, 126.0, 126.0, 126.0, 126.0, 126.0, 126.0, 126.0, 126.0, 126.0], "pcnt": [0, 8, 12, 12, 12, 12, 12, 12, 12, 12, 12, 12, 12, 12, 12, 12, 12, 12, 12, 13, 13, 15, 18, 21, 25, 25, 27, 27, 27, 27, 27, 27, 27, 27, 27, 27, 27, 27, 27, 27, 27, 27, 27, 27, 27, 27, 27, 27, 27, 27, 27, 27, 27, 27, 27, 27, 27, 27, 27, 27, 27, 27, 27, 27]}}, {"type": "Feature", "geometry": {"type": "Point", "coordinates": [-102.65377, 50.70685]}, "properties": {"twp": "020-05-W2", "prov": "SK", "total": 37, "first": 1904, "cum": [0, 0, 0, 0, 0, 0, 0, 0, 0, 0, 0, 0, 0, 0, 0, 0, 0, 0, 0, 0, 0, 0, 0, 8, 15, 35, 37, 37, 37, 37, 37, 37, 37, 37, 37, 37, 37, 37, 37, 37, 37, 37, 37, 37, 37, 37, 37, 37, 37, 37, 37, 37, 37, 37, 37, 37, 37, 37, 37, 37, 37, 37, 37, 37], "psum": [0, 0, 0, 0, 0, 0, 0, 0, 0, 0, 0, 0, 0, 0, 0, 0, 0, 0, 0, 0, 0, 0, 0, 68.0, 135.0, 323.0, 343.0, 343.0, 343.0, 343.0, 343.0, 343.0, 343.0, 343.0, 343.0, 343.0, 343.0, 343.0, 343.0, 343.0, 343.0, 343.0, 343.0, 343.0, 343.0, 343.0, 343.0, 343.0, 343.0, 343.0, 343.0, 343.0, 343.0, 343.0, 343.0, 343.0, 343.0, 343.0, 343.0, 343.0, 343.0, 343.0, 343.0, 343.0], "pcnt": [0, 0, 0, 0, 0, 0, 0, 0, 0, 0, 0, 0, 0, 0, 0, 0, 0, 0, 0, 0, 0, 0, 0, 8, 15, 35, 37, 37, 37, 37, 37, 37, 37, 37, 37, 37, 37, 37, 37, 37, 37, 37, 37, 37, 37, 37, 37, 37, 37, 37, 37, 37, 37, 37, 37, 37, 37, 37, 37, 37, 37, 37, 37, 37]}}, {"type": "Feature", "geometry": {"type": "Point", "coordinates": [-102.09748, 50.61543]}, "properties": {"twp": "019-01-W2", "prov": "SK", "total": 27, "first": 1892, "cum": [0, 0, 0, 0, 0, 0, 0, 0, 0, 0, 0, 2, 4, 4, 4, 6, 9, 14, 17, 20, 21, 21, 24, 24, 26, 27, 27, 27, 27, 27, 27, 27, 27, 27, 27, 27, 27, 27, 27, 27, 27, 27, 27, 27, 27, 27, 27, 27, 27, 27, 27, 27, 27, 27, 27, 27, 27, 27, 27, 27, 27, 27, 27, 27], "psum": [0, 0, 0, 0, 0, 0, 0, 0, 0, 0, 0, 6.0, 12.0, 12.0, 12.0, 18.0, 27.0, 42.0, 51.0, 58.9, 61.9, 61.9, 78.9, 78.9, 94.9, 101.9, 101.9, 101.9, 101.9, 101.9, 101.9, 101.9, 101.9, 101.9, 101.9, 101.9, 101.9, 101.9, 101.9, 101.9, 101.9, 101.9, 101.9, 101.9, 101.9, 101.9, 101.9, 101.9, 101.9, 101.9, 101.9, 101.9, 101.9, 101.9, 101.9, 101.9, 101.9, 101.9, 101.9, 101.9, 101.9, 101.9, 101.9, 101.9], "pcnt": [0, 0, 0, 0, 0, 0, 0, 0, 0, 0, 0, 2, 4, 4, 4, 6, 9, 14, 17, 20, 21, 21, 24, 24, 26, 27, 27, 27, 27, 27, 27, 27, 27, 27, 27, 27, 27, 27, 27, 27, 27, 27, 27, 27, 27, 27, 27, 27, 27, 27, 27, 27, 27, 27, 27, 27, 27, 27, 27, 27, 27, 27, 27, 27]}}, {"type": "Feature", "geometry": {"type": "Point", "coordinates": [-104.45205, 50.18535]}, "properties": {"twp": "014-18-W2", "prov": "SK", "total": 12, "first": 1901, "cum": [0, 0, 0, 0, 0, 0, 0, 0, 0, 0, 0, 0, 0, 0, 0, 0, 0, 0, 0, 0, 12, 12, 12, 12, 12, 12, 12, 12, 12, 12, 12, 12, 12, 12, 12, 12, 12, 12, 12, 12, 12, 12, 12, 12, 12, 12, 12, 12, 12, 12, 12, 12, 12, 12, 12, 12, 12, 12, 12, 12, 12, 12, 12, 12], "psum": [0, 0, 0, 0, 0, 0, 0, 0, 0, 0, 0, 0, 0, 0, 0, 0, 0, 0, 0, 0, 24.0, 24.0, 24.0, 24.0, 24.0, 24.0, 24.0, 24.0, 24.0, 24.0, 24.0, 24.0, 24.0, 24.0, 24.0, 24.0, 24.0, 24.0, 24.0, 24.0, 24.0, 24.0, 24.0, 24.0, 24.0, 24.0, 24.0, 24.0, 24.0, 24.0, 24.0, 24.0, 24.0, 24.0, 24.0, 24.0, 24.0, 24.0, 24.0, 24.0, 24.0, 24.0, 24.0, 24.0], "pcnt": [0, 0, 0, 0, 0, 0, 0, 0, 0, 0, 0, 0, 0, 0, 0, 0, 0, 0, 0, 0, 12, 12, 12, 12, 12, 12, 12, 12, 12, 12, 12, 12, 12, 12, 12, 12, 12, 12, 12, 12, 12, 12, 12, 12, 12, 12, 12, 12, 12, 12, 12, 12, 12, 12, 12, 12, 12, 12, 12, 12, 12, 12, 12, 12]}}, {"type": "Feature", "geometry": {"type": "Point", "coordinates": [-101.54568, 50.0932]}, "properties": {"twp": "013-30-W1", "prov": "SK", "total": 24, "first": 1884, "cum": [0, 0, 0, 22, 24, 24, 24, 24, 24, 24, 24, 24, 24, 24, 24, 24, 24, 24, 24, 24, 24, 24, 24, 24, 24, 24, 24, 24, 24, 24, 24, 24, 24, 24, 24, 24, 24, 24, 24, 24, 24, 24, 24, 24, 24, 24, 24, 24, 24, 24, 24, 24, 24, 24, 24, 24, 24, 24, 24, 24, 24, 24, 24, 24], "psum": [0, 0, 0, 66.0, 72.0, 72.0, 72.0, 72.0, 72.0, 72.0, 72.0, 72.0, 72.0, 72.0, 72.0, 72.0, 72.0, 72.0, 72.0, 72.0, 72.0, 72.0, 72.0, 72.0, 72.0, 72.0, 72.0, 72.0, 72.0, 72.0, 72.0, 72.0, 72.0, 72.0, 72.0, 72.0, 72.0, 72.0, 72.0, 72.0, 72.0, 72.0, 72.0, 72.0, 72.0, 72.0, 72.0, 72.0, 72.0, 72.0, 72.0, 72.0, 72.0, 72.0, 72.0, 72.0, 72.0, 72.0, 72.0, 72.0, 72.0, 72.0, 72.0, 72.0], "pcnt": [0, 0, 0, 22, 24, 24, 24, 24, 24, 24, 24, 24, 24, 24, 24, 24, 24, 24, 24, 24, 24, 24, 24, 24, 24, 24, 24, 24, 24, 24, 24, 24, 24, 24, 24, 24, 24, 24, 24, 24, 24, 24, 24, 24, 24, 24, 24, 24, 24, 24, 24, 24, 24, 24, 24, 24, 24, 24, 24, 24, 24, 24, 24, 24]}}, {"type": "Feature", "geometry": {"type": "Point", "coordinates": [-109.89797, 49.89804]}, "properties": {"twp": "011-29-W3", "prov": "SK", "total": 51, "first": 1903, "cum": [0, 0, 0, 0, 0, 0, 0, 0, 0, 0, 0, 0, 0, 0, 0, 0, 0, 0, 0, 0, 0, 0, 51, 51, 51, 51, 51, 51, 51, 51, 51, 51, 51, 51, 51, 51, 51, 51, 51, 51, 51, 51, 51, 51, 51, 51, 51, 51, 51, 51, 51, 51, 51, 51, 51, 51, 51, 51, 51, 51, 51, 51, 51, 51], "psum": [0, 0, 0, 0, 0, 0, 0, 0, 0, 0, 0, 0, 0, 0, 0, 0, 0, 0, 0, 0, 0, 0, 178.5, 178.5, 178.5, 178.5, 178.5, 178.5, 178.5, 178.5, 178.5, 178.5, 178.5, 178.5, 178.5, 178.5, 178.5, 178.5, 178.5, 178.5, 178.5, 178.5, 178.5, 178.5, 178.5, 178.5, 178.5, 178.5, 178.5, 178.5, 178.5, 178.5, 178.5, 178.5, 178.5, 178.5, 178.5, 178.5, 178.5, 178.5, 178.5, 178.5, 178.5, 178.5], "pcnt": [0, 0, 0, 0, 0, 0, 0, 0, 0, 0, 0, 0, 0, 0, 0, 0, 0, 0, 0, 0, 0, 0, 51, 51, 51, 51, 51, 51, 51, 51, 51, 51, 51, 51, 51, 51, 51, 51, 51, 51, 51, 51, 51, 51, 51, 51, 51, 51, 51, 51, 51, 51, 51, 51, 51, 51, 51, 51, 51, 51, 51, 51, 51, 51]}}, {"type": "Feature", "geometry": {"type": "Point", "coordinates": [-104.16486, 49.9081]}, "properties": {"twp": "011-16-W2", "prov": "SK", "total": 19, "first": 1899, "cum": [0, 0, 0, 0, 0, 0, 0, 0, 0, 0, 0, 0, 0, 0, 0, 0, 0, 0, 2, 5, 19, 19, 19, 19, 19, 19, 19, 19, 19, 19, 19, 19, 19, 19, 19, 19, 19, 19, 19, 19, 19, 19, 19, 19, 19, 19, 19, 19, 19, 19, 19, 19, 19, 19, 19, 19, 19, 19, 19, 19, 19, 19, 19, 19], "psum": [0, 0, 0, 0, 0, 0, 0, 0, 0, 0, 0, 0, 0, 0, 0, 0, 0, 0, 6.0, 15.0, 45.0, 45.0, 45.0, 45.0, 45.0, 45.0, 45.0, 45.0, 45.0, 45.0, 45.0, 45.0, 45.0, 45.0, 45.0, 45.0, 45.0, 45.0, 45.0, 45.0, 45.0, 45.0, 45.0, 45.0, 45.0, 45.0, 45.0, 45.0, 45.0, 45.0, 45.0, 45.0, 45.0, 45.0, 45.0, 45.0, 45.0, 45.0, 45.0, 45.0, 45.0, 45.0, 45.0, 45.0], "pcnt": [0, 0, 0, 0, 0, 0, 0, 0, 0, 0, 0, 0, 0, 0, 0, 0, 0, 0, 2, 5, 19, 19, 19, 19, 19, 19, 19, 19, 19, 19, 19, 19, 19, 19, 19, 19, 19, 19, 19, 19, 19, 19, 19, 19, 19, 19, 19, 19, 19, 19, 19, 19, 19, 19, 19, 19, 19, 19, 19, 19, 19, 19, 19, 19]}}, {"type": "Feature", "geometry": {"type": "Point", "coordinates": [-101.95764, 49.75962]}, "properties": {"twp": "009-33-W1", "prov": "SK", "total": 3, "first": 1884, "cum": [0, 0, 0, 1, 1, 1, 1, 3, 3, 3, 3, 3, 3, 3, 3, 3, 3, 3, 3, 3, 3, 3, 3, 3, 3, 3, 3, 3, 3, 3, 3, 3, 3, 3, 3, 3, 3, 3, 3, 3, 3, 3, 3, 3, 3, 3, 3, 3, 3, 3, 3, 3, 3, 3, 3, 3, 3, 3, 3, 3, 3, 3, 3, 3], "psum": [0, 0, 0, 4.0, 4.0, 4.0, 4.0, 9.0, 9.0, 9.0, 9.0, 9.0, 9.0, 9.0, 9.0, 9.0, 9.0, 9.0, 9.0, 9.0, 9.0, 9.0, 9.0, 9.0, 9.0, 9.0, 9.0, 9.0, 9.0, 9.0, 9.0, 9.0, 9.0, 9.0, 9.0, 9.0, 9.0, 9.0, 9.0, 9.0, 9.0, 9.0, 9.0, 9.0, 9.0, 9.0, 9.0, 9.0, 9.0, 9.0, 9.0, 9.0, 9.0, 9.0, 9.0, 9.0, 9.0, 9.0, 9.0, 9.0, 9.0, 9.0, 9.0, 9.0], "pcnt": [0, 0, 0, 1, 1, 1, 1, 3, 3, 3, 3, 3, 3, 3, 3, 3, 3, 3, 3, 3, 3, 3, 3, 3, 3, 3, 3, 3, 3, 3, 3, 3, 3, 3, 3, 3, 3, 3, 3, 3, 3, 3, 3, 3, 3, 3, 3, 3, 3, 3, 3, 3, 3, 3, 3, 3, 3, 3, 3, 3, 3, 3, 3, 3]}}, {"type": "Feature", "geometry": {"type": "Point", "coordinates": [-101.74956, 49.28569]}, "properties": {"twp": "004-32-W1", "prov": "SK", "total": 45, "first": 1892, "cum": [0, 0, 0, 0, 0, 0, 0, 0, 0, 0, 0, 20, 20, 20, 20, 20, 22, 24, 33, 36, 43, 45, 45, 45, 45, 45, 45, 45, 45, 45, 45, 45, 45, 45, 45, 45, 45, 45, 45, 45, 45, 45, 45, 45, 45, 45, 45, 45, 45, 45, 45, 45, 45, 45, 45, 45, 45, 45, 45, 45, 45, 45, 45, 45], "psum": [0, 0, 0, 0, 0, 0, 0, 0, 0, 0, 0, 60.0, 60.0, 60.0, 60.0, 60.0, 67.0, 70.0, 97.5, 106.5, 130.5, 138.5, 138.5, 138.5, 138.5, 138.5, 138.5, 138.5, 138.5, 138.5, 138.5, 138.5, 138.5, 138.5, 138.5, 138.5, 138.5, 138.5, 138.5, 138.5, 138.5, 138.5, 138.5, 138.5, 138.5, 138.5, 138.5, 138.5, 138.5, 138.5, 138.5, 138.5, 138.5, 138.5, 138.5, 138.5, 138.5, 138.5, 138.5, 138.5, 138.5, 138.5, 138.5, 138.5], "pcnt": [0, 0, 0, 0, 0, 0, 0, 0, 0, 0, 0, 20, 20, 20, 20, 20, 22, 23, 32, 35, 42, 44, 44, 44, 44, 44, 44, 44, 44, 44, 44, 44, 44, 44, 44, 44, 44, 44, 44, 44, 44, 44, 44, 44, 44, 44, 44, 44, 44, 44, 44, 44, 44, 44, 44, 44, 44, 44, 44, 44, 44, 44, 44, 44]}}, {"type": "Feature", "geometry": {"type": "Point", "coordinates": [-101.59942, 49.2951]}, "properties": {"twp": "004-31-W1", "prov": "SK", "total": 11, "first": 1892, "cum": [0, 0, 0, 0, 0, 0, 0, 0, 0, 0, 0, 7, 7, 7, 7, 7, 8, 8, 9, 9, 11, 11, 11, 11, 11, 11, 11, 11, 11, 11, 11, 11, 11, 11, 11, 11, 11, 11, 11, 11, 11, 11, 11, 11, 11, 11, 11, 11, 11, 11, 11, 11, 11, 11, 11, 11, 11, 11, 11, 11, 11, 11, 11, 11], "psum": [0, 0, 0, 0, 0, 0, 0, 0, 0, 0, 0, 21.0, 21.0, 21.0, 21.0, 21.0, 24.0, 24.0, 27.0, 27.0, 34.0, 34.0, 34.0, 34.0, 34.0, 34.0, 34.0, 34.0, 34.0, 34.0, 34.0, 34.0, 34.0, 34.0, 34.0, 34.0, 34.0, 34.0, 34.0, 34.0, 34.0, 34.0, 34.0, 34.0, 34.0, 34.0, 34.0, 34.0, 34.0, 34.0, 34.0, 34.0, 34.0, 34.0, 34.0, 34.0, 34.0, 34.0, 34.0, 34.0, 34.0, 34.0, 34.0, 34.0], "pcnt": [0, 0, 0, 0, 0, 0, 0, 0, 0, 0, 0, 7, 7, 7, 7, 7, 8, 8, 9, 9, 11, 11, 11, 11, 11, 11, 11, 11, 11, 11, 11, 11, 11, 11, 11, 11, 11, 11, 11, 11, 11, 11, 11, 11, 11, 11, 11, 11, 11, 11, 11, 11, 11, 11, 11, 11, 11, 11, 11, 11, 11, 11, 11, 11]}}, {"type": "Feature", "geometry": {"type": "Point", "coordinates": [-101.38627, 49.20895]}, "properties": {"twp": "003-29-W1", "prov": "SK", "total": 3, "first": 1902, "cum": [0, 0, 0, 0, 0, 0, 0, 0, 0, 0, 0, 0, 0, 0, 0, 0, 0, 0, 0, 0, 0, 3, 3, 3, 3, 3, 3, 3, 3, 3, 3, 3, 3, 3, 3, 3, 3, 3, 3, 3, 3, 3, 3, 3, 3, 3, 3, 3, 3, 3, 3, 3, 3, 3, 3, 3, 3, 3, 3, 3, 3, 3, 3, 3], "psum": [0, 0, 0, 0, 0, 0, 0, 0, 0, 0, 0, 0, 0, 0, 0, 0, 0, 0, 0, 0, 0, 10.5, 10.5, 10.5, 10.5, 10.5, 10.5, 10.5, 10.5, 10.5, 10.5, 10.5, 10.5, 10.5, 10.5, 10.5, 10.5, 10.5, 10.5, 10.5, 10.5, 10.5, 10.5, 10.5, 10.5, 10.5, 10.5, 10.5, 10.5, 10.5, 10.5, 10.5, 10.5, 10.5, 10.5, 10.5, 10.5, 10.5, 10.5, 10.5, 10.5, 10.5, 10.5, 10.5], "pcnt": [0, 0, 0, 0, 0, 0, 0, 0, 0, 0, 0, 0, 0, 0, 0, 0, 0, 0, 0, 0, 0, 3, 3, 3, 3, 3, 3, 3, 3, 3, 3, 3, 3, 3, 3, 3, 3, 3, 3, 3, 3, 3, 3, 3, 3, 3, 3, 3, 3, 3, 3, 3, 3, 3, 3, 3, 3, 3, 3, 3, 3, 3, 3, 3]}}, {"type": "Feature", "geometry": {"type": "Point", "coordinates": [-109.74541, 53.29498]}, "properties": {"twp": "050-26-W3", "prov": "SK", "total": 6, "first": 1908, "cum": [0, 0, 0, 0, 0, 0, 0, 0, 0, 0, 0, 0, 0, 0, 0, 0, 0, 0, 0, 0, 0, 0, 0, 0, 0, 0, 0, 3, 5, 5, 6, 6, 6, 6, 6, 6, 6, 6, 6, 6, 6, 6, 6, 6, 6, 6, 6, 6, 6, 6, 6, 6, 6, 6, 6, 6, 6, 6, 6, 6, 6, 6, 6, 6], "psum": [0, 0, 0, 0, 0, 0, 0, 0, 0, 0, 0, 0, 0, 0, 0, 0, 0, 0, 0, 0, 0, 0, 0, 0, 0, 0, 0, 40.0, 70.0, 70.0, 88.0, 88.0, 88.0, 88.0, 88.0, 88.0, 88.0, 88.0, 88.0, 88.0, 88.0, 88.0, 88.0, 88.0, 88.0, 88.0, 88.0, 88.0, 88.0, 88.0, 88.0, 88.0, 88.0, 88.0, 88.0, 88.0, 88.0, 88.0, 88.0, 88.0, 88.0, 88.0, 88.0, 88.0], "pcnt": [0, 0, 0, 0, 0, 0, 0, 0, 0, 0, 0, 0, 0, 0, 0, 0, 0, 0, 0, 0, 0, 0, 0, 0, 0, 0, 0, 3, 5, 5, 6, 6, 6, 6, 6, 6, 6, 6, 6, 6, 6, 6, 6, 6, 6, 6, 6, 6, 6, 6, 6, 6, 6, 6, 6, 6, 6, 6, 6, 6, 6, 6, 6, 6]}}, {"type": "Feature", "geometry": {"type": "Point", "coordinates": [-108.68862, 52.95293]}, "properties": {"twp": "046-19-W3", "prov": "SK", "total": 22, "first": 1901, "cum": [0, 0, 0, 0, 0, 0, 0, 0, 0, 0, 0, 0, 0, 0, 0, 0, 0, 0, 0, 0, 3, 18, 22, 22, 22, 22, 22, 22, 22, 22, 22, 22, 22, 22, 22, 22, 22, 22, 22, 22, 22, 22, 22, 22, 22, 22, 22, 22, 22, 22, 22, 22, 22, 22, 22, 22, 22, 22, 22, 22, 22, 22, 22, 22], "psum": [0, 0, 0, 0, 0, 0, 0, 0, 0, 0, 0, 0, 0, 0, 0, 0, 0, 0, 0, 0, 8.2, 63.9, 84.9, 84.9, 84.9, 84.9, 84.9, 84.9, 84.9, 84.9, 84.9, 84.9, 84.9, 84.9, 84.9, 84.9, 84.9, 84.9, 84.9, 84.9, 84.9, 84.9, 84.9, 84.9, 84.9, 84.9, 84.9, 84.9, 84.9, 84.9, 84.9, 84.9, 84.9, 84.9, 84.9, 84.9, 84.9, 84.9, 84.9, 84.9, 84.9, 84.9, 84.9, 84.9], "pcnt": [0, 0, 0, 0, 0, 0, 0, 0, 0, 0, 0, 0, 0, 0, 0, 0, 0, 0, 0, 0, 3, 18, 22, 22, 22, 22, 22, 22, 22, 22, 22, 22, 22, 22, 22, 22, 22, 22, 22, 22, 22, 22, 22, 22, 22, 22, 22, 22, 22, 22, 22, 22, 22, 22, 22, 22, 22, 22, 22, 22, 22, 22, 22, 22]}}, {"type": "Feature", "geometry": {"type": "Point", "coordinates": [-103.10531, 51.51085]}, "properties": {"twp": "029-08-W2", "prov": "SK", "total": 3, "first": 1907, "cum": [0, 0, 0, 0, 0, 0, 0, 0, 0, 0, 0, 0, 0, 0, 0, 0, 0, 0, 0, 0, 0, 0, 0, 0, 0, 0, 3, 3, 3, 3, 3, 3, 3, 3, 3, 3, 3, 3, 3, 3, 3, 3, 3, 3, 3, 3, 3, 3, 3, 3, 3, 3, 3, 3, 3, 3, 3, 3, 3, 3, 3, 3, 3, 3], "psum": [0, 0, 0, 0, 0, 0, 0, 0, 0, 0, 0, 0, 0, 0, 0, 0, 0, 0, 0, 0, 0, 0, 0, 0, 0, 0, 38.0, 38.0, 38.0, 38.0, 38.0, 38.0, 38.0, 38.0, 38.0, 38.0, 38.0, 38.0, 38.0, 38.0, 38.0, 38.0, 38.0, 38.0, 38.0, 38.0, 38.0, 38.0, 38.0, 38.0, 38.0, 38.0, 38.0, 38.0, 38.0, 38.0, 38.0, 38.0, 38.0, 38.0, 38.0, 38.0, 38.0, 38.0], "pcnt": [0, 0, 0, 0, 0, 0, 0, 0, 0, 0, 0, 0, 0, 0, 0, 0, 0, 0, 0, 0, 0, 0, 0, 0, 0, 0, 3, 3, 3, 3, 3, 3, 3, 3, 3, 3, 3, 3, 3, 3, 3, 3, 3, 3, 3, 3, 3, 3, 3, 3, 3, 3, 3, 3, 3, 3, 3, 3, 3, 3, 3, 3, 3, 3]}}, {"type": "Feature", "geometry": {"type": "Point", "coordinates": [-102.91482, 51.14657]}, "properties": {"twp": "025-07-W2", "prov": "SK", "total": 14, "first": 1905, "cum": [0, 0, 0, 0, 0, 0, 0, 0, 0, 0, 0, 0, 0, 0, 0, 0, 0, 0, 0, 0, 0, 0, 0, 0, 3, 6, 7, 7, 8, 9, 10, 14, 14, 14, 14, 14, 14, 14, 14, 14, 14, 14, 14, 14, 14, 14, 14, 14, 14, 14, 14, 14, 14, 14, 14, 14, 14, 14, 14, 14, 14, 14, 14, 14], "psum": [0, 0, 0, 0, 0, 0, 0, 0, 0, 0, 0, 0, 0, 0, 0, 0, 0, 0, 0, 0, 0, 0, 0, 0, 18.0, 44.0, 54.0, 54.0, 64.0, 74.0, 86.0, 138.5, 138.5, 138.5, 138.5, 138.5, 138.5, 138.5, 138.5, 138.5, 138.5, 138.5, 138.5, 138.5, 138.5, 138.5, 138.5, 138.5, 138.5, 138.5, 138.5, 138.5, 138.5, 138.5, 138.5, 138.5, 138.5, 138.5, 138.5, 138.5, 138.5, 138.5, 138.5, 138.5], "pcnt": [0, 0, 0, 0, 0, 0, 0, 0, 0, 0, 0, 0, 0, 0, 0, 0, 0, 0, 0, 0, 0, 0, 0, 0, 3, 6, 7, 7, 8, 9, 10, 14, 14, 14, 14, 14, 14, 14, 14, 14, 14, 14, 14, 14, 14, 14, 14, 14, 14, 14, 14, 14, 14, 14, 14, 14, 14, 14, 14, 14, 14, 14, 14, 14]}}, {"type": "Feature", "geometry": {"type": "Point", "coordinates": [-104.03682, 50.85552]}, "properties": {"twp": "022-15-W2", "prov": "SK", "total": 20, "first": 1902, "cum": [0, 0, 0, 0, 0, 0, 0, 0, 0, 0, 0, 0, 0, 0, 0, 0, 0, 0, 0, 0, 0, 20, 20, 20, 20, 20, 20, 20, 20, 20, 20, 20, 20, 20, 20, 20, 20, 20, 20, 20, 20, 20, 20, 20, 20, 20, 20, 20, 20, 20, 20, 20, 20, 20, 20, 20, 20, 20, 20, 20, 20, 20, 20, 20], "psum": [0, 0, 0, 0, 0, 0, 0, 0, 0, 0, 0, 0, 0, 0, 0, 0, 0, 0, 0, 0, 0, 60.0, 60.0, 60.0, 60.0, 60.0, 60.0, 60.0, 60.0, 60.0, 60.0, 60.0, 60.0, 60.0, 60.0, 60.0, 60.0, 60.0, 60.0, 60.0, 60.0, 60.0, 60.0, 60.0, 60.0, 60.0, 60.0, 60.0, 60.0, 60.0, 60.0, 60.0, 60.0, 60.0, 60.0, 60.0, 60.0, 60.0, 60.0, 60.0, 60.0, 60.0, 60.0, 60.0], "pcnt": [0, 0, 0, 0, 0, 0, 0, 0, 0, 0, 0, 0, 0, 0, 0, 0, 0, 0, 0, 0, 0, 20, 20, 20, 20, 20, 20, 20, 20, 20, 20, 20, 20, 20, 20, 20, 20, 20, 20, 20, 20, 20, 20, 20, 20, 20, 20, 20, 20, 20, 20, 20, 20, 20, 20, 20, 20, 20, 20, 20, 20, 20, 20, 20]}}, {"type": "Feature", "geometry": {"type": "Point", "coordinates": [-103.87703, 50.76727]}, "properties": {"twp": "021-14-W2", "prov": "SK", "total": 11, "first": 1897, "cum": [0, 0, 0, 0, 0, 0, 0, 0, 0, 0, 0, 0, 0, 0, 0, 0, 1, 1, 1, 1, 2, 5, 6, 6, 6, 9, 10, 10, 10, 11, 11, 11, 11, 11, 11, 11, 11, 11, 11, 11, 11, 11, 11, 11, 11, 11, 11, 11, 11, 11, 11, 11, 11, 11, 11, 11, 11, 11, 11, 11, 11, 11, 11, 11], "psum": [0, 0, 0, 0, 0, 0, 0, 0, 0, 0, 0, 0, 0, 0, 0, 0, 3.0, 3.0, 3.0, 3.0, 9.5, 21.5, 26.5, 26.5, 26.5, 44.5, 54.5, 54.5, 54.5, 64.5, 64.5, 64.5, 64.5, 64.5, 64.5, 64.5, 64.5, 64.5, 64.5, 64.5, 64.5, 64.5, 64.5, 64.5, 64.5, 64.5, 64.5, 64.5, 64.5, 64.5, 64.5, 64.5, 64.5, 64.5, 64.5, 64.5, 64.5, 64.5, 64.5, 64.5, 64.5, 64.5, 64.5, 64.5], "pcnt": [0, 0, 0, 0, 0, 0, 0, 0, 0, 0, 0, 0, 0, 0, 0, 0, 1, 1, 1, 1, 2, 5, 6, 6, 6, 9, 10, 10, 10, 11, 11, 11, 11, 11, 11, 11, 11, 11, 11, 11, 11, 11, 11, 11, 11, 11, 11, 11, 11, 11, 11, 11, 11, 11, 11, 11, 11, 11, 11, 11, 11, 11, 11, 11]}}, {"type": "Feature", "geometry": {"type": "Point", "coordinates": [-102.09899, 50.4311]}, "properties": {"twp": "017-01-W2", "prov": "SK", "total": 20, "first": 1884, "cum": [0, 0, 0, 8, 8, 8, 8, 8, 8, 8, 8, 8, 8, 8, 9, 9, 9, 10, 11, 12, 12, 12, 13, 13, 15, 17, 17, 18, 19, 20, 20, 20, 20, 20, 20, 20, 20, 20, 20, 20, 20, 20, 20, 20, 20, 20, 20, 20, 20, 20, 20, 20, 20, 20, 20, 20, 20, 20, 20, 20, 20, 20, 20, 20], "psum": [0, 0, 0, 32.0, 32.0, 32.0, 32.0, 32.0, 32.0, 32.0, 32.0, 32.0, 32.0, 32.0, 35.0, 35.0, 35.0, 38.0, 41.0, 44.0, 44.0, 44.0, 49.0, 49.0, 60.0, 72.0, 72.0, 82.0, 92.0, 102.0, 102.0, 102.0, 102.0, 102.0, 102.0, 102.0, 102.0, 102.0, 102.0, 102.0, 102.0, 102.0, 102.0, 102.0, 102.0, 102.0, 102.0, 102.0, 102.0, 102.0, 102.0, 102.0, 102.0, 102.0, 102.0, 102.0, 102.0, 102.0, 102.0, 102.0, 102.0, 102.0, 102.0, 102.0], "pcnt": [0, 0, 0, 8, 8, 8, 8, 8, 8, 8, 8, 8, 8, 8, 9, 9, 9, 10, 11, 12, 12, 12, 13, 13, 15, 17, 17, 18, 19, 20, 20, 20, 20, 20, 20, 20, 20, 20, 20, 20, 20, 20, 20, 20, 20, 20, 20, 20, 20, 20, 20, 20, 20, 20, 20, 20, 20, 20, 20, 20, 20, 20, 20, 20]}}, {"type": "Feature", "geometry": {"type": "Point", "coordinates": [-104.84058, 50.34733]}, "properties": {"twp": "016-21-W2", "prov": "SK", "total": 13, "first": 1882, "cum": [0, 7, 7, 7, 7, 7, 7, 7, 7, 7, 7, 7, 7, 7, 7, 7, 7, 7, 7, 7, 13, 13, 13, 13, 13, 13, 13, 13, 13, 13, 13, 13, 13, 13, 13, 13, 13, 13, 13, 13, 13, 13, 13, 13, 13, 13, 13, 13, 13, 13, 13, 13, 13, 13, 13, 13, 13, 13, 13, 13, 13, 13, 13, 13], "psum": [0, 17.5, 17.5, 17.5, 17.5, 17.5, 17.5, 17.5, 17.5, 17.5, 17.5, 17.5, 17.5, 17.5, 17.5, 17.5, 17.5, 17.5, 17.5, 17.5, 41.5, 41.5, 41.5, 41.5, 41.5, 41.5, 41.5, 41.5, 41.5, 41.5, 41.5, 41.5, 41.5, 41.5, 41.5, 41.5, 41.5, 41.5, 41.5, 41.5, 41.5, 41.5, 41.5, 41.5, 41.5, 41.5, 41.5, 41.5, 41.5, 41.5, 41.5, 41.5, 41.5, 41.5, 41.5, 41.5, 41.5, 41.5, 41.5, 41.5, 41.5, 41.5, 41.5, 41.5], "pcnt": [0, 7, 7, 7, 7, 7, 7, 7, 7, 7, 7, 7, 7, 7, 7, 7, 7, 7, 7, 7, 13, 13, 13, 13, 13, 13, 13, 13, 13, 13, 13, 13, 13, 13, 13, 13, 13, 13, 13, 13, 13, 13, 13, 13, 13, 13, 13, 13, 13, 13, 13, 13, 13, 13, 13, 13, 13, 13, 13, 13, 13, 13, 13, 13]}}, {"type": "Feature", "geometry": {"type": "Point", "coordinates": [-103.46058, 50.24338]}, "properties": {"twp": "015-11-W2", "prov": "SK", "total": 38, "first": 1894, "cum": [0, 0, 0, 0, 0, 0, 0, 0, 0, 0, 0, 0, 0, 3, 3, 3, 3, 3, 10, 12, 12, 12, 24, 36, 36, 36, 36, 36, 38, 38, 38, 38, 38, 38, 38, 38, 38, 38, 38, 38, 38, 38, 38, 38, 38, 38, 38, 38, 38, 38, 38, 38, 38, 38, 38, 38, 38, 38, 38, 38, 38, 38, 38, 38], "psum": [0, 0, 0, 0, 0, 0, 0, 0, 0, 0, 0, 0, 0, 9.0, 9.0, 9.0, 9.0, 9.0, 30.0, 36.0, 36.0, 36.0, 116.5, 200.5, 200.5, 200.5, 200.5, 200.5, 225.5, 225.5, 225.5, 225.5, 225.5, 225.5, 225.5, 225.5, 225.5, 225.5, 225.5, 225.5, 225.5, 225.5, 225.5, 225.5, 225.5, 225.5, 225.5, 225.5, 225.5, 225.5, 225.5, 225.5, 225.5, 225.5, 225.5, 225.5, 225.5, 225.5, 225.5, 225.5, 225.5, 225.5, 225.5, 225.5], "pcnt": [0, 0, 0, 0, 0, 0, 0, 0, 0, 0, 0, 0, 0, 3, 3, 3, 3, 3, 10, 12, 12, 12, 24, 36, 36, 36, 36, 36, 38, 38, 38, 38, 38, 38, 38, 38, 38, 38, 38, 38, 38, 38, 38, 38, 38, 38, 38, 38, 38, 38, 38, 38, 38, 38, 38, 38, 38, 38, 38, 38, 38, 38, 38, 38]}}, {"type": "Feature", "geometry": {"type": "Point", "coordinates": [-109.5247, 49.99734]}, "properties": {"twp": "012-26-W3", "prov": "SK", "total": 9, "first": 1897, "cum": [0, 0, 0, 0, 0, 0, 0, 0, 0, 0, 0, 0, 0, 0, 0, 0, 1, 1, 1, 1, 1, 3, 7, 7, 7, 7, 7, 7, 7, 9, 9, 9, 9, 9, 9, 9, 9, 9, 9, 9, 9, 9, 9, 9, 9, 9, 9, 9, 9, 9, 9, 9, 9, 9, 9, 9, 9, 9, 9, 9, 9, 9, 9, 9], "psum": [0, 0, 0, 0, 0, 0, 0, 0, 0, 0, 0, 0, 0, 0, 0, 0, 2.0, 2.0, 2.0, 2.0, 2.0, 7.5, 19.5, 19.5, 19.5, 19.5, 19.5, 19.5, 19.5, 35.5, 35.5, 35.5, 35.5, 35.5, 35.5, 35.5, 35.5, 35.5, 35.5, 35.5, 35.5, 35.5, 35.5, 35.5, 35.5, 35.5, 35.5, 35.5, 35.5, 35.5, 35.5, 35.5, 35.5, 35.5, 35.5, 35.5, 35.5, 35.5, 35.5, 35.5, 35.5, 35.5, 35.5, 35.5], "pcnt": [0, 0, 0, 0, 0, 0, 0, 0, 0, 0, 0, 0, 0, 0, 0, 0, 1, 1, 1, 1, 1, 3, 7, 7, 7, 7, 7, 7, 7, 9, 9, 9, 9, 9, 9, 9, 9, 9, 9, 9, 9, 9, 9, 9, 9, 9, 9, 9, 9, 9, 9, 9, 9, 9, 9, 9, 9, 9, 9, 9, 9, 9, 9, 9]}}, {"type": "Feature", "geometry": {"type": "Point", "coordinates": [-104.29274, 49.99619]}, "properties": {"twp": "012-17-W2", "prov": "SK", "total": 12, "first": 1901, "cum": [0, 0, 0, 0, 0, 0, 0, 0, 0, 0, 0, 0, 0, 0, 0, 0, 0, 0, 0, 0, 12, 12, 12, 12, 12, 12, 12, 12, 12, 12, 12, 12, 12, 12, 12, 12, 12, 12, 12, 12, 12, 12, 12, 12, 12, 12, 12, 12, 12, 12, 12, 12, 12, 12, 12, 12, 12, 12, 12, 12, 12, 12, 12, 12], "psum": [0, 0, 0, 0, 0, 0, 0, 0, 0, 0, 0, 0, 0, 0, 0, 0, 0, 0, 0, 0, 24.0, 24.0, 24.0, 24.0, 24.0, 24.0, 24.0, 24.0, 24.0, 24.0, 24.0, 24.0, 24.0, 24.0, 24.0, 24.0, 24.0, 24.0, 24.0, 24.0, 24.0, 24.0, 24.0, 24.0, 24.0, 24.0, 24.0, 24.0, 24.0, 24.0, 24.0, 24.0, 24.0, 24.0, 24.0, 24.0, 24.0, 24.0, 24.0, 24.0, 24.0, 24.0, 24.0, 24.0], "pcnt": [0, 0, 0, 0, 0, 0, 0, 0, 0, 0, 0, 0, 0, 0, 0, 0, 0, 0, 0, 0, 12, 12, 12, 12, 12, 12, 12, 12, 12, 12, 12, 12, 12, 12, 12, 12, 12, 12, 12, 12, 12, 12, 12, 12, 12, 12, 12, 12, 12, 12, 12, 12, 12, 12, 12, 12, 12, 12, 12, 12, 12, 12, 12, 12]}}, {"type": "Feature", "geometry": {"type": "Point", "coordinates": [-103.0322, 49.81955]}, "properties": {"twp": "010-08-W2", "prov": "SK", "total": 28, "first": 1903, "cum": [0, 0, 0, 0, 0, 0, 0, 0, 0, 0, 0, 0, 0, 0, 0, 0, 0, 0, 0, 0, 0, 0, 5, 7, 7, 14, 20, 22, 23, 27, 28, 28, 28, 28, 28, 28, 28, 28, 28, 28, 28, 28, 28, 28, 28, 28, 28, 28, 28, 28, 28, 28, 28, 28, 28, 28, 28, 28, 28, 28, 28, 28, 28, 28], "psum": [0, 0, 0, 0, 0, 0, 0, 0, 0, 0, 0, 0, 0, 0, 0, 0, 0, 0, 0, 0, 0, 0, 35.0, 49.0, 49.0, 119.0, 183.0, 203.0, 213.0, 259.0, 271.0, 271.0, 271.0, 271.0, 271.0, 271.0, 271.0, 271.0, 271.0, 271.0, 271.0, 271.0, 271.0, 271.0, 271.0, 271.0, 271.0, 271.0, 271.0, 271.0, 271.0, 271.0, 271.0, 271.0, 271.0, 271.0, 271.0, 271.0, 271.0, 271.0, 271.0, 271.0, 271.0, 271.0], "pcnt": [0, 0, 0, 0, 0, 0, 0, 0, 0, 0, 0, 0, 0, 0, 0, 0, 0, 0, 0, 0, 0, 0, 5, 7, 7, 14, 20, 22, 23, 27, 28, 28, 28, 28, 28, 28, 28, 28, 28, 28, 28, 28, 28, 28, 28, 28, 28, 28, 28, 28, 28, 28, 28, 28, 28, 28, 28, 28, 28, 28, 28, 28, 28, 28]}}, {"type": "Feature", "geometry": {"type": "Point", "coordinates": [-101.86568, 49.2881]}, "properties": {"twp": "004-33-W1", "prov": "SK", "total": 43, "first": 1892, "cum": [0, 0, 0, 0, 0, 0, 0, 0, 0, 0, 0, 9, 11, 11, 11, 11, 13, 14, 22, 36, 43, 43, 43, 43, 43, 43, 43, 43, 43, 43, 43, 43, 43, 43, 43, 43, 43, 43, 43, 43, 43, 43, 43, 43, 43, 43, 43, 43, 43, 43, 43, 43, 43, 43, 43, 43, 43, 43, 43, 43, 43, 43, 43, 43], "psum": [0, 0, 0, 0, 0, 0, 0, 0, 0, 0, 0, 27.0, 33.0, 33.0, 33.0, 33.0, 39.0, 42.0, 66.0, 108.0, 129.0, 129.0, 129.0, 129.0, 129.0, 129.0, 129.0, 129.0, 129.0, 129.0, 129.0, 129.0, 129.0, 129.0, 129.0, 129.0, 129.0, 129.0, 129.0, 129.0, 129.0, 129.0, 129.0, 129.0, 129.0, 129.0, 129.0, 129.0, 129.0, 129.0, 129.0, 129.0, 129.0, 129.0, 129.0, 129.0, 129.0, 129.0, 129.0, 129.0, 129.0, 129.0, 129.0, 129.0], "pcnt": [0, 0, 0, 0, 0, 0, 0, 0, 0, 0, 0, 9, 11, 11, 11, 11, 13, 14, 22, 36, 43, 43, 43, 43, 43, 43, 43, 43, 43, 43, 43, 43, 43, 43, 43, 43, 43, 43, 43, 43, 43, 43, 43, 43, 43, 43, 43, 43, 43, 43, 43, 43, 43, 43, 43, 43, 43, 43, 43, 43, 43, 43, 43, 43]}}, {"type": "Feature", "geometry": {"type": "Point", "coordinates": [-101.49249, 49.20379]}, "properties": {"twp": "003-30-W1", "prov": "SK", "total": 18, "first": 1892, "cum": [0, 0, 0, 0, 0, 0, 0, 0, 0, 0, 0, 4, 4, 4, 4, 4, 5, 6, 6, 7, 12, 17, 17, 17, 17, 17, 18, 18, 18, 18, 18, 18, 18, 18, 18, 18, 18, 18, 18, 18, 18, 18, 18, 18, 18, 18, 18, 18, 18, 18, 18, 18, 18, 18, 18, 18, 18, 18, 18, 18, 18, 18, 18, 18], "psum": [0, 0, 0, 0, 0, 0, 0, 0, 0, 0, 0, 15.5, 15.5, 15.5, 15.5, 15.5, 18.5, 22.0, 22.0, 25.0, 47.0, 72.0, 72.0, 72.0, 72.0, 72.0, 97.0, 97.0, 97.0, 97.0, 97.0, 97.0, 97.0, 97.0, 97.0, 97.0, 97.0, 97.0, 97.0, 97.0, 97.0, 97.0, 97.0, 97.0, 97.0, 97.0, 97.0, 97.0, 97.0, 97.0, 97.0, 97.0, 97.0, 97.0, 97.0, 97.0, 97.0, 97.0, 97.0, 97.0, 97.0, 97.0, 97.0, 97.0], "pcnt": [0, 0, 0, 0, 0, 0, 0, 0, 0, 0, 0, 4, 4, 4, 4, 4, 5, 6, 6, 7, 12, 17, 17, 17, 17, 17, 18, 18, 18, 18, 18, 18, 18, 18, 18, 18, 18, 18, 18, 18, 18, 18, 18, 18, 18, 18, 18, 18, 18, 18, 18, 18, 18, 18, 18, 18, 18, 18, 18, 18, 18, 18, 18, 18]}}, {"type": "Feature", "geometry": {"type": "Point", "coordinates": [-102.75258, 49.11663]}, "properties": {"twp": "002-06-W2", "prov": "SK", "total": 33, "first": 1892, "cum": [0, 0, 0, 0, 0, 0, 0, 0, 0, 0, 0, 3, 3, 7, 7, 7, 7, 7, 11, 12, 13, 13, 13, 13, 21, 28, 28, 28, 28, 28, 28, 33, 33, 33, 33, 33, 33, 33, 33, 33, 33, 33, 33, 33, 33, 33, 33, 33, 33, 33, 33, 33, 33, 33, 33, 33, 33, 33, 33, 33, 33, 33, 33, 33], "psum": [0, 0, 0, 0, 0, 0, 0, 0, 0, 0, 0, 11.0, 11.0, 51.0, 51.0, 51.0, 51.0, 51.0, 91.0, 94.0, 104.0, 104.0, 104.0, 104.0, 184.0, 254.0, 254.0, 254.0, 254.0, 254.0, 254.0, 254.0, 254.0, 254.0, 254.0, 254.0, 254.0, 254.0, 254.0, 254.0, 254.0, 254.0, 254.0, 254.0, 254.0, 254.0, 254.0, 254.0, 254.0, 254.0, 254.0, 254.0, 254.0, 254.0, 254.0, 254.0, 254.0, 254.0, 254.0, 254.0, 254.0, 254.0, 254.0, 254.0], "pcnt": [0, 0, 0, 0, 0, 0, 0, 0, 0, 0, 0, 3, 3, 7, 7, 7, 7, 7, 11, 12, 13, 13, 13, 13, 21, 28, 28, 28, 28, 28, 28, 28, 28, 28, 28, 28, 28, 28, 28, 28, 28, 28, 28, 28, 28, 28, 28, 28, 28, 28, 28, 28, 28, 28, 28, 28, 28, 28, 28, 28, 28, 28, 28, 28]}}, {"type": "Feature", "geometry": {"type": "Point", "coordinates": [-109.15109, 53.48736]}, "properties": {"twp": "052-22-W3", "prov": "SK", "total": 6, "first": 1909, "cum": [0, 0, 0, 0, 0, 0, 0, 0, 0, 0, 0, 0, 0, 0, 0, 0, 0, 0, 0, 0, 0, 0, 0, 0, 0, 0, 0, 0, 1, 1, 6, 6, 6, 6, 6, 6, 6, 6, 6, 6, 6, 6, 6, 6, 6, 6, 6, 6, 6, 6, 6, 6, 6, 6, 6, 6, 6, 6, 6, 6, 6, 6, 6, 6], "psum": [0, 0, 0, 0, 0, 0, 0, 0, 0, 0, 0, 0, 0, 0, 0, 0, 0, 0, 0, 0, 0, 0, 0, 0, 0, 0, 0, 0, 15.0, 15.0, 81.0, 81.0, 81.0, 81.0, 81.0, 81.0, 81.0, 81.0, 81.0, 81.0, 81.0, 81.0, 81.0, 81.0, 81.0, 81.0, 81.0, 81.0, 81.0, 81.0, 81.0, 81.0, 81.0, 81.0, 81.0, 81.0, 81.0, 81.0, 81.0, 81.0, 81.0, 81.0, 81.0, 81.0], "pcnt": [0, 0, 0, 0, 0, 0, 0, 0, 0, 0, 0, 0, 0, 0, 0, 0, 0, 0, 0, 0, 0, 0, 0, 0, 0, 0, 0, 0, 1, 1, 6, 6, 6, 6, 6, 6, 6, 6, 6, 6, 6, 6, 6, 6, 6, 6, 6, 6, 6, 6, 6, 6, 6, 6, 6, 6, 6, 6, 6, 6, 6, 6, 6, 6]}}, {"type": "Feature", "geometry": {"type": "Point", "coordinates": [-107.98927, 52.97905]}, "properties": {"twp": "046-14-W3", "prov": "SK", "total": 3, "first": 1909, "cum": [0, 0, 0, 0, 0, 0, 0, 0, 0, 0, 0, 0, 0, 0, 0, 0, 0, 0, 0, 0, 0, 0, 0, 0, 0, 0, 0, 0, 1, 3, 3, 3, 3, 3, 3, 3, 3, 3, 3, 3, 3, 3, 3, 3, 3, 3, 3, 3, 3, 3, 3, 3, 3, 3, 3, 3, 3, 3, 3, 3, 3, 3, 3, 3], "psum": [0, 0, 0, 0, 0, 0, 0, 0, 0, 0, 0, 0, 0, 0, 0, 0, 0, 0, 0, 0, 0, 0, 0, 0, 0, 0, 0, 0, 10.0, 30.0, 30.0, 30.0, 30.0, 30.0, 30.0, 30.0, 30.0, 30.0, 30.0, 30.0, 30.0, 30.0, 30.0, 30.0, 30.0, 30.0, 30.0, 30.0, 30.0, 30.0, 30.0, 30.0, 30.0, 30.0, 30.0, 30.0, 30.0, 30.0, 30.0, 30.0, 30.0, 30.0, 30.0, 30.0], "pcnt": [0, 0, 0, 0, 0, 0, 0, 0, 0, 0, 0, 0, 0, 0, 0, 0, 0, 0, 0, 0, 0, 0, 0, 0, 0, 0, 0, 0, 1, 3, 3, 3, 3, 3, 3, 3, 3, 3, 3, 3, 3, 3, 3, 3, 3, 3, 3, 3, 3, 3, 3, 3, 3, 3, 3, 3, 3, 3, 3, 3, 3, 3, 3, 3]}}, {"type": "Feature", "geometry": {"type": "Point", "coordinates": [-108.54846, 52.78114]}, "properties": {"twp": "044-18-W3", "prov": "SK", "total": 32, "first": 1903, "cum": [0, 0, 0, 0, 0, 0, 0, 0, 0, 0, 0, 0, 0, 0, 0, 0, 0, 0, 0, 0, 0, 0, 27, 27, 27, 27, 27, 27, 27, 32, 32, 32, 32, 32, 32, 32, 32, 32, 32, 32, 32, 32, 32, 32, 32, 32, 32, 32, 32, 32, 32, 32, 32, 32, 32, 32, 32, 32, 32, 32, 32, 32, 32, 32], "psum": [0, 0, 0, 0, 0, 0, 0, 0, 0, 0, 0, 0, 0, 0, 0, 0, 0, 0, 0, 0, 0, 0, 117.2, 117.2, 117.2, 117.2, 117.2, 117.2, 117.2, 147.2, 147.2, 147.2, 147.2, 147.2, 147.2, 147.2, 147.2, 147.2, 147.2, 147.2, 147.2, 147.2, 147.2, 147.2, 147.2, 147.2, 147.2, 147.2, 147.2, 147.2, 147.2, 147.2, 147.2, 147.2, 147.2, 147.2, 147.2, 147.2, 147.2, 147.2, 147.2, 147.2, 147.2, 147.2], "pcnt": [0, 0, 0, 0, 0, 0, 0, 0, 0, 0, 0, 0, 0, 0, 0, 0, 0, 0, 0, 0, 0, 0, 27, 27, 27, 27, 27, 27, 27, 32, 32, 32, 32, 32, 32, 32, 32, 32, 32, 32, 32, 32, 32, 32, 32, 32, 32, 32, 32, 32, 32, 32, 32, 32, 32, 32, 32, 32, 32, 32, 32, 32, 32, 32]}}, {"type": "Feature", "geometry": {"type": "Point", "coordinates": [-107.23602, 52.76952]}, "properties": {"twp": "044-09-W3", "prov": "SK", "total": 9, "first": 1907, "cum": [0, 0, 0, 0, 0, 0, 0, 0, 0, 0, 0, 0, 0, 0, 0, 0, 0, 0, 0, 0, 0, 0, 0, 0, 0, 0, 1, 4, 4, 5, 9, 9, 9, 9, 9, 9, 9, 9, 9, 9, 9, 9, 9, 9, 9, 9, 9, 9, 9, 9, 9, 9, 9, 9, 9, 9, 9, 9, 9, 9, 9, 9, 9, 9], "psum": [0, 0, 0, 0, 0, 0, 0, 0, 0, 0, 0, 0, 0, 0, 0, 0, 0, 0, 0, 0, 0, 0, 0, 0, 0, 0, 10.0, 40.0, 40.0, 52.0, 99.3, 99.3, 99.3, 99.3, 99.3, 99.3, 99.3, 99.3, 99.3, 99.3, 99.3, 99.3, 99.3, 99.3, 99.3, 99.3, 99.3, 99.3, 99.3, 99.3, 99.3, 99.3, 99.3, 99.3, 99.3, 99.3, 99.3, 99.3, 99.3, 99.3, 99.3, 99.3, 99.3, 99.3], "pcnt": [0, 0, 0, 0, 0, 0, 0, 0, 0, 0, 0, 0, 0, 0, 0, 0, 0, 0, 0, 0, 0, 0, 0, 0, 0, 0, 1, 4, 4, 5, 9, 9, 9, 9, 9, 9, 9, 9, 9, 9, 9, 9, 9, 9, 9, 9, 9, 9, 9, 9, 9, 9, 9, 9, 9, 9, 9, 9, 9, 9, 9, 9, 9, 9]}}, {"type": "Feature", "geometry": {"type": "Point", "coordinates": [-107.08946, 52.61313]}, "properties": {"twp": "042-08-W3", "prov": "SK", "total": 9, "first": 1907, "cum": [0, 0, 0, 0, 0, 0, 0, 0, 0, 0, 0, 0, 0, 0, 0, 0, 0, 0, 0, 0, 0, 0, 0, 0, 0, 0, 2, 5, 7, 8, 9, 9, 9, 9, 9, 9, 9, 9, 9, 9, 9, 9, 9, 9, 9, 9, 9, 9, 9, 9, 9, 9, 9, 9, 9, 9, 9, 9, 9, 9, 9, 9, 9, 9], "psum": [0, 0, 0, 0, 0, 0, 0, 0, 0, 0, 0, 0, 0, 0, 0, 0, 0, 0, 0, 0, 0, 0, 0, 0, 0, 0, 20.0, 50.0, 70.0, 84.0, 98.0, 98.0, 98.0, 98.0, 98.0, 98.0, 98.0, 98.0, 98.0, 98.0, 98.0, 98.0, 98.0, 98.0, 98.0, 98.0, 98.0, 98.0, 98.0, 98.0, 98.0, 98.0, 98.0, 98.0, 98.0, 98.0, 98.0, 98.0, 98.0, 98.0, 98.0, 98.0, 98.0, 98.0], "pcnt": [0, 0, 0, 0, 0, 0, 0, 0, 0, 0, 0, 0, 0, 0, 0, 0, 0, 0, 0, 0, 0, 0, 0, 0, 0, 0, 2, 5, 7, 8, 9, 9, 9, 9, 9, 9, 9, 9, 9, 9, 9, 9, 9, 9, 9, 9, 9, 9, 9, 9, 9, 9, 9, 9, 9, 9, 9, 9, 9, 9, 9, 9, 9, 9]}}, {"type": "Feature", "geometry": {"type": "Point", "coordinates": [-108.20109, 52.35547]}, "properties": {"twp": "039-16-W3", "prov": "SK", "total": 21, "first": 1910, "cum": [0, 0, 0, 0, 0, 0, 0, 0, 0, 0, 0, 0, 0, 0, 0, 0, 0, 0, 0, 0, 0, 0, 0, 0, 0, 0, 0, 0, 0, 2, 21, 21, 21, 21, 21, 21, 21, 21, 21, 21, 21, 21, 21, 21, 21, 21, 21, 21, 21, 21, 21, 21, 21, 21, 21, 21, 21, 21, 21, 21, 21, 21, 21, 21], "psum": [0, 0, 0, 0, 0, 0, 0, 0, 0, 0, 0, 0, 0, 0, 0, 0, 0, 0, 0, 0, 0, 0, 0, 0, 0, 0, 0, 0, 0, 32.0, 154.0, 154.0, 154.0, 154.0, 154.0, 154.0, 154.0, 154.0, 154.0, 154.0, 154.0, 154.0, 154.0, 154.0, 154.0, 154.0, 154.0, 154.0, 154.0, 154.0, 154.0, 154.0, 154.0, 154.0, 154.0, 154.0, 154.0, 154.0, 154.0, 154.0, 154.0, 154.0, 154.0, 154.0], "pcnt": [0, 0, 0, 0, 0, 0, 0, 0, 0, 0, 0, 0, 0, 0, 0, 0, 0, 0, 0, 0, 0, 0, 0, 0, 0, 0, 0, 0, 0, 2, 11, 11, 11, 11, 11, 11, 11, 11, 11, 11, 11, 11, 11, 11, 11, 11, 11, 11, 11, 11, 11, 11, 11, 11, 11, 11, 11, 11, 11, 11, 11, 11, 11, 11]}}, {"type": "Feature", "geometry": {"type": "Point", "coordinates": [-106.20785, 52.17236]}, "properties": {"twp": "037-02-W3", "prov": "SK", "total": 8, "first": 1903, "cum": [0, 0, 0, 0, 0, 0, 0, 0, 0, 0, 0, 0, 0, 0, 0, 0, 0, 0, 0, 0, 0, 0, 2, 2, 2, 4, 4, 4, 4, 7, 8, 8, 8, 8, 8, 8, 8, 8, 8, 8, 8, 8, 8, 8, 8, 8, 8, 8, 8, 8, 8, 8, 8, 8, 8, 8, 8, 8, 8, 8, 8, 8, 8, 8], "psum": [0, 0, 0, 0, 0, 0, 0, 0, 0, 0, 0, 0, 0, 0, 0, 0, 0, 0, 0, 0, 0, 0, 8.0, 8.0, 8.0, 22.0, 22.0, 22.0, 22.0, 58.0, 72.0, 72.0, 72.0, 72.0, 72.0, 72.0, 72.0, 72.0, 72.0, 72.0, 72.0, 72.0, 72.0, 72.0, 72.0, 72.0, 72.0, 72.0, 72.0, 72.0, 72.0, 72.0, 72.0, 72.0, 72.0, 72.0, 72.0, 72.0, 72.0, 72.0, 72.0, 72.0, 72.0, 72.0], "pcnt": [0, 0, 0, 0, 0, 0, 0, 0, 0, 0, 0, 0, 0, 0, 0, 0, 0, 0, 0, 0, 0, 0, 2, 2, 2, 4, 4, 4, 4, 7, 8, 8, 8, 8, 8, 8, 8, 8, 8, 8, 8, 8, 8, 8, 8, 8, 8, 8, 8, 8, 8, 8, 8, 8, 8, 8, 8, 8, 8, 8, 8, 8, 8, 8]}}, {"type": "Feature", "geometry": {"type": "Point", "coordinates": [-104.42297, 50.58454]}, "properties": {"twp": "019-18-W2", "prov": "SK", "total": 4, "first": 1897, "cum": [0, 0, 0, 0, 0, 0, 0, 0, 0, 0, 0, 0, 0, 0, 0, 0, 2, 2, 2, 3, 3, 3, 3, 3, 3, 4, 4, 4, 4, 4, 4, 4, 4, 4, 4, 4, 4, 4, 4, 4, 4, 4, 4, 4, 4, 4, 4, 4, 4, 4, 4, 4, 4, 4, 4, 4, 4, 4, 4, 4, 4, 4, 4, 4], "psum": [0, 0, 0, 0, 0, 0, 0, 0, 0, 0, 0, 0, 0, 0, 0, 0, 6.0, 6.0, 6.0, 9.0, 9.0, 9.0, 9.0, 9.0, 9.0, 19.0, 19.0, 19.0, 19.0, 19.0, 19.0, 19.0, 19.0, 19.0, 19.0, 19.0, 19.0, 19.0, 19.0, 19.0, 19.0, 19.0, 19.0, 19.0, 19.0, 19.0, 19.0, 19.0, 19.0, 19.0, 19.0, 19.0, 19.0, 19.0, 19.0, 19.0, 19.0, 19.0, 19.0, 19.0, 19.0, 19.0, 19.0, 19.0], "pcnt": [0, 0, 0, 0, 0, 0, 0, 0, 0, 0, 0, 0, 0, 0, 0, 0, 2, 2, 2, 3, 3, 3, 3, 3, 3, 4, 4, 4, 4, 4, 4, 4, 4, 4, 4, 4, 4, 4, 4, 4, 4, 4, 4, 4, 4, 4, 4, 4, 4, 4, 4, 4, 4, 4, 4, 4, 4, 4, 4, 4, 4, 4, 4, 4]}}, {"type": "Feature", "geometry": {"type": "Point", "coordinates": [-103.72795, 50.60828]}, "properties": {"twp": "019-13-W2", "prov": "SK", "total": 8, "first": 1902, "cum": [0, 0, 0, 0, 0, 0, 0, 0, 0, 0, 0, 0, 0, 0, 0, 0, 0, 0, 0, 0, 0, 8, 8, 8, 8, 8, 8, 8, 8, 8, 8, 8, 8, 8, 8, 8, 8, 8, 8, 8, 8, 8, 8, 8, 8, 8, 8, 8, 8, 8, 8, 8, 8, 8, 8, 8, 8, 8, 8, 8, 8, 8, 8, 8], "psum": [0, 0, 0, 0, 0, 0, 0, 0, 0, 0, 0, 0, 0, 0, 0, 0, 0, 0, 0, 0, 0, 40.0, 40.0, 40.0, 40.0, 40.0, 40.0, 40.0, 40.0, 40.0, 40.0, 40.0, 40.0, 40.0, 40.0, 40.0, 40.0, 40.0, 40.0, 40.0, 40.0, 40.0, 40.0, 40.0, 40.0, 40.0, 40.0, 40.0, 40.0, 40.0, 40.0, 40.0, 40.0, 40.0, 40.0, 40.0, 40.0, 40.0, 40.0, 40.0, 40.0, 40.0, 40.0, 40.0], "pcnt": [0, 0, 0, 0, 0, 0, 0, 0, 0, 0, 0, 0, 0, 0, 0, 0, 0, 0, 0, 0, 0, 8, 8, 8, 8, 8, 8, 8, 8, 8, 8, 8, 8, 8, 8, 8, 8, 8, 8, 8, 8, 8, 8, 8, 8, 8, 8, 8, 8, 8, 8, 8, 8, 8, 8, 8, 8, 8, 8, 8, 8, 8, 8, 8]}}, {"type": "Feature", "geometry": {"type": "Point", "coordinates": [-103.57563, 50.52075]}, "properties": {"twp": "018-12-W2", "prov": "SK", "total": 4, "first": 1883, "cum": [0, 0, 2, 2, 2, 2, 2, 2, 2, 2, 2, 2, 2, 2, 2, 2, 4, 4, 4, 4, 4, 4, 4, 4, 4, 4, 4, 4, 4, 4, 4, 4, 4, 4, 4, 4, 4, 4, 4, 4, 4, 4, 4, 4, 4, 4, 4, 4, 4, 4, 4, 4, 4, 4, 4, 4, 4, 4, 4, 4, 4, 4, 4, 4], "psum": [0, 0, 5.0, 5.0, 5.0, 5.0, 5.0, 5.0, 5.0, 5.0, 5.0, 5.0, 5.0, 5.0, 5.0, 5.0, 11.0, 11.0, 11.0, 11.0, 11.0, 11.0, 11.0, 11.0, 11.0, 11.0, 11.0, 11.0, 11.0, 11.0, 11.0, 11.0, 11.0, 11.0, 11.0, 11.0, 11.0, 11.0, 11.0, 11.0, 11.0, 11.0, 11.0, 11.0, 11.0, 11.0, 11.0, 11.0, 11.0, 11.0, 11.0, 11.0, 11.0, 11.0, 11.0, 11.0, 11.0, 11.0, 11.0, 11.0, 11.0, 11.0, 11.0, 11.0], "pcnt": [0, 0, 2, 2, 2, 2, 2, 2, 2, 2, 2, 2, 2, 2, 2, 2, 4, 4, 4, 4, 4, 4, 4, 4, 4, 4, 4, 4, 4, 4, 4, 4, 4, 4, 4, 4, 4, 4, 4, 4, 4, 4, 4, 4, 4, 4, 4, 4, 4, 4, 4, 4, 4, 4, 4, 4, 4, 4, 4, 4, 4, 4, 4, 4]}}, {"type": "Feature", "geometry": {"type": "Point", "coordinates": [-104.79335, 50.08352]}, "properties": {"twp": "013-21-W2", "prov": "SK", "total": 12, "first": 1901, "cum": [0, 0, 0, 0, 0, 0, 0, 0, 0, 0, 0, 0, 0, 0, 0, 0, 0, 0, 0, 0, 12, 12, 12, 12, 12, 12, 12, 12, 12, 12, 12, 12, 12, 12, 12, 12, 12, 12, 12, 12, 12, 12, 12, 12, 12, 12, 12, 12, 12, 12, 12, 12, 12, 12, 12, 12, 12, 12, 12, 12, 12, 12, 12, 12], "psum": [0, 0, 0, 0, 0, 0, 0, 0, 0, 0, 0, 0, 0, 0, 0, 0, 0, 0, 0, 0, 24.0, 24.0, 24.0, 24.0, 24.0, 24.0, 24.0, 24.0, 24.0, 24.0, 24.0, 24.0, 24.0, 24.0, 24.0, 24.0, 24.0, 24.0, 24.0, 24.0, 24.0, 24.0, 24.0, 24.0, 24.0, 24.0, 24.0, 24.0, 24.0, 24.0, 24.0, 24.0, 24.0, 24.0, 24.0, 24.0, 24.0, 24.0, 24.0, 24.0, 24.0, 24.0, 24.0, 24.0], "pcnt": [0, 0, 0, 0, 0, 0, 0, 0, 0, 0, 0, 0, 0, 0, 0, 0, 0, 0, 0, 0, 12, 12, 12, 12, 12, 12, 12, 12, 12, 12, 12, 12, 12, 12, 12, 12, 12, 12, 12, 12, 12, 12, 12, 12, 12, 12, 12, 12, 12, 12, 12, 12, 12, 12, 12, 12, 12, 12, 12, 12, 12, 12, 12, 12]}}, {"type": "Feature", "geometry": {"type": "Point", "coordinates": [-109.72064, 49.82237]}, "properties": {"twp": "010-28-W3", "prov": "SK", "total": 4, "first": 1906, "cum": [0, 0, 0, 0, 0, 0, 0, 0, 0, 0, 0, 0, 0, 0, 0, 0, 0, 0, 0, 0, 0, 0, 0, 0, 0, 4, 4, 4, 4, 4, 4, 4, 4, 4, 4, 4, 4, 4, 4, 4, 4, 4, 4, 4, 4, 4, 4, 4, 4, 4, 4, 4, 4, 4, 4, 4, 4, 4, 4, 4, 4, 4, 4, 4], "psum": [0, 0, 0, 0, 0, 0, 0, 0, 0, 0, 0, 0, 0, 0, 0, 0, 0, 0, 0, 0, 0, 0, 0, 0, 0, 24.0, 24.0, 24.0, 24.0, 24.0, 24.0, 24.0, 24.0, 24.0, 24.0, 24.0, 24.0, 24.0, 24.0, 24.0, 24.0, 24.0, 24.0, 24.0, 24.0, 24.0, 24.0, 24.0, 24.0, 24.0, 24.0, 24.0, 24.0, 24.0, 24.0, 24.0, 24.0, 24.0, 24.0, 24.0, 24.0, 24.0, 24.0, 24.0], "pcnt": [0, 0, 0, 0, 0, 0, 0, 0, 0, 0, 0, 0, 0, 0, 0, 0, 0, 0, 0, 0, 0, 0, 0, 0, 0, 4, 4, 4, 4, 4, 4, 4, 4, 4, 4, 4, 4, 4, 4, 4, 4, 4, 4, 4, 4, 4, 4, 4, 4, 4, 4, 4, 4, 4, 4, 4, 4, 4, 4, 4, 4, 4, 4, 4]}}, {"type": "Feature", "geometry": {"type": "Point", "coordinates": [-102.60499, 49.71836]}, "properties": {"twp": "009-05-W2", "prov": "SK", "total": 23, "first": 1890, "cum": [0, 0, 0, 0, 0, 0, 0, 0, 0, 2, 2, 3, 3, 3, 3, 3, 5, 7, 9, 9, 10, 13, 15, 16, 16, 18, 19, 19, 22, 23, 23, 23, 23, 23, 23, 23, 23, 23, 23, 23, 23, 23, 23, 23, 23, 23, 23, 23, 23, 23, 23, 23, 23, 23, 23, 23, 23, 23, 23, 23, 23, 23, 23, 23], "psum": [0, 0, 0, 0, 0, 0, 0, 0, 0, 6.0, 6.0, 9.0, 9.0, 9.0, 9.0, 9.0, 15.0, 21.0, 27.0, 27.0, 30.0, 39.7, 48.2, 53.2, 53.2, 63.2, 73.2, 73.2, 103.2, 111.2, 111.2, 111.2, 111.2, 111.2, 111.2, 111.2, 111.2, 111.2, 111.2, 111.2, 111.2, 111.2, 111.2, 111.2, 111.2, 111.2, 111.2, 111.2, 111.2, 111.2, 111.2, 111.2, 111.2, 111.2, 111.2, 111.2, 111.2, 111.2, 111.2, 111.2, 111.2, 111.2, 111.2, 111.2], "pcnt": [0, 0, 0, 0, 0, 0, 0, 0, 0, 2, 2, 3, 3, 3, 3, 3, 5, 7, 9, 9, 10, 13, 15, 16, 16, 18, 19, 19, 22, 23, 23, 23, 23, 23, 23, 23, 23, 23, 23, 23, 23, 23, 23, 23, 23, 23, 23, 23, 23, 23, 23, 23, 23, 23, 23, 23, 23, 23, 23, 23, 23, 23, 23, 23]}}, {"type": "Feature", "geometry": {"type": "Point", "coordinates": [-102.36737, 49.71929]}, "properties": {"twp": "009-03-W2", "prov": "SK", "total": 19, "first": 1897, "cum": [0, 0, 0, 0, 0, 0, 0, 0, 0, 0, 0, 0, 0, 0, 0, 0, 1, 1, 1, 1, 5, 5, 14, 18, 18, 19, 19, 19, 19, 19, 19, 19, 19, 19, 19, 19, 19, 19, 19, 19, 19, 19, 19, 19, 19, 19, 19, 19, 19, 19, 19, 19, 19, 19, 19, 19, 19, 19, 19, 19, 19, 19, 19, 19], "psum": [0, 0, 0, 0, 0, 0, 0, 0, 0, 0, 0, 0, 0, 0, 0, 0, 3.0, 3.0, 3.0, 3.0, 15.0, 15.0, 60.0, 78.3, 78.3, 88.3, 88.3, 88.3, 88.3, 88.3, 88.3, 88.3, 88.3, 88.3, 88.3, 88.3, 88.3, 88.3, 88.3, 88.3, 88.3, 88.3, 88.3, 88.3, 88.3, 88.3, 88.3, 88.3, 88.3, 88.3, 88.3, 88.3, 88.3, 88.3, 88.3, 88.3, 88.3, 88.3, 88.3, 88.3, 88.3, 88.3, 88.3, 88.3], "pcnt": [0, 0, 0, 0, 0, 0, 0, 0, 0, 0, 0, 0, 0, 0, 0, 0, 1, 1, 1, 1, 5, 5, 14, 18, 18, 19, 19, 19, 19, 19, 19, 19, 19, 19, 19, 19, 19, 19, 19, 19, 19, 19, 19, 19, 19, 19, 19, 19, 19, 19, 19, 19, 19, 19, 19, 19, 19, 19, 19, 19, 19, 19, 19, 19]}}, {"type": "Feature", "geometry": {"type": "Point", "coordinates": [-109.72897, 53.57939]}, "properties": {"twp": "053-26-W3", "prov": "SK", "total": 4, "first": 1908, "cum": [0, 0, 0, 0, 0, 0, 0, 0, 0, 0, 0, 0, 0, 0, 0, 0, 0, 0, 0, 0, 0, 0, 0, 0, 0, 0, 0, 2, 2, 2, 3, 4, 4, 4, 4, 4, 4, 4, 4, 4, 4, 4, 4, 4, 4, 4, 4, 4, 4, 4, 4, 4, 4, 4, 4, 4, 4, 4, 4, 4, 4, 4, 4, 4], "psum": [0, 0, 0, 0, 0, 0, 0, 0, 0, 0, 0, 0, 0, 0, 0, 0, 0, 0, 0, 0, 0, 0, 0, 0, 0, 0, 0, 20.0, 20.0, 20.0, 32.0, 52.0, 52.0, 52.0, 52.0, 52.0, 52.0, 52.0, 52.0, 52.0, 52.0, 52.0, 52.0, 52.0, 52.0, 52.0, 52.0, 52.0, 52.0, 52.0, 52.0, 52.0, 52.0, 52.0, 52.0, 52.0, 52.0, 52.0, 52.0, 52.0, 52.0, 52.0, 52.0, 52.0], "pcnt": [0, 0, 0, 0, 0, 0, 0, 0, 0, 0, 0, 0, 0, 0, 0, 0, 0, 0, 0, 0, 0, 0, 0, 0, 0, 0, 0, 2, 2, 2, 3, 4, 4, 4, 4, 4, 4, 4, 4, 4, 4, 4, 4, 4, 4, 4, 4, 4, 4, 4, 4, 4, 4, 4, 4, 4, 4, 4, 4, 4, 4, 4, 4, 4]}}, {"type": "Feature", "geometry": {"type": "Point", "coordinates": [-109.99853, 53.4875]}, "properties": {"twp": "052-28-W3", "prov": "SK", "total": 12, "first": 1910, "cum": [0, 0, 0, 0, 0, 0, 0, 0, 0, 0, 0, 0, 0, 0, 0, 0, 0, 0, 0, 0, 0, 0, 0, 0, 0, 0, 0, 0, 0, 9, 11, 12, 12, 12, 12, 12, 12, 12, 12, 12, 12, 12, 12, 12, 12, 12, 12, 12, 12, 12, 12, 12, 12, 12, 12, 12, 12, 12, 12, 12, 12, 12, 12, 12], "psum": [0, 0, 0, 0, 0, 0, 0, 0, 0, 0, 0, 0, 0, 0, 0, 0, 0, 0, 0, 0, 0, 0, 0, 0, 0, 0, 0, 0, 0, 126.0, 156.0, 166.0, 166.0, 166.0, 166.0, 166.0, 166.0, 166.0, 166.0, 166.0, 166.0, 166.0, 166.0, 166.0, 166.0, 166.0, 166.0, 166.0, 166.0, 166.0, 166.0, 166.0, 166.0, 166.0, 166.0, 166.0, 166.0, 166.0, 166.0, 166.0, 166.0, 166.0, 166.0, 166.0], "pcnt": [0, 0, 0, 0, 0, 0, 0, 0, 0, 0, 0, 0, 0, 0, 0, 0, 0, 0, 0, 0, 0, 0, 0, 0, 0, 0, 0, 0, 0, 9, 11, 12, 12, 12, 12, 12, 12, 12, 12, 12, 12, 12, 12, 12, 12, 12, 12, 12, 12, 12, 12, 12, 12, 12, 12, 12, 12, 12, 12, 12, 12, 12, 12, 12]}}, {"type": "Feature", "geometry": {"type": "Point", "coordinates": [-109.11445, 53.40251]}, "properties": {"twp": "051-22-W3", "prov": "SK", "total": 2, "first": 1910, "cum": [0, 0, 0, 0, 0, 0, 0, 0, 0, 0, 0, 0, 0, 0, 0, 0, 0, 0, 0, 0, 0, 0, 0, 0, 0, 0, 0, 0, 0, 2, 2, 2, 2, 2, 2, 2, 2, 2, 2, 2, 2, 2, 2, 2, 2, 2, 2, 2, 2, 2, 2, 2, 2, 2, 2, 2, 2, 2, 2, 2, 2, 2, 2, 2], "psum": [0, 0, 0, 0, 0, 0, 0, 0, 0, 0, 0, 0, 0, 0, 0, 0, 0, 0, 0, 0, 0, 0, 0, 0, 0, 0, 0, 0, 0, 24.0, 24.0, 24.0, 24.0, 24.0, 24.0, 24.0, 24.0, 24.0, 24.0, 24.0, 24.0, 24.0, 24.0, 24.0, 24.0, 24.0, 24.0, 24.0, 24.0, 24.0, 24.0, 24.0, 24.0, 24.0, 24.0, 24.0, 24.0, 24.0, 24.0, 24.0, 24.0, 24.0, 24.0, 24.0], "pcnt": [0, 0, 0, 0, 0, 0, 0, 0, 0, 0, 0, 0, 0, 0, 0, 0, 0, 0, 0, 0, 0, 0, 0, 0, 0, 0, 0, 0, 0, 2, 2, 2, 2, 2, 2, 2, 2, 2, 2, 2, 2, 2, 2, 2, 2, 2, 2, 2, 2, 2, 2, 2, 2, 2, 2, 2, 2, 2, 2, 2, 2, 2, 2, 2]}}, {"type": "Feature", "geometry": {"type": "Point", "coordinates": [-108.84402, 53.23807]}, "properties": {"twp": "049-20-W3", "prov": "SK", "total": 13, "first": 1910, "cum": [0, 0, 0, 0, 0, 0, 0, 0, 0, 0, 0, 0, 0, 0, 0, 0, 0, 0, 0, 0, 0, 0, 0, 0, 0, 0, 0, 0, 0, 3, 7, 13, 13, 13, 13, 13, 13, 13, 13, 13, 13, 13, 13, 13, 13, 13, 13, 13, 13, 13, 13, 13, 13, 13, 13, 13, 13, 13, 13, 13, 13, 13, 13, 13], "psum": [0, 0, 0, 0, 0, 0, 0, 0, 0, 0, 0, 0, 0, 0, 0, 0, 0, 0, 0, 0, 0, 0, 0, 0, 0, 0, 0, 0, 0, 32.0, 89.0, 179.0, 179.0, 179.0, 179.0, 179.0, 179.0, 179.0, 179.0, 179.0, 179.0, 179.0, 179.0, 179.0, 179.0, 179.0, 179.0, 179.0, 179.0, 179.0, 179.0, 179.0, 179.0, 179.0, 179.0, 179.0, 179.0, 179.0, 179.0, 179.0, 179.0, 179.0, 179.0, 179.0], "pcnt": [0, 0, 0, 0, 0, 0, 0, 0, 0, 0, 0, 0, 0, 0, 0, 0, 0, 0, 0, 0, 0, 0, 0, 0, 0, 0, 0, 0, 0, 3, 7, 13, 13, 13, 13, 13, 13, 13, 13, 13, 13, 13, 13, 13, 13, 13, 13, 13, 13, 13, 13, 13, 13, 13, 13, 13, 13, 13, 13, 13, 13, 13, 13, 13]}}, {"type": "Feature", "geometry": {"type": "Point", "coordinates": [-108.0572, 52.87413]}, "properties": {"twp": "045-15-W3", "prov": "SK", "total": 11, "first": 1903, "cum": [0, 0, 0, 0, 0, 0, 0, 0, 0, 0, 0, 0, 0, 0, 0, 0, 0, 0, 0, 0, 0, 0, 4, 9, 9, 9, 9, 9, 9, 11, 11, 11, 11, 11, 11, 11, 11, 11, 11, 11, 11, 11, 11, 11, 11, 11, 11, 11, 11, 11, 11, 11, 11, 11, 11, 11, 11, 11, 11, 11, 11, 11, 11, 11], "psum": [0, 0, 0, 0, 0, 0, 0, 0, 0, 0, 0, 0, 0, 0, 0, 0, 0, 0, 0, 0, 0, 0, 20.0, 45.0, 45.0, 45.0, 45.0, 45.0, 45.0, 69.0, 69.0, 69.0, 69.0, 69.0, 69.0, 69.0, 69.0, 69.0, 69.0, 69.0, 69.0, 69.0, 69.0, 69.0, 69.0, 69.0, 69.0, 69.0, 69.0, 69.0, 69.0, 69.0, 69.0, 69.0, 69.0, 69.0, 69.0, 69.0, 69.0, 69.0, 69.0, 69.0, 69.0, 69.0], "pcnt": [0, 0, 0, 0, 0, 0, 0, 0, 0, 0, 0, 0, 0, 0, 0, 0, 0, 0, 0, 0, 0, 0, 4, 9, 9, 9, 9, 9, 9, 11, 11, 11, 11, 11, 11, 11, 11, 11, 11, 11, 11, 11, 11, 11, 11, 11, 11, 11, 11, 11, 11, 11, 11, 11, 11, 11, 11, 11, 11, 11, 11, 11, 11, 11]}}, {"type": "Feature", "geometry": {"type": "Point", "coordinates": [-108.81429, 52.43004]}, "properties": {"twp": "040-20-W3", "prov": "SK", "total": 39, "first": 1905, "cum": [0, 0, 0, 0, 0, 0, 0, 0, 0, 0, 0, 0, 0, 0, 0, 0, 0, 0, 0, 0, 0, 0, 0, 0, 14, 14, 14, 14, 14, 26, 39, 39, 39, 39, 39, 39, 39, 39, 39, 39, 39, 39, 39, 39, 39, 39, 39, 39, 39, 39, 39, 39, 39, 39, 39, 39, 39, 39, 39, 39, 39, 39, 39, 39], "psum": [0, 0, 0, 0, 0, 0, 0, 0, 0, 0, 0, 0, 0, 0, 0, 0, 0, 0, 0, 0, 0, 0, 0, 0, 84.0, 84.0, 84.0, 84.0, 84.0, 297.0, 433.0, 433.0, 433.0, 433.0, 433.0, 433.0, 433.0, 433.0, 433.0, 433.0, 433.0, 433.0, 433.0, 433.0, 433.0, 433.0, 433.0, 433.0, 433.0, 433.0, 433.0, 433.0, 433.0, 433.0, 433.0, 433.0, 433.0, 433.0, 433.0, 433.0, 433.0, 433.0, 433.0, 433.0], "pcnt": [0, 0, 0, 0, 0, 0, 0, 0, 0, 0, 0, 0, 0, 0, 0, 0, 0, 0, 0, 0, 0, 0, 0, 0, 14, 14, 14, 14, 14, 26, 33, 33, 33, 33, 33, 33, 33, 33, 33, 33, 33, 33, 33, 33, 33, 33, 33, 33, 33, 33, 33, 33, 33, 33, 33, 33, 33, 33, 33, 33, 33, 33, 33, 33]}}, {"type": "Feature", "geometry": {"type": "Point", "coordinates": [-104.78961, 50.78287]}, "properties": {"twp": "021-21-W2", "prov": "SK", "total": 4, "first": 1903, "cum": [0, 0, 0, 0, 0, 0, 0, 0, 0, 0, 0, 0, 0, 0, 0, 0, 0, 0, 0, 0, 0, 0, 4, 4, 4, 4, 4, 4, 4, 4, 4, 4, 4, 4, 4, 4, 4, 4, 4, 4, 4, 4, 4, 4, 4, 4, 4, 4, 4, 4, 4, 4, 4, 4, 4, 4, 4, 4, 4, 4, 4, 4, 4, 4], "psum": [0, 0, 0, 0, 0, 0, 0, 0, 0, 0, 0, 0, 0, 0, 0, 0, 0, 0, 0, 0, 0, 0, 18.3, 18.3, 18.3, 18.3, 18.3, 18.3, 18.3, 18.3, 18.3, 18.3, 18.3, 18.3, 18.3, 18.3, 18.3, 18.3, 18.3, 18.3, 18.3, 18.3, 18.3, 18.3, 18.3, 18.3, 18.3, 18.3, 18.3, 18.3, 18.3, 18.3, 18.3, 18.3, 18.3, 18.3, 18.3, 18.3, 18.3, 18.3, 18.3, 18.3, 18.3, 18.3], "pcnt": [0, 0, 0, 0, 0, 0, 0, 0, 0, 0, 0, 0, 0, 0, 0, 0, 0, 0, 0, 0, 0, 0, 4, 4, 4, 4, 4, 4, 4, 4, 4, 4, 4, 4, 4, 4, 4, 4, 4, 4, 4, 4, 4, 4, 4, 4, 4, 4, 4, 4, 4, 4, 4, 4, 4, 4, 4, 4, 4, 4, 4, 4, 4, 4]}}, {"type": "Feature", "geometry": {"type": "Point", "coordinates": [-107.95532, 50.60517]}, "properties": {"twp": "019-15-W3", "prov": "SK", "total": 6, "first": 1905, "cum": [0, 0, 0, 0, 0, 0, 0, 0, 0, 0, 0, 0, 0, 0, 0, 0, 0, 0, 0, 0, 0, 0, 0, 0, 6, 6, 6, 6, 6, 6, 6, 6, 6, 6, 6, 6, 6, 6, 6, 6, 6, 6, 6, 6, 6, 6, 6, 6, 6, 6, 6, 6, 6, 6, 6, 6, 6, 6, 6, 6, 6, 6, 6, 6], "psum": [0, 0, 0, 0, 0, 0, 0, 0, 0, 0, 0, 0, 0, 0, 0, 0, 0, 0, 0, 0, 0, 0, 0, 0, 24.0, 24.0, 24.0, 24.0, 24.0, 24.0, 24.0, 24.0, 24.0, 24.0, 24.0, 24.0, 24.0, 24.0, 24.0, 24.0, 24.0, 24.0, 24.0, 24.0, 24.0, 24.0, 24.0, 24.0, 24.0, 24.0, 24.0, 24.0, 24.0, 24.0, 24.0, 24.0, 24.0, 24.0, 24.0, 24.0, 24.0, 24.0, 24.0, 24.0], "pcnt": [0, 0, 0, 0, 0, 0, 0, 0, 0, 0, 0, 0, 0, 0, 0, 0, 0, 0, 0, 0, 0, 0, 0, 0, 6, 6, 6, 6, 6, 6, 6, 6, 6, 6, 6, 6, 6, 6, 6, 6, 6, 6, 6, 6, 6, 6, 6, 6, 6, 6, 6, 6, 6, 6, 6, 6, 6, 6, 6, 6, 6, 6, 6, 6]}}, {"type": "Feature", "geometry": {"type": "Point", "coordinates": [-107.42337, 50.59122]}, "properties": {"twp": "019-11-W3", "prov": "SK", "total": 26, "first": 1903, "cum": [0, 0, 0, 0, 0, 0, 0, 0, 0, 0, 0, 0, 0, 0, 0, 0, 0, 0, 0, 0, 0, 0, 18, 26, 26, 26, 26, 26, 26, 26, 26, 26, 26, 26, 26, 26, 26, 26, 26, 26, 26, 26, 26, 26, 26, 26, 26, 26, 26, 26, 26, 26, 26, 26, 26, 26, 26, 26, 26, 26, 26, 26, 26, 26], "psum": [0, 0, 0, 0, 0, 0, 0, 0, 0, 0, 0, 0, 0, 0, 0, 0, 0, 0, 0, 0, 0, 0, 63.0, 90.9, 90.9, 90.9, 90.9, 90.9, 90.9, 90.9, 90.9, 90.9, 90.9, 90.9, 90.9, 90.9, 90.9, 90.9, 90.9, 90.9, 90.9, 90.9, 90.9, 90.9, 90.9, 90.9, 90.9, 90.9, 90.9, 90.9, 90.9, 90.9, 90.9, 90.9, 90.9, 90.9, 90.9, 90.9, 90.9, 90.9, 90.9, 90.9, 90.9, 90.9], "pcnt": [0, 0, 0, 0, 0, 0, 0, 0, 0, 0, 0, 0, 0, 0, 0, 0, 0, 0, 0, 0, 0, 0, 18, 26, 26, 26, 26, 26, 26, 26, 26, 26, 26, 26, 26, 26, 26, 26, 26, 26, 26, 26, 26, 26, 26, 26, 26, 26, 26, 26, 26, 26, 26, 26, 26, 26, 26, 26, 26, 26, 26, 26, 26, 26]}}, {"type": "Feature", "geometry": {"type": "Point", "coordinates": [-102.46047, 49.72401]}, "properties": {"twp": "009-04-W2", "prov": "SK", "total": 18, "first": 1902, "cum": [0, 0, 0, 0, 0, 0, 0, 0, 0, 0, 0, 0, 0, 0, 0, 0, 0, 0, 0, 0, 0, 9, 11, 13, 14, 17, 17, 17, 18, 18, 18, 18, 18, 18, 18, 18, 18, 18, 18, 18, 18, 18, 18, 18, 18, 18, 18, 18, 18, 18, 18, 18, 18, 18, 18, 18, 18, 18, 18, 18, 18, 18, 18, 18], "psum": [0, 0, 0, 0, 0, 0, 0, 0, 0, 0, 0, 0, 0, 0, 0, 0, 0, 0, 0, 0, 0, 27.0, 37.0, 46.2, 51.2, 69.2, 69.2, 69.2, 79.2, 79.2, 79.2, 79.2, 79.2, 79.2, 79.2, 79.2, 79.2, 79.2, 79.2, 79.2, 79.2, 79.2, 79.2, 79.2, 79.2, 79.2, 79.2, 79.2, 79.2, 79.2, 79.2, 79.2, 79.2, 79.2, 79.2, 79.2, 79.2, 79.2, 79.2, 79.2, 79.2, 79.2, 79.2, 79.2], "pcnt": [0, 0, 0, 0, 0, 0, 0, 0, 0, 0, 0, 0, 0, 0, 0, 0, 0, 0, 0, 0, 0, 9, 11, 13, 14, 17, 17, 17, 18, 18, 18, 18, 18, 18, 18, 18, 18, 18, 18, 18, 18, 18, 18, 18, 18, 18, 18, 18, 18, 18, 18, 18, 18, 18, 18, 18, 18, 18, 18, 18, 18, 18, 18, 18]}}, {"type": "Feature", "geometry": {"type": "Point", "coordinates": [-109.83408, 49.66383]}, "properties": {"twp": "008-29-W3", "prov": "SK", "total": 23, "first": 1903, "cum": [0, 0, 0, 0, 0, 0, 0, 0, 0, 0, 0, 0, 0, 0, 0, 0, 0, 0, 0, 0, 0, 0, 20, 20, 20, 20, 23, 23, 23, 23, 23, 23, 23, 23, 23, 23, 23, 23, 23, 23, 23, 23, 23, 23, 23, 23, 23, 23, 23, 23, 23, 23, 23, 23, 23, 23, 23, 23, 23, 23, 23, 23, 23, 23], "psum": [0, 0, 0, 0, 0, 0, 0, 0, 0, 0, 0, 0, 0, 0, 0, 0, 0, 0, 0, 0, 0, 0, 70.0, 70.0, 70.0, 70.0, 100.0, 100.0, 100.0, 100.0, 100.0, 100.0, 100.0, 100.0, 100.0, 100.0, 100.0, 100.0, 100.0, 100.0, 100.0, 100.0, 100.0, 100.0, 100.0, 100.0, 100.0, 100.0, 100.0, 100.0, 100.0, 100.0, 100.0, 100.0, 100.0, 100.0, 100.0, 100.0, 100.0, 100.0, 100.0, 100.0, 100.0, 100.0], "pcnt": [0, 0, 0, 0, 0, 0, 0, 0, 0, 0, 0, 0, 0, 0, 0, 0, 0, 0, 0, 0, 0, 0, 20, 20, 20, 20, 23, 23, 23, 23, 23, 23, 23, 23, 23, 23, 23, 23, 23, 23, 23, 23, 23, 23, 23, 23, 23, 23, 23, 23, 23, 23, 23, 23, 23, 23, 23, 23, 23, 23, 23, 23, 23, 23]}}, {"type": "Feature", "geometry": {"type": "Point", "coordinates": [-108.73803, 53.30026]}, "properties": {"twp": "050-19-W3", "prov": "SK", "total": 9, "first": 1906, "cum": [0, 0, 0, 0, 0, 0, 0, 0, 0, 0, 0, 0, 0, 0, 0, 0, 0, 0, 0, 0, 0, 0, 0, 0, 0, 6, 6, 6, 6, 8, 9, 9, 9, 9, 9, 9, 9, 9, 9, 9, 9, 9, 9, 9, 9, 9, 9, 9, 9, 9, 9, 9, 9, 9, 9, 9, 9, 9, 9, 9, 9, 9, 9, 9], "psum": [0, 0, 0, 0, 0, 0, 0, 0, 0, 0, 0, 0, 0, 0, 0, 0, 0, 0, 0, 0, 0, 0, 0, 0, 0, 48.0, 48.0, 48.0, 48.0, 68.0, 88.0, 88.0, 88.0, 88.0, 88.0, 88.0, 88.0, 88.0, 88.0, 88.0, 88.0, 88.0, 88.0, 88.0, 88.0, 88.0, 88.0, 88.0, 88.0, 88.0, 88.0, 88.0, 88.0, 88.0, 88.0, 88.0, 88.0, 88.0, 88.0, 88.0, 88.0, 88.0, 88.0, 88.0], "pcnt": [0, 0, 0, 0, 0, 0, 0, 0, 0, 0, 0, 0, 0, 0, 0, 0, 0, 0, 0, 0, 0, 0, 0, 0, 0, 6, 6, 6, 6, 8, 9, 9, 9, 9, 9, 9, 9, 9, 9, 9, 9, 9, 9, 9, 9, 9, 9, 9, 9, 9, 9, 9, 9, 9, 9, 9, 9, 9, 9, 9, 9, 9, 9, 9]}}, {"type": "Feature", "geometry": {"type": "Point", "coordinates": [-107.6971, 52.9404]}, "properties": {"twp": "046-12-W3", "prov": "SK", "total": 2, "first": 1910, "cum": [0, 0, 0, 0, 0, 0, 0, 0, 0, 0, 0, 0, 0, 0, 0, 0, 0, 0, 0, 0, 0, 0, 0, 0, 0, 0, 0, 0, 0, 1, 2, 2, 2, 2, 2, 2, 2, 2, 2, 2, 2, 2, 2, 2, 2, 2, 2, 2, 2, 2, 2, 2, 2, 2, 2, 2, 2, 2, 2, 2, 2, 2, 2, 2], "psum": [0, 0, 0, 0, 0, 0, 0, 0, 0, 0, 0, 0, 0, 0, 0, 0, 0, 0, 0, 0, 0, 0, 0, 0, 0, 0, 0, 0, 0, 12.0, 23.0, 23.0, 23.0, 23.0, 23.0, 23.0, 23.0, 23.0, 23.0, 23.0, 23.0, 23.0, 23.0, 23.0, 23.0, 23.0, 23.0, 23.0, 23.0, 23.0, 23.0, 23.0, 23.0, 23.0, 23.0, 23.0, 23.0, 23.0, 23.0, 23.0, 23.0, 23.0, 23.0, 23.0], "pcnt": [0, 0, 0, 0, 0, 0, 0, 0, 0, 0, 0, 0, 0, 0, 0, 0, 0, 0, 0, 0, 0, 0, 0, 0, 0, 0, 0, 0, 0, 1, 2, 2, 2, 2, 2, 2, 2, 2, 2, 2, 2, 2, 2, 2, 2, 2, 2, 2, 2, 2, 2, 2, 2, 2, 2, 2, 2, 2, 2, 2, 2, 2, 2, 2]}}, {"type": "Feature", "geometry": {"type": "Point", "coordinates": [-109.22046, 52.85159]}, "properties": {"twp": "045-23-W3", "prov": "SK", "total": 5, "first": 1903, "cum": [0, 0, 0, 0, 0, 0, 0, 0, 0, 0, 0, 0, 0, 0, 0, 0, 0, 0, 0, 0, 0, 0, 2, 2, 2, 2, 2, 2, 2, 2, 4, 5, 5, 5, 5, 5, 5, 5, 5, 5, 5, 5, 5, 5, 5, 5, 5, 5, 5, 5, 5, 5, 5, 5, 5, 5, 5, 5, 5, 5, 5, 5, 5, 5], "psum": [0, 0, 0, 0, 0, 0, 0, 0, 0, 0, 0, 0, 0, 0, 0, 0, 0, 0, 0, 0, 0, 0, 12.0, 12.0, 12.0, 12.0, 12.0, 12.0, 12.0, 12.0, 24.0, 35.0, 35.0, 35.0, 35.0, 35.0, 35.0, 35.0, 35.0, 35.0, 35.0, 35.0, 35.0, 35.0, 35.0, 35.0, 35.0, 35.0, 35.0, 35.0, 35.0, 35.0, 35.0, 35.0, 35.0, 35.0, 35.0, 35.0, 35.0, 35.0, 35.0, 35.0, 35.0, 35.0], "pcnt": [0, 0, 0, 0, 0, 0, 0, 0, 0, 0, 0, 0, 0, 0, 0, 0, 0, 0, 0, 0, 0, 0, 2, 2, 2, 2, 2, 2, 2, 2, 4, 5, 5, 5, 5, 5, 5, 5, 5, 5, 5, 5, 5, 5, 5, 5, 5, 5, 5, 5, 5, 5, 5, 5, 5, 5, 5, 5, 5, 5, 5, 5, 5, 5]}}, {"type": "Feature", "geometry": {"type": "Point", "coordinates": [-107.66614, 52.86076]}, "properties": {"twp": "045-12-W3", "prov": "SK", "total": 14, "first": 1906, "cum": [0, 0, 0, 0, 0, 0, 0, 0, 0, 0, 0, 0, 0, 0, 0, 0, 0, 0, 0, 0, 0, 0, 0, 0, 0, 7, 7, 8, 8, 9, 14, 14, 14, 14, 14, 14, 14, 14, 14, 14, 14, 14, 14, 14, 14, 14, 14, 14, 14, 14, 14, 14, 14, 14, 14, 14, 14, 14, 14, 14, 14, 14, 14, 14], "psum": [0, 0, 0, 0, 0, 0, 0, 0, 0, 0, 0, 0, 0, 0, 0, 0, 0, 0, 0, 0, 0, 0, 0, 0, 0, 70.0, 70.0, 80.0, 80.0, 95.0, 169.0, 169.0, 169.0, 169.0, 169.0, 169.0, 169.0, 169.0, 169.0, 169.0, 169.0, 169.0, 169.0, 169.0, 169.0, 169.0, 169.0, 169.0, 169.0, 169.0, 169.0, 169.0, 169.0, 169.0, 169.0, 169.0, 169.0, 169.0, 169.0, 169.0, 169.0, 169.0, 169.0, 169.0], "pcnt": [0, 0, 0, 0, 0, 0, 0, 0, 0, 0, 0, 0, 0, 0, 0, 0, 0, 0, 0, 0, 0, 0, 0, 0, 0, 7, 7, 8, 8, 9, 14, 14, 14, 14, 14, 14, 14, 14, 14, 14, 14, 14, 14, 14, 14, 14, 14, 14, 14, 14, 14, 14, 14, 14, 14, 14, 14, 14, 14, 14, 14, 14, 14, 14]}}, {"type": "Feature", "geometry": {"type": "Point", "coordinates": [-107.54434, 52.86072]}, "properties": {"twp": "045-11-W3", "prov": "SK", "total": 15, "first": 1906, "cum": [0, 0, 0, 0, 0, 0, 0, 0, 0, 0, 0, 0, 0, 0, 0, 0, 0, 0, 0, 0, 0, 0, 0, 0, 0, 2, 10, 10, 10, 14, 15, 15, 15, 15, 15, 15, 15, 15, 15, 15, 15, 15, 15, 15, 15, 15, 15, 15, 15, 15, 15, 15, 15, 15, 15, 15, 15, 15, 15, 15, 15, 15, 15, 15], "psum": [0, 0, 0, 0, 0, 0, 0, 0, 0, 0, 0, 0, 0, 0, 0, 0, 0, 0, 0, 0, 0, 0, 0, 0, 0, 20.0, 100.0, 100.0, 100.0, 140.0, 154.0, 154.0, 154.0, 154.0, 154.0, 154.0, 154.0, 154.0, 154.0, 154.0, 154.0, 154.0, 154.0, 154.0, 154.0, 154.0, 154.0, 154.0, 154.0, 154.0, 154.0, 154.0, 154.0, 154.0, 154.0, 154.0, 154.0, 154.0, 154.0, 154.0, 154.0, 154.0, 154.0, 154.0], "pcnt": [0, 0, 0, 0, 0, 0, 0, 0, 0, 0, 0, 0, 0, 0, 0, 0, 0, 0, 0, 0, 0, 0, 0, 0, 0, 2, 10, 10, 10, 14, 15, 15, 15, 15, 15, 15, 15, 15, 15, 15, 15, 15, 15, 15, 15, 15, 15, 15, 15, 15, 15, 15, 15, 15, 15, 15, 15, 15, 15, 15, 15, 15, 15, 15]}}, {"type": "Feature", "geometry": {"type": "Point", "coordinates": [-108.24052, 52.42988]}, "properties": {"twp": "040-16-W3", "prov": "SK", "total": 5, "first": 1911, "cum": [0, 0, 0, 0, 0, 0, 0, 0, 0, 0, 0, 0, 0, 0, 0, 0, 0, 0, 0, 0, 0, 0, 0, 0, 0, 0, 0, 0, 0, 0, 4, 5, 5, 5, 5, 5, 5, 5, 5, 5, 5, 5, 5, 5, 5, 5, 5, 5, 5, 5, 5, 5, 5, 5, 5, 5, 5, 5, 5, 5, 5, 5, 5, 5], "psum": [0, 0, 0, 0, 0, 0, 0, 0, 0, 0, 0, 0, 0, 0, 0, 0, 0, 0, 0, 0, 0, 0, 0, 0, 0, 0, 0, 0, 0, 0, 0, 12.0, 12.0, 12.0, 12.0, 12.0, 12.0, 12.0, 12.0, 12.0, 12.0, 12.0, 12.0, 12.0, 12.0, 12.0, 12.0, 12.0, 12.0, 12.0, 12.0, 12.0, 12.0, 12.0, 12.0, 12.0, 12.0, 12.0, 12.0, 12.0, 12.0, 12.0, 12.0, 12.0], "pcnt": [0, 0, 0, 0, 0, 0, 0, 0, 0, 0, 0, 0, 0, 0, 0, 0, 0, 0, 0, 0, 0, 0, 0, 0, 0, 0, 0, 0, 0, 0, 0, 1, 1, 1, 1, 1, 1, 1, 1, 1, 1, 1, 1, 1, 1, 1, 1, 1, 1, 1, 1, 1, 1, 1, 1, 1, 1, 1, 1, 1, 1, 1, 1, 1]}}, {"type": "Feature", "geometry": {"type": "Point", "coordinates": [-104.20796, 51.42135]}, "properties": {"twp": "028-16-W2", "prov": "SK", "total": 14, "first": 1905, "cum": [0, 0, 0, 0, 0, 0, 0, 0, 0, 0, 0, 0, 0, 0, 0, 0, 0, 0, 0, 0, 0, 0, 0, 0, 2, 4, 5, 5, 5, 10, 14, 14, 14, 14, 14, 14, 14, 14, 14, 14, 14, 14, 14, 14, 14, 14, 14, 14, 14, 14, 14, 14, 14, 14, 14, 14, 14, 14, 14, 14, 14, 14, 14, 14], "psum": [0, 0, 0, 0, 0, 0, 0, 0, 0, 0, 0, 0, 0, 0, 0, 0, 0, 0, 0, 0, 0, 0, 0, 0, 16.0, 40.0, 50.0, 50.0, 50.0, 125.0, 197.0, 197.0, 197.0, 197.0, 197.0, 197.0, 197.0, 197.0, 197.0, 197.0, 197.0, 197.0, 197.0, 197.0, 197.0, 197.0, 197.0, 197.0, 197.0, 197.0, 197.0, 197.0, 197.0, 197.0, 197.0, 197.0, 197.0, 197.0, 197.0, 197.0, 197.0, 197.0, 197.0, 197.0], "pcnt": [0, 0, 0, 0, 0, 0, 0, 0, 0, 0, 0, 0, 0, 0, 0, 0, 0, 0, 0, 0, 0, 0, 0, 0, 2, 4, 5, 5, 5, 10, 14, 14, 14, 14, 14, 14, 14, 14, 14, 14, 14, 14, 14, 14, 14, 14, 14, 14, 14, 14, 14, 14, 14, 14, 14, 14, 14, 14, 14, 14, 14, 14, 14, 14]}}, {"type": "Feature", "geometry": {"type": "Point", "coordinates": [-104.1519, 50.84678]}, "properties": {"twp": "022-16-W2", "prov": "SK", "total": 22, "first": 1899, "cum": [0, 0, 0, 0, 0, 0, 0, 0, 0, 0, 0, 0, 0, 0, 0, 0, 0, 0, 6, 6, 8, 22, 22, 22, 22, 22, 22, 22, 22, 22, 22, 22, 22, 22, 22, 22, 22, 22, 22, 22, 22, 22, 22, 22, 22, 22, 22, 22, 22, 22, 22, 22, 22, 22, 22, 22, 22, 22, 22, 22, 22, 22, 22, 22], "psum": [0, 0, 0, 0, 0, 0, 0, 0, 0, 0, 0, 0, 0, 0, 0, 0, 0, 0, 18.0, 18.0, 24.0, 66.0, 66.0, 66.0, 66.0, 66.0, 66.0, 66.0, 66.0, 66.0, 66.0, 66.0, 66.0, 66.0, 66.0, 66.0, 66.0, 66.0, 66.0, 66.0, 66.0, 66.0, 66.0, 66.0, 66.0, 66.0, 66.0, 66.0, 66.0, 66.0, 66.0, 66.0, 66.0, 66.0, 66.0, 66.0, 66.0, 66.0, 66.0, 66.0, 66.0, 66.0, 66.0, 66.0], "pcnt": [0, 0, 0, 0, 0, 0, 0, 0, 0, 0, 0, 0, 0, 0, 0, 0, 0, 0, 6, 6, 8, 22, 22, 22, 22, 22, 22, 22, 22, 22, 22, 22, 22, 22, 22, 22, 22, 22, 22, 22, 22, 22, 22, 22, 22, 22, 22, 22, 22, 22, 22, 22, 22, 22, 22, 22, 22, 22, 22, 22, 22, 22, 22, 22]}}, {"type": "Feature", "geometry": {"type": "Point", "coordinates": [-101.86143, 50.69953]}, "properties": {"twp": "020-32-W1", "prov": "SK", "total": 5, "first": 1905, "cum": [0, 0, 0, 0, 0, 0, 0, 0, 0, 0, 0, 0, 0, 0, 0, 0, 0, 0, 0, 0, 0, 0, 0, 0, 2, 2, 3, 3, 4, 5, 5, 5, 5, 5, 5, 5, 5, 5, 5, 5, 5, 5, 5, 5, 5, 5, 5, 5, 5, 5, 5, 5, 5, 5, 5, 5, 5, 5, 5, 5, 5, 5, 5, 5], "psum": [0, 0, 0, 0, 0, 0, 0, 0, 0, 0, 0, 0, 0, 0, 0, 0, 0, 0, 0, 0, 0, 0, 0, 0, 13.4, 13.4, 33.4, 33.4, 48.4, 63.4, 63.4, 63.4, 63.4, 63.4, 63.4, 63.4, 63.4, 63.4, 63.4, 63.4, 63.4, 63.4, 63.4, 63.4, 63.4, 63.4, 63.4, 63.4, 63.4, 63.4, 63.4, 63.4, 63.4, 63.4, 63.4, 63.4, 63.4, 63.4, 63.4, 63.4, 63.4, 63.4, 63.4, 63.4], "pcnt": [0, 0, 0, 0, 0, 0, 0, 0, 0, 0, 0, 0, 0, 0, 0, 0, 0, 0, 0, 0, 0, 0, 0, 0, 2, 2, 3, 3, 4, 5, 5, 5, 5, 5, 5, 5, 5, 5, 5, 5, 5, 5, 5, 5, 5, 5, 5, 5, 5, 5, 5, 5, 5, 5, 5, 5, 5, 5, 5, 5, 5, 5, 5, 5]}}, {"type": "Feature", "geometry": {"type": "Point", "coordinates": [-106.31619, 50.67157]}, "properties": {"twp": "020-03-W3", "prov": "SK", "total": 12, "first": 1902, "cum": [0, 0, 0, 0, 0, 0, 0, 0, 0, 0, 0, 0, 0, 0, 0, 0, 0, 0, 0, 0, 0, 12, 12, 12, 12, 12, 12, 12, 12, 12, 12, 12, 12, 12, 12, 12, 12, 12, 12, 12, 12, 12, 12, 12, 12, 12, 12, 12, 12, 12, 12, 12, 12, 12, 12, 12, 12, 12, 12, 12, 12, 12, 12, 12], "psum": [0, 0, 0, 0, 0, 0, 0, 0, 0, 0, 0, 0, 0, 0, 0, 0, 0, 0, 0, 0, 0, 36.0, 36.0, 36.0, 36.0, 36.0, 36.0, 36.0, 36.0, 36.0, 36.0, 36.0, 36.0, 36.0, 36.0, 36.0, 36.0, 36.0, 36.0, 36.0, 36.0, 36.0, 36.0, 36.0, 36.0, 36.0, 36.0, 36.0, 36.0, 36.0, 36.0, 36.0, 36.0, 36.0, 36.0, 36.0, 36.0, 36.0, 36.0, 36.0, 36.0, 36.0, 36.0, 36.0], "pcnt": [0, 0, 0, 0, 0, 0, 0, 0, 0, 0, 0, 0, 0, 0, 0, 0, 0, 0, 0, 0, 0, 12, 12, 12, 12, 12, 12, 12, 12, 12, 12, 12, 12, 12, 12, 12, 12, 12, 12, 12, 12, 12, 12, 12, 12, 12, 12, 12, 12, 12, 12, 12, 12, 12, 12, 12, 12, 12, 12, 12, 12, 12, 12, 12]}}, {"type": "Feature", "geometry": {"type": "Point", "coordinates": [-101.57664, 50.52845]}, "properties": {"twp": "018-30-W1", "prov": "SK", "total": 9, "first": 1905, "cum": [0, 0, 0, 0, 0, 0, 0, 0, 0, 0, 0, 0, 0, 0, 0, 0, 0, 0, 0, 0, 0, 0, 0, 0, 4, 4, 5, 5, 9, 9, 9, 9, 9, 9, 9, 9, 9, 9, 9, 9, 9, 9, 9, 9, 9, 9, 9, 9, 9, 9, 9, 9, 9, 9, 9, 9, 9, 9, 9, 9, 9, 9, 9, 9], "psum": [0, 0, 0, 0, 0, 0, 0, 0, 0, 0, 0, 0, 0, 0, 0, 0, 0, 0, 0, 0, 0, 0, 0, 0, 24.0, 24.0, 49.0, 49.0, 81.0, 81.0, 81.0, 81.0, 81.0, 81.0, 81.0, 81.0, 81.0, 81.0, 81.0, 81.0, 81.0, 81.0, 81.0, 81.0, 81.0, 81.0, 81.0, 81.0, 81.0, 81.0, 81.0, 81.0, 81.0, 81.0, 81.0, 81.0, 81.0, 81.0, 81.0, 81.0, 81.0, 81.0, 81.0, 81.0], "pcnt": [0, 0, 0, 0, 0, 0, 0, 0, 0, 0, 0, 0, 0, 0, 0, 0, 0, 0, 0, 0, 0, 0, 0, 0, 4, 4, 5, 5, 9, 9, 9, 9, 9, 9, 9, 9, 9, 9, 9, 9, 9, 9, 9, 9, 9, 9, 9, 9, 9, 9, 9, 9, 9, 9, 9, 9, 9, 9, 9, 9, 9, 9, 9, 9]}}, {"type": "Feature", "geometry": {"type": "Point", "coordinates": [-107.87075, 50.50104]}, "properties": {"twp": "018-14-W3", "prov": "SK", "total": 71, "first": 1905, "cum": [0, 0, 0, 0, 0, 0, 0, 0, 0, 0, 0, 0, 0, 0, 0, 0, 0, 0, 0, 0, 0, 0, 0, 0, 20, 44, 44, 44, 44, 70, 71, 71, 71, 71, 71, 71, 71, 71, 71, 71, 71, 71, 71, 71, 71, 71, 71, 71, 71, 71, 71, 71, 71, 71, 71, 71, 71, 71, 71, 71, 71, 71, 71, 71], "psum": [0, 0, 0, 0, 0, 0, 0, 0, 0, 0, 0, 0, 0, 0, 0, 0, 0, 0, 0, 0, 0, 0, 0, 0, 80.0, 224.0, 224.0, 224.0, 224.0, 456.0, 466.0, 466.0, 466.0, 466.0, 466.0, 466.0, 466.0, 466.0, 466.0, 466.0, 466.0, 466.0, 466.0, 466.0, 466.0, 466.0, 466.0, 466.0, 466.0, 466.0, 466.0, 466.0, 466.0, 466.0, 466.0, 466.0, 466.0, 466.0, 466.0, 466.0, 466.0, 466.0, 466.0, 466.0], "pcnt": [0, 0, 0, 0, 0, 0, 0, 0, 0, 0, 0, 0, 0, 0, 0, 0, 0, 0, 0, 0, 0, 0, 0, 0, 20, 44, 44, 44, 44, 70, 71, 71, 71, 71, 71, 71, 71, 71, 71, 71, 71, 71, 71, 71, 71, 71, 71, 71, 71, 71, 71, 71, 71, 71, 71, 71, 71, 71, 71, 71, 71, 71, 71, 71]}}, {"type": "Feature", "geometry": {"type": "Point", "coordinates": [-103.86277, 50.41391]}, "properties": {"twp": "017-14-W2", "prov": "SK", "total": 19, "first": 1906, "cum": [0, 0, 0, 0, 0, 0, 0, 0, 0, 0, 0, 0, 0, 0, 0, 0, 0, 0, 0, 0, 0, 0, 0, 0, 0, 4, 4, 4, 5, 7, 19, 19, 19, 19, 19, 19, 19, 19, 19, 19, 19, 19, 19, 19, 19, 19, 19, 19, 19, 19, 19, 19, 19, 19, 19, 19, 19, 19, 19, 19, 19, 19, 19, 19], "psum": [0, 0, 0, 0, 0, 0, 0, 0, 0, 0, 0, 0, 0, 0, 0, 0, 0, 0, 0, 0, 0, 0, 0, 0, 0, 34.0, 34.0, 34.0, 44.0, 66.5, 186.5, 186.5, 186.5, 186.5, 186.5, 186.5, 186.5, 186.5, 186.5, 186.5, 186.5, 186.5, 186.5, 186.5, 186.5, 186.5, 186.5, 186.5, 186.5, 186.5, 186.5, 186.5, 186.5, 186.5, 186.5, 186.5, 186.5, 186.5, 186.5, 186.5, 186.5, 186.5, 186.5, 186.5], "pcnt": [0, 0, 0, 0, 0, 0, 0, 0, 0, 0, 0, 0, 0, 0, 0, 0, 0, 0, 0, 0, 0, 0, 0, 0, 0, 4, 4, 4, 5, 7, 19, 19, 19, 19, 19, 19, 19, 19, 19, 19, 19, 19, 19, 19, 19, 19, 19, 19, 19, 19, 19, 19, 19, 19, 19, 19, 19, 19, 19, 19, 19, 19, 19, 19]}}, {"type": "Feature", "geometry": {"type": "Point", "coordinates": [-109.36094, 50.06964]}, "properties": {"twp": "013-25-W3", "prov": "SK", "total": 2, "first": 1902, "cum": [0, 0, 0, 0, 0, 0, 0, 0, 0, 0, 0, 0, 0, 0, 0, 0, 0, 0, 0, 0, 0, 1, 1, 1, 1, 1, 1, 1, 1, 1, 2, 2, 2, 2, 2, 2, 2, 2, 2, 2, 2, 2, 2, 2, 2, 2, 2, 2, 2, 2, 2, 2, 2, 2, 2, 2, 2, 2, 2, 2, 2, 2, 2, 2], "psum": [0, 0, 0, 0, 0, 0, 0, 0, 0, 0, 0, 0, 0, 0, 0, 0, 0, 0, 0, 0, 0, 3.0, 3.0, 3.0, 3.0, 3.0, 3.0, 3.0, 3.0, 3.0, 13.0, 13.0, 13.0, 13.0, 13.0, 13.0, 13.0, 13.0, 13.0, 13.0, 13.0, 13.0, 13.0, 13.0, 13.0, 13.0, 13.0, 13.0, 13.0, 13.0, 13.0, 13.0, 13.0, 13.0, 13.0, 13.0, 13.0, 13.0, 13.0, 13.0, 13.0, 13.0, 13.0, 13.0], "pcnt": [0, 0, 0, 0, 0, 0, 0, 0, 0, 0, 0, 0, 0, 0, 0, 0, 0, 0, 0, 0, 0, 1, 1, 1, 1, 1, 1, 1, 1, 1, 2, 2, 2, 2, 2, 2, 2, 2, 2, 2, 2, 2, 2, 2, 2, 2, 2, 2, 2, 2, 2, 2, 2, 2, 2, 2, 2, 2, 2, 2, 2, 2, 2, 2]}}, {"type": "Feature", "geometry": {"type": "Point", "coordinates": [-104.52439, 49.80655]}, "properties": {"twp": "010-19-W2", "prov": "SK", "total": 4, "first": 1905, "cum": [0, 0, 0, 0, 0, 0, 0, 0, 0, 0, 0, 0, 0, 0, 0, 0, 0, 0, 0, 0, 0, 0, 0, 0, 4, 4, 4, 4, 4, 4, 4, 4, 4, 4, 4, 4, 4, 4, 4, 4, 4, 4, 4, 4, 4, 4, 4, 4, 4, 4, 4, 4, 4, 4, 4, 4, 4, 4, 4, 4, 4, 4, 4, 4], "psum": [0, 0, 0, 0, 0, 0, 0, 0, 0, 0, 0, 0, 0, 0, 0, 0, 0, 0, 0, 0, 0, 0, 0, 0, 20.0, 20.0, 20.0, 20.0, 20.0, 20.0, 20.0, 20.0, 20.0, 20.0, 20.0, 20.0, 20.0, 20.0, 20.0, 20.0, 20.0, 20.0, 20.0, 20.0, 20.0, 20.0, 20.0, 20.0, 20.0, 20.0, 20.0, 20.0, 20.0, 20.0, 20.0, 20.0, 20.0, 20.0, 20.0, 20.0, 20.0, 20.0, 20.0, 20.0], "pcnt": [0, 0, 0, 0, 0, 0, 0, 0, 0, 0, 0, 0, 0, 0, 0, 0, 0, 0, 0, 0, 0, 0, 0, 0, 4, 4, 4, 4, 4, 4, 4, 4, 4, 4, 4, 4, 4, 4, 4, 4, 4, 4, 4, 4, 4, 4, 4, 4, 4, 4, 4, 4, 4, 4, 4, 4, 4, 4, 4, 4, 4, 4, 4, 4]}}, {"type": "Feature", "geometry": {"type": "Point", "coordinates": [-108.89113, 53.37693]}, "properties": {"twp": "051-20-W3", "prov": "SK", "total": 3, "first": 1906, "cum": [0, 0, 0, 0, 0, 0, 0, 0, 0, 0, 0, 0, 0, 0, 0, 0, 0, 0, 0, 0, 0, 0, 0, 0, 0, 2, 2, 2, 2, 2, 2, 3, 3, 3, 3, 3, 3, 3, 3, 3, 3, 3, 3, 3, 3, 3, 3, 3, 3, 3, 3, 3, 3, 3, 3, 3, 3, 3, 3, 3, 3, 3, 3, 3], "psum": [0, 0, 0, 0, 0, 0, 0, 0, 0, 0, 0, 0, 0, 0, 0, 0, 0, 0, 0, 0, 0, 0, 0, 0, 0, 16.0, 16.0, 16.0, 16.0, 16.0, 16.0, 36.1, 36.1, 36.1, 36.1, 36.1, 36.1, 36.1, 36.1, 36.1, 36.1, 36.1, 36.1, 36.1, 36.1, 36.1, 36.1, 36.1, 36.1, 36.1, 36.1, 36.1, 36.1, 36.1, 36.1, 36.1, 36.1, 36.1, 36.1, 36.1, 36.1, 36.1, 36.1, 36.1], "pcnt": [0, 0, 0, 0, 0, 0, 0, 0, 0, 0, 0, 0, 0, 0, 0, 0, 0, 0, 0, 0, 0, 0, 0, 0, 0, 2, 2, 2, 2, 2, 2, 3, 3, 3, 3, 3, 3, 3, 3, 3, 3, 3, 3, 3, 3, 3, 3, 3, 3, 3, 3, 3, 3, 3, 3, 3, 3, 3, 3, 3, 3, 3, 3, 3]}}, {"type": "Feature", "geometry": {"type": "Point", "coordinates": [-109.90441, 53.3034]}, "properties": {"twp": "050-27-W3", "prov": "SK", "total": 16, "first": 1904, "cum": [0, 0, 0, 0, 0, 0, 0, 0, 0, 0, 0, 0, 0, 0, 0, 0, 0, 0, 0, 0, 0, 0, 0, 3, 16, 16, 16, 16, 16, 16, 16, 16, 16, 16, 16, 16, 16, 16, 16, 16, 16, 16, 16, 16, 16, 16, 16, 16, 16, 16, 16, 16, 16, 16, 16, 16, 16, 16, 16, 16, 16, 16, 16, 16], "psum": [0, 0, 0, 0, 0, 0, 0, 0, 0, 0, 0, 0, 0, 0, 0, 0, 0, 0, 0, 0, 0, 0, 0, 15.6, 101.6, 101.6, 101.6, 101.6, 101.6, 101.6, 101.6, 101.6, 101.6, 101.6, 101.6, 101.6, 101.6, 101.6, 101.6, 101.6, 101.6, 101.6, 101.6, 101.6, 101.6, 101.6, 101.6, 101.6, 101.6, 101.6, 101.6, 101.6, 101.6, 101.6, 101.6, 101.6, 101.6, 101.6, 101.6, 101.6, 101.6, 101.6, 101.6, 101.6], "pcnt": [0, 0, 0, 0, 0, 0, 0, 0, 0, 0, 0, 0, 0, 0, 0, 0, 0, 0, 0, 0, 0, 0, 0, 3, 16, 16, 16, 16, 16, 16, 16, 16, 16, 16, 16, 16, 16, 16, 16, 16, 16, 16, 16, 16, 16, 16, 16, 16, 16, 16, 16, 16, 16, 16, 16, 16, 16, 16, 16, 16, 16, 16, 16, 16]}}, {"type": "Feature", "geometry": {"type": "Point", "coordinates": [-109.2092, 53.21857]}, "properties": {"twp": "049-22-W3", "prov": "SK", "total": 3, "first": 1911, "cum": [0, 0, 0, 0, 0, 0, 0, 0, 0, 0, 0, 0, 0, 0, 0, 0, 0, 0, 0, 0, 0, 0, 0, 0, 0, 0, 0, 0, 0, 0, 3, 3, 3, 3, 3, 3, 3, 3, 3, 3, 3, 3, 3, 3, 3, 3, 3, 3, 3, 3, 3, 3, 3, 3, 3, 3, 3, 3, 3, 3, 3, 3, 3, 3], "psum": [0, 0, 0, 0, 0, 0, 0, 0, 0, 0, 0, 0, 0, 0, 0, 0, 0, 0, 0, 0, 0, 0, 0, 0, 0, 0, 0, 0, 0, 0, 36.4, 36.4, 36.4, 36.4, 36.4, 36.4, 36.4, 36.4, 36.4, 36.4, 36.4, 36.4, 36.4, 36.4, 36.4, 36.4, 36.4, 36.4, 36.4, 36.4, 36.4, 36.4, 36.4, 36.4, 36.4, 36.4, 36.4, 36.4, 36.4, 36.4, 36.4, 36.4, 36.4, 36.4], "pcnt": [0, 0, 0, 0, 0, 0, 0, 0, 0, 0, 0, 0, 0, 0, 0, 0, 0, 0, 0, 0, 0, 0, 0, 0, 0, 0, 0, 0, 0, 0, 3, 3, 3, 3, 3, 3, 3, 3, 3, 3, 3, 3, 3, 3, 3, 3, 3, 3, 3, 3, 3, 3, 3, 3, 3, 3, 3, 3, 3, 3, 3, 3, 3, 3]}}, {"type": "Feature", "geometry": {"type": "Point", "coordinates": [-108.44032, 53.20891]}, "properties": {"twp": "049-17-W3", "prov": "SK", "total": 3, "first": 1903, "cum": [0, 0, 0, 0, 0, 0, 0, 0, 0, 0, 0, 0, 0, 0, 0, 0, 0, 0, 0, 0, 0, 0, 1, 1, 1, 1, 1, 1, 1, 2, 3, 3, 3, 3, 3, 3, 3, 3, 3, 3, 3, 3, 3, 3, 3, 3, 3, 3, 3, 3, 3, 3, 3, 3, 3, 3, 3, 3, 3, 3, 3, 3, 3, 3], "psum": [0, 0, 0, 0, 0, 0, 0, 0, 0, 0, 0, 0, 0, 0, 0, 0, 0, 0, 0, 0, 0, 0, 6.0, 6.0, 6.0, 6.0, 6.0, 6.0, 6.0, 16.0, 26.0, 26.0, 26.0, 26.0, 26.0, 26.0, 26.0, 26.0, 26.0, 26.0, 26.0, 26.0, 26.0, 26.0, 26.0, 26.0, 26.0, 26.0, 26.0, 26.0, 26.0, 26.0, 26.0, 26.0, 26.0, 26.0, 26.0, 26.0, 26.0, 26.0, 26.0, 26.0, 26.0, 26.0], "pcnt": [0, 0, 0, 0, 0, 0, 0, 0, 0, 0, 0, 0, 0, 0, 0, 0, 0, 0, 0, 0, 0, 0, 1, 1, 1, 1, 1, 1, 1, 2, 3, 3, 3, 3, 3, 3, 3, 3, 3, 3, 3, 3, 3, 3, 3, 3, 3, 3, 3, 3, 3, 3, 3, 3, 3, 3, 3, 3, 3, 3, 3, 3, 3, 3]}}, {"type": "Feature", "geometry": {"type": "Point", "coordinates": [-109.20104, 53.14576]}, "properties": {"twp": "048-22-W3", "prov": "SK", "total": 3, "first": 1905, "cum": [0, 0, 0, 0, 0, 0, 0, 0, 0, 0, 0, 0, 0, 0, 0, 0, 0, 0, 0, 0, 0, 0, 0, 0, 2, 2, 2, 2, 2, 2, 3, 3, 3, 3, 3, 3, 3, 3, 3, 3, 3, 3, 3, 3, 3, 3, 3, 3, 3, 3, 3, 3, 3, 3, 3, 3, 3, 3, 3, 3, 3, 3, 3, 3], "psum": [0, 0, 0, 0, 0, 0, 0, 0, 0, 0, 0, 0, 0, 0, 0, 0, 0, 0, 0, 0, 0, 0, 0, 0, 12.0, 12.0, 12.0, 12.0, 12.0, 12.0, 24.0, 24.0, 24.0, 24.0, 24.0, 24.0, 24.0, 24.0, 24.0, 24.0, 24.0, 24.0, 24.0, 24.0, 24.0, 24.0, 24.0, 24.0, 24.0, 24.0, 24.0, 24.0, 24.0, 24.0, 24.0, 24.0, 24.0, 24.0, 24.0, 24.0, 24.0, 24.0, 24.0, 24.0], "pcnt": [0, 0, 0, 0, 0, 0, 0, 0, 0, 0, 0, 0, 0, 0, 0, 0, 0, 0, 0, 0, 0, 0, 0, 0, 2, 2, 2, 2, 2, 2, 3, 3, 3, 3, 3, 3, 3, 3, 3, 3, 3, 3, 3, 3, 3, 3, 3, 3, 3, 3, 3, 3, 3, 3, 3, 3, 3, 3, 3, 3, 3, 3, 3, 3]}}, {"type": "Feature", "geometry": {"type": "Point", "coordinates": [-109.33643, 52.94758]}, "properties": {"twp": "046-23-W3", "prov": "SK", "total": 3, "first": 1908, "cum": [0, 0, 0, 0, 0, 0, 0, 0, 0, 0, 0, 0, 0, 0, 0, 0, 0, 0, 0, 0, 0, 0, 0, 0, 0, 0, 0, 3, 3, 3, 3, 3, 3, 3, 3, 3, 3, 3, 3, 3, 3, 3, 3, 3, 3, 3, 3, 3, 3, 3, 3, 3, 3, 3, 3, 3, 3, 3, 3, 3, 3, 3, 3, 3], "psum": [0, 0, 0, 0, 0, 0, 0, 0, 0, 0, 0, 0, 0, 0, 0, 0, 0, 0, 0, 0, 0, 0, 0, 0, 0, 0, 0, 30.0, 30.0, 30.0, 30.0, 30.0, 30.0, 30.0, 30.0, 30.0, 30.0, 30.0, 30.0, 30.0, 30.0, 30.0, 30.0, 30.0, 30.0, 30.0, 30.0, 30.0, 30.0, 30.0, 30.0, 30.0, 30.0, 30.0, 30.0, 30.0, 30.0, 30.0, 30.0, 30.0, 30.0, 30.0, 30.0, 30.0], "pcnt": [0, 0, 0, 0, 0, 0, 0, 0, 0, 0, 0, 0, 0, 0, 0, 0, 0, 0, 0, 0, 0, 0, 0, 0, 0, 0, 0, 3, 3, 3, 3, 3, 3, 3, 3, 3, 3, 3, 3, 3, 3, 3, 3, 3, 3, 3, 3, 3, 3, 3, 3, 3, 3, 3, 3, 3, 3, 3, 3, 3, 3, 3, 3, 3]}}, {"type": "Feature", "geometry": {"type": "Point", "coordinates": [-108.13774, 52.60891]}, "properties": {"twp": "042-15-W3", "prov": "SK", "total": 9, "first": 1894, "cum": [0, 0, 0, 0, 0, 0, 0, 0, 0, 0, 0, 0, 0, 1, 1, 1, 1, 1, 1, 1, 1, 7, 8, 8, 9, 9, 9, 9, 9, 9, 9, 9, 9, 9, 9, 9, 9, 9, 9, 9, 9, 9, 9, 9, 9, 9, 9, 9, 9, 9, 9, 9, 9, 9, 9, 9, 9, 9, 9, 9, 9, 9, 9, 9], "psum": [0, 0, 0, 0, 0, 0, 0, 0, 0, 0, 0, 0, 0, 3.0, 3.0, 3.0, 3.0, 3.0, 3.0, 3.0, 3.0, 24.0, 29.0, 29.0, 35.0, 35.0, 35.0, 35.0, 35.0, 35.0, 35.0, 35.0, 35.0, 35.0, 35.0, 35.0, 35.0, 35.0, 35.0, 35.0, 35.0, 35.0, 35.0, 35.0, 35.0, 35.0, 35.0, 35.0, 35.0, 35.0, 35.0, 35.0, 35.0, 35.0, 35.0, 35.0, 35.0, 35.0, 35.0, 35.0, 35.0, 35.0, 35.0, 35.0], "pcnt": [0, 0, 0, 0, 0, 0, 0, 0, 0, 0, 0, 0, 0, 1, 1, 1, 1, 1, 1, 1, 1, 7, 8, 8, 9, 9, 9, 9, 9, 9, 9, 9, 9, 9, 9, 9, 9, 9, 9, 9, 9, 9, 9, 9, 9, 9, 9, 9, 9, 9, 9, 9, 9, 9, 9, 9, 9, 9, 9, 9, 9, 9, 9, 9]}}, {"type": "Feature", "geometry": {"type": "Point", "coordinates": [-107.68457, 52.42398]}, "properties": {"twp": "040-12-W3", "prov": "SK", "total": 5, "first": 1910, "cum": [0, 0, 0, 0, 0, 0, 0, 0, 0, 0, 0, 0, 0, 0, 0, 0, 0, 0, 0, 0, 0, 0, 0, 0, 0, 0, 0, 0, 0, 4, 5, 5, 5, 5, 5, 5, 5, 5, 5, 5, 5, 5, 5, 5, 5, 5, 5, 5, 5, 5, 5, 5, 5, 5, 5, 5, 5, 5, 5, 5, 5, 5, 5, 5], "psum": [0, 0, 0, 0, 0, 0, 0, 0, 0, 0, 0, 0, 0, 0, 0, 0, 0, 0, 0, 0, 0, 0, 0, 0, 0, 0, 0, 0, 0, 60.0, 80.0, 80.0, 80.0, 80.0, 80.0, 80.0, 80.0, 80.0, 80.0, 80.0, 80.0, 80.0, 80.0, 80.0, 80.0, 80.0, 80.0, 80.0, 80.0, 80.0, 80.0, 80.0, 80.0, 80.0, 80.0, 80.0, 80.0, 80.0, 80.0, 80.0, 80.0, 80.0, 80.0, 80.0], "pcnt": [0, 0, 0, 0, 0, 0, 0, 0, 0, 0, 0, 0, 0, 0, 0, 0, 0, 0, 0, 0, 0, 0, 0, 0, 0, 0, 0, 0, 0, 4, 5, 5, 5, 5, 5, 5, 5, 5, 5, 5, 5, 5, 5, 5, 5, 5, 5, 5, 5, 5, 5, 5, 5, 5, 5, 5, 5, 5, 5, 5, 5, 5, 5, 5]}}, {"type": "Feature", "geometry": {"type": "Point", "coordinates": [-108.50366, 52.24912]}, "properties": {"twp": "038-18-W3", "prov": "SK", "total": 14, "first": 1905, "cum": [0, 0, 0, 0, 0, 0, 0, 0, 0, 0, 0, 0, 0, 0, 0, 0, 0, 0, 0, 0, 0, 0, 0, 0, 4, 8, 8, 8, 8, 8, 10, 14, 14, 14, 14, 14, 14, 14, 14, 14, 14, 14, 14, 14, 14, 14, 14, 14, 14, 14, 14, 14, 14, 14, 14, 14, 14, 14, 14, 14, 14, 14, 14, 14], "psum": [0, 0, 0, 0, 0, 0, 0, 0, 0, 0, 0, 0, 0, 0, 0, 0, 0, 0, 0, 0, 0, 0, 0, 0, 22.0, 82.0, 82.0, 82.0, 82.0, 82.0, 124.0, 192.0, 192.0, 192.0, 192.0, 192.0, 192.0, 192.0, 192.0, 192.0, 192.0, 192.0, 192.0, 192.0, 192.0, 192.0, 192.0, 192.0, 192.0, 192.0, 192.0, 192.0, 192.0, 192.0, 192.0, 192.0, 192.0, 192.0, 192.0, 192.0, 192.0, 192.0, 192.0, 192.0], "pcnt": [0, 0, 0, 0, 0, 0, 0, 0, 0, 0, 0, 0, 0, 0, 0, 0, 0, 0, 0, 0, 0, 0, 0, 0, 4, 8, 8, 8, 8, 8, 10, 14, 14, 14, 14, 14, 14, 14, 14, 14, 14, 14, 14, 14, 14, 14, 14, 14, 14, 14, 14, 14, 14, 14, 14, 14, 14, 14, 14, 14, 14, 14, 14, 14]}}, {"type": "Feature", "geometry": {"type": "Point", "coordinates": [-108.21633, 52.15292]}, "properties": {"twp": "037-16-W3", "prov": "SK", "total": 9, "first": 1906, "cum": [0, 0, 0, 0, 0, 0, 0, 0, 0, 0, 0, 0, 0, 0, 0, 0, 0, 0, 0, 0, 0, 0, 0, 0, 0, 6, 6, 6, 6, 6, 9, 9, 9, 9, 9, 9, 9, 9, 9, 9, 9, 9, 9, 9, 9, 9, 9, 9, 9, 9, 9, 9, 9, 9, 9, 9, 9, 9, 9, 9, 9, 9, 9, 9], "psum": [0, 0, 0, 0, 0, 0, 0, 0, 0, 0, 0, 0, 0, 0, 0, 0, 0, 0, 0, 0, 0, 0, 0, 0, 0, 90.0, 90.0, 90.0, 90.0, 90.0, 90.0, 90.0, 90.0, 90.0, 90.0, 90.0, 90.0, 90.0, 90.0, 90.0, 90.0, 90.0, 90.0, 90.0, 90.0, 90.0, 90.0, 90.0, 90.0, 90.0, 90.0, 90.0, 90.0, 90.0, 90.0, 90.0, 90.0, 90.0, 90.0, 90.0, 90.0, 90.0, 90.0, 90.0], "pcnt": [0, 0, 0, 0, 0, 0, 0, 0, 0, 0, 0, 0, 0, 0, 0, 0, 0, 0, 0, 0, 0, 0, 0, 0, 0, 6, 6, 6, 6, 6, 6, 6, 6, 6, 6, 6, 6, 6, 6, 6, 6, 6, 6, 6, 6, 6, 6, 6, 6, 6, 6, 6, 6, 6, 6, 6, 6, 6, 6, 6, 6, 6, 6, 6]}}, {"type": "Feature", "geometry": {"type": "Point", "coordinates": [-104.14285, 52.16456]}, "properties": {"twp": "037-15-W2", "prov": "SK", "total": 3, "first": 1909, "cum": [0, 0, 0, 0, 0, 0, 0, 0, 0, 0, 0, 0, 0, 0, 0, 0, 0, 0, 0, 0, 0, 0, 0, 0, 0, 0, 0, 0, 3, 3, 3, 3, 3, 3, 3, 3, 3, 3, 3, 3, 3, 3, 3, 3, 3, 3, 3, 3, 3, 3, 3, 3, 3, 3, 3, 3, 3, 3, 3, 3, 3, 3, 3, 3], "psum": [0, 0, 0, 0, 0, 0, 0, 0, 0, 0, 0, 0, 0, 0, 0, 0, 0, 0, 0, 0, 0, 0, 0, 0, 0, 0, 0, 0, 30.0, 30.0, 30.0, 30.0, 30.0, 30.0, 30.0, 30.0, 30.0, 30.0, 30.0, 30.0, 30.0, 30.0, 30.0, 30.0, 30.0, 30.0, 30.0, 30.0, 30.0, 30.0, 30.0, 30.0, 30.0, 30.0, 30.0, 30.0, 30.0, 30.0, 30.0, 30.0, 30.0, 30.0, 30.0, 30.0], "pcnt": [0, 0, 0, 0, 0, 0, 0, 0, 0, 0, 0, 0, 0, 0, 0, 0, 0, 0, 0, 0, 0, 0, 0, 0, 0, 0, 0, 0, 3, 3, 3, 3, 3, 3, 3, 3, 3, 3, 3, 3, 3, 3, 3, 3, 3, 3, 3, 3, 3, 3, 3, 3, 3, 3, 3, 3, 3, 3, 3, 3, 3, 3, 3, 3]}}, {"type": "Feature", "geometry": {"type": "Point", "coordinates": [-105.68772, 51.98232]}, "properties": {"twp": "035-26-W2", "prov": "SK", "total": 21, "first": 1909, "cum": [0, 0, 0, 0, 0, 0, 0, 0, 0, 0, 0, 0, 0, 0, 0, 0, 0, 0, 0, 0, 0, 0, 0, 0, 0, 0, 0, 0, 1, 21, 21, 21, 21, 21, 21, 21, 21, 21, 21, 21, 21, 21, 21, 21, 21, 21, 21, 21, 21, 21, 21, 21, 21, 21, 21, 21, 21, 21, 21, 21, 21, 21, 21, 21], "psum": [0, 0, 0, 0, 0, 0, 0, 0, 0, 0, 0, 0, 0, 0, 0, 0, 0, 0, 0, 0, 0, 0, 0, 0, 0, 0, 0, 0, 8.0, 222.0, 222.0, 222.0, 222.0, 222.0, 222.0, 222.0, 222.0, 222.0, 222.0, 222.0, 222.0, 222.0, 222.0, 222.0, 222.0, 222.0, 222.0, 222.0, 222.0, 222.0, 222.0, 222.0, 222.0, 222.0, 222.0, 222.0, 222.0, 222.0, 222.0, 222.0, 222.0, 222.0, 222.0, 222.0], "pcnt": [0, 0, 0, 0, 0, 0, 0, 0, 0, 0, 0, 0, 0, 0, 0, 0, 0, 0, 0, 0, 0, 0, 0, 0, 0, 0, 0, 0, 1, 21, 21, 21, 21, 21, 21, 21, 21, 21, 21, 21, 21, 21, 21, 21, 21, 21, 21, 21, 21, 21, 21, 21, 21, 21, 21, 21, 21, 21, 21, 21, 21, 21, 21, 21]}}, {"type": "Feature", "geometry": {"type": "Point", "coordinates": [-102.25782, 51.06265]}, "properties": {"twp": "024-02-W2", "prov": "SK", "total": 11, "first": 1905, "cum": [0, 0, 0, 0, 0, 0, 0, 0, 0, 0, 0, 0, 0, 0, 0, 0, 0, 0, 0, 0, 0, 0, 0, 0, 1, 2, 2, 5, 5, 11, 11, 11, 11, 11, 11, 11, 11, 11, 11, 11, 11, 11, 11, 11, 11, 11, 11, 11, 11, 11, 11, 11, 11, 11, 11, 11, 11, 11, 11, 11, 11, 11, 11, 11], "psum": [0, 0, 0, 0, 0, 0, 0, 0, 0, 0, 0, 0, 0, 0, 0, 0, 0, 0, 0, 0, 0, 0, 0, 0, 8.0, 18.0, 18.0, 48.0, 48.0, 120.0, 120.0, 120.0, 120.0, 120.0, 120.0, 120.0, 120.0, 120.0, 120.0, 120.0, 120.0, 120.0, 120.0, 120.0, 120.0, 120.0, 120.0, 120.0, 120.0, 120.0, 120.0, 120.0, 120.0, 120.0, 120.0, 120.0, 120.0, 120.0, 120.0, 120.0, 120.0, 120.0, 120.0, 120.0], "pcnt": [0, 0, 0, 0, 0, 0, 0, 0, 0, 0, 0, 0, 0, 0, 0, 0, 0, 0, 0, 0, 0, 0, 0, 0, 1, 2, 2, 5, 5, 11, 11, 11, 11, 11, 11, 11, 11, 11, 11, 11, 11, 11, 11, 11, 11, 11, 11, 11, 11, 11, 11, 11, 11, 11, 11, 11, 11, 11, 11, 11, 11, 11, 11, 11]}}, {"type": "Feature", "geometry": {"type": "Point", "coordinates": [-103.33669, 50.77971]}, "properties": {"twp": "021-10-W2", "prov": "SK", "total": 16, "first": 1898, "cum": [0, 0, 0, 0, 0, 0, 0, 0, 0, 0, 0, 0, 0, 0, 0, 0, 0, 4, 4, 5, 9, 16, 16, 16, 16, 16, 16, 16, 16, 16, 16, 16, 16, 16, 16, 16, 16, 16, 16, 16, 16, 16, 16, 16, 16, 16, 16, 16, 16, 16, 16, 16, 16, 16, 16, 16, 16, 16, 16, 16, 16, 16, 16, 16], "psum": [0, 0, 0, 0, 0, 0, 0, 0, 0, 0, 0, 0, 0, 0, 0, 0, 0, 10.7, 10.7, 13.7, 25.5, 51.5, 51.5, 51.5, 51.5, 51.5, 51.5, 51.5, 51.5, 51.5, 51.5, 51.5, 51.5, 51.5, 51.5, 51.5, 51.5, 51.5, 51.5, 51.5, 51.5, 51.5, 51.5, 51.5, 51.5, 51.5, 51.5, 51.5, 51.5, 51.5, 51.5, 51.5, 51.5, 51.5, 51.5, 51.5, 51.5, 51.5, 51.5, 51.5, 51.5, 51.5, 51.5, 51.5], "pcnt": [0, 0, 0, 0, 0, 0, 0, 0, 0, 0, 0, 0, 0, 0, 0, 0, 0, 4, 4, 5, 9, 16, 16, 16, 16, 16, 16, 16, 16, 16, 16, 16, 16, 16, 16, 16, 16, 16, 16, 16, 16, 16, 16, 16, 16, 16, 16, 16, 16, 16, 16, 16, 16, 16, 16, 16, 16, 16, 16, 16, 16, 16, 16, 16]}}, {"type": "Feature", "geometry": {"type": "Point", "coordinates": [-104.61643, 50.58626]}, "properties": {"twp": "019-19-W2", "prov": "SK", "total": 8, "first": 1884, "cum": [0, 0, 0, 8, 8, 8, 8, 8, 8, 8, 8, 8, 8, 8, 8, 8, 8, 8, 8, 8, 8, 8, 8, 8, 8, 8, 8, 8, 8, 8, 8, 8, 8, 8, 8, 8, 8, 8, 8, 8, 8, 8, 8, 8, 8, 8, 8, 8, 8, 8, 8, 8, 8, 8, 8, 8, 8, 8, 8, 8, 8, 8, 8, 8], "psum": [0, 0, 0, 0, 0, 0, 0, 0, 0, 0, 0, 0, 0, 0, 0, 0, 0, 0, 0, 0, 0, 0, 0, 0, 0, 0, 0, 0, 0, 0, 0, 0, 0, 0, 0, 0, 0, 0, 0, 0, 0, 0, 0, 0, 0, 0, 0, 0, 0, 0, 0, 0, 0, 0, 0, 0, 0, 0, 0, 0, 0, 0, 0, 0], "pcnt": [0, 0, 0, 0, 0, 0, 0, 0, 0, 0, 0, 0, 0, 0, 0, 0, 0, 0, 0, 0, 0, 0, 0, 0, 0, 0, 0, 0, 0, 0, 0, 0, 0, 0, 0, 0, 0, 0, 0, 0, 0, 0, 0, 0, 0, 0, 0, 0, 0, 0, 0, 0, 0, 0, 0, 0, 0, 0, 0, 0, 0, 0, 0, 0]}}, {"type": "Feature", "geometry": {"type": "Point", "coordinates": [-104.31553, 50.15627]}, "properties": {"twp": "014-17-W2", "prov": "SK", "total": 12, "first": 1901, "cum": [0, 0, 0, 0, 0, 0, 0, 0, 0, 0, 0, 0, 0, 0, 0, 0, 0, 0, 0, 0, 12, 12, 12, 12, 12, 12, 12, 12, 12, 12, 12, 12, 12, 12, 12, 12, 12, 12, 12, 12, 12, 12, 12, 12, 12, 12, 12, 12, 12, 12, 12, 12, 12, 12, 12, 12, 12, 12, 12, 12, 12, 12, 12, 12], "psum": [0, 0, 0, 0, 0, 0, 0, 0, 0, 0, 0, 0, 0, 0, 0, 0, 0, 0, 0, 0, 24.0, 24.0, 24.0, 24.0, 24.0, 24.0, 24.0, 24.0, 24.0, 24.0, 24.0, 24.0, 24.0, 24.0, 24.0, 24.0, 24.0, 24.0, 24.0, 24.0, 24.0, 24.0, 24.0, 24.0, 24.0, 24.0, 24.0, 24.0, 24.0, 24.0, 24.0, 24.0, 24.0, 24.0, 24.0, 24.0, 24.0, 24.0, 24.0, 24.0, 24.0, 24.0, 24.0, 24.0], "pcnt": [0, 0, 0, 0, 0, 0, 0, 0, 0, 0, 0, 0, 0, 0, 0, 0, 0, 0, 0, 0, 12, 12, 12, 12, 12, 12, 12, 12, 12, 12, 12, 12, 12, 12, 12, 12, 12, 12, 12, 12, 12, 12, 12, 12, 12, 12, 12, 12, 12, 12, 12, 12, 12, 12, 12, 12, 12, 12, 12, 12, 12, 12, 12, 12]}}, {"type": "Feature", "geometry": {"type": "Point", "coordinates": [-109.67962, 50.06608]}, "properties": {"twp": "013-27-W3", "prov": "SK", "total": 4, "first": 1903, "cum": [0, 0, 0, 0, 0, 0, 0, 0, 0, 0, 0, 0, 0, 0, 0, 0, 0, 0, 0, 0, 0, 0, 4, 4, 4, 4, 4, 4, 4, 4, 4, 4, 4, 4, 4, 4, 4, 4, 4, 4, 4, 4, 4, 4, 4, 4, 4, 4, 4, 4, 4, 4, 4, 4, 4, 4, 4, 4, 4, 4, 4, 4, 4, 4], "psum": [0, 0, 0, 0, 0, 0, 0, 0, 0, 0, 0, 0, 0, 0, 0, 0, 0, 0, 0, 0, 0, 0, 10.0, 10.0, 10.0, 10.0, 10.0, 10.0, 10.0, 10.0, 10.0, 10.0, 10.0, 10.0, 10.0, 10.0, 10.0, 10.0, 10.0, 10.0, 10.0, 10.0, 10.0, 10.0, 10.0, 10.0, 10.0, 10.0, 10.0, 10.0, 10.0, 10.0, 10.0, 10.0, 10.0, 10.0, 10.0, 10.0, 10.0, 10.0, 10.0, 10.0, 10.0, 10.0], "pcnt": [0, 0, 0, 0, 0, 0, 0, 0, 0, 0, 0, 0, 0, 0, 0, 0, 0, 0, 0, 0, 0, 0, 4, 4, 4, 4, 4, 4, 4, 4, 4, 4, 4, 4, 4, 4, 4, 4, 4, 4, 4, 4, 4, 4, 4, 4, 4, 4, 4, 4, 4, 4, 4, 4, 4, 4, 4, 4, 4, 4, 4, 4, 4, 4]}}, {"type": "Feature", "geometry": {"type": "Point", "coordinates": [-108.86589, 50.06967]}, "properties": {"twp": "013-21-W3", "prov": "SK", "total": 2, "first": 1909, "cum": [0, 0, 0, 0, 0, 0, 0, 0, 0, 0, 0, 0, 0, 0, 0, 0, 0, 0, 0, 0, 0, 0, 0, 0, 0, 0, 0, 0, 2, 2, 2, 2, 2, 2, 2, 2, 2, 2, 2, 2, 2, 2, 2, 2, 2, 2, 2, 2, 2, 2, 2, 2, 2, 2, 2, 2, 2, 2, 2, 2, 2, 2, 2, 2], "psum": [0, 0, 0, 0, 0, 0, 0, 0, 0, 0, 0, 0, 0, 0, 0, 0, 0, 0, 0, 0, 0, 0, 0, 0, 0, 0, 0, 0, 20.0, 20.0, 20.0, 20.0, 20.0, 20.0, 20.0, 20.0, 20.0, 20.0, 20.0, 20.0, 20.0, 20.0, 20.0, 20.0, 20.0, 20.0, 20.0, 20.0, 20.0, 20.0, 20.0, 20.0, 20.0, 20.0, 20.0, 20.0, 20.0, 20.0, 20.0, 20.0, 20.0, 20.0, 20.0, 20.0], "pcnt": [0, 0, 0, 0, 0, 0, 0, 0, 0, 0, 0, 0, 0, 0, 0, 0, 0, 0, 0, 0, 0, 0, 0, 0, 0, 0, 0, 0, 2, 2, 2, 2, 2, 2, 2, 2, 2, 2, 2, 2, 2, 2, 2, 2, 2, 2, 2, 2, 2, 2, 2, 2, 2, 2, 2, 2, 2, 2, 2, 2, 2, 2, 2, 2]}}, {"type": "Feature", "geometry": {"type": "Point", "coordinates": [-104.31552, 50.06889]}, "properties": {"twp": "013-17-W2", "prov": "SK", "total": 12, "first": 1901, "cum": [0, 0, 0, 0, 0, 0, 0, 0, 0, 0, 0, 0, 0, 0, 0, 0, 0, 0, 0, 0, 12, 12, 12, 12, 12, 12, 12, 12, 12, 12, 12, 12, 12, 12, 12, 12, 12, 12, 12, 12, 12, 12, 12, 12, 12, 12, 12, 12, 12, 12, 12, 12, 12, 12, 12, 12, 12, 12, 12, 12, 12, 12, 12, 12], "psum": [0, 0, 0, 0, 0, 0, 0, 0, 0, 0, 0, 0, 0, 0, 0, 0, 0, 0, 0, 0, 24.0, 24.0, 24.0, 24.0, 24.0, 24.0, 24.0, 24.0, 24.0, 24.0, 24.0, 24.0, 24.0, 24.0, 24.0, 24.0, 24.0, 24.0, 24.0, 24.0, 24.0, 24.0, 24.0, 24.0, 24.0, 24.0, 24.0, 24.0, 24.0, 24.0, 24.0, 24.0, 24.0, 24.0, 24.0, 24.0, 24.0, 24.0, 24.0, 24.0, 24.0, 24.0, 24.0, 24.0], "pcnt": [0, 0, 0, 0, 0, 0, 0, 0, 0, 0, 0, 0, 0, 0, 0, 0, 0, 0, 0, 0, 12, 12, 12, 12, 12, 12, 12, 12, 12, 12, 12, 12, 12, 12, 12, 12, 12, 12, 12, 12, 12, 12, 12, 12, 12, 12, 12, 12, 12, 12, 12, 12, 12, 12, 12, 12, 12, 12, 12, 12, 12, 12, 12, 12]}}, {"type": "Feature", "geometry": {"type": "Point", "coordinates": [-102.22916, 49.71665]}, "properties": {"twp": "009-02-W2", "prov": "SK", "total": 13, "first": 1890, "cum": [0, 0, 0, 0, 0, 0, 0, 0, 0, 1, 1, 1, 1, 1, 1, 2, 2, 6, 6, 7, 7, 9, 12, 13, 13, 13, 13, 13, 13, 13, 13, 13, 13, 13, 13, 13, 13, 13, 13, 13, 13, 13, 13, 13, 13, 13, 13, 13, 13, 13, 13, 13, 13, 13, 13, 13, 13, 13, 13, 13, 13, 13, 13, 13], "psum": [0, 0, 0, 0, 0, 0, 0, 0, 0, 3.0, 3.0, 3.0, 3.0, 3.0, 3.0, 6.0, 6.0, 17.5, 17.5, 21.5, 21.5, 29.5, 44.5, 50.5, 50.5, 50.5, 50.5, 50.5, 50.5, 50.5, 50.5, 50.5, 50.5, 50.5, 50.5, 50.5, 50.5, 50.5, 50.5, 50.5, 50.5, 50.5, 50.5, 50.5, 50.5, 50.5, 50.5, 50.5, 50.5, 50.5, 50.5, 50.5, 50.5, 50.5, 50.5, 50.5, 50.5, 50.5, 50.5, 50.5, 50.5, 50.5, 50.5, 50.5], "pcnt": [0, 0, 0, 0, 0, 0, 0, 0, 0, 1, 1, 1, 1, 1, 1, 2, 2, 6, 6, 7, 7, 9, 12, 13, 13, 13, 13, 13, 13, 13, 13, 13, 13, 13, 13, 13, 13, 13, 13, 13, 13, 13, 13, 13, 13, 13, 13, 13, 13, 13, 13, 13, 13, 13, 13, 13, 13, 13, 13, 13, 13, 13, 13, 13]}}, {"type": "Feature", "geometry": {"type": "Point", "coordinates": [-102.65122, 49.36556]}, "properties": {"twp": "005-05-W2", "prov": "SK", "total": 9, "first": 1902, "cum": [0, 0, 0, 0, 0, 0, 0, 0, 0, 0, 0, 0, 0, 0, 0, 0, 0, 0, 0, 0, 0, 9, 9, 9, 9, 9, 9, 9, 9, 9, 9, 9, 9, 9, 9, 9, 9, 9, 9, 9, 9, 9, 9, 9, 9, 9, 9, 9, 9, 9, 9, 9, 9, 9, 9, 9, 9, 9, 9, 9, 9, 9, 9, 9], "psum": [0, 0, 0, 0, 0, 0, 0, 0, 0, 0, 0, 0, 0, 0, 0, 0, 0, 0, 0, 0, 0, 23.0, 23.0, 23.0, 23.0, 23.0, 23.0, 23.0, 23.0, 23.0, 23.0, 23.0, 23.0, 23.0, 23.0, 23.0, 23.0, 23.0, 23.0, 23.0, 23.0, 23.0, 23.0, 23.0, 23.0, 23.0, 23.0, 23.0, 23.0, 23.0, 23.0, 23.0, 23.0, 23.0, 23.0, 23.0, 23.0, 23.0, 23.0, 23.0, 23.0, 23.0, 23.0, 23.0], "pcnt": [0, 0, 0, 0, 0, 0, 0, 0, 0, 0, 0, 0, 0, 0, 0, 0, 0, 0, 0, 0, 0, 9, 9, 9, 9, 9, 9, 9, 9, 9, 9, 9, 9, 9, 9, 9, 9, 9, 9, 9, 9, 9, 9, 9, 9, 9, 9, 9, 9, 9, 9, 9, 9, 9, 9, 9, 9, 9, 9, 9, 9, 9, 9, 9]}}, {"type": "Feature", "geometry": {"type": "Point", "coordinates": [-109.63156, 53.28165]}, "properties": {"twp": "050-25-W3", "prov": "SK", "total": 1, "first": 1911, "cum": [0, 0, 0, 0, 0, 0, 0, 0, 0, 0, 0, 0, 0, 0, 0, 0, 0, 0, 0, 0, 0, 0, 0, 0, 0, 0, 0, 0, 0, 0, 1, 1, 1, 1, 1, 1, 1, 1, 1, 1, 1, 1, 1, 1, 1, 1, 1, 1, 1, 1, 1, 1, 1, 1, 1, 1, 1, 1, 1, 1, 1, 1, 1, 1], "psum": [0, 0, 0, 0, 0, 0, 0, 0, 0, 0, 0, 0, 0, 0, 0, 0, 0, 0, 0, 0, 0, 0, 0, 0, 0, 0, 0, 0, 0, 0, 20.0, 20.0, 20.0, 20.0, 20.0, 20.0, 20.0, 20.0, 20.0, 20.0, 20.0, 20.0, 20.0, 20.0, 20.0, 20.0, 20.0, 20.0, 20.0, 20.0, 20.0, 20.0, 20.0, 20.0, 20.0, 20.0, 20.0, 20.0, 20.0, 20.0, 20.0, 20.0, 20.0, 20.0], "pcnt": [0, 0, 0, 0, 0, 0, 0, 0, 0, 0, 0, 0, 0, 0, 0, 0, 0, 0, 0, 0, 0, 0, 0, 0, 0, 0, 0, 0, 0, 0, 1, 1, 1, 1, 1, 1, 1, 1, 1, 1, 1, 1, 1, 1, 1, 1, 1, 1, 1, 1, 1, 1, 1, 1, 1, 1, 1, 1, 1, 1, 1, 1, 1, 1]}}, {"type": "Feature", "geometry": {"type": "Point", "coordinates": [-108.58844, 53.3071]}, "properties": {"twp": "050-18-W3", "prov": "SK", "total": 2, "first": 1906, "cum": [0, 0, 0, 0, 0, 0, 0, 0, 0, 0, 0, 0, 0, 0, 0, 0, 0, 0, 0, 0, 0, 0, 0, 0, 0, 1, 1, 1, 1, 1, 2, 2, 2, 2, 2, 2, 2, 2, 2, 2, 2, 2, 2, 2, 2, 2, 2, 2, 2, 2, 2, 2, 2, 2, 2, 2, 2, 2, 2, 2, 2, 2, 2, 2], "psum": [0, 0, 0, 0, 0, 0, 0, 0, 0, 0, 0, 0, 0, 0, 0, 0, 0, 0, 0, 0, 0, 0, 0, 0, 0, 8.0, 8.0, 8.0, 8.0, 8.0, 23.0, 23.0, 23.0, 23.0, 23.0, 23.0, 23.0, 23.0, 23.0, 23.0, 23.0, 23.0, 23.0, 23.0, 23.0, 23.0, 23.0, 23.0, 23.0, 23.0, 23.0, 23.0, 23.0, 23.0, 23.0, 23.0, 23.0, 23.0, 23.0, 23.0, 23.0, 23.0, 23.0, 23.0], "pcnt": [0, 0, 0, 0, 0, 0, 0, 0, 0, 0, 0, 0, 0, 0, 0, 0, 0, 0, 0, 0, 0, 0, 0, 0, 0, 1, 1, 1, 1, 1, 2, 2, 2, 2, 2, 2, 2, 2, 2, 2, 2, 2, 2, 2, 2, 2, 2, 2, 2, 2, 2, 2, 2, 2, 2, 2, 2, 2, 2, 2, 2, 2, 2, 2]}}, {"type": "Feature", "geometry": {"type": "Point", "coordinates": [-108.00537, 52.8512]}, "properties": {"twp": "045-14-W3", "prov": "SK", "total": 4, "first": 1910, "cum": [0, 0, 0, 0, 0, 0, 0, 0, 0, 0, 0, 0, 0, 0, 0, 0, 0, 0, 0, 0, 0, 0, 0, 0, 0, 0, 0, 0, 0, 1, 4, 4, 4, 4, 4, 4, 4, 4, 4, 4, 4, 4, 4, 4, 4, 4, 4, 4, 4, 4, 4, 4, 4, 4, 4, 4, 4, 4, 4, 4, 4, 4, 4, 4], "psum": [0, 0, 0, 0, 0, 0, 0, 0, 0, 0, 0, 0, 0, 0, 0, 0, 0, 0, 0, 0, 0, 0, 0, 0, 0, 0, 0, 0, 0, 10.0, 34.0, 34.0, 34.0, 34.0, 34.0, 34.0, 34.0, 34.0, 34.0, 34.0, 34.0, 34.0, 34.0, 34.0, 34.0, 34.0, 34.0, 34.0, 34.0, 34.0, 34.0, 34.0, 34.0, 34.0, 34.0, 34.0, 34.0, 34.0, 34.0, 34.0, 34.0, 34.0, 34.0, 34.0], "pcnt": [0, 0, 0, 0, 0, 0, 0, 0, 0, 0, 0, 0, 0, 0, 0, 0, 0, 0, 0, 0, 0, 0, 0, 0, 0, 0, 0, 0, 0, 1, 4, 4, 4, 4, 4, 4, 4, 4, 4, 4, 4, 4, 4, 4, 4, 4, 4, 4, 4, 4, 4, 4, 4, 4, 4, 4, 4, 4, 4, 4, 4, 4, 4, 4]}}, {"type": "Feature", "geometry": {"type": "Point", "coordinates": [-106.50983, 51.97832]}, "properties": {"twp": "035-04-W3", "prov": "SK", "total": 34, "first": 1902, "cum": [0, 0, 0, 0, 0, 0, 0, 0, 0, 0, 0, 0, 0, 0, 0, 0, 0, 0, 0, 0, 0, 16, 16, 16, 16, 16, 16, 16, 16, 34, 34, 34, 34, 34, 34, 34, 34, 34, 34, 34, 34, 34, 34, 34, 34, 34, 34, 34, 34, 34, 34, 34, 34, 34, 34, 34, 34, 34, 34, 34, 34, 34, 34, 34], "psum": [0, 0, 0, 0, 0, 0, 0, 0, 0, 0, 0, 0, 0, 0, 0, 0, 0, 0, 0, 0, 0, 56.0, 56.0, 56.0, 56.0, 56.0, 56.0, 56.0, 56.0, 261.0, 261.0, 261.0, 261.0, 261.0, 261.0, 261.0, 261.0, 261.0, 261.0, 261.0, 261.0, 261.0, 261.0, 261.0, 261.0, 261.0, 261.0, 261.0, 261.0, 261.0, 261.0, 261.0, 261.0, 261.0, 261.0, 261.0, 261.0, 261.0, 261.0, 261.0, 261.0, 261.0, 261.0, 261.0], "pcnt": [0, 0, 0, 0, 0, 0, 0, 0, 0, 0, 0, 0, 0, 0, 0, 0, 0, 0, 0, 0, 0, 16, 16, 16, 16, 16, 16, 16, 16, 34, 34, 34, 34, 34, 34, 34, 34, 34, 34, 34, 34, 34, 34, 34, 34, 34, 34, 34, 34, 34, 34, 34, 34, 34, 34, 34, 34, 34, 34, 34, 34, 34, 34, 34]}}, {"type": "Feature", "geometry": {"type": "Point", "coordinates": [-103.37753, 51.12816]}, "properties": {"twp": "025-10-W2", "prov": "SK", "total": 3, "first": 1907, "cum": [0, 0, 0, 0, 0, 0, 0, 0, 0, 0, 0, 0, 0, 0, 0, 0, 0, 0, 0, 0, 0, 0, 0, 0, 0, 0, 3, 3, 3, 3, 3, 3, 3, 3, 3, 3, 3, 3, 3, 3, 3, 3, 3, 3, 3, 3, 3, 3, 3, 3, 3, 3, 3, 3, 3, 3, 3, 3, 3, 3, 3, 3, 3, 3], "psum": [0, 0, 0, 0, 0, 0, 0, 0, 0, 0, 0, 0, 0, 0, 0, 0, 0, 0, 0, 0, 0, 0, 0, 0, 0, 0, 45.0, 45.0, 45.0, 45.0, 45.0, 45.0, 45.0, 45.0, 45.0, 45.0, 45.0, 45.0, 45.0, 45.0, 45.0, 45.0, 45.0, 45.0, 45.0, 45.0, 45.0, 45.0, 45.0, 45.0, 45.0, 45.0, 45.0, 45.0, 45.0, 45.0, 45.0, 45.0, 45.0, 45.0, 45.0, 45.0, 45.0, 45.0], "pcnt": [0, 0, 0, 0, 0, 0, 0, 0, 0, 0, 0, 0, 0, 0, 0, 0, 0, 0, 0, 0, 0, 0, 0, 0, 0, 0, 3, 3, 3, 3, 3, 3, 3, 3, 3, 3, 3, 3, 3, 3, 3, 3, 3, 3, 3, 3, 3, 3, 3, 3, 3, 3, 3, 3, 3, 3, 3, 3, 3, 3, 3, 3, 3, 3]}}, {"type": "Feature", "geometry": {"type": "Point", "coordinates": [-104.96777, 50.75221]}, "properties": {"twp": "021-22-W2", "prov": "SK", "total": 14, "first": 1904, "cum": [0, 0, 0, 0, 0, 0, 0, 0, 0, 0, 0, 0, 0, 0, 0, 0, 0, 0, 0, 0, 0, 0, 0, 1, 9, 13, 13, 13, 13, 13, 14, 14, 14, 14, 14, 14, 14, 14, 14, 14, 14, 14, 14, 14, 14, 14, 14, 14, 14, 14, 14, 14, 14, 14, 14, 14, 14, 14, 14, 14, 14, 14, 14, 14], "psum": [0, 0, 0, 0, 0, 0, 0, 0, 0, 0, 0, 0, 0, 0, 0, 0, 0, 0, 0, 0, 0, 0, 0, 5.0, 45.6, 69.6, 69.6, 69.6, 69.6, 69.6, 84.6, 84.6, 84.6, 84.6, 84.6, 84.6, 84.6, 84.6, 84.6, 84.6, 84.6, 84.6, 84.6, 84.6, 84.6, 84.6, 84.6, 84.6, 84.6, 84.6, 84.6, 84.6, 84.6, 84.6, 84.6, 84.6, 84.6, 84.6, 84.6, 84.6, 84.6, 84.6, 84.6, 84.6], "pcnt": [0, 0, 0, 0, 0, 0, 0, 0, 0, 0, 0, 0, 0, 0, 0, 0, 0, 0, 0, 0, 0, 0, 0, 1, 9, 13, 13, 13, 13, 13, 14, 14, 14, 14, 14, 14, 14, 14, 14, 14, 14, 14, 14, 14, 14, 14, 14, 14, 14, 14, 14, 14, 14, 14, 14, 14, 14, 14, 14, 14, 14, 14, 14, 14]}}, {"type": "Feature", "geometry": {"type": "Point", "coordinates": [-103.04325, 50.77485]}, "properties": {"twp": "021-08-W2", "prov": "SK", "total": 9, "first": 1902, "cum": [0, 0, 0, 0, 0, 0, 0, 0, 0, 0, 0, 0, 0, 0, 0, 0, 0, 0, 0, 0, 0, 3, 6, 6, 6, 6, 8, 9, 9, 9, 9, 9, 9, 9, 9, 9, 9, 9, 9, 9, 9, 9, 9, 9, 9, 9, 9, 9, 9, 9, 9, 9, 9, 9, 9, 9, 9, 9, 9, 9, 9, 9, 9, 9], "psum": [0, 0, 0, 0, 0, 0, 0, 0, 0, 0, 0, 0, 0, 0, 0, 0, 0, 0, 0, 0, 0, 12.0, 30.0, 30.0, 30.0, 30.0, 50.0, 60.0, 60.0, 60.0, 60.0, 60.0, 60.0, 60.0, 60.0, 60.0, 60.0, 60.0, 60.0, 60.0, 60.0, 60.0, 60.0, 60.0, 60.0, 60.0, 60.0, 60.0, 60.0, 60.0, 60.0, 60.0, 60.0, 60.0, 60.0, 60.0, 60.0, 60.0, 60.0, 60.0, 60.0, 60.0, 60.0, 60.0], "pcnt": [0, 0, 0, 0, 0, 0, 0, 0, 0, 0, 0, 0, 0, 0, 0, 0, 0, 0, 0, 0, 0, 3, 6, 6, 6, 6, 8, 9, 9, 9, 9, 9, 9, 9, 9, 9, 9, 9, 9, 9, 9, 9, 9, 9, 9, 9, 9, 9, 9, 9, 9, 9, 9, 9, 9, 9, 9, 9, 9, 9, 9, 9, 9, 9]}}, {"type": "Feature", "geometry": {"type": "Point", "coordinates": [-104.00458, 50.66618]}, "properties": {"twp": "020-15-W2", "prov": "SK", "total": 12, "first": 1882, "cum": [0, 12, 12, 12, 12, 12, 12, 12, 12, 12, 12, 12, 12, 12, 12, 12, 12, 12, 12, 12, 12, 12, 12, 12, 12, 12, 12, 12, 12, 12, 12, 12, 12, 12, 12, 12, 12, 12, 12, 12, 12, 12, 12, 12, 12, 12, 12, 12, 12, 12, 12, 12, 12, 12, 12, 12, 12, 12, 12, 12, 12, 12, 12, 12], "psum": [0, 30.0, 30.0, 30.0, 30.0, 30.0, 30.0, 30.0, 30.0, 30.0, 30.0, 30.0, 30.0, 30.0, 30.0, 30.0, 30.0, 30.0, 30.0, 30.0, 30.0, 30.0, 30.0, 30.0, 30.0, 30.0, 30.0, 30.0, 30.0, 30.0, 30.0, 30.0, 30.0, 30.0, 30.0, 30.0, 30.0, 30.0, 30.0, 30.0, 30.0, 30.0, 30.0, 30.0, 30.0, 30.0, 30.0, 30.0, 30.0, 30.0, 30.0, 30.0, 30.0, 30.0, 30.0, 30.0, 30.0, 30.0, 30.0, 30.0, 30.0, 30.0, 30.0, 30.0], "pcnt": [0, 12, 12, 12, 12, 12, 12, 12, 12, 12, 12, 12, 12, 12, 12, 12, 12, 12, 12, 12, 12, 12, 12, 12, 12, 12, 12, 12, 12, 12, 12, 12, 12, 12, 12, 12, 12, 12, 12, 12, 12, 12, 12, 12, 12, 12, 12, 12, 12, 12, 12, 12, 12, 12, 12, 12, 12, 12, 12, 12, 12, 12, 12, 12]}}, {"type": "Feature", "geometry": {"type": "Point", "coordinates": [-104.43524, 50.49065]}, "properties": {"twp": "018-18-W2", "prov": "SK", "total": 11, "first": 1883, "cum": [0, 0, 5, 5, 5, 5, 5, 5, 5, 5, 5, 5, 5, 5, 5, 5, 5, 5, 5, 5, 5, 5, 5, 5, 6, 8, 8, 8, 9, 10, 11, 11, 11, 11, 11, 11, 11, 11, 11, 11, 11, 11, 11, 11, 11, 11, 11, 11, 11, 11, 11, 11, 11, 11, 11, 11, 11, 11, 11, 11, 11, 11, 11, 11], "psum": [0, 0, 20.0, 20.0, 20.0, 20.0, 20.0, 20.0, 20.0, 20.0, 20.0, 20.0, 20.0, 20.0, 20.0, 20.0, 20.0, 20.0, 20.0, 20.0, 20.0, 20.0, 20.0, 20.0, 26.0, 46.0, 46.0, 46.0, 56.0, 74.0, 89.0, 89.0, 89.0, 89.0, 89.0, 89.0, 89.0, 89.0, 89.0, 89.0, 89.0, 89.0, 89.0, 89.0, 89.0, 89.0, 89.0, 89.0, 89.0, 89.0, 89.0, 89.0, 89.0, 89.0, 89.0, 89.0, 89.0, 89.0, 89.0, 89.0, 89.0, 89.0, 89.0, 89.0], "pcnt": [0, 0, 5, 5, 5, 5, 5, 5, 5, 5, 5, 5, 5, 5, 5, 5, 5, 5, 5, 5, 5, 5, 5, 5, 6, 8, 8, 8, 9, 10, 11, 11, 11, 11, 11, 11, 11, 11, 11, 11, 11, 11, 11, 11, 11, 11, 11, 11, 11, 11, 11, 11, 11, 11, 11, 11, 11, 11, 11, 11, 11, 11, 11, 11]}}, {"type": "Feature", "geometry": {"type": "Point", "coordinates": [-102.7959, 50.40473]}, "properties": {"twp": "017-06-W2", "prov": "SK", "total": 7, "first": 1898, "cum": [0, 0, 0, 0, 0, 0, 0, 0, 0, 0, 0, 0, 0, 0, 0, 0, 0, 1, 1, 1, 1, 3, 3, 3, 3, 6, 6, 6, 6, 7, 7, 7, 7, 7, 7, 7, 7, 7, 7, 7, 7, 7, 7, 7, 7, 7, 7, 7, 7, 7, 7, 7, 7, 7, 7, 7, 7, 7, 7, 7, 7, 7, 7, 7], "psum": [0, 0, 0, 0, 0, 0, 0, 0, 0, 0, 0, 0, 0, 0, 0, 0, 0, 3.0, 3.0, 3.0, 3.0, 13.0, 13.0, 13.0, 13.0, 41.0, 41.0, 41.0, 41.0, 53.0, 53.0, 53.0, 53.0, 53.0, 53.0, 53.0, 53.0, 53.0, 53.0, 53.0, 53.0, 53.0, 53.0, 53.0, 53.0, 53.0, 53.0, 53.0, 53.0, 53.0, 53.0, 53.0, 53.0, 53.0, 53.0, 53.0, 53.0, 53.0, 53.0, 53.0, 53.0, 53.0, 53.0, 53.0], "pcnt": [0, 0, 0, 0, 0, 0, 0, 0, 0, 0, 0, 0, 0, 0, 0, 0, 0, 1, 1, 1, 1, 3, 3, 3, 3, 6, 6, 6, 6, 7, 7, 7, 7, 7, 7, 7, 7, 7, 7, 7, 7, 7, 7, 7, 7, 7, 7, 7, 7, 7, 7, 7, 7, 7, 7, 7, 7, 7, 7, 7, 7, 7, 7, 7]}}, {"type": "Feature", "geometry": {"type": "Point", "coordinates": [-108.93653, 50.06025]}, "properties": {"twp": "013-22-W3", "prov": "SK", "total": 5, "first": 1902, "cum": [0, 0, 0, 0, 0, 0, 0, 0, 0, 0, 0, 0, 0, 0, 0, 0, 0, 0, 0, 0, 0, 2, 2, 2, 2, 2, 2, 2, 4, 5, 5, 5, 5, 5, 5, 5, 5, 5, 5, 5, 5, 5, 5, 5, 5, 5, 5, 5, 5, 5, 5, 5, 5, 5, 5, 5, 5, 5, 5, 5, 5, 5, 5, 5], "psum": [0, 0, 0, 0, 0, 0, 0, 0, 0, 0, 0, 0, 0, 0, 0, 0, 0, 0, 0, 0, 0, 7.0, 7.0, 7.0, 7.0, 7.0, 7.0, 7.0, 27.0, 35.0, 35.0, 35.0, 35.0, 35.0, 35.0, 35.0, 35.0, 35.0, 35.0, 35.0, 35.0, 35.0, 35.0, 35.0, 35.0, 35.0, 35.0, 35.0, 35.0, 35.0, 35.0, 35.0, 35.0, 35.0, 35.0, 35.0, 35.0, 35.0, 35.0, 35.0, 35.0, 35.0, 35.0, 35.0], "pcnt": [0, 0, 0, 0, 0, 0, 0, 0, 0, 0, 0, 0, 0, 0, 0, 0, 0, 0, 0, 0, 0, 2, 2, 2, 2, 2, 2, 2, 4, 5, 5, 5, 5, 5, 5, 5, 5, 5, 5, 5, 5, 5, 5, 5, 5, 5, 5, 5, 5, 5, 5, 5, 5, 5, 5, 5, 5, 5, 5, 5, 5, 5, 5, 5]}}, {"type": "Feature", "geometry": {"type": "Point", "coordinates": [-109.79907, 49.89287]}, "properties": {"twp": "011-28-W3", "prov": "SK", "total": 15, "first": 1902, "cum": [0, 0, 0, 0, 0, 0, 0, 0, 0, 0, 0, 0, 0, 0, 0, 0, 0, 0, 0, 0, 0, 9, 12, 12, 12, 12, 12, 12, 15, 15, 15, 15, 15, 15, 15, 15, 15, 15, 15, 15, 15, 15, 15, 15, 15, 15, 15, 15, 15, 15, 15, 15, 15, 15, 15, 15, 15, 15, 15, 15, 15, 15, 15, 15], "psum": [0, 0, 0, 0, 0, 0, 0, 0, 0, 0, 0, 0, 0, 0, 0, 0, 0, 0, 0, 0, 0, 28.5, 40.5, 40.5, 40.5, 40.5, 40.5, 40.5, 64.5, 64.5, 64.5, 64.5, 64.5, 64.5, 64.5, 64.5, 64.5, 64.5, 64.5, 64.5, 64.5, 64.5, 64.5, 64.5, 64.5, 64.5, 64.5, 64.5, 64.5, 64.5, 64.5, 64.5, 64.5, 64.5, 64.5, 64.5, 64.5, 64.5, 64.5, 64.5, 64.5, 64.5, 64.5, 64.5], "pcnt": [0, 0, 0, 0, 0, 0, 0, 0, 0, 0, 0, 0, 0, 0, 0, 0, 0, 0, 0, 0, 0, 9, 12, 12, 12, 12, 12, 12, 15, 15, 15, 15, 15, 15, 15, 15, 15, 15, 15, 15, 15, 15, 15, 15, 15, 15, 15, 15, 15, 15, 15, 15, 15, 15, 15, 15, 15, 15, 15, 15, 15, 15, 15, 15]}}, {"type": "Feature", "geometry": {"type": "Point", "coordinates": [-102.35337, 49.35874]}, "properties": {"twp": "005-03-W2", "prov": "SK", "total": 16, "first": 1901, "cum": [0, 0, 0, 0, 0, 0, 0, 0, 0, 0, 0, 0, 0, 0, 0, 0, 0, 0, 0, 0, 8, 16, 16, 16, 16, 16, 16, 16, 16, 16, 16, 16, 16, 16, 16, 16, 16, 16, 16, 16, 16, 16, 16, 16, 16, 16, 16, 16, 16, 16, 16, 16, 16, 16, 16, 16, 16, 16, 16, 16, 16, 16, 16, 16], "psum": [0, 0, 0, 0, 0, 0, 0, 0, 0, 0, 0, 0, 0, 0, 0, 0, 0, 0, 0, 0, 27.0, 59.0, 59.0, 59.0, 59.0, 59.0, 59.0, 59.0, 59.0, 59.0, 59.0, 59.0, 59.0, 59.0, 59.0, 59.0, 59.0, 59.0, 59.0, 59.0, 59.0, 59.0, 59.0, 59.0, 59.0, 59.0, 59.0, 59.0, 59.0, 59.0, 59.0, 59.0, 59.0, 59.0, 59.0, 59.0, 59.0, 59.0, 59.0, 59.0, 59.0, 59.0, 59.0, 59.0], "pcnt": [0, 0, 0, 0, 0, 0, 0, 0, 0, 0, 0, 0, 0, 0, 0, 0, 0, 0, 0, 0, 8, 16, 16, 16, 16, 16, 16, 16, 16, 16, 16, 16, 16, 16, 16, 16, 16, 16, 16, 16, 16, 16, 16, 16, 16, 16, 16, 16, 16, 16, 16, 16, 16, 16, 16, 16, 16, 16, 16, 16, 16, 16, 16, 16]}}, {"type": "Feature", "geometry": {"type": "Point", "coordinates": [-104.74033, 50.92476]}, "properties": {"twp": "023-20-W2", "prov": "SK", "total": 4, "first": 1906, "cum": [0, 0, 0, 0, 0, 0, 0, 0, 0, 0, 0, 0, 0, 0, 0, 0, 0, 0, 0, 0, 0, 0, 0, 0, 0, 4, 4, 4, 4, 4, 4, 4, 4, 4, 4, 4, 4, 4, 4, 4, 4, 4, 4, 4, 4, 4, 4, 4, 4, 4, 4, 4, 4, 4, 4, 4, 4, 4, 4, 4, 4, 4, 4, 4], "psum": [0, 0, 0, 0, 0, 0, 0, 0, 0, 0, 0, 0, 0, 0, 0, 0, 0, 0, 0, 0, 0, 0, 0, 0, 0, 40.0, 40.0, 40.0, 40.0, 40.0, 40.0, 40.0, 40.0, 40.0, 40.0, 40.0, 40.0, 40.0, 40.0, 40.0, 40.0, 40.0, 40.0, 40.0, 40.0, 40.0, 40.0, 40.0, 40.0, 40.0, 40.0, 40.0, 40.0, 40.0, 40.0, 40.0, 40.0, 40.0, 40.0, 40.0, 40.0, 40.0, 40.0, 40.0], "pcnt": [0, 0, 0, 0, 0, 0, 0, 0, 0, 0, 0, 0, 0, 0, 0, 0, 0, 0, 0, 0, 0, 0, 0, 0, 0, 4, 4, 4, 4, 4, 4, 4, 4, 4, 4, 4, 4, 4, 4, 4, 4, 4, 4, 4, 4, 4, 4, 4, 4, 4, 4, 4, 4, 4, 4, 4, 4, 4, 4, 4, 4, 4, 4, 4]}}, {"type": "Feature", "geometry": {"type": "Point", "coordinates": [-109.45858, 53.46103]}, "properties": {"twp": "052-24-W3", "prov": "SK", "total": 4, "first": 1910, "cum": [0, 0, 0, 0, 0, 0, 0, 0, 0, 0, 0, 0, 0, 0, 0, 0, 0, 0, 0, 0, 0, 0, 0, 0, 0, 0, 0, 0, 0, 2, 4, 4, 4, 4, 4, 4, 4, 4, 4, 4, 4, 4, 4, 4, 4, 4, 4, 4, 4, 4, 4, 4, 4, 4, 4, 4, 4, 4, 4, 4, 4, 4, 4, 4], "psum": [0, 0, 0, 0, 0, 0, 0, 0, 0, 0, 0, 0, 0, 0, 0, 0, 0, 0, 0, 0, 0, 0, 0, 0, 0, 0, 0, 0, 0, 20.0, 40.0, 40.0, 40.0, 40.0, 40.0, 40.0, 40.0, 40.0, 40.0, 40.0, 40.0, 40.0, 40.0, 40.0, 40.0, 40.0, 40.0, 40.0, 40.0, 40.0, 40.0, 40.0, 40.0, 40.0, 40.0, 40.0, 40.0, 40.0, 40.0, 40.0, 40.0, 40.0, 40.0, 40.0], "pcnt": [0, 0, 0, 0, 0, 0, 0, 0, 0, 0, 0, 0, 0, 0, 0, 0, 0, 0, 0, 0, 0, 0, 0, 0, 0, 0, 0, 0, 0, 2, 4, 4, 4, 4, 4, 4, 4, 4, 4, 4, 4, 4, 4, 4, 4, 4, 4, 4, 4, 4, 4, 4, 4, 4, 4, 4, 4, 4, 4, 4, 4, 4, 4, 4]}}, {"type": "Feature", "geometry": {"type": "Point", "coordinates": [-109.23269, 52.69674]}, "properties": {"twp": "043-23-W3", "prov": "SK", "total": 12, "first": 1907, "cum": [0, 0, 0, 0, 0, 0, 0, 0, 0, 0, 0, 0, 0, 0, 0, 0, 0, 0, 0, 0, 0, 0, 0, 0, 0, 0, 4, 4, 4, 4, 12, 12, 12, 12, 12, 12, 12, 12, 12, 12, 12, 12, 12, 12, 12, 12, 12, 12, 12, 12, 12, 12, 12, 12, 12, 12, 12, 12, 12, 12, 12, 12, 12, 12], "psum": [0, 0, 0, 0, 0, 0, 0, 0, 0, 0, 0, 0, 0, 0, 0, 0, 0, 0, 0, 0, 0, 0, 0, 0, 0, 0, 40.0, 40.0, 40.0, 40.0, 152.0, 152.0, 152.0, 152.0, 152.0, 152.0, 152.0, 152.0, 152.0, 152.0, 152.0, 152.0, 152.0, 152.0, 152.0, 152.0, 152.0, 152.0, 152.0, 152.0, 152.0, 152.0, 152.0, 152.0, 152.0, 152.0, 152.0, 152.0, 152.0, 152.0, 152.0, 152.0, 152.0, 152.0], "pcnt": [0, 0, 0, 0, 0, 0, 0, 0, 0, 0, 0, 0, 0, 0, 0, 0, 0, 0, 0, 0, 0, 0, 0, 0, 0, 0, 4, 4, 4, 4, 12, 12, 12, 12, 12, 12, 12, 12, 12, 12, 12, 12, 12, 12, 12, 12, 12, 12, 12, 12, 12, 12, 12, 12, 12, 12, 12, 12, 12, 12, 12, 12, 12, 12]}}, {"type": "Feature", "geometry": {"type": "Point", "coordinates": [-107.34936, 52.35272]}, "properties": {"twp": "039-10-W3", "prov": "SK", "total": 29, "first": 1902, "cum": [0, 0, 0, 0, 0, 0, 0, 0, 0, 0, 0, 0, 0, 0, 0, 0, 0, 0, 0, 0, 0, 17, 18, 18, 24, 24, 25, 25, 25, 27, 29, 29, 29, 29, 29, 29, 29, 29, 29, 29, 29, 29, 29, 29, 29, 29, 29, 29, 29, 29, 29, 29, 29, 29, 29, 29, 29, 29, 29, 29, 29, 29, 29, 29], "psum": [0, 0, 0, 0, 0, 0, 0, 0, 0, 0, 0, 0, 0, 0, 0, 0, 0, 0, 0, 0, 0, 59.5, 64.5, 64.5, 100.5, 100.5, 115.5, 115.5, 115.5, 136.6, 170.6, 170.6, 170.6, 170.6, 170.6, 170.6, 170.6, 170.6, 170.6, 170.6, 170.6, 170.6, 170.6, 170.6, 170.6, 170.6, 170.6, 170.6, 170.6, 170.6, 170.6, 170.6, 170.6, 170.6, 170.6, 170.6, 170.6, 170.6, 170.6, 170.6, 170.6, 170.6, 170.6, 170.6], "pcnt": [0, 0, 0, 0, 0, 0, 0, 0, 0, 0, 0, 0, 0, 0, 0, 0, 0, 0, 0, 0, 0, 17, 18, 18, 24, 24, 25, 25, 25, 27, 29, 29, 29, 29, 29, 29, 29, 29, 29, 29, 29, 29, 29, 29, 29, 29, 29, 29, 29, 29, 29, 29, 29, 29, 29, 29, 29, 29, 29, 29, 29, 29, 29, 29]}}, {"type": "Feature", "geometry": {"type": "Point", "coordinates": [-102.34847, 51.57121]}, "properties": {"twp": "030-03-W2", "prov": "SK", "total": 16, "first": 1902, "cum": [0, 0, 0, 0, 0, 0, 0, 0, 0, 0, 0, 0, 0, 0, 0, 0, 0, 0, 0, 0, 0, 16, 16, 16, 16, 16, 16, 16, 16, 16, 16, 16, 16, 16, 16, 16, 16, 16, 16, 16, 16, 16, 16, 16, 16, 16, 16, 16, 16, 16, 16, 16, 16, 16, 16, 16, 16, 16, 16, 16, 16, 16, 16, 16], "psum": [0, 0, 0, 0, 0, 0, 0, 0, 0, 0, 0, 0, 0, 0, 0, 0, 0, 0, 0, 0, 0, 96.0, 96.0, 96.0, 96.0, 96.0, 96.0, 96.0, 96.0, 96.0, 96.0, 96.0, 96.0, 96.0, 96.0, 96.0, 96.0, 96.0, 96.0, 96.0, 96.0, 96.0, 96.0, 96.0, 96.0, 96.0, 96.0, 96.0, 96.0, 96.0, 96.0, 96.0, 96.0, 96.0, 96.0, 96.0, 96.0, 96.0, 96.0, 96.0, 96.0, 96.0, 96.0, 96.0], "pcnt": [0, 0, 0, 0, 0, 0, 0, 0, 0, 0, 0, 0, 0, 0, 0, 0, 0, 0, 0, 0, 0, 16, 16, 16, 16, 16, 16, 16, 16, 16, 16, 16, 16, 16, 16, 16, 16, 16, 16, 16, 16, 16, 16, 16, 16, 16, 16, 16, 16, 16, 16, 16, 16, 16, 16, 16, 16, 16, 16, 16, 16, 16, 16, 16]}}, {"type": "Feature", "geometry": {"type": "Point", "coordinates": [-103.48582, 51.30237]}, "properties": {"twp": "027-11-W2", "prov": "SK", "total": 2, "first": 1910, "cum": [0, 0, 0, 0, 0, 0, 0, 0, 0, 0, 0, 0, 0, 0, 0, 0, 0, 0, 0, 0, 0, 0, 0, 0, 0, 0, 0, 0, 0, 2, 2, 2, 2, 2, 2, 2, 2, 2, 2, 2, 2, 2, 2, 2, 2, 2, 2, 2, 2, 2, 2, 2, 2, 2, 2, 2, 2, 2, 2, 2, 2, 2, 2, 2], "psum": [0, 0, 0, 0, 0, 0, 0, 0, 0, 0, 0, 0, 0, 0, 0, 0, 0, 0, 0, 0, 0, 0, 0, 0, 0, 0, 0, 0, 0, 28.0, 28.0, 28.0, 28.0, 28.0, 28.0, 28.0, 28.0, 28.0, 28.0, 28.0, 28.0, 28.0, 28.0, 28.0, 28.0, 28.0, 28.0, 28.0, 28.0, 28.0, 28.0, 28.0, 28.0, 28.0, 28.0, 28.0, 28.0, 28.0, 28.0, 28.0, 28.0, 28.0, 28.0, 28.0], "pcnt": [0, 0, 0, 0, 0, 0, 0, 0, 0, 0, 0, 0, 0, 0, 0, 0, 0, 0, 0, 0, 0, 0, 0, 0, 0, 0, 0, 0, 0, 2, 2, 2, 2, 2, 2, 2, 2, 2, 2, 2, 2, 2, 2, 2, 2, 2, 2, 2, 2, 2, 2, 2, 2, 2, 2, 2, 2, 2, 2, 2, 2, 2, 2, 2]}}, {"type": "Feature", "geometry": {"type": "Point", "coordinates": [-101.5842, 51.22181]}, "properties": {"twp": "026-30-W1", "prov": "SK", "total": 11, "first": 1905, "cum": [0, 0, 0, 0, 0, 0, 0, 0, 0, 0, 0, 0, 0, 0, 0, 0, 0, 0, 0, 0, 0, 0, 0, 0, 10, 11, 11, 11, 11, 11, 11, 11, 11, 11, 11, 11, 11, 11, 11, 11, 11, 11, 11, 11, 11, 11, 11, 11, 11, 11, 11, 11, 11, 11, 11, 11, 11, 11, 11, 11, 11, 11, 11, 11], "psum": [0, 0, 0, 0, 0, 0, 0, 0, 0, 0, 0, 0, 0, 0, 0, 0, 0, 0, 0, 0, 0, 0, 0, 0, 70.0, 78.0, 78.0, 78.0, 78.0, 78.0, 78.0, 78.0, 78.0, 78.0, 78.0, 78.0, 78.0, 78.0, 78.0, 78.0, 78.0, 78.0, 78.0, 78.0, 78.0, 78.0, 78.0, 78.0, 78.0, 78.0, 78.0, 78.0, 78.0, 78.0, 78.0, 78.0, 78.0, 78.0, 78.0, 78.0, 78.0, 78.0, 78.0, 78.0], "pcnt": [0, 0, 0, 0, 0, 0, 0, 0, 0, 0, 0, 0, 0, 0, 0, 0, 0, 0, 0, 0, 0, 0, 0, 0, 10, 11, 11, 11, 11, 11, 11, 11, 11, 11, 11, 11, 11, 11, 11, 11, 11, 11, 11, 11, 11, 11, 11, 11, 11, 11, 11, 11, 11, 11, 11, 11, 11, 11, 11, 11, 11, 11, 11, 11]}}, {"type": "Feature", "geometry": {"type": "Point", "coordinates": [-104.28346, 50.8375]}, "properties": {"twp": "022-17-W2", "prov": "SK", "total": 3, "first": 1882, "cum": [0, 1, 1, 1, 1, 1, 1, 1, 1, 1, 1, 1, 1, 1, 1, 1, 1, 1, 1, 3, 3, 3, 3, 3, 3, 3, 3, 3, 3, 3, 3, 3, 3, 3, 3, 3, 3, 3, 3, 3, 3, 3, 3, 3, 3, 3, 3, 3, 3, 3, 3, 3, 3, 3, 3, 3, 3, 3, 3, 3, 3, 3, 3, 3], "psum": [0, 2.5, 2.5, 2.5, 2.5, 2.5, 2.5, 2.5, 2.5, 2.5, 2.5, 2.5, 2.5, 2.5, 2.5, 2.5, 2.5, 2.5, 2.5, 8.5, 8.5, 8.5, 8.5, 8.5, 8.5, 8.5, 8.5, 8.5, 8.5, 8.5, 8.5, 8.5, 8.5, 8.5, 8.5, 8.5, 8.5, 8.5, 8.5, 8.5, 8.5, 8.5, 8.5, 8.5, 8.5, 8.5, 8.5, 8.5, 8.5, 8.5, 8.5, 8.5, 8.5, 8.5, 8.5, 8.5, 8.5, 8.5, 8.5, 8.5, 8.5, 8.5, 8.5, 8.5], "pcnt": [0, 1, 1, 1, 1, 1, 1, 1, 1, 1, 1, 1, 1, 1, 1, 1, 1, 1, 1, 3, 3, 3, 3, 3, 3, 3, 3, 3, 3, 3, 3, 3, 3, 3, 3, 3, 3, 3, 3, 3, 3, 3, 3, 3, 3, 3, 3, 3, 3, 3, 3, 3, 3, 3, 3, 3, 3, 3, 3, 3, 3, 3, 3, 3]}}, {"type": "Feature", "geometry": {"type": "Point", "coordinates": [-103.15074, 50.7767]}, "properties": {"twp": "021-09-W2", "prov": "SK", "total": 10, "first": 1898, "cum": [0, 0, 0, 0, 0, 0, 0, 0, 0, 0, 0, 0, 0, 0, 0, 0, 0, 3, 5, 9, 10, 10, 10, 10, 10, 10, 10, 10, 10, 10, 10, 10, 10, 10, 10, 10, 10, 10, 10, 10, 10, 10, 10, 10, 10, 10, 10, 10, 10, 10, 10, 10, 10, 10, 10, 10, 10, 10, 10, 10, 10, 10, 10, 10], "psum": [0, 0, 0, 0, 0, 0, 0, 0, 0, 0, 0, 0, 0, 0, 0, 0, 0, 9.0, 15.0, 27.0, 30.0, 30.0, 30.0, 30.0, 30.0, 30.0, 30.0, 30.0, 30.0, 30.0, 30.0, 30.0, 30.0, 30.0, 30.0, 30.0, 30.0, 30.0, 30.0, 30.0, 30.0, 30.0, 30.0, 30.0, 30.0, 30.0, 30.0, 30.0, 30.0, 30.0, 30.0, 30.0, 30.0, 30.0, 30.0, 30.0, 30.0, 30.0, 30.0, 30.0, 30.0, 30.0, 30.0, 30.0], "pcnt": [0, 0, 0, 0, 0, 0, 0, 0, 0, 0, 0, 0, 0, 0, 0, 0, 0, 3, 5, 9, 10, 10, 10, 10, 10, 10, 10, 10, 10, 10, 10, 10, 10, 10, 10, 10, 10, 10, 10, 10, 10, 10, 10, 10, 10, 10, 10, 10, 10, 10, 10, 10, 10, 10, 10, 10, 10, 10, 10, 10, 10, 10, 10, 10]}}, {"type": "Feature", "geometry": {"type": "Point", "coordinates": [-108.12454, 50.57959]}, "properties": {"twp": "019-16-W3", "prov": "SK", "total": 12, "first": 1905, "cum": [0, 0, 0, 0, 0, 0, 0, 0, 0, 0, 0, 0, 0, 0, 0, 0, 0, 0, 0, 0, 0, 0, 0, 0, 12, 12, 12, 12, 12, 12, 12, 12, 12, 12, 12, 12, 12, 12, 12, 12, 12, 12, 12, 12, 12, 12, 12, 12, 12, 12, 12, 12, 12, 12, 12, 12, 12, 12, 12, 12, 12, 12, 12, 12], "psum": [0, 0, 0, 0, 0, 0, 0, 0, 0, 0, 0, 0, 0, 0, 0, 0, 0, 0, 0, 0, 0, 0, 0, 0, 60.0, 60.0, 60.0, 60.0, 60.0, 60.0, 60.0, 60.0, 60.0, 60.0, 60.0, 60.0, 60.0, 60.0, 60.0, 60.0, 60.0, 60.0, 60.0, 60.0, 60.0, 60.0, 60.0, 60.0, 60.0, 60.0, 60.0, 60.0, 60.0, 60.0, 60.0, 60.0, 60.0, 60.0, 60.0, 60.0, 60.0, 60.0, 60.0, 60.0], "pcnt": [0, 0, 0, 0, 0, 0, 0, 0, 0, 0, 0, 0, 0, 0, 0, 0, 0, 0, 0, 0, 0, 0, 0, 0, 12, 12, 12, 12, 12, 12, 12, 12, 12, 12, 12, 12, 12, 12, 12, 12, 12, 12, 12, 12, 12, 12, 12, 12, 12, 12, 12, 12, 12, 12, 12, 12, 12, 12, 12, 12, 12, 12, 12, 12]}}, {"type": "Feature", "geometry": {"type": "Point", "coordinates": [-107.57828, 50.58472]}, "properties": {"twp": "019-12-W3", "prov": "SK", "total": 18, "first": 1904, "cum": [0, 0, 0, 0, 0, 0, 0, 0, 0, 0, 0, 0, 0, 0, 0, 0, 0, 0, 0, 0, 0, 0, 0, 10, 10, 10, 10, 10, 10, 10, 16, 16, 16, 16, 16, 18, 18, 18, 18, 18, 18, 18, 18, 18, 18, 18, 18, 18, 18, 18, 18, 18, 18, 18, 18, 18, 18, 18, 18, 18, 18, 18, 18, 18], "psum": [0, 0, 0, 0, 0, 0, 0, 0, 0, 0, 0, 0, 0, 0, 0, 0, 0, 0, 0, 0, 0, 0, 0, 35.0, 35.0, 35.0, 35.0, 35.0, 35.0, 35.0, 107.0, 107.0, 107.0, 107.0, 107.0, 131.0, 131.0, 131.0, 131.0, 131.0, 131.0, 131.0, 131.0, 131.0, 131.0, 131.0, 131.0, 131.0, 131.0, 131.0, 131.0, 131.0, 131.0, 131.0, 131.0, 131.0, 131.0, 131.0, 131.0, 131.0, 131.0, 131.0, 131.0, 131.0], "pcnt": [0, 0, 0, 0, 0, 0, 0, 0, 0, 0, 0, 0, 0, 0, 0, 0, 0, 0, 0, 0, 0, 0, 0, 10, 10, 10, 10, 10, 10, 10, 16, 16, 16, 16, 16, 18, 18, 18, 18, 18, 18, 18, 18, 18, 18, 18, 18, 18, 18, 18, 18, 18, 18, 18, 18, 18, 18, 18, 18, 18, 18, 18, 18, 18]}}, {"type": "Feature", "geometry": {"type": "Point", "coordinates": [-104.40025, 50.2294]}, "properties": {"twp": "015-18-W2", "prov": "SK", "total": 24, "first": 1901, "cum": [0, 0, 0, 0, 0, 0, 0, 0, 0, 0, 0, 0, 0, 0, 0, 0, 0, 0, 0, 0, 24, 24, 24, 24, 24, 24, 24, 24, 24, 24, 24, 24, 24, 24, 24, 24, 24, 24, 24, 24, 24, 24, 24, 24, 24, 24, 24, 24, 24, 24, 24, 24, 24, 24, 24, 24, 24, 24, 24, 24, 24, 24, 24, 24], "psum": [0, 0, 0, 0, 0, 0, 0, 0, 0, 0, 0, 0, 0, 0, 0, 0, 0, 0, 0, 0, 48.0, 48.0, 48.0, 48.0, 48.0, 48.0, 48.0, 48.0, 48.0, 48.0, 48.0, 48.0, 48.0, 48.0, 48.0, 48.0, 48.0, 48.0, 48.0, 48.0, 48.0, 48.0, 48.0, 48.0, 48.0, 48.0, 48.0, 48.0, 48.0, 48.0, 48.0, 48.0, 48.0, 48.0, 48.0, 48.0, 48.0, 48.0, 48.0, 48.0, 48.0, 48.0, 48.0, 48.0], "pcnt": [0, 0, 0, 0, 0, 0, 0, 0, 0, 0, 0, 0, 0, 0, 0, 0, 0, 0, 0, 0, 24, 24, 24, 24, 24, 24, 24, 24, 24, 24, 24, 24, 24, 24, 24, 24, 24, 24, 24, 24, 24, 24, 24, 24, 24, 24, 24, 24, 24, 24, 24, 24, 24, 24, 24, 24, 24, 24, 24, 24, 24, 24, 24, 24]}}, {"type": "Feature", "geometry": {"type": "Point", "coordinates": [-108.62866, 52.67379]}, "properties": {"twp": "043-19-W3", "prov": "SK", "total": 12, "first": 1906, "cum": [0, 0, 0, 0, 0, 0, 0, 0, 0, 0, 0, 0, 0, 0, 0, 0, 0, 0, 0, 0, 0, 0, 0, 0, 0, 12, 12, 12, 12, 12, 12, 12, 12, 12, 12, 12, 12, 12, 12, 12, 12, 12, 12, 12, 12, 12, 12, 12, 12, 12, 12, 12, 12, 12, 12, 12, 12, 12, 12, 12, 12, 12, 12, 12], "psum": [0, 0, 0, 0, 0, 0, 0, 0, 0, 0, 0, 0, 0, 0, 0, 0, 0, 0, 0, 0, 0, 0, 0, 0, 0, 96.0, 96.0, 96.0, 96.0, 96.0, 96.0, 96.0, 96.0, 96.0, 96.0, 96.0, 96.0, 96.0, 96.0, 96.0, 96.0, 96.0, 96.0, 96.0, 96.0, 96.0, 96.0, 96.0, 96.0, 96.0, 96.0, 96.0, 96.0, 96.0, 96.0, 96.0, 96.0, 96.0, 96.0, 96.0, 96.0, 96.0, 96.0, 96.0], "pcnt": [0, 0, 0, 0, 0, 0, 0, 0, 0, 0, 0, 0, 0, 0, 0, 0, 0, 0, 0, 0, 0, 0, 0, 0, 0, 12, 12, 12, 12, 12, 12, 12, 12, 12, 12, 12, 12, 12, 12, 12, 12, 12, 12, 12, 12, 12, 12, 12, 12, 12, 12, 12, 12, 12, 12, 12, 12, 12, 12, 12, 12, 12, 12, 12]}}, {"type": "Feature", "geometry": {"type": "Point", "coordinates": [-108.49819, 52.34874]}, "properties": {"twp": "039-18-W3", "prov": "SK", "total": 12, "first": 1906, "cum": [0, 0, 0, 0, 0, 0, 0, 0, 0, 0, 0, 0, 0, 0, 0, 0, 0, 0, 0, 0, 0, 0, 0, 0, 0, 2, 2, 2, 2, 6, 12, 12, 12, 12, 12, 12, 12, 12, 12, 12, 12, 12, 12, 12, 12, 12, 12, 12, 12, 12, 12, 12, 12, 12, 12, 12, 12, 12, 12, 12, 12, 12, 12, 12], "psum": [0, 0, 0, 0, 0, 0, 0, 0, 0, 0, 0, 0, 0, 0, 0, 0, 0, 0, 0, 0, 0, 0, 0, 0, 0, 16.0, 16.0, 16.0, 16.0, 76.0, 144.0, 144.0, 144.0, 144.0, 144.0, 144.0, 144.0, 144.0, 144.0, 144.0, 144.0, 144.0, 144.0, 144.0, 144.0, 144.0, 144.0, 144.0, 144.0, 144.0, 144.0, 144.0, 144.0, 144.0, 144.0, 144.0, 144.0, 144.0, 144.0, 144.0, 144.0, 144.0, 144.0, 144.0], "pcnt": [0, 0, 0, 0, 0, 0, 0, 0, 0, 0, 0, 0, 0, 0, 0, 0, 0, 0, 0, 0, 0, 0, 0, 0, 0, 2, 2, 2, 2, 6, 10, 10, 10, 10, 10, 10, 10, 10, 10, 10, 10, 10, 10, 10, 10, 10, 10, 10, 10, 10, 10, 10, 10, 10, 10, 10, 10, 10, 10, 10, 10, 10, 10, 10]}}, {"type": "Feature", "geometry": {"type": "Point", "coordinates": [-101.97813, 51.03753]}, "properties": {"twp": "024-33-W1", "prov": "SK", "total": 3, "first": 1901, "cum": [0, 0, 0, 0, 0, 0, 0, 0, 0, 0, 0, 0, 0, 0, 0, 0, 0, 0, 0, 0, 3, 3, 3, 3, 3, 3, 3, 3, 3, 3, 3, 3, 3, 3, 3, 3, 3, 3, 3, 3, 3, 3, 3, 3, 3, 3, 3, 3, 3, 3, 3, 3, 3, 3, 3, 3, 3, 3, 3, 3, 3, 3, 3, 3], "psum": [0, 0, 0, 0, 0, 0, 0, 0, 0, 0, 0, 0, 0, 0, 0, 0, 0, 0, 0, 0, 9.0, 9.0, 9.0, 9.0, 9.0, 9.0, 9.0, 9.0, 9.0, 9.0, 9.0, 9.0, 9.0, 9.0, 9.0, 9.0, 9.0, 9.0, 9.0, 9.0, 9.0, 9.0, 9.0, 9.0, 9.0, 9.0, 9.0, 9.0, 9.0, 9.0, 9.0, 9.0, 9.0, 9.0, 9.0, 9.0, 9.0, 9.0, 9.0, 9.0, 9.0, 9.0, 9.0, 9.0], "pcnt": [0, 0, 0, 0, 0, 0, 0, 0, 0, 0, 0, 0, 0, 0, 0, 0, 0, 0, 0, 0, 3, 3, 3, 3, 3, 3, 3, 3, 3, 3, 3, 3, 3, 3, 3, 3, 3, 3, 3, 3, 3, 3, 3, 3, 3, 3, 3, 3, 3, 3, 3, 3, 3, 3, 3, 3, 3, 3, 3, 3, 3, 3, 3, 3]}}, {"type": "Feature", "geometry": {"type": "Point", "coordinates": [-102.02351, 50.85945]}, "properties": {"twp": "022-01-W2", "prov": "SK", "total": 3, "first": 1912, "cum": [0, 0, 0, 0, 0, 0, 0, 0, 0, 0, 0, 0, 0, 0, 0, 0, 0, 0, 0, 0, 0, 0, 0, 0, 0, 0, 0, 0, 0, 0, 0, 3, 3, 3, 3, 3, 3, 3, 3, 3, 3, 3, 3, 3, 3, 3, 3, 3, 3, 3, 3, 3, 3, 3, 3, 3, 3, 3, 3, 3, 3, 3, 3, 3], "psum": [0, 0, 0, 0, 0, 0, 0, 0, 0, 0, 0, 0, 0, 0, 0, 0, 0, 0, 0, 0, 0, 0, 0, 0, 0, 0, 0, 0, 0, 0, 0, 42.0, 42.0, 42.0, 42.0, 42.0, 42.0, 42.0, 42.0, 42.0, 42.0, 42.0, 42.0, 42.0, 42.0, 42.0, 42.0, 42.0, 42.0, 42.0, 42.0, 42.0, 42.0, 42.0, 42.0, 42.0, 42.0, 42.0, 42.0, 42.0, 42.0, 42.0, 42.0, 42.0], "pcnt": [0, 0, 0, 0, 0, 0, 0, 0, 0, 0, 0, 0, 0, 0, 0, 0, 0, 0, 0, 0, 0, 0, 0, 0, 0, 0, 0, 0, 0, 0, 0, 3, 3, 3, 3, 3, 3, 3, 3, 3, 3, 3, 3, 3, 3, 3, 3, 3, 3, 3, 3, 3, 3, 3, 3, 3, 3, 3, 3, 3, 3, 3, 3, 3]}}, {"type": "Feature", "geometry": {"type": "Point", "coordinates": [-105.06865, 50.75253]}, "properties": {"twp": "021-23-W2", "prov": "SK", "total": 3, "first": 1909, "cum": [0, 0, 0, 0, 0, 0, 0, 0, 0, 0, 0, 0, 0, 0, 0, 0, 0, 0, 0, 0, 0, 0, 0, 0, 0, 0, 0, 0, 1, 3, 3, 3, 3, 3, 3, 3, 3, 3, 3, 3, 3, 3, 3, 3, 3, 3, 3, 3, 3, 3, 3, 3, 3, 3, 3, 3, 3, 3, 3, 3, 3, 3, 3, 3], "psum": [0, 0, 0, 0, 0, 0, 0, 0, 0, 0, 0, 0, 0, 0, 0, 0, 0, 0, 0, 0, 0, 0, 0, 0, 0, 0, 0, 0, 10.0, 30.0, 30.0, 30.0, 30.0, 30.0, 30.0, 30.0, 30.0, 30.0, 30.0, 30.0, 30.0, 30.0, 30.0, 30.0, 30.0, 30.0, 30.0, 30.0, 30.0, 30.0, 30.0, 30.0, 30.0, 30.0, 30.0, 30.0, 30.0, 30.0, 30.0, 30.0, 30.0, 30.0, 30.0, 30.0], "pcnt": [0, 0, 0, 0, 0, 0, 0, 0, 0, 0, 0, 0, 0, 0, 0, 0, 0, 0, 0, 0, 0, 0, 0, 0, 0, 0, 0, 0, 1, 3, 3, 3, 3, 3, 3, 3, 3, 3, 3, 3, 3, 3, 3, 3, 3, 3, 3, 3, 3, 3, 3, 3, 3, 3, 3, 3, 3, 3, 3, 3, 3, 3, 3, 3]}}, {"type": "Feature", "geometry": {"type": "Point", "coordinates": [-107.40136, 50.66692]}, "properties": {"twp": "020-11-W3", "prov": "SK", "total": 8, "first": 1903, "cum": [0, 0, 0, 0, 0, 0, 0, 0, 0, 0, 0, 0, 0, 0, 0, 0, 0, 0, 0, 0, 0, 0, 8, 8, 8, 8, 8, 8, 8, 8, 8, 8, 8, 8, 8, 8, 8, 8, 8, 8, 8, 8, 8, 8, 8, 8, 8, 8, 8, 8, 8, 8, 8, 8, 8, 8, 8, 8, 8, 8, 8, 8, 8, 8], "psum": [0, 0, 0, 0, 0, 0, 0, 0, 0, 0, 0, 0, 0, 0, 0, 0, 0, 0, 0, 0, 0, 0, 28.0, 28.0, 28.0, 28.0, 28.0, 28.0, 28.0, 28.0, 28.0, 28.0, 28.0, 28.0, 28.0, 28.0, 28.0, 28.0, 28.0, 28.0, 28.0, 28.0, 28.0, 28.0, 28.0, 28.0, 28.0, 28.0, 28.0, 28.0, 28.0, 28.0, 28.0, 28.0, 28.0, 28.0, 28.0, 28.0, 28.0, 28.0, 28.0, 28.0, 28.0, 28.0], "pcnt": [0, 0, 0, 0, 0, 0, 0, 0, 0, 0, 0, 0, 0, 0, 0, 0, 0, 0, 0, 0, 0, 0, 8, 8, 8, 8, 8, 8, 8, 8, 8, 8, 8, 8, 8, 8, 8, 8, 8, 8, 8, 8, 8, 8, 8, 8, 8, 8, 8, 8, 8, 8, 8, 8, 8, 8, 8, 8, 8, 8, 8, 8, 8, 8]}}, {"type": "Feature", "geometry": {"type": "Point", "coordinates": [-104.94388, 51.0848]}, "properties": {"twp": "024-22-W2", "prov": "SK", "total": 2, "first": 1909, "cum": [0, 0, 0, 0, 0, 0, 0, 0, 0, 0, 0, 0, 0, 0, 0, 0, 0, 0, 0, 0, 0, 0, 0, 0, 0, 0, 0, 0, 2, 2, 2, 2, 2, 2, 2, 2, 2, 2, 2, 2, 2, 2, 2, 2, 2, 2, 2, 2, 2, 2, 2, 2, 2, 2, 2, 2, 2, 2, 2, 2, 2, 2, 2, 2], "psum": [0, 0, 0, 0, 0, 0, 0, 0, 0, 0, 0, 0, 0, 0, 0, 0, 0, 0, 0, 0, 0, 0, 0, 0, 0, 0, 0, 0, 36.0, 36.0, 36.0, 36.0, 36.0, 36.0, 36.0, 36.0, 36.0, 36.0, 36.0, 36.0, 36.0, 36.0, 36.0, 36.0, 36.0, 36.0, 36.0, 36.0, 36.0, 36.0, 36.0, 36.0, 36.0, 36.0, 36.0, 36.0, 36.0, 36.0, 36.0, 36.0, 36.0, 36.0, 36.0, 36.0], "pcnt": [0, 0, 0, 0, 0, 0, 0, 0, 0, 0, 0, 0, 0, 0, 0, 0, 0, 0, 0, 0, 0, 0, 0, 0, 0, 0, 0, 0, 2, 2, 2, 2, 2, 2, 2, 2, 2, 2, 2, 2, 2, 2, 2, 2, 2, 2, 2, 2, 2, 2, 2, 2, 2, 2, 2, 2, 2, 2, 2, 2, 2, 2, 2, 2]}}, {"type": "Feature", "geometry": {"type": "Point", "coordinates": [-108.9851, 53.34315]}, "properties": {"twp": "050-21-W3", "prov": "SK", "total": 11, "first": 1906, "cum": [0, 0, 0, 0, 0, 0, 0, 0, 0, 0, 0, 0, 0, 0, 0, 0, 0, 0, 0, 0, 0, 0, 0, 0, 0, 2, 2, 3, 4, 7, 11, 11, 11, 11, 11, 11, 11, 11, 11, 11, 11, 11, 11, 11, 11, 11, 11, 11, 11, 11, 11, 11, 11, 11, 11, 11, 11, 11, 11, 11, 11, 11, 11, 11], "psum": [0, 0, 0, 0, 0, 0, 0, 0, 0, 0, 0, 0, 0, 0, 0, 0, 0, 0, 0, 0, 0, 0, 0, 0, 0, 16.0, 16.0, 28.5, 38.5, 74.5, 136.5, 136.5, 136.5, 136.5, 136.5, 136.5, 136.5, 136.5, 136.5, 136.5, 136.5, 136.5, 136.5, 136.5, 136.5, 136.5, 136.5, 136.5, 136.5, 136.5, 136.5, 136.5, 136.5, 136.5, 136.5, 136.5, 136.5, 136.5, 136.5, 136.5, 136.5, 136.5, 136.5, 136.5], "pcnt": [0, 0, 0, 0, 0, 0, 0, 0, 0, 0, 0, 0, 0, 0, 0, 0, 0, 0, 0, 0, 0, 0, 0, 0, 0, 2, 2, 3, 4, 7, 11, 11, 11, 11, 11, 11, 11, 11, 11, 11, 11, 11, 11, 11, 11, 11, 11, 11, 11, 11, 11, 11, 11, 11, 11, 11, 11, 11, 11, 11, 11, 11, 11, 11]}}, {"type": "Feature", "geometry": {"type": "Point", "coordinates": [-109.97692, 53.00893]}, "properties": {"twp": "046-28-W3", "prov": "SK", "total": 4, "first": 1905, "cum": [0, 0, 0, 0, 0, 0, 0, 0, 0, 0, 0, 0, 0, 0, 0, 0, 0, 0, 0, 0, 0, 0, 0, 0, 2, 2, 2, 2, 4, 4, 4, 4, 4, 4, 4, 4, 4, 4, 4, 4, 4, 4, 4, 4, 4, 4, 4, 4, 4, 4, 4, 4, 4, 4, 4, 4, 4, 4, 4, 4, 4, 4, 4, 4], "psum": [0, 0, 0, 0, 0, 0, 0, 0, 0, 0, 0, 0, 0, 0, 0, 0, 0, 0, 0, 0, 0, 0, 0, 0, 12.0, 12.0, 12.0, 12.0, 12.0, 12.0, 12.0, 12.0, 12.0, 12.0, 12.0, 12.0, 12.0, 12.0, 12.0, 12.0, 12.0, 12.0, 12.0, 12.0, 12.0, 12.0, 12.0, 12.0, 12.0, 12.0, 12.0, 12.0, 12.0, 12.0, 12.0, 12.0, 12.0, 12.0, 12.0, 12.0, 12.0, 12.0, 12.0, 12.0], "pcnt": [0, 0, 0, 0, 0, 0, 0, 0, 0, 0, 0, 0, 0, 0, 0, 0, 0, 0, 0, 0, 0, 0, 0, 0, 2, 2, 2, 2, 2, 2, 2, 2, 2, 2, 2, 2, 2, 2, 2, 2, 2, 2, 2, 2, 2, 2, 2, 2, 2, 2, 2, 2, 2, 2, 2, 2, 2, 2, 2, 2, 2, 2, 2, 2]}}, {"type": "Feature", "geometry": {"type": "Point", "coordinates": [-105.37175, 53.0053]}, "properties": {"twp": "046-24-W2", "prov": "SK", "total": 1, "first": 1892, "cum": [0, 0, 0, 0, 0, 0, 0, 0, 0, 0, 0, 1, 1, 1, 1, 1, 1, 1, 1, 1, 1, 1, 1, 1, 1, 1, 1, 1, 1, 1, 1, 1, 1, 1, 1, 1, 1, 1, 1, 1, 1, 1, 1, 1, 1, 1, 1, 1, 1, 1, 1, 1, 1, 1, 1, 1, 1, 1, 1, 1, 1, 1, 1, 1], "psum": [0, 0, 0, 0, 0, 0, 0, 0, 0, 0, 0, 3.0, 3.0, 3.0, 3.0, 3.0, 3.0, 3.0, 3.0, 3.0, 3.0, 3.0, 3.0, 3.0, 3.0, 3.0, 3.0, 3.0, 3.0, 3.0, 3.0, 3.0, 3.0, 3.0, 3.0, 3.0, 3.0, 3.0, 3.0, 3.0, 3.0, 3.0, 3.0, 3.0, 3.0, 3.0, 3.0, 3.0, 3.0, 3.0, 3.0, 3.0, 3.0, 3.0, 3.0, 3.0, 3.0, 3.0, 3.0, 3.0, 3.0, 3.0, 3.0, 3.0], "pcnt": [0, 0, 0, 0, 0, 0, 0, 0, 0, 0, 0, 1, 1, 1, 1, 1, 1, 1, 1, 1, 1, 1, 1, 1, 1, 1, 1, 1, 1, 1, 1, 1, 1, 1, 1, 1, 1, 1, 1, 1, 1, 1, 1, 1, 1, 1, 1, 1, 1, 1, 1, 1, 1, 1, 1, 1, 1, 1, 1, 1, 1, 1, 1, 1]}}, {"type": "Feature", "geometry": {"type": "Point", "coordinates": [-103.75454, 52.22625]}, "properties": {"twp": "037-13-W2", "prov": "SK", "total": 5, "first": 1910, "cum": [0, 0, 0, 0, 0, 0, 0, 0, 0, 0, 0, 0, 0, 0, 0, 0, 0, 0, 0, 0, 0, 0, 0, 0, 0, 0, 0, 0, 0, 2, 5, 5, 5, 5, 5, 5, 5, 5, 5, 5, 5, 5, 5, 5, 5, 5, 5, 5, 5, 5, 5, 5, 5, 5, 5, 5, 5, 5, 5, 5, 5, 5, 5, 5], "psum": [0, 0, 0, 0, 0, 0, 0, 0, 0, 0, 0, 0, 0, 0, 0, 0, 0, 0, 0, 0, 0, 0, 0, 0, 0, 0, 0, 0, 0, 20.0, 50.0, 50.0, 50.0, 50.0, 50.0, 50.0, 50.0, 50.0, 50.0, 50.0, 50.0, 50.0, 50.0, 50.0, 50.0, 50.0, 50.0, 50.0, 50.0, 50.0, 50.0, 50.0, 50.0, 50.0, 50.0, 50.0, 50.0, 50.0, 50.0, 50.0, 50.0, 50.0, 50.0, 50.0], "pcnt": [0, 0, 0, 0, 0, 0, 0, 0, 0, 0, 0, 0, 0, 0, 0, 0, 0, 0, 0, 0, 0, 0, 0, 0, 0, 0, 0, 0, 0, 2, 5, 5, 5, 5, 5, 5, 5, 5, 5, 5, 5, 5, 5, 5, 5, 5, 5, 5, 5, 5, 5, 5, 5, 5, 5, 5, 5, 5, 5, 5, 5, 5, 5, 5]}}, {"type": "Feature", "geometry": {"type": "Point", "coordinates": [-101.74182, 51.3791]}, "properties": {"twp": "027-31-W1", "prov": "SK", "total": 1, "first": 1902, "cum": [0, 0, 0, 0, 0, 0, 0, 0, 0, 0, 0, 0, 0, 0, 0, 0, 0, 0, 0, 0, 0, 1, 1, 1, 1, 1, 1, 1, 1, 1, 1, 1, 1, 1, 1, 1, 1, 1, 1, 1, 1, 1, 1, 1, 1, 1, 1, 1, 1, 1, 1, 1, 1, 1, 1, 1, 1, 1, 1, 1, 1, 1, 1, 1], "psum": [0, 0, 0, 0, 0, 0, 0, 0, 0, 0, 0, 0, 0, 0, 0, 0, 0, 0, 0, 0, 0, 3.0, 3.0, 3.0, 3.0, 3.0, 3.0, 3.0, 3.0, 3.0, 3.0, 3.0, 3.0, 3.0, 3.0, 3.0, 3.0, 3.0, 3.0, 3.0, 3.0, 3.0, 3.0, 3.0, 3.0, 3.0, 3.0, 3.0, 3.0, 3.0, 3.0, 3.0, 3.0, 3.0, 3.0, 3.0, 3.0, 3.0, 3.0, 3.0, 3.0, 3.0, 3.0, 3.0], "pcnt": [0, 0, 0, 0, 0, 0, 0, 0, 0, 0, 0, 0, 0, 0, 0, 0, 0, 0, 0, 0, 0, 1, 1, 1, 1, 1, 1, 1, 1, 1, 1, 1, 1, 1, 1, 1, 1, 1, 1, 1, 1, 1, 1, 1, 1, 1, 1, 1, 1, 1, 1, 1, 1, 1, 1, 1, 1, 1, 1, 1, 1, 1, 1, 1]}}, {"type": "Feature", "geometry": {"type": "Point", "coordinates": [-102.19581, 49.8667]}, "properties": {"twp": "010-02-W2", "prov": "SK", "total": 4, "first": 1902, "cum": [0, 0, 0, 0, 0, 0, 0, 0, 0, 0, 0, 0, 0, 0, 0, 0, 0, 0, 0, 0, 0, 3, 4, 4, 4, 4, 4, 4, 4, 4, 4, 4, 4, 4, 4, 4, 4, 4, 4, 4, 4, 4, 4, 4, 4, 4, 4, 4, 4, 4, 4, 4, 4, 4, 4, 4, 4, 4, 4, 4, 4, 4, 4, 4], "psum": [0, 0, 0, 0, 0, 0, 0, 0, 0, 0, 0, 0, 0, 0, 0, 0, 0, 0, 0, 0, 0, 11.0, 17.0, 17.0, 17.0, 17.0, 17.0, 17.0, 17.0, 17.0, 17.0, 17.0, 17.0, 17.0, 17.0, 17.0, 17.0, 17.0, 17.0, 17.0, 17.0, 17.0, 17.0, 17.0, 17.0, 17.0, 17.0, 17.0, 17.0, 17.0, 17.0, 17.0, 17.0, 17.0, 17.0, 17.0, 17.0, 17.0, 17.0, 17.0, 17.0, 17.0, 17.0, 17.0], "pcnt": [0, 0, 0, 0, 0, 0, 0, 0, 0, 0, 0, 0, 0, 0, 0, 0, 0, 0, 0, 0, 0, 3, 4, 4, 4, 4, 4, 4, 4, 4, 4, 4, 4, 4, 4, 4, 4, 4, 4, 4, 4, 4, 4, 4, 4, 4, 4, 4, 4, 4, 4, 4, 4, 4, 4, 4, 4, 4, 4, 4, 4, 4, 4, 4]}}, {"type": "Feature", "geometry": {"type": "Point", "coordinates": [-108.21098, 52.26808]}, "properties": {"twp": "038-16-W3", "prov": "SK", "total": 5, "first": 1911, "cum": [0, 0, 0, 0, 0, 0, 0, 0, 0, 0, 0, 0, 0, 0, 0, 0, 0, 0, 0, 0, 0, 0, 0, 0, 0, 0, 0, 0, 0, 0, 5, 5, 5, 5, 5, 5, 5, 5, 5, 5, 5, 5, 5, 5, 5, 5, 5, 5, 5, 5, 5, 5, 5, 5, 5, 5, 5, 5, 5, 5, 5, 5, 5, 5], "psum": [0, 0, 0, 0, 0, 0, 0, 0, 0, 0, 0, 0, 0, 0, 0, 0, 0, 0, 0, 0, 0, 0, 0, 0, 0, 0, 0, 0, 0, 0, 0, 0, 0, 0, 0, 0, 0, 0, 0, 0, 0, 0, 0, 0, 0, 0, 0, 0, 0, 0, 0, 0, 0, 0, 0, 0, 0, 0, 0, 0, 0, 0, 0, 0], "pcnt": [0, 0, 0, 0, 0, 0, 0, 0, 0, 0, 0, 0, 0, 0, 0, 0, 0, 0, 0, 0, 0, 0, 0, 0, 0, 0, 0, 0, 0, 0, 0, 0, 0, 0, 0, 0, 0, 0, 0, 0, 0, 0, 0, 0, 0, 0, 0, 0, 0, 0, 0, 0, 0, 0, 0, 0, 0, 0, 0, 0, 0, 0, 0, 0]}}, {"type": "Feature", "geometry": {"type": "Point", "coordinates": [-109.87294, 49.77492]}, "properties": {"twp": "009-29-W3", "prov": "SK", "total": 1, "first": 1904, "cum": [0, 0, 0, 0, 0, 0, 0, 0, 0, 0, 0, 0, 0, 0, 0, 0, 0, 0, 0, 0, 0, 0, 0, 1, 1, 1, 1, 1, 1, 1, 1, 1, 1, 1, 1, 1, 1, 1, 1, 1, 1, 1, 1, 1, 1, 1, 1, 1, 1, 1, 1, 1, 1, 1, 1, 1, 1, 1, 1, 1, 1, 1, 1, 1], "psum": [0, 0, 0, 0, 0, 0, 0, 0, 0, 0, 0, 0, 0, 0, 0, 0, 0, 0, 0, 0, 0, 0, 0, 5.0, 5.0, 5.0, 5.0, 5.0, 5.0, 5.0, 5.0, 5.0, 5.0, 5.0, 5.0, 5.0, 5.0, 5.0, 5.0, 5.0, 5.0, 5.0, 5.0, 5.0, 5.0, 5.0, 5.0, 5.0, 5.0, 5.0, 5.0, 5.0, 5.0, 5.0, 5.0, 5.0, 5.0, 5.0, 5.0, 5.0, 5.0, 5.0, 5.0, 5.0], "pcnt": [0, 0, 0, 0, 0, 0, 0, 0, 0, 0, 0, 0, 0, 0, 0, 0, 0, 0, 0, 0, 0, 0, 0, 1, 1, 1, 1, 1, 1, 1, 1, 1, 1, 1, 1, 1, 1, 1, 1, 1, 1, 1, 1, 1, 1, 1, 1, 1, 1, 1, 1, 1, 1, 1, 1, 1, 1, 1, 1, 1, 1, 1, 1, 1]}}, {"type": "Feature", "geometry": {"type": "Point", "coordinates": [-109.61455, 53.00554]}, "properties": {"twp": "046-25-W3", "prov": "SK", "total": 1, "first": 1912, "cum": [0, 0, 0, 0, 0, 0, 0, 0, 0, 0, 0, 0, 0, 0, 0, 0, 0, 0, 0, 0, 0, 0, 0, 0, 0, 0, 0, 0, 0, 0, 0, 1, 1, 1, 1, 1, 1, 1, 1, 1, 1, 1, 1, 1, 1, 1, 1, 1, 1, 1, 1, 1, 1, 1, 1, 1, 1, 1, 1, 1, 1, 1, 1, 1], "psum": [0, 0, 0, 0, 0, 0, 0, 0, 0, 0, 0, 0, 0, 0, 0, 0, 0, 0, 0, 0, 0, 0, 0, 0, 0, 0, 0, 0, 0, 0, 0, 10.0, 10.0, 10.0, 10.0, 10.0, 10.0, 10.0, 10.0, 10.0, 10.0, 10.0, 10.0, 10.0, 10.0, 10.0, 10.0, 10.0, 10.0, 10.0, 10.0, 10.0, 10.0, 10.0, 10.0, 10.0, 10.0, 10.0, 10.0, 10.0, 10.0, 10.0, 10.0, 10.0], "pcnt": [0, 0, 0, 0, 0, 0, 0, 0, 0, 0, 0, 0, 0, 0, 0, 0, 0, 0, 0, 0, 0, 0, 0, 0, 0, 0, 0, 0, 0, 0, 0, 1, 1, 1, 1, 1, 1, 1, 1, 1, 1, 1, 1, 1, 1, 1, 1, 1, 1, 1, 1, 1, 1, 1, 1, 1, 1, 1, 1, 1, 1, 1, 1, 1]}}, {"type": "Feature", "geometry": {"type": "Point", "coordinates": [-109.08346, 53.33993]}, "properties": {"twp": "050-22-W3", "prov": "SK", "total": 1, "first": 1911, "cum": [0, 0, 0, 0, 0, 0, 0, 0, 0, 0, 0, 0, 0, 0, 0, 0, 0, 0, 0, 0, 0, 0, 0, 0, 0, 0, 0, 0, 0, 0, 1, 1, 1, 1, 1, 1, 1, 1, 1, 1, 1, 1, 1, 1, 1, 1, 1, 1, 1, 1, 1, 1, 1, 1, 1, 1, 1, 1, 1, 1, 1, 1, 1, 1], "psum": [0, 0, 0, 0, 0, 0, 0, 0, 0, 0, 0, 0, 0, 0, 0, 0, 0, 0, 0, 0, 0, 0, 0, 0, 0, 0, 0, 0, 0, 0, 16.0, 16.0, 16.0, 16.0, 16.0, 16.0, 16.0, 16.0, 16.0, 16.0, 16.0, 16.0, 16.0, 16.0, 16.0, 16.0, 16.0, 16.0, 16.0, 16.0, 16.0, 16.0, 16.0, 16.0, 16.0, 16.0, 16.0, 16.0, 16.0, 16.0, 16.0, 16.0, 16.0, 16.0], "pcnt": [0, 0, 0, 0, 0, 0, 0, 0, 0, 0, 0, 0, 0, 0, 0, 0, 0, 0, 0, 0, 0, 0, 0, 0, 0, 0, 0, 0, 0, 0, 1, 1, 1, 1, 1, 1, 1, 1, 1, 1, 1, 1, 1, 1, 1, 1, 1, 1, 1, 1, 1, 1, 1, 1, 1, 1, 1, 1, 1, 1, 1, 1, 1, 1]}}, {"type": "Feature", "geometry": {"type": "Point", "coordinates": [-108.97287, 53.15076]}, "properties": {"twp": "048-21-W3", "prov": "SK", "total": 6, "first": 1912, "cum": [0, 0, 0, 0, 0, 0, 0, 0, 0, 0, 0, 0, 0, 0, 0, 0, 0, 0, 0, 0, 0, 0, 0, 0, 0, 0, 0, 0, 0, 0, 0, 6, 6, 6, 6, 6, 6, 6, 6, 6, 6, 6, 6, 6, 6, 6, 6, 6, 6, 6, 6, 6, 6, 6, 6, 6, 6, 6, 6, 6, 6, 6, 6, 6], "psum": [0, 0, 0, 0, 0, 0, 0, 0, 0, 0, 0, 0, 0, 0, 0, 0, 0, 0, 0, 0, 0, 0, 0, 0, 0, 0, 0, 0, 0, 0, 0, 74.0, 74.0, 74.0, 74.0, 74.0, 74.0, 74.0, 74.0, 74.0, 74.0, 74.0, 74.0, 74.0, 74.0, 74.0, 74.0, 74.0, 74.0, 74.0, 74.0, 74.0, 74.0, 74.0, 74.0, 74.0, 74.0, 74.0, 74.0, 74.0, 74.0, 74.0, 74.0, 74.0], "pcnt": [0, 0, 0, 0, 0, 0, 0, 0, 0, 0, 0, 0, 0, 0, 0, 0, 0, 0, 0, 0, 0, 0, 0, 0, 0, 0, 0, 0, 0, 0, 0, 6, 6, 6, 6, 6, 6, 6, 6, 6, 6, 6, 6, 6, 6, 6, 6, 6, 6, 6, 6, 6, 6, 6, 6, 6, 6, 6, 6, 6, 6, 6, 6, 6]}}, {"type": "Feature", "geometry": {"type": "Point", "coordinates": [-108.63688, 52.91728]}, "properties": {"twp": "045-19-W3", "prov": "SK", "total": 6, "first": 1910, "cum": [0, 0, 0, 0, 0, 0, 0, 0, 0, 0, 0, 0, 0, 0, 0, 0, 0, 0, 0, 0, 0, 0, 0, 0, 0, 0, 0, 0, 0, 2, 6, 6, 6, 6, 6, 6, 6, 6, 6, 6, 6, 6, 6, 6, 6, 6, 6, 6, 6, 6, 6, 6, 6, 6, 6, 6, 6, 6, 6, 6, 6, 6, 6, 6], "psum": [0, 0, 0, 0, 0, 0, 0, 0, 0, 0, 0, 0, 0, 0, 0, 0, 0, 0, 0, 0, 0, 0, 0, 0, 0, 0, 0, 0, 0, 30.0, 89.0, 89.0, 89.0, 89.0, 89.0, 89.0, 89.0, 89.0, 89.0, 89.0, 89.0, 89.0, 89.0, 89.0, 89.0, 89.0, 89.0, 89.0, 89.0, 89.0, 89.0, 89.0, 89.0, 89.0, 89.0, 89.0, 89.0, 89.0, 89.0, 89.0, 89.0, 89.0, 89.0, 89.0], "pcnt": [0, 0, 0, 0, 0, 0, 0, 0, 0, 0, 0, 0, 0, 0, 0, 0, 0, 0, 0, 0, 0, 0, 0, 0, 0, 0, 0, 0, 0, 2, 6, 6, 6, 6, 6, 6, 6, 6, 6, 6, 6, 6, 6, 6, 6, 6, 6, 6, 6, 6, 6, 6, 6, 6, 6, 6, 6, 6, 6, 6, 6, 6, 6, 6]}}, {"type": "Feature", "geometry": {"type": "Point", "coordinates": [-102.85495, 51.2729]}, "properties": {"twp": "026-07-W2", "prov": "SK", "total": 2, "first": 1911, "cum": [0, 0, 0, 0, 0, 0, 0, 0, 0, 0, 0, 0, 0, 0, 0, 0, 0, 0, 0, 0, 0, 0, 0, 0, 0, 0, 0, 0, 0, 0, 2, 2, 2, 2, 2, 2, 2, 2, 2, 2, 2, 2, 2, 2, 2, 2, 2, 2, 2, 2, 2, 2, 2, 2, 2, 2, 2, 2, 2, 2, 2, 2, 2, 2], "psum": [0, 0, 0, 0, 0, 0, 0, 0, 0, 0, 0, 0, 0, 0, 0, 0, 0, 0, 0, 0, 0, 0, 0, 0, 0, 0, 0, 0, 0, 0, 24.0, 24.0, 24.0, 24.0, 24.0, 24.0, 24.0, 24.0, 24.0, 24.0, 24.0, 24.0, 24.0, 24.0, 24.0, 24.0, 24.0, 24.0, 24.0, 24.0, 24.0, 24.0, 24.0, 24.0, 24.0, 24.0, 24.0, 24.0, 24.0, 24.0, 24.0, 24.0, 24.0, 24.0], "pcnt": [0, 0, 0, 0, 0, 0, 0, 0, 0, 0, 0, 0, 0, 0, 0, 0, 0, 0, 0, 0, 0, 0, 0, 0, 0, 0, 0, 0, 0, 0, 2, 2, 2, 2, 2, 2, 2, 2, 2, 2, 2, 2, 2, 2, 2, 2, 2, 2, 2, 2, 2, 2, 2, 2, 2, 2, 2, 2, 2, 2, 2, 2, 2, 2]}}, {"type": "Feature", "geometry": {"type": "Point", "coordinates": [-106.97271, 50.54669]}, "properties": {"twp": "018-08-W3", "prov": "SK", "total": 1, "first": 1910, "cum": [0, 0, 0, 0, 0, 0, 0, 0, 0, 0, 0, 0, 0, 0, 0, 0, 0, 0, 0, 0, 0, 0, 0, 0, 0, 0, 0, 0, 0, 1, 1, 1, 1, 1, 1, 1, 1, 1, 1, 1, 1, 1, 1, 1, 1, 1, 1, 1, 1, 1, 1, 1, 1, 1, 1, 1, 1, 1, 1, 1, 1, 1, 1, 1], "psum": [0, 0, 0, 0, 0, 0, 0, 0, 0, 0, 0, 0, 0, 0, 0, 0, 0, 0, 0, 0, 0, 0, 0, 0, 0, 0, 0, 0, 0, 10.0, 10.0, 10.0, 10.0, 10.0, 10.0, 10.0, 10.0, 10.0, 10.0, 10.0, 10.0, 10.0, 10.0, 10.0, 10.0, 10.0, 10.0, 10.0, 10.0, 10.0, 10.0, 10.0, 10.0, 10.0, 10.0, 10.0, 10.0, 10.0, 10.0, 10.0, 10.0, 10.0, 10.0, 10.0], "pcnt": [0, 0, 0, 0, 0, 0, 0, 0, 0, 0, 0, 0, 0, 0, 0, 0, 0, 0, 0, 0, 0, 0, 0, 0, 0, 0, 0, 0, 0, 1, 1, 1, 1, 1, 1, 1, 1, 1, 1, 1, 1, 1, 1, 1, 1, 1, 1, 1, 1, 1, 1, 1, 1, 1, 1, 1, 1, 1, 1, 1, 1, 1, 1, 1]}}, {"type": "Feature", "geometry": {"type": "Point", "coordinates": [-102.88542, 51.43484]}, "properties": {"twp": "028-07-W2", "prov": "SK", "total": 1, "first": 1908, "cum": [0, 0, 0, 0, 0, 0, 0, 0, 0, 0, 0, 0, 0, 0, 0, 0, 0, 0, 0, 0, 0, 0, 0, 0, 0, 0, 0, 1, 1, 1, 1, 1, 1, 1, 1, 1, 1, 1, 1, 1, 1, 1, 1, 1, 1, 1, 1, 1, 1, 1, 1, 1, 1, 1, 1, 1, 1, 1, 1, 1, 1, 1, 1, 1], "psum": [0, 0, 0, 0, 0, 0, 0, 0, 0, 0, 0, 0, 0, 0, 0, 0, 0, 0, 0, 0, 0, 0, 0, 0, 0, 0, 0, 11.0, 11.0, 11.0, 11.0, 11.0, 11.0, 11.0, 11.0, 11.0, 11.0, 11.0, 11.0, 11.0, 11.0, 11.0, 11.0, 11.0, 11.0, 11.0, 11.0, 11.0, 11.0, 11.0, 11.0, 11.0, 11.0, 11.0, 11.0, 11.0, 11.0, 11.0, 11.0, 11.0, 11.0, 11.0, 11.0, 11.0], "pcnt": [0, 0, 0, 0, 0, 0, 0, 0, 0, 0, 0, 0, 0, 0, 0, 0, 0, 0, 0, 0, 0, 0, 0, 0, 0, 0, 0, 1, 1, 1, 1, 1, 1, 1, 1, 1, 1, 1, 1, 1, 1, 1, 1, 1, 1, 1, 1, 1, 1, 1, 1, 1, 1, 1, 1, 1, 1, 1, 1, 1, 1, 1, 1, 1]}}, {"type": "Feature", "geometry": {"type": "Point", "coordinates": [-101.81741, 50.81802]}, "properties": {"twp": "021-32-W1", "prov": "SK", "total": 2, "first": 1906, "cum": [0, 0, 0, 0, 0, 0, 0, 0, 0, 0, 0, 0, 0, 0, 0, 0, 0, 0, 0, 0, 0, 0, 0, 0, 0, 2, 2, 2, 2, 2, 2, 2, 2, 2, 2, 2, 2, 2, 2, 2, 2, 2, 2, 2, 2, 2, 2, 2, 2, 2, 2, 2, 2, 2, 2, 2, 2, 2, 2, 2, 2, 2, 2, 2], "psum": [0, 0, 0, 0, 0, 0, 0, 0, 0, 0, 0, 0, 0, 0, 0, 0, 0, 0, 0, 0, 0, 0, 0, 0, 0, 16.0, 16.0, 16.0, 16.0, 16.0, 16.0, 16.0, 16.0, 16.0, 16.0, 16.0, 16.0, 16.0, 16.0, 16.0, 16.0, 16.0, 16.0, 16.0, 16.0, 16.0, 16.0, 16.0, 16.0, 16.0, 16.0, 16.0, 16.0, 16.0, 16.0, 16.0, 16.0, 16.0, 16.0, 16.0, 16.0, 16.0, 16.0, 16.0], "pcnt": [0, 0, 0, 0, 0, 0, 0, 0, 0, 0, 0, 0, 0, 0, 0, 0, 0, 0, 0, 0, 0, 0, 0, 0, 0, 2, 2, 2, 2, 2, 2, 2, 2, 2, 2, 2, 2, 2, 2, 2, 2, 2, 2, 2, 2, 2, 2, 2, 2, 2, 2, 2, 2, 2, 2, 2, 2, 2, 2, 2, 2, 2, 2, 2]}}, {"type": "Feature", "geometry": {"type": "Point", "coordinates": [-107.68498, 53.06039]}, "properties": {"twp": "047-12-W3", "prov": "SK", "total": 2, "first": 1906, "cum": [0, 0, 0, 0, 0, 0, 0, 0, 0, 0, 0, 0, 0, 0, 0, 0, 0, 0, 0, 0, 0, 0, 0, 0, 0, 1, 1, 2, 2, 2, 2, 2, 2, 2, 2, 2, 2, 2, 2, 2, 2, 2, 2, 2, 2, 2, 2, 2, 2, 2, 2, 2, 2, 2, 2, 2, 2, 2, 2, 2, 2, 2, 2, 2], "psum": [0, 0, 0, 0, 0, 0, 0, 0, 0, 0, 0, 0, 0, 0, 0, 0, 0, 0, 0, 0, 0, 0, 0, 0, 0, 8.0, 8.0, 23.0, 23.0, 23.0, 23.0, 23.0, 23.0, 23.0, 23.0, 23.0, 23.0, 23.0, 23.0, 23.0, 23.0, 23.0, 23.0, 23.0, 23.0, 23.0, 23.0, 23.0, 23.0, 23.0, 23.0, 23.0, 23.0, 23.0, 23.0, 23.0, 23.0, 23.0, 23.0, 23.0, 23.0, 23.0, 23.0, 23.0], "pcnt": [0, 0, 0, 0, 0, 0, 0, 0, 0, 0, 0, 0, 0, 0, 0, 0, 0, 0, 0, 0, 0, 0, 0, 0, 0, 1, 1, 2, 2, 2, 2, 2, 2, 2, 2, 2, 2, 2, 2, 2, 2, 2, 2, 2, 2, 2, 2, 2, 2, 2, 2, 2, 2, 2, 2, 2, 2, 2, 2, 2, 2, 2, 2, 2]}}, {"type": "Feature", "geometry": {"type": "Point", "coordinates": [-109.96547, 53.40438]}, "properties": {"twp": "051-27-W3", "prov": "SK", "total": 8, "first": 1906, "cum": [0, 0, 0, 0, 0, 0, 0, 0, 0, 0, 0, 0, 0, 0, 0, 0, 0, 0, 0, 0, 0, 0, 0, 0, 0, 2, 5, 5, 5, 7, 7, 8, 8, 8, 8, 8, 8, 8, 8, 8, 8, 8, 8, 8, 8, 8, 8, 8, 8, 8, 8, 8, 8, 8, 8, 8, 8, 8, 8, 8, 8, 8, 8, 8], "psum": [0, 0, 0, 0, 0, 0, 0, 0, 0, 0, 0, 0, 0, 0, 0, 0, 0, 0, 0, 0, 0, 0, 0, 0, 0, 20.0, 50.0, 50.0, 50.0, 80.0, 80.0, 91.0, 91.0, 91.0, 91.0, 91.0, 91.0, 91.0, 91.0, 91.0, 91.0, 91.0, 91.0, 91.0, 91.0, 91.0, 91.0, 91.0, 91.0, 91.0, 91.0, 91.0, 91.0, 91.0, 91.0, 91.0, 91.0, 91.0, 91.0, 91.0, 91.0, 91.0, 91.0, 91.0], "pcnt": [0, 0, 0, 0, 0, 0, 0, 0, 0, 0, 0, 0, 0, 0, 0, 0, 0, 0, 0, 0, 0, 0, 0, 0, 0, 2, 5, 5, 5, 7, 7, 8, 8, 8, 8, 8, 8, 8, 8, 8, 8, 8, 8, 8, 8, 8, 8, 8, 8, 8, 8, 8, 8, 8, 8, 8, 8, 8, 8, 8, 8, 8, 8, 8]}}, {"type": "Feature", "geometry": {"type": "Point", "coordinates": [-108.00106, 52.45318]}, "properties": {"twp": "040-14-W3", "prov": "SK", "total": 1, "first": 1908, "cum": [0, 0, 0, 0, 0, 0, 0, 0, 0, 0, 0, 0, 0, 0, 0, 0, 0, 0, 0, 0, 0, 0, 0, 0, 0, 0, 0, 1, 1, 1, 1, 1, 1, 1, 1, 1, 1, 1, 1, 1, 1, 1, 1, 1, 1, 1, 1, 1, 1, 1, 1, 1, 1, 1, 1, 1, 1, 1, 1, 1, 1, 1, 1, 1], "psum": [0, 0, 0, 0, 0, 0, 0, 0, 0, 0, 0, 0, 0, 0, 0, 0, 0, 0, 0, 0, 0, 0, 0, 0, 0, 0, 0, 10.0, 10.0, 10.0, 10.0, 10.0, 10.0, 10.0, 10.0, 10.0, 10.0, 10.0, 10.0, 10.0, 10.0, 10.0, 10.0, 10.0, 10.0, 10.0, 10.0, 10.0, 10.0, 10.0, 10.0, 10.0, 10.0, 10.0, 10.0, 10.0, 10.0, 10.0, 10.0, 10.0, 10.0, 10.0, 10.0, 10.0], "pcnt": [0, 0, 0, 0, 0, 0, 0, 0, 0, 0, 0, 0, 0, 0, 0, 0, 0, 0, 0, 0, 0, 0, 0, 0, 0, 0, 0, 1, 1, 1, 1, 1, 1, 1, 1, 1, 1, 1, 1, 1, 1, 1, 1, 1, 1, 1, 1, 1, 1, 1, 1, 1, 1, 1, 1, 1, 1, 1, 1, 1, 1, 1, 1, 1]}}, {"type": "Feature", "geometry": {"type": "Point", "coordinates": [-103.93321, 50.88576]}, "properties": {"twp": "022-14-W2", "prov": "SK", "total": 3, "first": 1905, "cum": [0, 0, 0, 0, 0, 0, 0, 0, 0, 0, 0, 0, 0, 0, 0, 0, 0, 0, 0, 0, 0, 0, 0, 0, 2, 2, 2, 2, 3, 3, 3, 3, 3, 3, 3, 3, 3, 3, 3, 3, 3, 3, 3, 3, 3, 3, 3, 3, 3, 3, 3, 3, 3, 3, 3, 3, 3, 3, 3, 3, 3, 3, 3, 3], "psum": [0, 0, 0, 0, 0, 0, 0, 0, 0, 0, 0, 0, 0, 0, 0, 0, 0, 0, 0, 0, 0, 0, 0, 0, 12.8, 12.8, 12.8, 12.8, 22.8, 22.8, 22.8, 22.8, 22.8, 22.8, 22.8, 22.8, 22.8, 22.8, 22.8, 22.8, 22.8, 22.8, 22.8, 22.8, 22.8, 22.8, 22.8, 22.8, 22.8, 22.8, 22.8, 22.8, 22.8, 22.8, 22.8, 22.8, 22.8, 22.8, 22.8, 22.8, 22.8, 22.8, 22.8, 22.8], "pcnt": [0, 0, 0, 0, 0, 0, 0, 0, 0, 0, 0, 0, 0, 0, 0, 0, 0, 0, 0, 0, 0, 0, 0, 0, 2, 2, 2, 2, 3, 3, 3, 3, 3, 3, 3, 3, 3, 3, 3, 3, 3, 3, 3, 3, 3, 3, 3, 3, 3, 3, 3, 3, 3, 3, 3, 3, 3, 3, 3, 3, 3, 3, 3, 3]}}, {"type": "Feature", "geometry": {"type": "Point", "coordinates": [-109.07982, 52.35128]}, "properties": {"twp": "039-22-W3", "prov": "SK", "total": 1, "first": 1910, "cum": [0, 0, 0, 0, 0, 0, 0, 0, 0, 0, 0, 0, 0, 0, 0, 0, 0, 0, 0, 0, 0, 0, 0, 0, 0, 0, 0, 0, 0, 1, 1, 1, 1, 1, 1, 1, 1, 1, 1, 1, 1, 1, 1, 1, 1, 1, 1, 1, 1, 1, 1, 1, 1, 1, 1, 1, 1, 1, 1, 1, 1, 1, 1, 1], "psum": [0, 0, 0, 0, 0, 0, 0, 0, 0, 0, 0, 0, 0, 0, 0, 0, 0, 0, 0, 0, 0, 0, 0, 0, 0, 0, 0, 0, 0, 20.0, 20.0, 20.0, 20.0, 20.0, 20.0, 20.0, 20.0, 20.0, 20.0, 20.0, 20.0, 20.0, 20.0, 20.0, 20.0, 20.0, 20.0, 20.0, 20.0, 20.0, 20.0, 20.0, 20.0, 20.0, 20.0, 20.0, 20.0, 20.0, 20.0, 20.0, 20.0, 20.0, 20.0, 20.0], "pcnt": [0, 0, 0, 0, 0, 0, 0, 0, 0, 0, 0, 0, 0, 0, 0, 0, 0, 0, 0, 0, 0, 0, 0, 0, 0, 0, 0, 0, 0, 1, 1, 1, 1, 1, 1, 1, 1, 1, 1, 1, 1, 1, 1, 1, 1, 1, 1, 1, 1, 1, 1, 1, 1, 1, 1, 1, 1, 1, 1, 1, 1, 1, 1, 1]}}, {"type": "Feature", "geometry": {"type": "Point", "coordinates": [-103.05041, 51.59688]}, "properties": {"twp": "030-08-W2", "prov": "SK", "total": 1, "first": 1911, "cum": [0, 0, 0, 0, 0, 0, 0, 0, 0, 0, 0, 0, 0, 0, 0, 0, 0, 0, 0, 0, 0, 0, 0, 0, 0, 0, 0, 0, 0, 0, 1, 1, 1, 1, 1, 1, 1, 1, 1, 1, 1, 1, 1, 1, 1, 1, 1, 1, 1, 1, 1, 1, 1, 1, 1, 1, 1, 1, 1, 1, 1, 1, 1, 1], "psum": [0, 0, 0, 0, 0, 0, 0, 0, 0, 0, 0, 0, 0, 0, 0, 0, 0, 0, 0, 0, 0, 0, 0, 0, 0, 0, 0, 0, 0, 0, 12.0, 12.0, 12.0, 12.0, 12.0, 12.0, 12.0, 12.0, 12.0, 12.0, 12.0, 12.0, 12.0, 12.0, 12.0, 12.0, 12.0, 12.0, 12.0, 12.0, 12.0, 12.0, 12.0, 12.0, 12.0, 12.0, 12.0, 12.0, 12.0, 12.0, 12.0, 12.0, 12.0, 12.0], "pcnt": [0, 0, 0, 0, 0, 0, 0, 0, 0, 0, 0, 0, 0, 0, 0, 0, 0, 0, 0, 0, 0, 0, 0, 0, 0, 0, 0, 0, 0, 0, 1, 1, 1, 1, 1, 1, 1, 1, 1, 1, 1, 1, 1, 1, 1, 1, 1, 1, 1, 1, 1, 1, 1, 1, 1, 1, 1, 1, 1, 1, 1, 1, 1, 1]}}, {"type": "Feature", "geometry": {"type": "Point", "coordinates": [-102.48021, 51.15497]}, "properties": {"twp": "025-04-W2", "prov": "SK", "total": 6, "first": 1905, "cum": [0, 0, 0, 0, 0, 0, 0, 0, 0, 0, 0, 0, 0, 0, 0, 0, 0, 0, 0, 0, 0, 0, 0, 0, 2, 6, 6, 6, 6, 6, 6, 6, 6, 6, 6, 6, 6, 6, 6, 6, 6, 6, 6, 6, 6, 6, 6, 6, 6, 6, 6, 6, 6, 6, 6, 6, 6, 6, 6, 6, 6, 6, 6, 6], "psum": [0, 0, 0, 0, 0, 0, 0, 0, 0, 0, 0, 0, 0, 0, 0, 0, 0, 0, 0, 0, 0, 0, 0, 0, 20.0, 60.0, 60.0, 60.0, 60.0, 60.0, 60.0, 60.0, 60.0, 60.0, 60.0, 60.0, 60.0, 60.0, 60.0, 60.0, 60.0, 60.0, 60.0, 60.0, 60.0, 60.0, 60.0, 60.0, 60.0, 60.0, 60.0, 60.0, 60.0, 60.0, 60.0, 60.0, 60.0, 60.0, 60.0, 60.0, 60.0, 60.0, 60.0, 60.0], "pcnt": [0, 0, 0, 0, 0, 0, 0, 0, 0, 0, 0, 0, 0, 0, 0, 0, 0, 0, 0, 0, 0, 0, 0, 0, 2, 6, 6, 6, 6, 6, 6, 6, 6, 6, 6, 6, 6, 6, 6, 6, 6, 6, 6, 6, 6, 6, 6, 6, 6, 6, 6, 6, 6, 6, 6, 6, 6, 6, 6, 6, 6, 6, 6, 6]}}, {"type": "Feature", "geometry": {"type": "Point", "coordinates": [-107.27474, 49.64733]}, "properties": {"twp": "008-10-W3", "prov": "SK", "total": 4, "first": 1903, "cum": [0, 0, 0, 0, 0, 0, 0, 0, 0, 0, 0, 0, 0, 0, 0, 0, 0, 0, 0, 0, 0, 0, 4, 4, 4, 4, 4, 4, 4, 4, 4, 4, 4, 4, 4, 4, 4, 4, 4, 4, 4, 4, 4, 4, 4, 4, 4, 4, 4, 4, 4, 4, 4, 4, 4, 4, 4, 4, 4, 4, 4, 4, 4, 4], "psum": [0, 0, 0, 0, 0, 0, 0, 0, 0, 0, 0, 0, 0, 0, 0, 0, 0, 0, 0, 0, 0, 0, 14.0, 14.0, 14.0, 14.0, 14.0, 14.0, 14.0, 14.0, 14.0, 14.0, 14.0, 14.0, 14.0, 14.0, 14.0, 14.0, 14.0, 14.0, 14.0, 14.0, 14.0, 14.0, 14.0, 14.0, 14.0, 14.0, 14.0, 14.0, 14.0, 14.0, 14.0, 14.0, 14.0, 14.0, 14.0, 14.0, 14.0, 14.0, 14.0, 14.0, 14.0, 14.0], "pcnt": [0, 0, 0, 0, 0, 0, 0, 0, 0, 0, 0, 0, 0, 0, 0, 0, 0, 0, 0, 0, 0, 0, 4, 4, 4, 4, 4, 4, 4, 4, 4, 4, 4, 4, 4, 4, 4, 4, 4, 4, 4, 4, 4, 4, 4, 4, 4, 4, 4, 4, 4, 4, 4, 4, 4, 4, 4, 4, 4, 4, 4, 4, 4, 4]}}, {"type": "Feature", "geometry": {"type": "Point", "coordinates": [-101.71472, 49.39205]}, "properties": {"twp": "005-32-W1", "prov": "SK", "total": 2, "first": 1902, "cum": [0, 0, 0, 0, 0, 0, 0, 0, 0, 0, 0, 0, 0, 0, 0, 0, 0, 0, 0, 0, 0, 2, 2, 2, 2, 2, 2, 2, 2, 2, 2, 2, 2, 2, 2, 2, 2, 2, 2, 2, 2, 2, 2, 2, 2, 2, 2, 2, 2, 2, 2, 2, 2, 2, 2, 2, 2, 2, 2, 2, 2, 2, 2, 2], "psum": [0, 0, 0, 0, 0, 0, 0, 0, 0, 0, 0, 0, 0, 0, 0, 0, 0, 0, 0, 0, 0, 6.0, 6.0, 6.0, 6.0, 6.0, 6.0, 6.0, 6.0, 6.0, 6.0, 6.0, 6.0, 6.0, 6.0, 6.0, 6.0, 6.0, 6.0, 6.0, 6.0, 6.0, 6.0, 6.0, 6.0, 6.0, 6.0, 6.0, 6.0, 6.0, 6.0, 6.0, 6.0, 6.0, 6.0, 6.0, 6.0, 6.0, 6.0, 6.0, 6.0, 6.0, 6.0, 6.0], "pcnt": [0, 0, 0, 0, 0, 0, 0, 0, 0, 0, 0, 0, 0, 0, 0, 0, 0, 0, 0, 0, 0, 2, 2, 2, 2, 2, 2, 2, 2, 2, 2, 2, 2, 2, 2, 2, 2, 2, 2, 2, 2, 2, 2, 2, 2, 2, 2, 2, 2, 2, 2, 2, 2, 2, 2, 2, 2, 2, 2, 2, 2, 2, 2, 2]}}, {"type": "Feature", "geometry": {"type": "Point", "coordinates": [-105.93747, 52.07835]}, "properties": {"twp": "036-28-W2", "prov": "SK", "total": 2, "first": 1909, "cum": [0, 0, 0, 0, 0, 0, 0, 0, 0, 0, 0, 0, 0, 0, 0, 0, 0, 0, 0, 0, 0, 0, 0, 0, 0, 0, 0, 0, 1, 2, 2, 2, 2, 2, 2, 2, 2, 2, 2, 2, 2, 2, 2, 2, 2, 2, 2, 2, 2, 2, 2, 2, 2, 2, 2, 2, 2, 2, 2, 2, 2, 2, 2, 2], "psum": [0, 0, 0, 0, 0, 0, 0, 0, 0, 0, 0, 0, 0, 0, 0, 0, 0, 0, 0, 0, 0, 0, 0, 0, 0, 0, 0, 0, 10.0, 22.0, 22.0, 22.0, 22.0, 22.0, 22.0, 22.0, 22.0, 22.0, 22.0, 22.0, 22.0, 22.0, 22.0, 22.0, 22.0, 22.0, 22.0, 22.0, 22.0, 22.0, 22.0, 22.0, 22.0, 22.0, 22.0, 22.0, 22.0, 22.0, 22.0, 22.0, 22.0, 22.0, 22.0, 22.0], "pcnt": [0, 0, 0, 0, 0, 0, 0, 0, 0, 0, 0, 0, 0, 0, 0, 0, 0, 0, 0, 0, 0, 0, 0, 0, 0, 0, 0, 0, 1, 2, 2, 2, 2, 2, 2, 2, 2, 2, 2, 2, 2, 2, 2, 2, 2, 2, 2, 2, 2, 2, 2, 2, 2, 2, 2, 2, 2, 2, 2, 2, 2, 2, 2, 2]}}, {"type": "Feature", "geometry": {"type": "Point", "coordinates": [-106.65257, 52.07462]}, "properties": {"twp": "036-05-W3", "prov": "SK", "total": 1, "first": 1902, "cum": [0, 0, 0, 0, 0, 0, 0, 0, 0, 0, 0, 0, 0, 0, 0, 0, 0, 0, 0, 0, 0, 1, 1, 1, 1, 1, 1, 1, 1, 1, 1, 1, 1, 1, 1, 1, 1, 1, 1, 1, 1, 1, 1, 1, 1, 1, 1, 1, 1, 1, 1, 1, 1, 1, 1, 1, 1, 1, 1, 1, 1, 1, 1, 1], "psum": [0, 0, 0, 0, 0, 0, 0, 0, 0, 0, 0, 0, 0, 0, 0, 0, 0, 0, 0, 0, 0, 3.5, 3.5, 3.5, 3.5, 3.5, 3.5, 3.5, 3.5, 3.5, 3.5, 3.5, 3.5, 3.5, 3.5, 3.5, 3.5, 3.5, 3.5, 3.5, 3.5, 3.5, 3.5, 3.5, 3.5, 3.5, 3.5, 3.5, 3.5, 3.5, 3.5, 3.5, 3.5, 3.5, 3.5, 3.5, 3.5, 3.5, 3.5, 3.5, 3.5, 3.5, 3.5, 3.5], "pcnt": [0, 0, 0, 0, 0, 0, 0, 0, 0, 0, 0, 0, 0, 0, 0, 0, 0, 0, 0, 0, 0, 1, 1, 1, 1, 1, 1, 1, 1, 1, 1, 1, 1, 1, 1, 1, 1, 1, 1, 1, 1, 1, 1, 1, 1, 1, 1, 1, 1, 1, 1, 1, 1, 1, 1, 1, 1, 1, 1, 1, 1, 1, 1, 1]}}, {"type": "Feature", "geometry": {"type": "Point", "coordinates": [-101.89562, 51.05286]}, "properties": {"twp": "024-32-W1", "prov": "SK", "total": 4, "first": 1906, "cum": [0, 0, 0, 0, 0, 0, 0, 0, 0, 0, 0, 0, 0, 0, 0, 0, 0, 0, 0, 0, 0, 0, 0, 0, 0, 2, 2, 2, 2, 2, 4, 4, 4, 4, 4, 4, 4, 4, 4, 4, 4, 4, 4, 4, 4, 4, 4, 4, 4, 4, 4, 4, 4, 4, 4, 4, 4, 4, 4, 4, 4, 4, 4, 4], "psum": [0, 0, 0, 0, 0, 0, 0, 0, 0, 0, 0, 0, 0, 0, 0, 0, 0, 0, 0, 0, 0, 0, 0, 0, 0, 16.0, 16.0, 16.0, 16.0, 16.0, 32.0, 32.0, 32.0, 32.0, 32.0, 32.0, 32.0, 32.0, 32.0, 32.0, 32.0, 32.0, 32.0, 32.0, 32.0, 32.0, 32.0, 32.0, 32.0, 32.0, 32.0, 32.0, 32.0, 32.0, 32.0, 32.0, 32.0, 32.0, 32.0, 32.0, 32.0, 32.0, 32.0, 32.0], "pcnt": [0, 0, 0, 0, 0, 0, 0, 0, 0, 0, 0, 0, 0, 0, 0, 0, 0, 0, 0, 0, 0, 0, 0, 0, 0, 2, 2, 2, 2, 2, 4, 4, 4, 4, 4, 4, 4, 4, 4, 4, 4, 4, 4, 4, 4, 4, 4, 4, 4, 4, 4, 4, 4, 4, 4, 4, 4, 4, 4, 4, 4, 4, 4, 4]}}, {"type": "Feature", "geometry": {"type": "Point", "coordinates": [-101.89543, 49.35756]}, "properties": {"twp": "005-33-W1", "prov": "SK", "total": 1, "first": 1893, "cum": [0, 0, 0, 0, 0, 0, 0, 0, 0, 0, 0, 0, 1, 1, 1, 1, 1, 1, 1, 1, 1, 1, 1, 1, 1, 1, 1, 1, 1, 1, 1, 1, 1, 1, 1, 1, 1, 1, 1, 1, 1, 1, 1, 1, 1, 1, 1, 1, 1, 1, 1, 1, 1, 1, 1, 1, 1, 1, 1, 1, 1, 1, 1, 1], "psum": [0, 0, 0, 0, 0, 0, 0, 0, 0, 0, 0, 0, 3.0, 3.0, 3.0, 3.0, 3.0, 3.0, 3.0, 3.0, 3.0, 3.0, 3.0, 3.0, 3.0, 3.0, 3.0, 3.0, 3.0, 3.0, 3.0, 3.0, 3.0, 3.0, 3.0, 3.0, 3.0, 3.0, 3.0, 3.0, 3.0, 3.0, 3.0, 3.0, 3.0, 3.0, 3.0, 3.0, 3.0, 3.0, 3.0, 3.0, 3.0, 3.0, 3.0, 3.0, 3.0, 3.0, 3.0, 3.0, 3.0, 3.0, 3.0, 3.0], "pcnt": [0, 0, 0, 0, 0, 0, 0, 0, 0, 0, 0, 0, 1, 1, 1, 1, 1, 1, 1, 1, 1, 1, 1, 1, 1, 1, 1, 1, 1, 1, 1, 1, 1, 1, 1, 1, 1, 1, 1, 1, 1, 1, 1, 1, 1, 1, 1, 1, 1, 1, 1, 1, 1, 1, 1, 1, 1, 1, 1, 1, 1, 1, 1, 1]}}, {"type": "Feature", "geometry": {"type": "Point", "coordinates": [-109.98262, 53.03788]}, "properties": {"twp": "047-28-W3", "prov": "SK", "total": 2, "first": 1909, "cum": [0, 0, 0, 0, 0, 0, 0, 0, 0, 0, 0, 0, 0, 0, 0, 0, 0, 0, 0, 0, 0, 0, 0, 0, 0, 0, 0, 0, 1, 1, 2, 2, 2, 2, 2, 2, 2, 2, 2, 2, 2, 2, 2, 2, 2, 2, 2, 2, 2, 2, 2, 2, 2, 2, 2, 2, 2, 2, 2, 2, 2, 2, 2, 2], "psum": [0, 0, 0, 0, 0, 0, 0, 0, 0, 0, 0, 0, 0, 0, 0, 0, 0, 0, 0, 0, 0, 0, 0, 0, 0, 0, 0, 0, 0, 0, 15.0, 15.0, 15.0, 15.0, 15.0, 15.0, 15.0, 15.0, 15.0, 15.0, 15.0, 15.0, 15.0, 15.0, 15.0, 15.0, 15.0, 15.0, 15.0, 15.0, 15.0, 15.0, 15.0, 15.0, 15.0, 15.0, 15.0, 15.0, 15.0, 15.0, 15.0, 15.0, 15.0, 15.0], "pcnt": [0, 0, 0, 0, 0, 0, 0, 0, 0, 0, 0, 0, 0, 0, 0, 0, 0, 0, 0, 0, 0, 0, 0, 0, 0, 0, 0, 0, 0, 0, 1, 1, 1, 1, 1, 1, 1, 1, 1, 1, 1, 1, 1, 1, 1, 1, 1, 1, 1, 1, 1, 1, 1, 1, 1, 1, 1, 1, 1, 1, 1, 1, 1, 1]}}, {"type": "Feature", "geometry": {"type": "Point", "coordinates": [-103.47214, 51.21963]}, "properties": {"twp": "026-11-W2", "prov": "SK", "total": 4, "first": 1910, "cum": [0, 0, 0, 0, 0, 0, 0, 0, 0, 0, 0, 0, 0, 0, 0, 0, 0, 0, 0, 0, 0, 0, 0, 0, 0, 0, 0, 0, 0, 3, 4, 4, 4, 4, 4, 4, 4, 4, 4, 4, 4, 4, 4, 4, 4, 4, 4, 4, 4, 4, 4, 4, 4, 4, 4, 4, 4, 4, 4, 4, 4, 4, 4, 4], "psum": [0, 0, 0, 0, 0, 0, 0, 0, 0, 0, 0, 0, 0, 0, 0, 0, 0, 0, 0, 0, 0, 0, 0, 0, 0, 0, 0, 0, 0, 36.0, 48.0, 48.0, 48.0, 48.0, 48.0, 48.0, 48.0, 48.0, 48.0, 48.0, 48.0, 48.0, 48.0, 48.0, 48.0, 48.0, 48.0, 48.0, 48.0, 48.0, 48.0, 48.0, 48.0, 48.0, 48.0, 48.0, 48.0, 48.0, 48.0, 48.0, 48.0, 48.0, 48.0, 48.0], "pcnt": [0, 0, 0, 0, 0, 0, 0, 0, 0, 0, 0, 0, 0, 0, 0, 0, 0, 0, 0, 0, 0, 0, 0, 0, 0, 0, 0, 0, 0, 3, 4, 4, 4, 4, 4, 4, 4, 4, 4, 4, 4, 4, 4, 4, 4, 4, 4, 4, 4, 4, 4, 4, 4, 4, 4, 4, 4, 4, 4, 4, 4, 4, 4, 4]}}, {"type": "Feature", "geometry": {"type": "Point", "coordinates": [-103.59254, 50.86438]}, "properties": {"twp": "022-12-W2", "prov": "SK", "total": 2, "first": 1898, "cum": [0, 0, 0, 0, 0, 0, 0, 0, 0, 0, 0, 0, 0, 0, 0, 0, 0, 2, 2, 2, 2, 2, 2, 2, 2, 2, 2, 2, 2, 2, 2, 2, 2, 2, 2, 2, 2, 2, 2, 2, 2, 2, 2, 2, 2, 2, 2, 2, 2, 2, 2, 2, 2, 2, 2, 2, 2, 2, 2, 2, 2, 2, 2, 2], "psum": [0, 0, 0, 0, 0, 0, 0, 0, 0, 0, 0, 0, 0, 0, 0, 0, 0, 6.0, 6.0, 6.0, 6.0, 6.0, 6.0, 6.0, 6.0, 6.0, 6.0, 6.0, 6.0, 6.0, 6.0, 6.0, 6.0, 6.0, 6.0, 6.0, 6.0, 6.0, 6.0, 6.0, 6.0, 6.0, 6.0, 6.0, 6.0, 6.0, 6.0, 6.0, 6.0, 6.0, 6.0, 6.0, 6.0, 6.0, 6.0, 6.0, 6.0, 6.0, 6.0, 6.0, 6.0, 6.0, 6.0, 6.0], "pcnt": [0, 0, 0, 0, 0, 0, 0, 0, 0, 0, 0, 0, 0, 0, 0, 0, 0, 2, 2, 2, 2, 2, 2, 2, 2, 2, 2, 2, 2, 2, 2, 2, 2, 2, 2, 2, 2, 2, 2, 2, 2, 2, 2, 2, 2, 2, 2, 2, 2, 2, 2, 2, 2, 2, 2, 2, 2, 2, 2, 2, 2, 2, 2, 2]}}, {"type": "Feature", "geometry": {"type": "Point", "coordinates": [-107.90176, 52.31463]}, "properties": {"twp": "038-14-W3", "prov": "SK", "total": 1, "first": 1911, "cum": [0, 0, 0, 0, 0, 0, 0, 0, 0, 0, 0, 0, 0, 0, 0, 0, 0, 0, 0, 0, 0, 0, 0, 0, 0, 0, 0, 0, 0, 0, 1, 1, 1, 1, 1, 1, 1, 1, 1, 1, 1, 1, 1, 1, 1, 1, 1, 1, 1, 1, 1, 1, 1, 1, 1, 1, 1, 1, 1, 1, 1, 1, 1, 1], "psum": [0, 0, 0, 0, 0, 0, 0, 0, 0, 0, 0, 0, 0, 0, 0, 0, 0, 0, 0, 0, 0, 0, 0, 0, 0, 0, 0, 0, 0, 0, 17.0, 17.0, 17.0, 17.0, 17.0, 17.0, 17.0, 17.0, 17.0, 17.0, 17.0, 17.0, 17.0, 17.0, 17.0, 17.0, 17.0, 17.0, 17.0, 17.0, 17.0, 17.0, 17.0, 17.0, 17.0, 17.0, 17.0, 17.0, 17.0, 17.0, 17.0, 17.0, 17.0, 17.0], "pcnt": [0, 0, 0, 0, 0, 0, 0, 0, 0, 0, 0, 0, 0, 0, 0, 0, 0, 0, 0, 0, 0, 0, 0, 0, 0, 0, 0, 0, 0, 0, 1, 1, 1, 1, 1, 1, 1, 1, 1, 1, 1, 1, 1, 1, 1, 1, 1, 1, 1, 1, 1, 1, 1, 1, 1, 1, 1, 1, 1, 1, 1, 1, 1, 1]}}, {"type": "Feature", "geometry": {"type": "Point", "coordinates": [-103.887, 51.6485]}, "properties": {"twp": "030-14-W2", "prov": "SK", "total": 1, "first": 1911, "cum": [0, 0, 0, 0, 0, 0, 0, 0, 0, 0, 0, 0, 0, 0, 0, 0, 0, 0, 0, 0, 0, 0, 0, 0, 0, 0, 0, 0, 0, 0, 1, 1, 1, 1, 1, 1, 1, 1, 1, 1, 1, 1, 1, 1, 1, 1, 1, 1, 1, 1, 1, 1, 1, 1, 1, 1, 1, 1, 1, 1, 1, 1, 1, 1], "psum": [0, 0, 0, 0, 0, 0, 0, 0, 0, 0, 0, 0, 0, 0, 0, 0, 0, 0, 0, 0, 0, 0, 0, 0, 0, 0, 0, 0, 0, 0, 16.0, 16.0, 16.0, 16.0, 16.0, 16.0, 16.0, 16.0, 16.0, 16.0, 16.0, 16.0, 16.0, 16.0, 16.0, 16.0, 16.0, 16.0, 16.0, 16.0, 16.0, 16.0, 16.0, 16.0, 16.0, 16.0, 16.0, 16.0, 16.0, 16.0, 16.0, 16.0, 16.0, 16.0], "pcnt": [0, 0, 0, 0, 0, 0, 0, 0, 0, 0, 0, 0, 0, 0, 0, 0, 0, 0, 0, 0, 0, 0, 0, 0, 0, 0, 0, 0, 0, 0, 1, 1, 1, 1, 1, 1, 1, 1, 1, 1, 1, 1, 1, 1, 1, 1, 1, 1, 1, 1, 1, 1, 1, 1, 1, 1, 1, 1, 1, 1, 1, 1, 1, 1]}}, {"type": "Feature", "geometry": {"type": "Point", "coordinates": [-101.61507, 51.00761]}, "properties": {"twp": "023-30-W1", "prov": "SK", "total": 7, "first": 1905, "cum": [0, 0, 0, 0, 0, 0, 0, 0, 0, 0, 0, 0, 0, 0, 0, 0, 0, 0, 0, 0, 0, 0, 0, 0, 1, 7, 7, 7, 7, 7, 7, 7, 7, 7, 7, 7, 7, 7, 7, 7, 7, 7, 7, 7, 7, 7, 7, 7, 7, 7, 7, 7, 7, 7, 7, 7, 7, 7, 7, 7, 7, 7, 7, 7], "psum": [0, 0, 0, 0, 0, 0, 0, 0, 0, 0, 0, 0, 0, 0, 0, 0, 0, 0, 0, 0, 0, 0, 0, 0, 7.0, 55.0, 55.0, 55.0, 55.0, 55.0, 55.0, 55.0, 55.0, 55.0, 55.0, 55.0, 55.0, 55.0, 55.0, 55.0, 55.0, 55.0, 55.0, 55.0, 55.0, 55.0, 55.0, 55.0, 55.0, 55.0, 55.0, 55.0, 55.0, 55.0, 55.0, 55.0, 55.0, 55.0, 55.0, 55.0, 55.0, 55.0, 55.0, 55.0], "pcnt": [0, 0, 0, 0, 0, 0, 0, 0, 0, 0, 0, 0, 0, 0, 0, 0, 0, 0, 0, 0, 0, 0, 0, 0, 1, 7, 7, 7, 7, 7, 7, 7, 7, 7, 7, 7, 7, 7, 7, 7, 7, 7, 7, 7, 7, 7, 7, 7, 7, 7, 7, 7, 7, 7, 7, 7, 7, 7, 7, 7, 7, 7, 7, 7]}}, {"type": "Feature", "geometry": {"type": "Point", "coordinates": [-102.59049, 50.56779]}, "properties": {"twp": "018-05-W2", "prov": "SK", "total": 2, "first": 1899, "cum": [0, 0, 0, 0, 0, 0, 0, 0, 0, 0, 0, 0, 0, 0, 0, 0, 0, 0, 1, 1, 1, 1, 1, 1, 2, 2, 2, 2, 2, 2, 2, 2, 2, 2, 2, 2, 2, 2, 2, 2, 2, 2, 2, 2, 2, 2, 2, 2, 2, 2, 2, 2, 2, 2, 2, 2, 2, 2, 2, 2, 2, 2, 2, 2], "psum": [0, 0, 0, 0, 0, 0, 0, 0, 0, 0, 0, 0, 0, 0, 0, 0, 0, 0, 2.7, 2.7, 2.7, 2.7, 2.7, 2.7, 8.7, 8.7, 8.7, 8.7, 8.7, 8.7, 8.7, 8.7, 8.7, 8.7, 8.7, 8.7, 8.7, 8.7, 8.7, 8.7, 8.7, 8.7, 8.7, 8.7, 8.7, 8.7, 8.7, 8.7, 8.7, 8.7, 8.7, 8.7, 8.7, 8.7, 8.7, 8.7, 8.7, 8.7, 8.7, 8.7, 8.7, 8.7, 8.7, 8.7], "pcnt": [0, 0, 0, 0, 0, 0, 0, 0, 0, 0, 0, 0, 0, 0, 0, 0, 0, 0, 1, 1, 1, 1, 1, 1, 2, 2, 2, 2, 2, 2, 2, 2, 2, 2, 2, 2, 2, 2, 2, 2, 2, 2, 2, 2, 2, 2, 2, 2, 2, 2, 2, 2, 2, 2, 2, 2, 2, 2, 2, 2, 2, 2, 2, 2]}}, {"type": "Feature", "geometry": {"type": "Point", "coordinates": [-105.89556, 50.39319]}, "properties": {"twp": "016-29-W2", "prov": "SK", "total": 2, "first": 1902, "cum": [0, 0, 0, 0, 0, 0, 0, 0, 0, 0, 0, 0, 0, 0, 0, 0, 0, 0, 0, 0, 0, 2, 2, 2, 2, 2, 2, 2, 2, 2, 2, 2, 2, 2, 2, 2, 2, 2, 2, 2, 2, 2, 2, 2, 2, 2, 2, 2, 2, 2, 2, 2, 2, 2, 2, 2, 2, 2, 2, 2, 2, 2, 2, 2], "psum": [0, 0, 0, 0, 0, 0, 0, 0, 0, 0, 0, 0, 0, 0, 0, 0, 0, 0, 0, 0, 0, 6.0, 6.0, 6.0, 6.0, 6.0, 6.0, 6.0, 6.0, 6.0, 6.0, 6.0, 6.0, 6.0, 6.0, 6.0, 6.0, 6.0, 6.0, 6.0, 6.0, 6.0, 6.0, 6.0, 6.0, 6.0, 6.0, 6.0, 6.0, 6.0, 6.0, 6.0, 6.0, 6.0, 6.0, 6.0, 6.0, 6.0, 6.0, 6.0, 6.0, 6.0, 6.0, 6.0], "pcnt": [0, 0, 0, 0, 0, 0, 0, 0, 0, 0, 0, 0, 0, 0, 0, 0, 0, 0, 0, 0, 0, 2, 2, 2, 2, 2, 2, 2, 2, 2, 2, 2, 2, 2, 2, 2, 2, 2, 2, 2, 2, 2, 2, 2, 2, 2, 2, 2, 2, 2, 2, 2, 2, 2, 2, 2, 2, 2, 2, 2, 2, 2, 2, 2]}}, {"type": "Feature", "geometry": {"type": "Point", "coordinates": [-107.23805, 52.91845]}, "properties": {"twp": "045-09-W3", "prov": "SK", "total": 2, "first": 1910, "cum": [0, 0, 0, 0, 0, 0, 0, 0, 0, 0, 0, 0, 0, 0, 0, 0, 0, 0, 0, 0, 0, 0, 0, 0, 0, 0, 0, 0, 0, 2, 2, 2, 2, 2, 2, 2, 2, 2, 2, 2, 2, 2, 2, 2, 2, 2, 2, 2, 2, 2, 2, 2, 2, 2, 2, 2, 2, 2, 2, 2, 2, 2, 2, 2], "psum": [0, 0, 0, 0, 0, 0, 0, 0, 0, 0, 0, 0, 0, 0, 0, 0, 0, 0, 0, 0, 0, 0, 0, 0, 0, 0, 0, 0, 0, 22.0, 22.0, 22.0, 22.0, 22.0, 22.0, 22.0, 22.0, 22.0, 22.0, 22.0, 22.0, 22.0, 22.0, 22.0, 22.0, 22.0, 22.0, 22.0, 22.0, 22.0, 22.0, 22.0, 22.0, 22.0, 22.0, 22.0, 22.0, 22.0, 22.0, 22.0, 22.0, 22.0, 22.0, 22.0], "pcnt": [0, 0, 0, 0, 0, 0, 0, 0, 0, 0, 0, 0, 0, 0, 0, 0, 0, 0, 0, 0, 0, 0, 0, 0, 0, 0, 0, 0, 0, 2, 2, 2, 2, 2, 2, 2, 2, 2, 2, 2, 2, 2, 2, 2, 2, 2, 2, 2, 2, 2, 2, 2, 2, 2, 2, 2, 2, 2, 2, 2, 2, 2, 2, 2]}}, {"type": "Feature", "geometry": {"type": "Point", "coordinates": [-108.53404, 52.48939]}, "properties": {"twp": "040-18-W3", "prov": "SK", "total": 2, "first": 1910, "cum": [0, 0, 0, 0, 0, 0, 0, 0, 0, 0, 0, 0, 0, 0, 0, 0, 0, 0, 0, 0, 0, 0, 0, 0, 0, 0, 0, 0, 0, 2, 2, 2, 2, 2, 2, 2, 2, 2, 2, 2, 2, 2, 2, 2, 2, 2, 2, 2, 2, 2, 2, 2, 2, 2, 2, 2, 2, 2, 2, 2, 2, 2, 2, 2], "psum": [0, 0, 0, 0, 0, 0, 0, 0, 0, 0, 0, 0, 0, 0, 0, 0, 0, 0, 0, 0, 0, 0, 0, 0, 0, 0, 0, 0, 0, 29.0, 29.0, 29.0, 29.0, 29.0, 29.0, 29.0, 29.0, 29.0, 29.0, 29.0, 29.0, 29.0, 29.0, 29.0, 29.0, 29.0, 29.0, 29.0, 29.0, 29.0, 29.0, 29.0, 29.0, 29.0, 29.0, 29.0, 29.0, 29.0, 29.0, 29.0, 29.0, 29.0, 29.0, 29.0], "pcnt": [0, 0, 0, 0, 0, 0, 0, 0, 0, 0, 0, 0, 0, 0, 0, 0, 0, 0, 0, 0, 0, 0, 0, 0, 0, 0, 0, 0, 0, 2, 2, 2, 2, 2, 2, 2, 2, 2, 2, 2, 2, 2, 2, 2, 2, 2, 2, 2, 2, 2, 2, 2, 2, 2, 2, 2, 2, 2, 2, 2, 2, 2, 2, 2]}}, {"type": "Feature", "geometry": {"type": "Point", "coordinates": [-108.33876, 53.18705]}, "properties": {"twp": "048-16-W3", "prov": "SK", "total": 1, "first": 1910, "cum": [0, 0, 0, 0, 0, 0, 0, 0, 0, 0, 0, 0, 0, 0, 0, 0, 0, 0, 0, 0, 0, 0, 0, 0, 0, 0, 0, 0, 0, 1, 1, 1, 1, 1, 1, 1, 1, 1, 1, 1, 1, 1, 1, 1, 1, 1, 1, 1, 1, 1, 1, 1, 1, 1, 1, 1, 1, 1, 1, 1, 1, 1, 1, 1], "psum": [0, 0, 0, 0, 0, 0, 0, 0, 0, 0, 0, 0, 0, 0, 0, 0, 0, 0, 0, 0, 0, 0, 0, 0, 0, 0, 0, 0, 0, 10.0, 10.0, 10.0, 10.0, 10.0, 10.0, 10.0, 10.0, 10.0, 10.0, 10.0, 10.0, 10.0, 10.0, 10.0, 10.0, 10.0, 10.0, 10.0, 10.0, 10.0, 10.0, 10.0, 10.0, 10.0, 10.0, 10.0, 10.0, 10.0, 10.0, 10.0, 10.0, 10.0, 10.0, 10.0], "pcnt": [0, 0, 0, 0, 0, 0, 0, 0, 0, 0, 0, 0, 0, 0, 0, 0, 0, 0, 0, 0, 0, 0, 0, 0, 0, 0, 0, 0, 0, 1, 1, 1, 1, 1, 1, 1, 1, 1, 1, 1, 1, 1, 1, 1, 1, 1, 1, 1, 1, 1, 1, 1, 1, 1, 1, 1, 1, 1, 1, 1, 1, 1, 1, 1]}}, {"type": "Feature", "geometry": {"type": "Point", "coordinates": [-109.82177, 50.04417]}, "properties": {"twp": "012-28-W3", "prov": "SK", "total": 4, "first": 1907, "cum": [0, 0, 0, 0, 0, 0, 0, 0, 0, 0, 0, 0, 0, 0, 0, 0, 0, 0, 0, 0, 0, 0, 0, 0, 0, 0, 1, 1, 1, 2, 4, 4, 4, 4, 4, 4, 4, 4, 4, 4, 4, 4, 4, 4, 4, 4, 4, 4, 4, 4, 4, 4, 4, 4, 4, 4, 4, 4, 4, 4, 4, 4, 4, 4], "psum": [0, 0, 0, 0, 0, 0, 0, 0, 0, 0, 0, 0, 0, 0, 0, 0, 0, 0, 0, 0, 0, 0, 0, 0, 0, 0, 250.0, 250.0, 250.0, 270.0, 345.0, 345.0, 345.0, 345.0, 345.0, 345.0, 345.0, 345.0, 345.0, 345.0, 345.0, 345.0, 345.0, 345.0, 345.0, 345.0, 345.0, 345.0, 345.0, 345.0, 345.0, 345.0, 345.0, 345.0, 345.0, 345.0, 345.0, 345.0, 345.0, 345.0, 345.0, 345.0, 345.0, 345.0], "pcnt": [0, 0, 0, 0, 0, 0, 0, 0, 0, 0, 0, 0, 0, 0, 0, 0, 0, 0, 0, 0, 0, 0, 0, 0, 0, 0, 1, 1, 1, 2, 4, 4, 4, 4, 4, 4, 4, 4, 4, 4, 4, 4, 4, 4, 4, 4, 4, 4, 4, 4, 4, 4, 4, 4, 4, 4, 4, 4, 4, 4, 4, 4, 4, 4]}}, {"type": "Feature", "geometry": {"type": "Point", "coordinates": [-109.11105, 49.78193]}, "properties": {"twp": "009-23-W3", "prov": "SK", "total": 2, "first": 1903, "cum": [0, 0, 0, 0, 0, 0, 0, 0, 0, 0, 0, 0, 0, 0, 0, 0, 0, 0, 0, 0, 0, 0, 2, 2, 2, 2, 2, 2, 2, 2, 2, 2, 2, 2, 2, 2, 2, 2, 2, 2, 2, 2, 2, 2, 2, 2, 2, 2, 2, 2, 2, 2, 2, 2, 2, 2, 2, 2, 2, 2, 2, 2, 2, 2], "psum": [0, 0, 0, 0, 0, 0, 0, 0, 0, 0, 0, 0, 0, 0, 0, 0, 0, 0, 0, 0, 0, 0, 7.0, 7.0, 7.0, 7.0, 7.0, 7.0, 7.0, 7.0, 7.0, 7.0, 7.0, 7.0, 7.0, 7.0, 7.0, 7.0, 7.0, 7.0, 7.0, 7.0, 7.0, 7.0, 7.0, 7.0, 7.0, 7.0, 7.0, 7.0, 7.0, 7.0, 7.0, 7.0, 7.0, 7.0, 7.0, 7.0, 7.0, 7.0, 7.0, 7.0, 7.0, 7.0], "pcnt": [0, 0, 0, 0, 0, 0, 0, 0, 0, 0, 0, 0, 0, 0, 0, 0, 0, 0, 0, 0, 0, 0, 2, 2, 2, 2, 2, 2, 2, 2, 2, 2, 2, 2, 2, 2, 2, 2, 2, 2, 2, 2, 2, 2, 2, 2, 2, 2, 2, 2, 2, 2, 2, 2, 2, 2, 2, 2, 2, 2, 2, 2, 2, 2]}}, {"type": "Feature", "geometry": {"type": "Point", "coordinates": [-109.91592, 52.37769]}, "properties": {"twp": "039-28-W3", "prov": "SK", "total": 6, "first": 1910, "cum": [0, 0, 0, 0, 0, 0, 0, 0, 0, 0, 0, 0, 0, 0, 0, 0, 0, 0, 0, 0, 0, 0, 0, 0, 0, 0, 0, 0, 0, 6, 6, 6, 6, 6, 6, 6, 6, 6, 6, 6, 6, 6, 6, 6, 6, 6, 6, 6, 6, 6, 6, 6, 6, 6, 6, 6, 6, 6, 6, 6, 6, 6, 6, 6], "psum": [0, 0, 0, 0, 0, 0, 0, 0, 0, 0, 0, 0, 0, 0, 0, 0, 0, 0, 0, 0, 0, 0, 0, 0, 0, 0, 0, 0, 0, 90.0, 90.0, 90.0, 90.0, 90.0, 90.0, 90.0, 90.0, 90.0, 90.0, 90.0, 90.0, 90.0, 90.0, 90.0, 90.0, 90.0, 90.0, 90.0, 90.0, 90.0, 90.0, 90.0, 90.0, 90.0, 90.0, 90.0, 90.0, 90.0, 90.0, 90.0, 90.0, 90.0, 90.0, 90.0], "pcnt": [0, 0, 0, 0, 0, 0, 0, 0, 0, 0, 0, 0, 0, 0, 0, 0, 0, 0, 0, 0, 0, 0, 0, 0, 0, 0, 0, 0, 0, 6, 6, 6, 6, 6, 6, 6, 6, 6, 6, 6, 6, 6, 6, 6, 6, 6, 6, 6, 6, 6, 6, 6, 6, 6, 6, 6, 6, 6, 6, 6, 6, 6, 6, 6]}}, {"type": "Feature", "geometry": {"type": "Point", "coordinates": [-109.43389, 53.42074]}, "properties": {"twp": "051-24-W3", "prov": "SK", "total": 4, "first": 1910, "cum": [0, 0, 0, 0, 0, 0, 0, 0, 0, 0, 0, 0, 0, 0, 0, 0, 0, 0, 0, 0, 0, 0, 0, 0, 0, 0, 0, 0, 0, 4, 4, 4, 4, 4, 4, 4, 4, 4, 4, 4, 4, 4, 4, 4, 4, 4, 4, 4, 4, 4, 4, 4, 4, 4, 4, 4, 4, 4, 4, 4, 4, 4, 4, 4], "psum": [0, 0, 0, 0, 0, 0, 0, 0, 0, 0, 0, 0, 0, 0, 0, 0, 0, 0, 0, 0, 0, 0, 0, 0, 0, 0, 0, 0, 0, 40.0, 40.0, 40.0, 40.0, 40.0, 40.0, 40.0, 40.0, 40.0, 40.0, 40.0, 40.0, 40.0, 40.0, 40.0, 40.0, 40.0, 40.0, 40.0, 40.0, 40.0, 40.0, 40.0, 40.0, 40.0, 40.0, 40.0, 40.0, 40.0, 40.0, 40.0, 40.0, 40.0, 40.0, 40.0], "pcnt": [0, 0, 0, 0, 0, 0, 0, 0, 0, 0, 0, 0, 0, 0, 0, 0, 0, 0, 0, 0, 0, 0, 0, 0, 0, 0, 0, 0, 0, 4, 4, 4, 4, 4, 4, 4, 4, 4, 4, 4, 4, 4, 4, 4, 4, 4, 4, 4, 4, 4, 4, 4, 4, 4, 4, 4, 4, 4, 4, 4, 4, 4, 4, 4]}}, {"type": "Feature", "geometry": {"type": "Point", "coordinates": [-107.35688, 52.89168]}, "properties": {"twp": "045-10-W3", "prov": "SK", "total": 3, "first": 1910, "cum": [0, 0, 0, 0, 0, 0, 0, 0, 0, 0, 0, 0, 0, 0, 0, 0, 0, 0, 0, 0, 0, 0, 0, 0, 0, 0, 0, 0, 0, 2, 3, 3, 3, 3, 3, 3, 3, 3, 3, 3, 3, 3, 3, 3, 3, 3, 3, 3, 3, 3, 3, 3, 3, 3, 3, 3, 3, 3, 3, 3, 3, 3, 3, 3], "psum": [0, 0, 0, 0, 0, 0, 0, 0, 0, 0, 0, 0, 0, 0, 0, 0, 0, 0, 0, 0, 0, 0, 0, 0, 0, 0, 0, 0, 0, 24.0, 35.0, 35.0, 35.0, 35.0, 35.0, 35.0, 35.0, 35.0, 35.0, 35.0, 35.0, 35.0, 35.0, 35.0, 35.0, 35.0, 35.0, 35.0, 35.0, 35.0, 35.0, 35.0, 35.0, 35.0, 35.0, 35.0, 35.0, 35.0, 35.0, 35.0, 35.0, 35.0, 35.0, 35.0], "pcnt": [0, 0, 0, 0, 0, 0, 0, 0, 0, 0, 0, 0, 0, 0, 0, 0, 0, 0, 0, 0, 0, 0, 0, 0, 0, 0, 0, 0, 0, 2, 3, 3, 3, 3, 3, 3, 3, 3, 3, 3, 3, 3, 3, 3, 3, 3, 3, 3, 3, 3, 3, 3, 3, 3, 3, 3, 3, 3, 3, 3, 3, 3, 3, 3]}}, {"type": "Feature", "geometry": {"type": "Point", "coordinates": [-103.26209, 49.31522]}, "properties": {"twp": "004-10-W2", "prov": "SK", "total": 2, "first": 1902, "cum": [0, 0, 0, 0, 0, 0, 0, 0, 0, 0, 0, 0, 0, 0, 0, 0, 0, 0, 0, 0, 0, 2, 2, 2, 2, 2, 2, 2, 2, 2, 2, 2, 2, 2, 2, 2, 2, 2, 2, 2, 2, 2, 2, 2, 2, 2, 2, 2, 2, 2, 2, 2, 2, 2, 2, 2, 2, 2, 2, 2, 2, 2, 2, 2], "psum": [0, 0, 0, 0, 0, 0, 0, 0, 0, 0, 0, 0, 0, 0, 0, 0, 0, 0, 0, 0, 0, 26.3, 26.3, 26.3, 26.3, 26.3, 26.3, 26.3, 26.3, 26.3, 26.3, 26.3, 26.3, 26.3, 26.3, 26.3, 26.3, 26.3, 26.3, 26.3, 26.3, 26.3, 26.3, 26.3, 26.3, 26.3, 26.3, 26.3, 26.3, 26.3, 26.3, 26.3, 26.3, 26.3, 26.3, 26.3, 26.3, 26.3, 26.3, 26.3, 26.3, 26.3, 26.3, 26.3], "pcnt": [0, 0, 0, 0, 0, 0, 0, 0, 0, 0, 0, 0, 0, 0, 0, 0, 0, 0, 0, 0, 0, 2, 2, 2, 2, 2, 2, 2, 2, 2, 2, 2, 2, 2, 2, 2, 2, 2, 2, 2, 2, 2, 2, 2, 2, 2, 2, 2, 2, 2, 2, 2, 2, 2, 2, 2, 2, 2, 2, 2, 2, 2, 2, 2]}}, {"type": "Feature", "geometry": {"type": "Point", "coordinates": [-109.97776, 52.45967]}, "properties": {"twp": "040-28-W3", "prov": "SK", "total": 1, "first": 1910, "cum": [0, 0, 0, 0, 0, 0, 0, 0, 0, 0, 0, 0, 0, 0, 0, 0, 0, 0, 0, 0, 0, 0, 0, 0, 0, 0, 0, 0, 0, 1, 1, 1, 1, 1, 1, 1, 1, 1, 1, 1, 1, 1, 1, 1, 1, 1, 1, 1, 1, 1, 1, 1, 1, 1, 1, 1, 1, 1, 1, 1, 1, 1, 1, 1], "psum": [0, 0, 0, 0, 0, 0, 0, 0, 0, 0, 0, 0, 0, 0, 0, 0, 0, 0, 0, 0, 0, 0, 0, 0, 0, 0, 0, 0, 0, 10.0, 10.0, 10.0, 10.0, 10.0, 10.0, 10.0, 10.0, 10.0, 10.0, 10.0, 10.0, 10.0, 10.0, 10.0, 10.0, 10.0, 10.0, 10.0, 10.0, 10.0, 10.0, 10.0, 10.0, 10.0, 10.0, 10.0, 10.0, 10.0, 10.0, 10.0, 10.0, 10.0, 10.0, 10.0], "pcnt": [0, 0, 0, 0, 0, 0, 0, 0, 0, 0, 0, 0, 0, 0, 0, 0, 0, 0, 0, 0, 0, 0, 0, 0, 0, 0, 0, 0, 0, 1, 1, 1, 1, 1, 1, 1, 1, 1, 1, 1, 1, 1, 1, 1, 1, 1, 1, 1, 1, 1, 1, 1, 1, 1, 1, 1, 1, 1, 1, 1, 1, 1, 1, 1]}}, {"type": "Feature", "geometry": {"type": "Point", "coordinates": [-109.13348, 50.18983]}, "properties": {"twp": "014-23-W3", "prov": "SK", "total": 8, "first": 1903, "cum": [0, 0, 0, 0, 0, 0, 0, 0, 0, 0, 0, 0, 0, 0, 0, 0, 0, 0, 0, 0, 0, 0, 8, 8, 8, 8, 8, 8, 8, 8, 8, 8, 8, 8, 8, 8, 8, 8, 8, 8, 8, 8, 8, 8, 8, 8, 8, 8, 8, 8, 8, 8, 8, 8, 8, 8, 8, 8, 8, 8, 8, 8, 8, 8], "psum": [0, 0, 0, 0, 0, 0, 0, 0, 0, 0, 0, 0, 0, 0, 0, 0, 0, 0, 0, 0, 0, 0, 28.0, 28.0, 28.0, 28.0, 28.0, 28.0, 28.0, 28.0, 28.0, 28.0, 28.0, 28.0, 28.0, 28.0, 28.0, 28.0, 28.0, 28.0, 28.0, 28.0, 28.0, 28.0, 28.0, 28.0, 28.0, 28.0, 28.0, 28.0, 28.0, 28.0, 28.0, 28.0, 28.0, 28.0, 28.0, 28.0, 28.0, 28.0, 28.0, 28.0, 28.0, 28.0], "pcnt": [0, 0, 0, 0, 0, 0, 0, 0, 0, 0, 0, 0, 0, 0, 0, 0, 0, 0, 0, 0, 0, 0, 8, 8, 8, 8, 8, 8, 8, 8, 8, 8, 8, 8, 8, 8, 8, 8, 8, 8, 8, 8, 8, 8, 8, 8, 8, 8, 8, 8, 8, 8, 8, 8, 8, 8, 8, 8, 8, 8, 8, 8, 8, 8]}}, {"type": "Feature", "geometry": {"type": "Point", "coordinates": [-108.45065, 50.10236]}, "properties": {"twp": "013-18-W3", "prov": "SK", "total": 2, "first": 1904, "cum": [0, 0, 0, 0, 0, 0, 0, 0, 0, 0, 0, 0, 0, 0, 0, 0, 0, 0, 0, 0, 0, 0, 0, 2, 2, 2, 2, 2, 2, 2, 2, 2, 2, 2, 2, 2, 2, 2, 2, 2, 2, 2, 2, 2, 2, 2, 2, 2, 2, 2, 2, 2, 2, 2, 2, 2, 2, 2, 2, 2, 2, 2, 2, 2], "psum": [0, 0, 0, 0, 0, 0, 0, 0, 0, 0, 0, 0, 0, 0, 0, 0, 0, 0, 0, 0, 0, 0, 0, 6.8, 6.8, 6.8, 6.8, 6.8, 6.8, 6.8, 6.8, 6.8, 6.8, 6.8, 6.8, 6.8, 6.8, 6.8, 6.8, 6.8, 6.8, 6.8, 6.8, 6.8, 6.8, 6.8, 6.8, 6.8, 6.8, 6.8, 6.8, 6.8, 6.8, 6.8, 6.8, 6.8, 6.8, 6.8, 6.8, 6.8, 6.8, 6.8, 6.8, 6.8], "pcnt": [0, 0, 0, 0, 0, 0, 0, 0, 0, 0, 0, 0, 0, 0, 0, 0, 0, 0, 0, 0, 0, 0, 0, 2, 2, 2, 2, 2, 2, 2, 2, 2, 2, 2, 2, 2, 2, 2, 2, 2, 2, 2, 2, 2, 2, 2, 2, 2, 2, 2, 2, 2, 2, 2, 2, 2, 2, 2, 2, 2, 2, 2, 2, 2]}}, {"type": "Feature", "geometry": {"type": "Point", "coordinates": [-107.79663, 53.15803]}, "properties": {"twp": "048-13-W3", "prov": "SK", "total": 2, "first": 1906, "cum": [0, 0, 0, 0, 0, 0, 0, 0, 0, 0, 0, 0, 0, 0, 0, 0, 0, 0, 0, 0, 0, 0, 0, 0, 0, 1, 1, 1, 1, 1, 1, 2, 2, 2, 2, 2, 2, 2, 2, 2, 2, 2, 2, 2, 2, 2, 2, 2, 2, 2, 2, 2, 2, 2, 2, 2, 2, 2, 2, 2, 2, 2, 2, 2], "psum": [0, 0, 0, 0, 0, 0, 0, 0, 0, 0, 0, 0, 0, 0, 0, 0, 0, 0, 0, 0, 0, 0, 0, 0, 0, 8.0, 8.0, 8.0, 8.0, 8.0, 8.0, 23.0, 23.0, 23.0, 23.0, 23.0, 23.0, 23.0, 23.0, 23.0, 23.0, 23.0, 23.0, 23.0, 23.0, 23.0, 23.0, 23.0, 23.0, 23.0, 23.0, 23.0, 23.0, 23.0, 23.0, 23.0, 23.0, 23.0, 23.0, 23.0, 23.0, 23.0, 23.0, 23.0], "pcnt": [0, 0, 0, 0, 0, 0, 0, 0, 0, 0, 0, 0, 0, 0, 0, 0, 0, 0, 0, 0, 0, 0, 0, 0, 0, 1, 1, 1, 1, 1, 1, 2, 2, 2, 2, 2, 2, 2, 2, 2, 2, 2, 2, 2, 2, 2, 2, 2, 2, 2, 2, 2, 2, 2, 2, 2, 2, 2, 2, 2, 2, 2, 2, 2]}}, {"type": "Feature", "geometry": {"type": "Point", "coordinates": [-109.78011, 53.48863]}, "properties": {"twp": "052-26-W3", "prov": "SK", "total": 3, "first": 1907, "cum": [0, 0, 0, 0, 0, 0, 0, 0, 0, 0, 0, 0, 0, 0, 0, 0, 0, 0, 0, 0, 0, 0, 0, 0, 0, 0, 2, 2, 2, 2, 3, 3, 3, 3, 3, 3, 3, 3, 3, 3, 3, 3, 3, 3, 3, 3, 3, 3, 3, 3, 3, 3, 3, 3, 3, 3, 3, 3, 3, 3, 3, 3, 3, 3], "psum": [0, 0, 0, 0, 0, 0, 0, 0, 0, 0, 0, 0, 0, 0, 0, 0, 0, 0, 0, 0, 0, 0, 0, 0, 0, 0, 20.0, 20.0, 20.0, 20.0, 40.0, 40.0, 40.0, 40.0, 40.0, 40.0, 40.0, 40.0, 40.0, 40.0, 40.0, 40.0, 40.0, 40.0, 40.0, 40.0, 40.0, 40.0, 40.0, 40.0, 40.0, 40.0, 40.0, 40.0, 40.0, 40.0, 40.0, 40.0, 40.0, 40.0, 40.0, 40.0, 40.0, 40.0], "pcnt": [0, 0, 0, 0, 0, 0, 0, 0, 0, 0, 0, 0, 0, 0, 0, 0, 0, 0, 0, 0, 0, 0, 0, 0, 0, 0, 2, 2, 2, 2, 3, 3, 3, 3, 3, 3, 3, 3, 3, 3, 3, 3, 3, 3, 3, 3, 3, 3, 3, 3, 3, 3, 3, 3, 3, 3, 3, 3, 3, 3, 3, 3, 3, 3]}}, {"type": "Feature", "geometry": {"type": "Point", "coordinates": [-103.22711, 51.58933]}, "properties": {"twp": "030-09-W2", "prov": "SK", "total": 2, "first": 1909, "cum": [0, 0, 0, 0, 0, 0, 0, 0, 0, 0, 0, 0, 0, 0, 0, 0, 0, 0, 0, 0, 0, 0, 0, 0, 0, 0, 0, 0, 1, 1, 2, 2, 2, 2, 2, 2, 2, 2, 2, 2, 2, 2, 2, 2, 2, 2, 2, 2, 2, 2, 2, 2, 2, 2, 2, 2, 2, 2, 2, 2, 2, 2, 2, 2], "psum": [0, 0, 0, 0, 0, 0, 0, 0, 0, 0, 0, 0, 0, 0, 0, 0, 0, 0, 0, 0, 0, 0, 0, 0, 0, 0, 0, 0, 25.0, 25.0, 35.0, 35.0, 35.0, 35.0, 35.0, 35.0, 35.0, 35.0, 35.0, 35.0, 35.0, 35.0, 35.0, 35.0, 35.0, 35.0, 35.0, 35.0, 35.0, 35.0, 35.0, 35.0, 35.0, 35.0, 35.0, 35.0, 35.0, 35.0, 35.0, 35.0, 35.0, 35.0, 35.0, 35.0], "pcnt": [0, 0, 0, 0, 0, 0, 0, 0, 0, 0, 0, 0, 0, 0, 0, 0, 0, 0, 0, 0, 0, 0, 0, 0, 0, 0, 0, 0, 1, 1, 2, 2, 2, 2, 2, 2, 2, 2, 2, 2, 2, 2, 2, 2, 2, 2, 2, 2, 2, 2, 2, 2, 2, 2, 2, 2, 2, 2, 2, 2, 2, 2, 2, 2]}}, {"type": "Feature", "geometry": {"type": "Point", "coordinates": [-107.04934, 50.42281]}, "properties": {"twp": "017-08-W3", "prov": "SK", "total": 3, "first": 1910, "cum": [0, 0, 0, 0, 0, 0, 0, 0, 0, 0, 0, 0, 0, 0, 0, 0, 0, 0, 0, 0, 0, 0, 0, 0, 0, 0, 0, 0, 0, 3, 3, 3, 3, 3, 3, 3, 3, 3, 3, 3, 3, 3, 3, 3, 3, 3, 3, 3, 3, 3, 3, 3, 3, 3, 3, 3, 3, 3, 3, 3, 3, 3, 3, 3], "psum": [0, 0, 0, 0, 0, 0, 0, 0, 0, 0, 0, 0, 0, 0, 0, 0, 0, 0, 0, 0, 0, 0, 0, 0, 0, 0, 0, 0, 0, 65.0, 65.0, 65.0, 65.0, 65.0, 65.0, 65.0, 65.0, 65.0, 65.0, 65.0, 65.0, 65.0, 65.0, 65.0, 65.0, 65.0, 65.0, 65.0, 65.0, 65.0, 65.0, 65.0, 65.0, 65.0, 65.0, 65.0, 65.0, 65.0, 65.0, 65.0, 65.0, 65.0, 65.0, 65.0], "pcnt": [0, 0, 0, 0, 0, 0, 0, 0, 0, 0, 0, 0, 0, 0, 0, 0, 0, 0, 0, 0, 0, 0, 0, 0, 0, 0, 0, 0, 0, 3, 3, 3, 3, 3, 3, 3, 3, 3, 3, 3, 3, 3, 3, 3, 3, 3, 3, 3, 3, 3, 3, 3, 3, 3, 3, 3, 3, 3, 3, 3, 3, 3, 3, 3]}}, {"type": "Feature", "geometry": {"type": "Point", "coordinates": [-109.90712, 49.98588]}, "properties": {"twp": "012-29-W3", "prov": "SK", "total": 6, "first": 1903, "cum": [0, 0, 0, 0, 0, 0, 0, 0, 0, 0, 0, 0, 0, 0, 0, 0, 0, 0, 0, 0, 0, 0, 6, 6, 6, 6, 6, 6, 6, 6, 6, 6, 6, 6, 6, 6, 6, 6, 6, 6, 6, 6, 6, 6, 6, 6, 6, 6, 6, 6, 6, 6, 6, 6, 6, 6, 6, 6, 6, 6, 6, 6, 6, 6], "psum": [0, 0, 0, 0, 0, 0, 0, 0, 0, 0, 0, 0, 0, 0, 0, 0, 0, 0, 0, 0, 0, 0, 21.0, 21.0, 21.0, 21.0, 21.0, 21.0, 21.0, 21.0, 21.0, 21.0, 21.0, 21.0, 21.0, 21.0, 21.0, 21.0, 21.0, 21.0, 21.0, 21.0, 21.0, 21.0, 21.0, 21.0, 21.0, 21.0, 21.0, 21.0, 21.0, 21.0, 21.0, 21.0, 21.0, 21.0, 21.0, 21.0, 21.0, 21.0, 21.0, 21.0, 21.0, 21.0], "pcnt": [0, 0, 0, 0, 0, 0, 0, 0, 0, 0, 0, 0, 0, 0, 0, 0, 0, 0, 0, 0, 0, 0, 6, 6, 6, 6, 6, 6, 6, 6, 6, 6, 6, 6, 6, 6, 6, 6, 6, 6, 6, 6, 6, 6, 6, 6, 6, 6, 6, 6, 6, 6, 6, 6, 6, 6, 6, 6, 6, 6, 6, 6, 6, 6]}}, {"type": "Feature", "geometry": {"type": "Point", "coordinates": [-102.41242, 50.70477]}, "properties": {"twp": "020-03-W2", "prov": "SK", "total": 8, "first": 1902, "cum": [0, 0, 0, 0, 0, 0, 0, 0, 0, 0, 0, 0, 0, 0, 0, 0, 0, 0, 0, 0, 0, 8, 8, 8, 8, 8, 8, 8, 8, 8, 8, 8, 8, 8, 8, 8, 8, 8, 8, 8, 8, 8, 8, 8, 8, 8, 8, 8, 8, 8, 8, 8, 8, 8, 8, 8, 8, 8, 8, 8, 8, 8, 8, 8], "psum": [0, 0, 0, 0, 0, 0, 0, 0, 0, 0, 0, 0, 0, 0, 0, 0, 0, 0, 0, 0, 0, 40.0, 40.0, 40.0, 40.0, 40.0, 40.0, 40.0, 40.0, 40.0, 40.0, 40.0, 40.0, 40.0, 40.0, 40.0, 40.0, 40.0, 40.0, 40.0, 40.0, 40.0, 40.0, 40.0, 40.0, 40.0, 40.0, 40.0, 40.0, 40.0, 40.0, 40.0, 40.0, 40.0, 40.0, 40.0, 40.0, 40.0, 40.0, 40.0, 40.0, 40.0, 40.0, 40.0], "pcnt": [0, 0, 0, 0, 0, 0, 0, 0, 0, 0, 0, 0, 0, 0, 0, 0, 0, 0, 0, 0, 0, 8, 8, 8, 8, 8, 8, 8, 8, 8, 8, 8, 8, 8, 8, 8, 8, 8, 8, 8, 8, 8, 8, 8, 8, 8, 8, 8, 8, 8, 8, 8, 8, 8, 8, 8, 8, 8, 8, 8, 8, 8, 8, 8]}}, {"type": "Feature", "geometry": {"type": "Point", "coordinates": [-101.79083, 51.13497]}, "properties": {"twp": "025-31-W1", "prov": "SK", "total": 1, "first": 1910, "cum": [0, 0, 0, 0, 0, 0, 0, 0, 0, 0, 0, 0, 0, 0, 0, 0, 0, 0, 0, 0, 0, 0, 0, 0, 0, 0, 0, 0, 0, 1, 1, 1, 1, 1, 1, 1, 1, 1, 1, 1, 1, 1, 1, 1, 1, 1, 1, 1, 1, 1, 1, 1, 1, 1, 1, 1, 1, 1, 1, 1, 1, 1, 1, 1], "psum": [0, 0, 0, 0, 0, 0, 0, 0, 0, 0, 0, 0, 0, 0, 0, 0, 0, 0, 0, 0, 0, 0, 0, 0, 0, 0, 0, 0, 0, 10.0, 10.0, 10.0, 10.0, 10.0, 10.0, 10.0, 10.0, 10.0, 10.0, 10.0, 10.0, 10.0, 10.0, 10.0, 10.0, 10.0, 10.0, 10.0, 10.0, 10.0, 10.0, 10.0, 10.0, 10.0, 10.0, 10.0, 10.0, 10.0, 10.0, 10.0, 10.0, 10.0, 10.0, 10.0], "pcnt": [0, 0, 0, 0, 0, 0, 0, 0, 0, 0, 0, 0, 0, 0, 0, 0, 0, 0, 0, 0, 0, 0, 0, 0, 0, 0, 0, 0, 0, 1, 1, 1, 1, 1, 1, 1, 1, 1, 1, 1, 1, 1, 1, 1, 1, 1, 1, 1, 1, 1, 1, 1, 1, 1, 1, 1, 1, 1, 1, 1, 1, 1, 1, 1]}}, {"type": "Feature", "geometry": {"type": "Point", "coordinates": [-109.33828, 49.97135]}, "properties": {"twp": "012-25-W3", "prov": "SK", "total": 2, "first": 1902, "cum": [0, 0, 0, 0, 0, 0, 0, 0, 0, 0, 0, 0, 0, 0, 0, 0, 0, 0, 0, 0, 0, 1, 1, 2, 2, 2, 2, 2, 2, 2, 2, 2, 2, 2, 2, 2, 2, 2, 2, 2, 2, 2, 2, 2, 2, 2, 2, 2, 2, 2, 2, 2, 2, 2, 2, 2, 2, 2, 2, 2, 2, 2, 2, 2], "psum": [0, 0, 0, 0, 0, 0, 0, 0, 0, 0, 0, 0, 0, 0, 0, 0, 0, 0, 0, 0, 0, 3.0, 3.0, 6.2, 6.2, 6.2, 6.2, 6.2, 6.2, 6.2, 6.2, 6.2, 6.2, 6.2, 6.2, 6.2, 6.2, 6.2, 6.2, 6.2, 6.2, 6.2, 6.2, 6.2, 6.2, 6.2, 6.2, 6.2, 6.2, 6.2, 6.2, 6.2, 6.2, 6.2, 6.2, 6.2, 6.2, 6.2, 6.2, 6.2, 6.2, 6.2, 6.2, 6.2], "pcnt": [0, 0, 0, 0, 0, 0, 0, 0, 0, 0, 0, 0, 0, 0, 0, 0, 0, 0, 0, 0, 0, 1, 1, 2, 2, 2, 2, 2, 2, 2, 2, 2, 2, 2, 2, 2, 2, 2, 2, 2, 2, 2, 2, 2, 2, 2, 2, 2, 2, 2, 2, 2, 2, 2, 2, 2, 2, 2, 2, 2, 2, 2, 2, 2]}}, {"type": "Feature", "geometry": {"type": "Point", "coordinates": [-109.85183, 53.55185]}, "properties": {"twp": "053-27-W3", "prov": "SK", "total": 2, "first": 1904, "cum": [0, 0, 0, 0, 0, 0, 0, 0, 0, 0, 0, 0, 0, 0, 0, 0, 0, 0, 0, 0, 0, 0, 0, 2, 2, 2, 2, 2, 2, 2, 2, 2, 2, 2, 2, 2, 2, 2, 2, 2, 2, 2, 2, 2, 2, 2, 2, 2, 2, 2, 2, 2, 2, 2, 2, 2, 2, 2, 2, 2, 2, 2, 2, 2], "psum": [0, 0, 0, 0, 0, 0, 0, 0, 0, 0, 0, 0, 0, 0, 0, 0, 0, 0, 0, 0, 0, 0, 0, 12.0, 12.0, 12.0, 12.0, 12.0, 12.0, 12.0, 12.0, 12.0, 12.0, 12.0, 12.0, 12.0, 12.0, 12.0, 12.0, 12.0, 12.0, 12.0, 12.0, 12.0, 12.0, 12.0, 12.0, 12.0, 12.0, 12.0, 12.0, 12.0, 12.0, 12.0, 12.0, 12.0, 12.0, 12.0, 12.0, 12.0, 12.0, 12.0, 12.0, 12.0], "pcnt": [0, 0, 0, 0, 0, 0, 0, 0, 0, 0, 0, 0, 0, 0, 0, 0, 0, 0, 0, 0, 0, 0, 0, 2, 2, 2, 2, 2, 2, 2, 2, 2, 2, 2, 2, 2, 2, 2, 2, 2, 2, 2, 2, 2, 2, 2, 2, 2, 2, 2, 2, 2, 2, 2, 2, 2, 2, 2, 2, 2, 2, 2, 2, 2]}}, {"type": "Feature", "geometry": {"type": "Point", "coordinates": [-108.6555, 53.20163]}, "properties": {"twp": "049-19-W3", "prov": "SK", "total": 1, "first": 1911, "cum": [0, 0, 0, 0, 0, 0, 0, 0, 0, 0, 0, 0, 0, 0, 0, 0, 0, 0, 0, 0, 0, 0, 0, 0, 0, 0, 0, 0, 0, 0, 1, 1, 1, 1, 1, 1, 1, 1, 1, 1, 1, 1, 1, 1, 1, 1, 1, 1, 1, 1, 1, 1, 1, 1, 1, 1, 1, 1, 1, 1, 1, 1, 1, 1], "psum": [0, 0, 0, 0, 0, 0, 0, 0, 0, 0, 0, 0, 0, 0, 0, 0, 0, 0, 0, 0, 0, 0, 0, 0, 0, 0, 0, 0, 0, 0, 11.0, 11.0, 11.0, 11.0, 11.0, 11.0, 11.0, 11.0, 11.0, 11.0, 11.0, 11.0, 11.0, 11.0, 11.0, 11.0, 11.0, 11.0, 11.0, 11.0, 11.0, 11.0, 11.0, 11.0, 11.0, 11.0, 11.0, 11.0, 11.0, 11.0, 11.0, 11.0, 11.0, 11.0], "pcnt": [0, 0, 0, 0, 0, 0, 0, 0, 0, 0, 0, 0, 0, 0, 0, 0, 0, 0, 0, 0, 0, 0, 0, 0, 0, 0, 0, 0, 0, 0, 1, 1, 1, 1, 1, 1, 1, 1, 1, 1, 1, 1, 1, 1, 1, 1, 1, 1, 1, 1, 1, 1, 1, 1, 1, 1, 1, 1, 1, 1, 1, 1, 1, 1]}}, {"type": "Feature", "geometry": {"type": "Point", "coordinates": [-109.70238, 50.14624]}, "properties": {"twp": "014-28-W3", "prov": "SK", "total": 4, "first": 1903, "cum": [0, 0, 0, 0, 0, 0, 0, 0, 0, 0, 0, 0, 0, 0, 0, 0, 0, 0, 0, 0, 0, 0, 4, 4, 4, 4, 4, 4, 4, 4, 4, 4, 4, 4, 4, 4, 4, 4, 4, 4, 4, 4, 4, 4, 4, 4, 4, 4, 4, 4, 4, 4, 4, 4, 4, 4, 4, 4, 4, 4, 4, 4, 4, 4], "psum": [0, 0, 0, 0, 0, 0, 0, 0, 0, 0, 0, 0, 0, 0, 0, 0, 0, 0, 0, 0, 0, 0, 10.0, 10.0, 10.0, 10.0, 10.0, 10.0, 10.0, 10.0, 10.0, 10.0, 10.0, 10.0, 10.0, 10.0, 10.0, 10.0, 10.0, 10.0, 10.0, 10.0, 10.0, 10.0, 10.0, 10.0, 10.0, 10.0, 10.0, 10.0, 10.0, 10.0, 10.0, 10.0, 10.0, 10.0, 10.0, 10.0, 10.0, 10.0, 10.0, 10.0, 10.0, 10.0], "pcnt": [0, 0, 0, 0, 0, 0, 0, 0, 0, 0, 0, 0, 0, 0, 0, 0, 0, 0, 0, 0, 0, 0, 4, 4, 4, 4, 4, 4, 4, 4, 4, 4, 4, 4, 4, 4, 4, 4, 4, 4, 4, 4, 4, 4, 4, 4, 4, 4, 4, 4, 4, 4, 4, 4, 4, 4, 4, 4, 4, 4, 4, 4, 4, 4]}}, {"type": "Feature", "geometry": {"type": "Point", "coordinates": [-105.43585, 50.05786]}, "properties": {"twp": "013-26-W2", "prov": "SK", "total": 1, "first": 1898, "cum": [0, 0, 0, 0, 0, 0, 0, 0, 0, 0, 0, 0, 0, 0, 0, 0, 0, 1, 1, 1, 1, 1, 1, 1, 1, 1, 1, 1, 1, 1, 1, 1, 1, 1, 1, 1, 1, 1, 1, 1, 1, 1, 1, 1, 1, 1, 1, 1, 1, 1, 1, 1, 1, 1, 1, 1, 1, 1, 1, 1, 1, 1, 1, 1], "psum": [0, 0, 0, 0, 0, 0, 0, 0, 0, 0, 0, 0, 0, 0, 0, 0, 0, 3.0, 3.0, 3.0, 3.0, 3.0, 3.0, 3.0, 3.0, 3.0, 3.0, 3.0, 3.0, 3.0, 3.0, 3.0, 3.0, 3.0, 3.0, 3.0, 3.0, 3.0, 3.0, 3.0, 3.0, 3.0, 3.0, 3.0, 3.0, 3.0, 3.0, 3.0, 3.0, 3.0, 3.0, 3.0, 3.0, 3.0, 3.0, 3.0, 3.0, 3.0, 3.0, 3.0, 3.0, 3.0, 3.0, 3.0], "pcnt": [0, 0, 0, 0, 0, 0, 0, 0, 0, 0, 0, 0, 0, 0, 0, 0, 0, 1, 1, 1, 1, 1, 1, 1, 1, 1, 1, 1, 1, 1, 1, 1, 1, 1, 1, 1, 1, 1, 1, 1, 1, 1, 1, 1, 1, 1, 1, 1, 1, 1, 1, 1, 1, 1, 1, 1, 1, 1, 1, 1, 1, 1, 1, 1]}}, {"type": "Feature", "geometry": {"type": "Point", "coordinates": [-102.71194, 49.86833]}, "properties": {"twp": "010-06-W2", "prov": "SK", "total": 1, "first": 1903, "cum": [0, 0, 0, 0, 0, 0, 0, 0, 0, 0, 0, 0, 0, 0, 0, 0, 0, 0, 0, 0, 0, 0, 1, 1, 1, 1, 1, 1, 1, 1, 1, 1, 1, 1, 1, 1, 1, 1, 1, 1, 1, 1, 1, 1, 1, 1, 1, 1, 1, 1, 1, 1, 1, 1, 1, 1, 1, 1, 1, 1, 1, 1, 1, 1], "psum": [0, 0, 0, 0, 0, 0, 0, 0, 0, 0, 0, 0, 0, 0, 0, 0, 0, 0, 0, 0, 0, 0, 6.0, 6.0, 6.0, 6.0, 6.0, 6.0, 6.0, 6.0, 6.0, 6.0, 6.0, 6.0, 6.0, 6.0, 6.0, 6.0, 6.0, 6.0, 6.0, 6.0, 6.0, 6.0, 6.0, 6.0, 6.0, 6.0, 6.0, 6.0, 6.0, 6.0, 6.0, 6.0, 6.0, 6.0, 6.0, 6.0, 6.0, 6.0, 6.0, 6.0, 6.0, 6.0], "pcnt": [0, 0, 0, 0, 0, 0, 0, 0, 0, 0, 0, 0, 0, 0, 0, 0, 0, 0, 0, 0, 0, 0, 1, 1, 1, 1, 1, 1, 1, 1, 1, 1, 1, 1, 1, 1, 1, 1, 1, 1, 1, 1, 1, 1, 1, 1, 1, 1, 1, 1, 1, 1, 1, 1, 1, 1, 1, 1, 1, 1, 1, 1, 1, 1]}}, {"type": "Feature", "geometry": {"type": "Point", "coordinates": [-108.09675, 52.57635]}, "properties": {"twp": "041-15-W3", "prov": "SK", "total": 2, "first": 1912, "cum": [0, 0, 0, 0, 0, 0, 0, 0, 0, 0, 0, 0, 0, 0, 0, 0, 0, 0, 0, 0, 0, 0, 0, 0, 0, 0, 0, 0, 0, 0, 0, 2, 2, 2, 2, 2, 2, 2, 2, 2, 2, 2, 2, 2, 2, 2, 2, 2, 2, 2, 2, 2, 2, 2, 2, 2, 2, 2, 2, 2, 2, 2, 2, 2], "psum": [0, 0, 0, 0, 0, 0, 0, 0, 0, 0, 0, 0, 0, 0, 0, 0, 0, 0, 0, 0, 0, 0, 0, 0, 0, 0, 0, 0, 0, 0, 0, 28.0, 28.0, 28.0, 28.0, 28.0, 28.0, 28.0, 28.0, 28.0, 28.0, 28.0, 28.0, 28.0, 28.0, 28.0, 28.0, 28.0, 28.0, 28.0, 28.0, 28.0, 28.0, 28.0, 28.0, 28.0, 28.0, 28.0, 28.0, 28.0, 28.0, 28.0, 28.0, 28.0], "pcnt": [0, 0, 0, 0, 0, 0, 0, 0, 0, 0, 0, 0, 0, 0, 0, 0, 0, 0, 0, 0, 0, 0, 0, 0, 0, 0, 0, 0, 0, 0, 0, 2, 2, 2, 2, 2, 2, 2, 2, 2, 2, 2, 2, 2, 2, 2, 2, 2, 2, 2, 2, 2, 2, 2, 2, 2, 2, 2, 2, 2, 2, 2, 2, 2]}}, {"type": "Feature", "geometry": {"type": "Point", "coordinates": [-103.98799, 52.22774]}, "properties": {"twp": "037-14-W2", "prov": "SK", "total": 1, "first": 1911, "cum": [0, 0, 0, 0, 0, 0, 0, 0, 0, 0, 0, 0, 0, 0, 0, 0, 0, 0, 0, 0, 0, 0, 0, 0, 0, 0, 0, 0, 0, 0, 1, 1, 1, 1, 1, 1, 1, 1, 1, 1, 1, 1, 1, 1, 1, 1, 1, 1, 1, 1, 1, 1, 1, 1, 1, 1, 1, 1, 1, 1, 1, 1, 1, 1], "psum": [0, 0, 0, 0, 0, 0, 0, 0, 0, 0, 0, 0, 0, 0, 0, 0, 0, 0, 0, 0, 0, 0, 0, 0, 0, 0, 0, 0, 0, 0, 10.0, 10.0, 10.0, 10.0, 10.0, 10.0, 10.0, 10.0, 10.0, 10.0, 10.0, 10.0, 10.0, 10.0, 10.0, 10.0, 10.0, 10.0, 10.0, 10.0, 10.0, 10.0, 10.0, 10.0, 10.0, 10.0, 10.0, 10.0, 10.0, 10.0, 10.0, 10.0, 10.0, 10.0], "pcnt": [0, 0, 0, 0, 0, 0, 0, 0, 0, 0, 0, 0, 0, 0, 0, 0, 0, 0, 0, 0, 0, 0, 0, 0, 0, 0, 0, 0, 0, 0, 1, 1, 1, 1, 1, 1, 1, 1, 1, 1, 1, 1, 1, 1, 1, 1, 1, 1, 1, 1, 1, 1, 1, 1, 1, 1, 1, 1, 1, 1, 1, 1, 1, 1]}}, {"type": "Feature", "geometry": {"type": "Point", "coordinates": [-102.97962, 51.55993]}, "properties": {"twp": "029-07-W2", "prov": "SK", "total": 1, "first": 1910, "cum": [0, 0, 0, 0, 0, 0, 0, 0, 0, 0, 0, 0, 0, 0, 0, 0, 0, 0, 0, 0, 0, 0, 0, 0, 0, 0, 0, 0, 0, 1, 1, 1, 1, 1, 1, 1, 1, 1, 1, 1, 1, 1, 1, 1, 1, 1, 1, 1, 1, 1, 1, 1, 1, 1, 1, 1, 1, 1, 1, 1, 1, 1, 1, 1], "psum": [0, 0, 0, 0, 0, 0, 0, 0, 0, 0, 0, 0, 0, 0, 0, 0, 0, 0, 0, 0, 0, 0, 0, 0, 0, 0, 0, 0, 0, 10.0, 10.0, 10.0, 10.0, 10.0, 10.0, 10.0, 10.0, 10.0, 10.0, 10.0, 10.0, 10.0, 10.0, 10.0, 10.0, 10.0, 10.0, 10.0, 10.0, 10.0, 10.0, 10.0, 10.0, 10.0, 10.0, 10.0, 10.0, 10.0, 10.0, 10.0, 10.0, 10.0, 10.0, 10.0], "pcnt": [0, 0, 0, 0, 0, 0, 0, 0, 0, 0, 0, 0, 0, 0, 0, 0, 0, 0, 0, 0, 0, 0, 0, 0, 0, 0, 0, 0, 0, 1, 1, 1, 1, 1, 1, 1, 1, 1, 1, 1, 1, 1, 1, 1, 1, 1, 1, 1, 1, 1, 1, 1, 1, 1, 1, 1, 1, 1, 1, 1, 1, 1, 1, 1]}}, {"type": "Feature", "geometry": {"type": "Point", "coordinates": [-109.20355, 52.82393]}, "properties": {"twp": "044-23-W3", "prov": "SK", "total": 2, "first": 1906, "cum": [0, 0, 0, 0, 0, 0, 0, 0, 0, 0, 0, 0, 0, 0, 0, 0, 0, 0, 0, 0, 0, 0, 0, 0, 0, 2, 2, 2, 2, 2, 2, 2, 2, 2, 2, 2, 2, 2, 2, 2, 2, 2, 2, 2, 2, 2, 2, 2, 2, 2, 2, 2, 2, 2, 2, 2, 2, 2, 2, 2, 2, 2, 2, 2], "psum": [0, 0, 0, 0, 0, 0, 0, 0, 0, 0, 0, 0, 0, 0, 0, 0, 0, 0, 0, 0, 0, 0, 0, 0, 0, 16.0, 16.0, 16.0, 16.0, 16.0, 16.0, 16.0, 16.0, 16.0, 16.0, 16.0, 16.0, 16.0, 16.0, 16.0, 16.0, 16.0, 16.0, 16.0, 16.0, 16.0, 16.0, 16.0, 16.0, 16.0, 16.0, 16.0, 16.0, 16.0, 16.0, 16.0, 16.0, 16.0, 16.0, 16.0, 16.0, 16.0, 16.0, 16.0], "pcnt": [0, 0, 0, 0, 0, 0, 0, 0, 0, 0, 0, 0, 0, 0, 0, 0, 0, 0, 0, 0, 0, 0, 0, 0, 0, 2, 2, 2, 2, 2, 2, 2, 2, 2, 2, 2, 2, 2, 2, 2, 2, 2, 2, 2, 2, 2, 2, 2, 2, 2, 2, 2, 2, 2, 2, 2, 2, 2, 2, 2, 2, 2, 2, 2]}}, {"type": "Feature", "geometry": {"type": "Point", "coordinates": [-103.28614, 51.54517]}, "properties": {"twp": "029-10-W2", "prov": "SK", "total": 1, "first": 1910, "cum": [0, 0, 0, 0, 0, 0, 0, 0, 0, 0, 0, 0, 0, 0, 0, 0, 0, 0, 0, 0, 0, 0, 0, 0, 0, 0, 0, 0, 0, 1, 1, 1, 1, 1, 1, 1, 1, 1, 1, 1, 1, 1, 1, 1, 1, 1, 1, 1, 1, 1, 1, 1, 1, 1, 1, 1, 1, 1, 1, 1, 1, 1, 1, 1], "psum": [0, 0, 0, 0, 0, 0, 0, 0, 0, 0, 0, 0, 0, 0, 0, 0, 0, 0, 0, 0, 0, 0, 0, 0, 0, 0, 0, 0, 0, 15.0, 15.0, 15.0, 15.0, 15.0, 15.0, 15.0, 15.0, 15.0, 15.0, 15.0, 15.0, 15.0, 15.0, 15.0, 15.0, 15.0, 15.0, 15.0, 15.0, 15.0, 15.0, 15.0, 15.0, 15.0, 15.0, 15.0, 15.0, 15.0, 15.0, 15.0, 15.0, 15.0, 15.0, 15.0], "pcnt": [0, 0, 0, 0, 0, 0, 0, 0, 0, 0, 0, 0, 0, 0, 0, 0, 0, 0, 0, 0, 0, 0, 0, 0, 0, 0, 0, 0, 0, 1, 1, 1, 1, 1, 1, 1, 1, 1, 1, 1, 1, 1, 1, 1, 1, 1, 1, 1, 1, 1, 1, 1, 1, 1, 1, 1, 1, 1, 1, 1, 1, 1, 1, 1]}}, {"type": "Feature", "geometry": {"type": "Point", "coordinates": [-109.42142, 49.75307]}, "properties": {"twp": "009-26-W3", "prov": "SK", "total": 3, "first": 1888, "cum": [0, 0, 0, 0, 0, 0, 0, 3, 3, 3, 3, 3, 3, 3, 3, 3, 3, 3, 3, 3, 3, 3, 3, 3, 3, 3, 3, 3, 3, 3, 3, 3, 3, 3, 3, 3, 3, 3, 3, 3, 3, 3, 3, 3, 3, 3, 3, 3, 3, 3, 3, 3, 3, 3, 3, 3, 3, 3, 3, 3, 3, 3, 3, 3], "psum": [0, 0, 0, 0, 0, 0, 0, 6.0, 6.0, 6.0, 6.0, 6.0, 6.0, 6.0, 6.0, 6.0, 6.0, 6.0, 6.0, 6.0, 6.0, 6.0, 6.0, 6.0, 6.0, 6.0, 6.0, 6.0, 6.0, 6.0, 6.0, 6.0, 6.0, 6.0, 6.0, 6.0, 6.0, 6.0, 6.0, 6.0, 6.0, 6.0, 6.0, 6.0, 6.0, 6.0, 6.0, 6.0, 6.0, 6.0, 6.0, 6.0, 6.0, 6.0, 6.0, 6.0, 6.0, 6.0, 6.0, 6.0, 6.0, 6.0, 6.0, 6.0], "pcnt": [0, 0, 0, 0, 0, 0, 0, 3, 3, 3, 3, 3, 3, 3, 3, 3, 3, 3, 3, 3, 3, 3, 3, 3, 3, 3, 3, 3, 3, 3, 3, 3, 3, 3, 3, 3, 3, 3, 3, 3, 3, 3, 3, 3, 3, 3, 3, 3, 3, 3, 3, 3, 3, 3, 3, 3, 3, 3, 3, 3, 3, 3, 3, 3]}}, {"type": "Feature", "geometry": {"type": "Point", "coordinates": [-103.51402, 49.31526]}, "properties": {"twp": "004-12-W2", "prov": "SK", "total": 1, "first": 1908, "cum": [0, 0, 0, 0, 0, 0, 0, 0, 0, 0, 0, 0, 0, 0, 0, 0, 0, 0, 0, 0, 0, 0, 0, 0, 0, 0, 0, 1, 1, 1, 1, 1, 1, 1, 1, 1, 1, 1, 1, 1, 1, 1, 1, 1, 1, 1, 1, 1, 1, 1, 1, 1, 1, 1, 1, 1, 1, 1, 1, 1, 1, 1, 1, 1], "psum": [0, 0, 0, 0, 0, 0, 0, 0, 0, 0, 0, 0, 0, 0, 0, 0, 0, 0, 0, 0, 0, 0, 0, 0, 0, 0, 0, 10.0, 10.0, 10.0, 10.0, 10.0, 10.0, 10.0, 10.0, 10.0, 10.0, 10.0, 10.0, 10.0, 10.0, 10.0, 10.0, 10.0, 10.0, 10.0, 10.0, 10.0, 10.0, 10.0, 10.0, 10.0, 10.0, 10.0, 10.0, 10.0, 10.0, 10.0, 10.0, 10.0, 10.0, 10.0, 10.0, 10.0], "pcnt": [0, 0, 0, 0, 0, 0, 0, 0, 0, 0, 0, 0, 0, 0, 0, 0, 0, 0, 0, 0, 0, 0, 0, 0, 0, 0, 0, 1, 1, 1, 1, 1, 1, 1, 1, 1, 1, 1, 1, 1, 1, 1, 1, 1, 1, 1, 1, 1, 1, 1, 1, 1, 1, 1, 1, 1, 1, 1, 1, 1, 1, 1, 1, 1]}}, {"type": "Feature", "geometry": {"type": "Point", "coordinates": [-108.47269, 53.33249]}, "properties": {"twp": "050-17-W3", "prov": "SK", "total": 1, "first": 1910, "cum": [0, 0, 0, 0, 0, 0, 0, 0, 0, 0, 0, 0, 0, 0, 0, 0, 0, 0, 0, 0, 0, 0, 0, 0, 0, 0, 0, 0, 0, 1, 1, 1, 1, 1, 1, 1, 1, 1, 1, 1, 1, 1, 1, 1, 1, 1, 1, 1, 1, 1, 1, 1, 1, 1, 1, 1, 1, 1, 1, 1, 1, 1, 1, 1], "psum": [0, 0, 0, 0, 0, 0, 0, 0, 0, 0, 0, 0, 0, 0, 0, 0, 0, 0, 0, 0, 0, 0, 0, 0, 0, 0, 0, 0, 0, 9.0, 9.0, 9.0, 9.0, 9.0, 9.0, 9.0, 9.0, 9.0, 9.0, 9.0, 9.0, 9.0, 9.0, 9.0, 9.0, 9.0, 9.0, 9.0, 9.0, 9.0, 9.0, 9.0, 9.0, 9.0, 9.0, 9.0, 9.0, 9.0, 9.0, 9.0, 9.0, 9.0, 9.0, 9.0], "pcnt": [0, 0, 0, 0, 0, 0, 0, 0, 0, 0, 0, 0, 0, 0, 0, 0, 0, 0, 0, 0, 0, 0, 0, 0, 0, 0, 0, 0, 0, 1, 1, 1, 1, 1, 1, 1, 1, 1, 1, 1, 1, 1, 1, 1, 1, 1, 1, 1, 1, 1, 1, 1, 1, 1, 1, 1, 1, 1, 1, 1, 1, 1, 1, 1]}}, {"type": "Feature", "geometry": {"type": "Point", "coordinates": [-108.54597, 53.2308]}, "properties": {"twp": "049-18-W3", "prov": "SK", "total": 1, "first": 1911, "cum": [0, 0, 0, 0, 0, 0, 0, 0, 0, 0, 0, 0, 0, 0, 0, 0, 0, 0, 0, 0, 0, 0, 0, 0, 0, 0, 0, 0, 0, 0, 1, 1, 1, 1, 1, 1, 1, 1, 1, 1, 1, 1, 1, 1, 1, 1, 1, 1, 1, 1, 1, 1, 1, 1, 1, 1, 1, 1, 1, 1, 1, 1, 1, 1], "psum": [0, 0, 0, 0, 0, 0, 0, 0, 0, 0, 0, 0, 0, 0, 0, 0, 0, 0, 0, 0, 0, 0, 0, 0, 0, 0, 0, 0, 0, 0, 14.0, 14.0, 14.0, 14.0, 14.0, 14.0, 14.0, 14.0, 14.0, 14.0, 14.0, 14.0, 14.0, 14.0, 14.0, 14.0, 14.0, 14.0, 14.0, 14.0, 14.0, 14.0, 14.0, 14.0, 14.0, 14.0, 14.0, 14.0, 14.0, 14.0, 14.0, 14.0, 14.0, 14.0], "pcnt": [0, 0, 0, 0, 0, 0, 0, 0, 0, 0, 0, 0, 0, 0, 0, 0, 0, 0, 0, 0, 0, 0, 0, 0, 0, 0, 0, 0, 0, 0, 1, 1, 1, 1, 1, 1, 1, 1, 1, 1, 1, 1, 1, 1, 1, 1, 1, 1, 1, 1, 1, 1, 1, 1, 1, 1, 1, 1, 1, 1, 1, 1, 1, 1]}}, {"type": "Feature", "geometry": {"type": "Point", "coordinates": [-101.44625, 49.57329]}, "properties": {"twp": "007-30-W1", "prov": "SK", "total": 1, "first": 1908, "cum": [0, 0, 0, 0, 0, 0, 0, 0, 0, 0, 0, 0, 0, 0, 0, 0, 0, 0, 0, 0, 0, 0, 0, 0, 0, 0, 0, 1, 1, 1, 1, 1, 1, 1, 1, 1, 1, 1, 1, 1, 1, 1, 1, 1, 1, 1, 1, 1, 1, 1, 1, 1, 1, 1, 1, 1, 1, 1, 1, 1, 1, 1, 1, 1], "psum": [0, 0, 0, 0, 0, 0, 0, 0, 0, 0, 0, 0, 0, 0, 0, 0, 0, 0, 0, 0, 0, 0, 0, 0, 0, 0, 0, 20.0, 20.0, 20.0, 20.0, 20.0, 20.0, 20.0, 20.0, 20.0, 20.0, 20.0, 20.0, 20.0, 20.0, 20.0, 20.0, 20.0, 20.0, 20.0, 20.0, 20.0, 20.0, 20.0, 20.0, 20.0, 20.0, 20.0, 20.0, 20.0, 20.0, 20.0, 20.0, 20.0, 20.0, 20.0, 20.0, 20.0], "pcnt": [0, 0, 0, 0, 0, 0, 0, 0, 0, 0, 0, 0, 0, 0, 0, 0, 0, 0, 0, 0, 0, 0, 0, 0, 0, 0, 0, 1, 1, 1, 1, 1, 1, 1, 1, 1, 1, 1, 1, 1, 1, 1, 1, 1, 1, 1, 1, 1, 1, 1, 1, 1, 1, 1, 1, 1, 1, 1, 1, 1, 1, 1, 1, 1]}}, {"type": "Feature", "geometry": {"type": "Point", "coordinates": [-109.34867, 52.94522]}, "properties": {"twp": "046-24-W3", "prov": "SK", "total": 6, "first": 1906, "cum": [0, 0, 0, 0, 0, 0, 0, 0, 0, 0, 0, 0, 0, 0, 0, 0, 0, 0, 0, 0, 0, 0, 0, 0, 0, 5, 5, 5, 5, 5, 5, 6, 6, 6, 6, 6, 6, 6, 6, 6, 6, 6, 6, 6, 6, 6, 6, 6, 6, 6, 6, 6, 6, 6, 6, 6, 6, 6, 6, 6, 6, 6, 6, 6], "psum": [0, 0, 0, 0, 0, 0, 0, 0, 0, 0, 0, 0, 0, 0, 0, 0, 0, 0, 0, 0, 0, 0, 0, 0, 0, 40.0, 40.0, 40.0, 40.0, 40.0, 40.0, 55.0, 55.0, 55.0, 55.0, 55.0, 55.0, 55.0, 55.0, 55.0, 55.0, 55.0, 55.0, 55.0, 55.0, 55.0, 55.0, 55.0, 55.0, 55.0, 55.0, 55.0, 55.0, 55.0, 55.0, 55.0, 55.0, 55.0, 55.0, 55.0, 55.0, 55.0, 55.0, 55.0], "pcnt": [0, 0, 0, 0, 0, 0, 0, 0, 0, 0, 0, 0, 0, 0, 0, 0, 0, 0, 0, 0, 0, 0, 0, 0, 0, 5, 5, 5, 5, 5, 5, 6, 6, 6, 6, 6, 6, 6, 6, 6, 6, 6, 6, 6, 6, 6, 6, 6, 6, 6, 6, 6, 6, 6, 6, 6, 6, 6, 6, 6, 6, 6, 6, 6]}}, {"type": "Feature", "geometry": {"type": "Point", "coordinates": [-101.72825, 50.1041]}, "properties": {"twp": "013-32-W1", "prov": "SK", "total": 1, "first": 1902, "cum": [0, 0, 0, 0, 0, 0, 0, 0, 0, 0, 0, 0, 0, 0, 0, 0, 0, 0, 0, 0, 0, 1, 1, 1, 1, 1, 1, 1, 1, 1, 1, 1, 1, 1, 1, 1, 1, 1, 1, 1, 1, 1, 1, 1, 1, 1, 1, 1, 1, 1, 1, 1, 1, 1, 1, 1, 1, 1, 1, 1, 1, 1, 1, 1], "psum": [0, 0, 0, 0, 0, 0, 0, 0, 0, 0, 0, 0, 0, 0, 0, 0, 0, 0, 0, 0, 0, 10.0, 10.0, 10.0, 10.0, 10.0, 10.0, 10.0, 10.0, 10.0, 10.0, 10.0, 10.0, 10.0, 10.0, 10.0, 10.0, 10.0, 10.0, 10.0, 10.0, 10.0, 10.0, 10.0, 10.0, 10.0, 10.0, 10.0, 10.0, 10.0, 10.0, 10.0, 10.0, 10.0, 10.0, 10.0, 10.0, 10.0, 10.0, 10.0, 10.0, 10.0, 10.0, 10.0], "pcnt": [0, 0, 0, 0, 0, 0, 0, 0, 0, 0, 0, 0, 0, 0, 0, 0, 0, 0, 0, 0, 0, 1, 1, 1, 1, 1, 1, 1, 1, 1, 1, 1, 1, 1, 1, 1, 1, 1, 1, 1, 1, 1, 1, 1, 1, 1, 1, 1, 1, 1, 1, 1, 1, 1, 1, 1, 1, 1, 1, 1, 1, 1, 1, 1]}}, {"type": "Feature", "geometry": {"type": "Point", "coordinates": [-110.00055, 52.69222]}, "properties": {"twp": "043-28-W3", "prov": "SK", "total": 1, "first": 1906, "cum": [0, 0, 0, 0, 0, 0, 0, 0, 0, 0, 0, 0, 0, 0, 0, 0, 0, 0, 0, 0, 0, 0, 0, 0, 0, 1, 1, 1, 1, 1, 1, 1, 1, 1, 1, 1, 1, 1, 1, 1, 1, 1, 1, 1, 1, 1, 1, 1, 1, 1, 1, 1, 1, 1, 1, 1, 1, 1, 1, 1, 1, 1, 1, 1], "psum": [0, 0, 0, 0, 0, 0, 0, 0, 0, 0, 0, 0, 0, 0, 0, 0, 0, 0, 0, 0, 0, 0, 0, 0, 0, 15.0, 15.0, 15.0, 15.0, 15.0, 15.0, 15.0, 15.0, 15.0, 15.0, 15.0, 15.0, 15.0, 15.0, 15.0, 15.0, 15.0, 15.0, 15.0, 15.0, 15.0, 15.0, 15.0, 15.0, 15.0, 15.0, 15.0, 15.0, 15.0, 15.0, 15.0, 15.0, 15.0, 15.0, 15.0, 15.0, 15.0, 15.0, 15.0], "pcnt": [0, 0, 0, 0, 0, 0, 0, 0, 0, 0, 0, 0, 0, 0, 0, 0, 0, 0, 0, 0, 0, 0, 0, 0, 0, 1, 1, 1, 1, 1, 1, 1, 1, 1, 1, 1, 1, 1, 1, 1, 1, 1, 1, 1, 1, 1, 1, 1, 1, 1, 1, 1, 1, 1, 1, 1, 1, 1, 1, 1, 1, 1, 1, 1]}}, {"type": "Feature", "geometry": {"type": "Point", "coordinates": [-105.94744, 49.98506]}, "properties": {"twp": "012-29-W2", "prov": "SK", "total": 1, "first": 1895, "cum": [0, 0, 0, 0, 0, 0, 0, 0, 0, 0, 0, 0, 0, 0, 1, 1, 1, 1, 1, 1, 1, 1, 1, 1, 1, 1, 1, 1, 1, 1, 1, 1, 1, 1, 1, 1, 1, 1, 1, 1, 1, 1, 1, 1, 1, 1, 1, 1, 1, 1, 1, 1, 1, 1, 1, 1, 1, 1, 1, 1, 1, 1, 1, 1], "psum": [0, 0, 0, 0, 0, 0, 0, 0, 0, 0, 0, 0, 0, 0, 3.0, 3.0, 3.0, 3.0, 3.0, 3.0, 3.0, 3.0, 3.0, 3.0, 3.0, 3.0, 3.0, 3.0, 3.0, 3.0, 3.0, 3.0, 3.0, 3.0, 3.0, 3.0, 3.0, 3.0, 3.0, 3.0, 3.0, 3.0, 3.0, 3.0, 3.0, 3.0, 3.0, 3.0, 3.0, 3.0, 3.0, 3.0, 3.0, 3.0, 3.0, 3.0, 3.0, 3.0, 3.0, 3.0, 3.0, 3.0, 3.0, 3.0], "pcnt": [0, 0, 0, 0, 0, 0, 0, 0, 0, 0, 0, 0, 0, 0, 1, 1, 1, 1, 1, 1, 1, 1, 1, 1, 1, 1, 1, 1, 1, 1, 1, 1, 1, 1, 1, 1, 1, 1, 1, 1, 1, 1, 1, 1, 1, 1, 1, 1, 1, 1, 1, 1, 1, 1, 1, 1, 1, 1, 1, 1, 1, 1, 1, 1]}}, {"type": "Feature", "geometry": {"type": "Point", "coordinates": [-103.75735, 51.30997]}, "properties": {"twp": "027-13-W2", "prov": "SK", "total": 1, "first": 1911, "cum": [0, 0, 0, 0, 0, 0, 0, 0, 0, 0, 0, 0, 0, 0, 0, 0, 0, 0, 0, 0, 0, 0, 0, 0, 0, 0, 0, 0, 0, 0, 1, 1, 1, 1, 1, 1, 1, 1, 1, 1, 1, 1, 1, 1, 1, 1, 1, 1, 1, 1, 1, 1, 1, 1, 1, 1, 1, 1, 1, 1, 1, 1, 1, 1], "psum": [0, 0, 0, 0, 0, 0, 0, 0, 0, 0, 0, 0, 0, 0, 0, 0, 0, 0, 0, 0, 0, 0, 0, 0, 0, 0, 0, 0, 0, 0, 20.0, 20.0, 20.0, 20.0, 20.0, 20.0, 20.0, 20.0, 20.0, 20.0, 20.0, 20.0, 20.0, 20.0, 20.0, 20.0, 20.0, 20.0, 20.0, 20.0, 20.0, 20.0, 20.0, 20.0, 20.0, 20.0, 20.0, 20.0, 20.0, 20.0, 20.0, 20.0, 20.0, 20.0], "pcnt": [0, 0, 0, 0, 0, 0, 0, 0, 0, 0, 0, 0, 0, 0, 0, 0, 0, 0, 0, 0, 0, 0, 0, 0, 0, 0, 0, 0, 0, 0, 1, 1, 1, 1, 1, 1, 1, 1, 1, 1, 1, 1, 1, 1, 1, 1, 1, 1, 1, 1, 1, 1, 1, 1, 1, 1, 1, 1, 1, 1, 1, 1, 1, 1]}}, {"type": "Feature", "geometry": {"type": "Point", "coordinates": [-107.31659, 52.76543]}, "properties": {"twp": "044-10-W3", "prov": "SK", "total": 1, "first": 1906, "cum": [0, 0, 0, 0, 0, 0, 0, 0, 0, 0, 0, 0, 0, 0, 0, 0, 0, 0, 0, 0, 0, 0, 0, 0, 0, 1, 1, 1, 1, 1, 1, 1, 1, 1, 1, 1, 1, 1, 1, 1, 1, 1, 1, 1, 1, 1, 1, 1, 1, 1, 1, 1, 1, 1, 1, 1, 1, 1, 1, 1, 1, 1, 1, 1], "psum": [0, 0, 0, 0, 0, 0, 0, 0, 0, 0, 0, 0, 0, 0, 0, 0, 0, 0, 0, 0, 0, 0, 0, 0, 0, 10.0, 10.0, 10.0, 10.0, 10.0, 10.0, 10.0, 10.0, 10.0, 10.0, 10.0, 10.0, 10.0, 10.0, 10.0, 10.0, 10.0, 10.0, 10.0, 10.0, 10.0, 10.0, 10.0, 10.0, 10.0, 10.0, 10.0, 10.0, 10.0, 10.0, 10.0, 10.0, 10.0, 10.0, 10.0, 10.0, 10.0, 10.0, 10.0], "pcnt": [0, 0, 0, 0, 0, 0, 0, 0, 0, 0, 0, 0, 0, 0, 0, 0, 0, 0, 0, 0, 0, 0, 0, 0, 0, 1, 1, 1, 1, 1, 1, 1, 1, 1, 1, 1, 1, 1, 1, 1, 1, 1, 1, 1, 1, 1, 1, 1, 1, 1, 1, 1, 1, 1, 1, 1, 1, 1, 1, 1, 1, 1, 1, 1]}}, {"type": "Feature", "geometry": {"type": "Point", "coordinates": [-102.00176, 50.07128]}, "properties": {"twp": "013-34-W1", "prov": "SK", "total": 1, "first": 1899, "cum": [0, 0, 0, 0, 0, 0, 0, 0, 0, 0, 0, 0, 0, 0, 0, 0, 0, 0, 1, 1, 1, 1, 1, 1, 1, 1, 1, 1, 1, 1, 1, 1, 1, 1, 1, 1, 1, 1, 1, 1, 1, 1, 1, 1, 1, 1, 1, 1, 1, 1, 1, 1, 1, 1, 1, 1, 1, 1, 1, 1, 1, 1, 1, 1], "psum": [0, 0, 0, 0, 0, 0, 0, 0, 0, 0, 0, 0, 0, 0, 0, 0, 0, 0, 3.0, 3.0, 3.0, 3.0, 3.0, 3.0, 3.0, 3.0, 3.0, 3.0, 3.0, 3.0, 3.0, 3.0, 3.0, 3.0, 3.0, 3.0, 3.0, 3.0, 3.0, 3.0, 3.0, 3.0, 3.0, 3.0, 3.0, 3.0, 3.0, 3.0, 3.0, 3.0, 3.0, 3.0, 3.0, 3.0, 3.0, 3.0, 3.0, 3.0, 3.0, 3.0, 3.0, 3.0, 3.0, 3.0], "pcnt": [0, 0, 0, 0, 0, 0, 0, 0, 0, 0, 0, 0, 0, 0, 0, 0, 0, 0, 1, 1, 1, 1, 1, 1, 1, 1, 1, 1, 1, 1, 1, 1, 1, 1, 1, 1, 1, 1, 1, 1, 1, 1, 1, 1, 1, 1, 1, 1, 1, 1, 1, 1, 1, 1, 1, 1, 1, 1, 1, 1, 1, 1, 1, 1]}}, {"type": "Feature", "geometry": {"type": "Point", "coordinates": [-105.53511, 49.55563]}, "properties": {"twp": "007-27-W2", "prov": "SK", "total": 2, "first": 1906, "cum": [0, 0, 0, 0, 0, 0, 0, 0, 0, 0, 0, 0, 0, 0, 0, 0, 0, 0, 0, 0, 0, 0, 0, 0, 0, 2, 2, 2, 2, 2, 2, 2, 2, 2, 2, 2, 2, 2, 2, 2, 2, 2, 2, 2, 2, 2, 2, 2, 2, 2, 2, 2, 2, 2, 2, 2, 2, 2, 2, 2, 2, 2, 2, 2], "psum": [0, 0, 0, 0, 0, 0, 0, 0, 0, 0, 0, 0, 0, 0, 0, 0, 0, 0, 0, 0, 0, 0, 0, 0, 0, 14.0, 14.0, 14.0, 14.0, 14.0, 14.0, 14.0, 14.0, 14.0, 14.0, 14.0, 14.0, 14.0, 14.0, 14.0, 14.0, 14.0, 14.0, 14.0, 14.0, 14.0, 14.0, 14.0, 14.0, 14.0, 14.0, 14.0, 14.0, 14.0, 14.0, 14.0, 14.0, 14.0, 14.0, 14.0, 14.0, 14.0, 14.0, 14.0], "pcnt": [0, 0, 0, 0, 0, 0, 0, 0, 0, 0, 0, 0, 0, 0, 0, 0, 0, 0, 0, 0, 0, 0, 0, 0, 0, 2, 2, 2, 2, 2, 2, 2, 2, 2, 2, 2, 2, 2, 2, 2, 2, 2, 2, 2, 2, 2, 2, 2, 2, 2, 2, 2, 2, 2, 2, 2, 2, 2, 2, 2, 2, 2, 2, 2]}}]}