{"type": "FeatureCollection", "features": [{"type": "Feature", "geometry": {"type": "Point", "coordinates": [-108.30582628301735, 52.72811694519229]}, "properties": {"nm": "Battleford", "ty": "Town", "pop": 1229, "rw": "CNR", "rws": "CNR, GTP", "tier": "RSC", "ct": "Regional Service Centre", "fy": 1875, "iy": 1904, "ry": 1888, "ev": [[1875, "Founded"], [1876, "Justice System"], [1877, "First Post Office"], [1878, "First Newspaper"], [1879, "First Cemetery"], [1883, "First Church"], [1883, "First School"], [1886, "Land Office"], [1888, "Railway Arrives"], [1904, "Incorporated"], [1905, "Railway Arrives"], [1908, "Colonization Company"]], "ind": ["Educational services (18.3%)", "Auto repair services and garages (10.8%)", "Own Farm (10.8%)", "Not specified retail trade (7.5%)", "Dry goods apparel (5.4%)"]}}, {"type": "Feature", "geometry": {"type": "Point", "coordinates": [-106.22643737313786, 52.81008645126574]}, "properties": {"nm": "Duck Lake", "ty": "Town", "pop": 437, "rw": "Other", "rws": "Other", "tier": "LSC", "ct": "Local Service Centre", "fy": 1875, "iy": 1898, "ry": 1890, "ev": [[1875, "Founded"], [1879, "First Post Office"], [1879, "First Church"], [1879, "Justice System"], [1881, "Colonization Company"], [1885, "First School"], [1890, "Railway Arrives"], [1894, "First Cemetery"], [1898, "Incorporated"], [1910, "First Newspaper"]], "ind": ["Own Farm (27.9%)", "Welfare and religious services (16.2%)", "Not specified retail trade (11.8%)", "Railroads and railway express service (5.9%)", "Accounting, auditing, & bookkeeping service (4.4%)"]}}, {"type": "Feature", "geometry": {"type": "Point", "coordinates": [-105.12537437976006, 52.203314267408246]}, "properties": {"nm": "Humboldt", "ty": "Town", "pop": 1822, "rw": "CNR", "rws": "CNR", "tier": "RSC", "ct": "Regional Service Centre", "fy": 1885, "iy": 1907, "ry": 1904, "ev": [[1885, "Justice System"], [1902, "Colonization Company"], [1904, "Founded"], [1904, "Railway Arrives"], [1905, "First Post Office"], [1905, "First Church"], [1905, "First Newspaper"], [1906, "First Cemetery"], [1907, "Incorporated"], [1907, "Land Office"], [1908, "First School"], [1911, "Medical Facility"]], "ind": ["Own Farm (19.2%)", "Railroads and railway express service (16.3%)", "Not specified retail trade (13.9%)", "Educational services (7.1%)", "Misc. personal services (5.6%)"]}}, {"type": "Feature", "geometry": {"type": "Point", "coordinates": [-103.79337319210862, 50.763257473635775]}, "properties": {"nm": "Fort Qu'Appelle", "ty": "Village", "pop": 495, "rw": "GTP", "rws": "GTP", "tier": "LSC", "ct": "Local Service Centre", "fy": 1804, "iy": 1895, "ry": 1882, "ev": [[1804, "Colonization Company"], [1880, "Founded"], [1880, "First Post Office"], [1881, "First Cemetery"], [1882, "Railway Arrives"], [1883, "Medical Facility"], [1884, "First Newspaper"], [1885, "First Church"], [1885, "Justice System"], [1889, "First School"], [1895, "Incorporated"], [1911, "Railway Arrives"]], "ind": ["Own Farm (11.9%)", "Construction (10.3%)", "Not specified retail trade (8.7%)", "Misc. machinery (6.3%)", "Hotels and lodging places (5.6%)"]}}, {"type": "Feature", "geometry": {"type": "Point", "coordinates": [-103.87639401126089, 50.54270962613936]}, "properties": {"nm": "Qu'Appelle", "ty": "Town", "pop": 688, "rw": "CPR", "rws": "CPR", "tier": "RSC", "ct": "Regional Service Centre", "fy": 1881, "iy": 1882, "ry": 1882, "ev": [[1881, "Founded"], [1882, "Incorporated"], [1882, "Railway Arrives"], [1882, "First Post Office"], [1882, "Justice System"], [1882, "Land Office"], [1883, "First Newspaper"], [1883, "Colonization Company"], [1884, "First Church"], [1886, "First School"], [1886, "First Cemetery"], [1946, "Medical Facility"]], "ind": ["Misc. business services (19.3%)", "Own Farm (18.3%)", "Not specified retail trade (11.0%)", "Railroads and railway express service (8.3%)", "Educational services (5.5%)"]}}, {"type": "Feature", "geometry": {"type": "Point", "coordinates": [-103.44919821774816, 50.47670543181172]}, "properties": {"nm": "Sintaluta", "ty": "Town", "pop": 320, "rw": "CPR", "rws": "CPR", "tier": "SSC", "ct": "Small Service Centre", "fy": 1881, "iy": 1881, "ry": 1882, "ev": [[1881, "Founded"], [1881, "Incorporated"], [1882, "Railway Arrives"], [1885, "First Post Office"], [1895, "First School"], [1897, "First Church"], [1898, "Railway Arrives"], [1900, "First Cemetery"], [1900, "First Newspaper"], [1915, "Justice System"]], "ind": ["Own Farm (41.9%)", "Educational services (8.1%)", "Banking and credit agencies (6.8%)", "General merchandise stores (6.8%)", "Railroads and railway express service (5.4%)"]}}, {"type": "Feature", "geometry": {"type": "Point", "coordinates": [-104.86933373323627, 50.64702425863794]}, "properties": {"nm": "Lumsden", "ty": "Town", "pop": 498, "rw": "CPR", "rws": "CPR, Other", "tier": "RSC", "ct": "Regional Service Centre", "fy": 1881, "iy": 1889, "ry": 1887, "ev": [[1881, "Founded"], [1887, "Railway Arrives"], [1889, "Incorporated"], [1889, "Railway Arrives"], [1892, "First Post Office"], [1893, "First Cemetery"], [1895, "Justice System"], [1897, "First School"], [1897, "Medical Facility"], [1900, "First Newspaper"], [1906, "First Church"]], "ind": ["Own Farm (28.9%)", "Grain-mill products (8.4%)", "Not specified retail trade (8.4%)", "Auto repair services and garages (4.8%)", "Hotels and lodging places (4.8%)"]}}, {"type": "Feature", "geometry": {"type": "Point", "coordinates": [-101.67050169484683, 50.14177905794866]}, "properties": {"nm": "Moosomin", "ty": "Town", "pop": 1099, "rw": "CPR", "rws": "CPR", "tier": "RSC", "ct": "Regional Service Centre", "fy": 1882, "iy": 1882, "ry": 1882, "ev": [[1882, "Founded"], [1882, "Incorporated"], [1882, "Railway Arrives"], [1882, "First Post Office"], [1882, "First Cemetery"], [1883, "First Church"], [1884, "First Newspaper"], [1885, "Justice System"], [1905, "First School"], [1905, "Medical Facility"]], "ind": ["Educational services (11.6%)", "Own Farm (11.1%)", "Railroads and railway express service (10.0%)", "Not specified retail trade (8.9%)", "General merchandise stores (7.9%)"]}}, {"type": "Feature", "geometry": {"type": "Point", "coordinates": [-103.27261772020864, 50.42232309765173]}, "properties": {"nm": "Wolseley", "ty": "Town", "pop": 956, "rw": "CPR", "rws": "CPR", "tier": "RSC", "ct": "Regional Service Centre", "fy": 1880, "iy": 1898, "ry": 1882, "ev": [[1880, "First Cemetery"], [1882, "Founded"], [1882, "Railway Arrives"], [1882, "First Post Office"], [1884, "First Church"], [1884, "First School"], [1886, "Justice System"], [1893, "First Newspaper"], [1898, "Incorporated"], [1947, "Medical Facility"]], "ind": ["General merchandise stores (8.1%)", "Own Farm (7.5%)", "Not specified retail trade (6.5%)", "Construction (5.9%)", "Railroads and railway express service (5.9%)"]}}, {"type": "Feature", "geometry": {"type": "Point", "coordinates": [-102.57906883989344, 50.3774760190393]}, "properties": {"nm": "Broadview", "ty": "Town", "pop": 839, "rw": "CPR", "rws": "CPR", "tier": "RSC", "ct": "Regional Service Centre", "fy": 1882, "iy": 1898, "ry": 1882, "ev": [[1882, "Founded"], [1882, "Railway Arrives"], [1882, "First Post Office"], [1882, "First Church"], [1883, "First School"], [1884, "First Cemetery"], [1885, "Justice System"], [1893, "First Newspaper"], [1898, "Incorporated"], [1936, "Medical Facility"]], "ind": ["Railroads and railway express service (39.4%)", "Own Farm (9.0%)", "General merchandise stores (6.8%)", "Local public administration (5.9%)", "Not specified retail trade (4.5%)"]}}, {"type": "Feature", "geometry": {"type": "Point", "coordinates": [-103.67059749259278, 50.5344671746094]}, "properties": {"nm": "Indian Head", "ty": "Town", "pop": 1439, "rw": "CPR", "rws": "CPR", "tier": "RSC", "ct": "Regional Service Centre", "fy": 1882, "iy": 1902, "ry": 1882, "ev": [[1882, "Founded"], [1882, "Railway Arrives"], [1882, "First Post Office"], [1882, "First Church"], [1883, "First Cemetery"], [1884, "Colonization Company"], [1885, "Justice System"], [1887, "First School"], [1900, "First Newspaper"], [1900, "Medical Facility"], [1902, "Incorporated"]], "ind": ["Own Farm (28.3%)", "Not specified retail trade (14.7%)", "Local public administration (8.0%)", "Educational services (4.9%)", "Hospitals (3.5%)"]}}, {"type": "Feature", "geometry": {"type": "Point", "coordinates": [-101.9719954662623, 50.25882671495594]}, "properties": {"nm": "Wapella", "ty": "Town", "pop": 401, "rw": "CPR", "rws": "CPR", "tier": "LSC", "ct": "Local Service Centre", "fy": 1882, "ry": 1882, "ev": [[1882, "Founded"], [1882, "Railway Arrives"], [1882, "First Post Office"], [1884, "First Cemetery"], [1887, "First Church"], [1890, "Justice System"], [1896, "First School"], [1901, "Colonization Company"], [1903, "First Newspaper"], [1915, "Medical Facility"]], "ind": ["Educational services (14.3%)", "Own Farm (13.3%)", "Food stores, except dairy products (8.2%)", "Not specified retail trade (8.2%)", "Sawmills, planing mills, & mill work (7.1%)"]}}, {"type": "Feature", "geometry": {"type": "Point", "coordinates": [-102.26748933587244, 50.331466322139136]}, "properties": {"nm": "Whitewood", "ty": "Town", "pop": 499, "rw": "CPR", "rws": "CPR", "tier": "LSC", "ct": "Local Service Centre", "fy": 1882, "iy": 1892, "ry": 1882, "ev": [[1882, "Founded"], [1882, "Railway Arrives"], [1883, "First Post Office"], [1883, "Colonization Company"], [1885, "First Church"], [1885, "Justice System"], [1886, "First School"], [1892, "Incorporated"], [1892, "First Newspaper"], [1893, "First Cemetery"], [1910, "Medical Facility"]], "ind": ["Own Farm (19.8%)", "General merchandise stores (9.9%)", "Railroads and railway express service (8.9%)", "Not specified retail trade (7.9%)", "Banking and credit agencies (6.9%)"]}}, {"type": "Feature", "geometry": {"type": "Point", "coordinates": [-102.289663027762, 49.269485548575865]}, "properties": {"nm": "Alameda", "ty": "Town", "pop": 208, "rw": "CPR", "rws": "CPR", "tier": "SSC", "ct": "Small Service Centre", "fy": 1882, "iy": 1898, "ry": 1892, "ev": [[1882, "Founded"], [1883, "First Post Office"], [1884, "First Church"], [1886, "First Cemetery"], [1886, "Justice System"], [1892, "Railway Arrives"], [1897, "Land Office"], [1898, "Incorporated"], [1901, "First Newspaper"], [1906, "Medical Facility"], [1909, "First School"]], "ind": ["Not specified retail trade (22.8%)", "Own Farm (19.3%)", "Not specified manufacturing industries (15.8%)", "Banking and credit agencies (5.3%)", "Food stores, except dairy products (5.3%)"]}}, {"type": "Feature", "geometry": {"type": "Point", "coordinates": [-104.6185475147612, 50.44594717577595]}, "properties": {"nm": "Regina", "ty": "City", "pop": 34432, "rw": "CPR", "rws": "CPR, CNR, GTP, Other", "tier": "City", "ct": "City", "fy": 1881, "iy": 1903, "ry": 1882, "ev": [[1881, "Justice System"], [1882, "Founded"], [1882, "Railway Arrives"], [1883, "First Post Office"], [1883, "First Church"], [1883, "First School"], [1883, "First Cemetery"], [1883, "First Newspaper"], [1883, "Colonization Company"], [1883, "Land Office"], [1889, "Medical Facility"], [1903, "Incorporated"]], "ind": ["Not specified retail trade (7.1%)", "Railroads and railway express service (6.4%)", "Own Farm (5.3%)", "Educational services (4.4%)", "Public administration, level not specified (4.0%)"]}}, {"type": "Feature", "geometry": {"type": "Point", "coordinates": [-105.5460638628333, 50.39332806841565]}, "properties": {"nm": "Moosejaw", "ty": "City", "pop": 19285, "rw": "CPR", "rws": "CPR, CNR, GTP", "tier": "City", "ct": "City", "fy": 1882, "iy": 1903, "ry": 1882, "ev": [[1882, "Founded"], [1882, "Railway Arrives"], [1882, "Justice System"], [1883, "First Post Office"], [1883, "First Church"], [1886, "First School"], [1889, "First Cemetery"], [1889, "First Newspaper"], [1903, "Incorporated"], [1906, "Medical Facility"], [1907, "Land Office"], [1910, "Colonization Company"]], "ind": ["Railroads and railway express service (24.3%)", "Own Farm (6.1%)", "Food stores, except dairy products (4.6%)", "Not specified retail trade (4.3%)", "Educational services (4.2%)"]}}, {"type": "Feature", "geometry": {"type": "Point", "coordinates": [-104.80615522402516, 50.717103321778545]}, "properties": {"nm": "Craven", "ty": "Village", "pop": 112, "rw": "CPR", "rws": "CPR, Other", "tier": "SSC", "ct": "Small Service Centre", "fy": 1882, "iy": 1905, "ry": 1885, "ev": [[1882, "Founded"], [1884, "First Post Office"], [1885, "Railway Arrives"], [1887, "Railway Arrives"], [1889, "First Cemetery"], [1890, "First Church"], [1905, "Incorporated"], [1906, "First School"]], "ind": ["Own Farm (23.1%)", "Banking and credit agencies (15.4%)", "Not specified retail trade (11.5%)", "Electrical goods, hardware, and plumbing equipment (7.7%)", "Lumber and building material retailing (7.7%)"]}}, {"type": "Feature", "geometry": {"type": "Point", "coordinates": [-106.66636428986348, 52.12140709626741]}, "properties": {"nm": "Saskatoon", "ty": "City", "pop": 25739, "rw": "CPR", "rws": "CPR, CNR, GTP, Other", "tier": "City", "ct": "City", "fy": 1882, "iy": 1906, "ry": 1889, "ev": [[1882, "Founded"], [1882, "Colonization Company"], [1884, "First Post Office"], [1884, "First Cemetery"], [1884, "First Newspaper"], [1885, "Medical Facility"], [1887, "Justice System"], [1888, "First School"], [1889, "Railway Arrives"], [1890, "Railway Arrives"], [1892, "First Church"], [1906, "Incorporated"], [1910, "Land Office"]], "ind": ["Own Farm (15.1%)", "Railroads and railway express service (11.8%)", "Not specified retail trade (7.1%)", "Educational services (4.1%)", "Hospitals (3.8%)"]}}, {"type": "Feature", "geometry": {"type": "Point", "coordinates": [-102.47269459603, 51.219182403607874]}, "properties": {"nm": "Yorkton", "ty": "Town", "pop": 5151, "rw": "CNR", "rws": "CNR, GTP, Other", "tier": "RSC", "ct": "Regional Service Centre", "fy": 1882, "iy": 1928, "ry": 1889, "ev": [[1882, "Founded"], [1882, "Colonization Company"], [1884, "First Post Office"], [1889, "Railway Arrives"], [1889, "First School"], [1890, "Justice System"], [1892, "First Newspaper"], [1893, "First Church"], [1896, "First Cemetery"], [1897, "Land Office"], [1902, "Medical Facility"], [1928, "Incorporated"]], "ind": ["Own Farm (12.5%)", "Not specified retail trade (8.3%)", "Railroads and railway express service (5.4%)", "Food stores, except dairy products (5.2%)", "Educational services (5.1%)"]}}, {"type": "Feature", "geometry": {"type": "Point", "coordinates": [-102.17027782536115, 49.230135882054704]}, "properties": {"nm": "Oxbow", "ty": "Town", "pop": 602, "rw": "CPR", "rws": "CPR", "tier": "LSC", "ct": "Local Service Centre", "fy": 1882, "iy": 1904, "ry": 1891, "ev": [[1882, "Founded"], [1884, "Justice System"], [1891, "Railway Arrives"], [1892, "Railway Arrives"], [1892, "First Post Office"], [1892, "First School"], [1894, "First Church"], [1902, "First Cemetery"], [1903, "First Newspaper"], [1904, "Incorporated"], [1927, "Medical Facility"]], "ind": ["Not specified retail trade (17.3%)", "Educational services (14.4%)", "Own Farm (13.5%)", "Banking and credit agencies (6.7%)", "Hotels and lodging places (4.8%)"]}}, {"type": "Feature", "geometry": {"type": "Point", "coordinates": [-103.5371751126938, 51.640369426911]}, "properties": {"nm": "Foam Lake", "ty": "Village", "pop": 451, "rw": "CNR", "rws": "CNR", "tier": "RSC", "ct": "Regional Service Centre", "fy": 1882, "iy": 1908, "ry": 1905, "ev": [[1882, "Founded"], [1900, "First Post Office"], [1905, "Railway Arrives"], [1908, "Incorporated"], [1908, "First School"], [1910, "First Church"], [1912, "Medical Facility"], [1914, "First Cemetery"], [1917, "First Newspaper"]], "ind": ["Not specified retail trade (18.8%)", "Structural clay products (9.4%)", "Construction (7.8%)", "Own Farm (7.8%)", "Electrical goods, hardware, and plumbing equipment (6.2%)"]}}, {"type": "Feature", "geometry": {"type": "Point", "coordinates": [-107.5986584463146, 50.35797465092397]}, "properties": {"nm": "Waldeck", "ty": "Village", "pop": 140, "rw": "CPR", "rws": "CPR", "tier": "SSC", "ct": "Small Service Centre", "fy": 1882, "iy": 1913, "ry": 1882, "ev": [[1882, "Founded"], [1882, "Railway Arrives"], [1906, "First Post Office"], [1907, "First Church"], [1908, "First Cemetery"], [1909, "First School"], [1913, "Incorporated"]], "ind": ["Grain-mill products (31.8%)", "Own Farm (22.7%)", "General merchandise stores (18.2%)", "Not specified manufacturing industries (9.1%)"]}}, {"type": "Feature", "geometry": {"type": "Point", "coordinates": [-109.47538986460582, 49.905983116125256]}, "properties": {"nm": "Maple Creek", "ty": "Town", "pop": 1002, "rw": "CPR", "rws": "CPR", "tier": "RSC", "ct": "Regional Service Centre", "fy": 1882, "iy": 1896, "ry": 1883, "ev": [[1882, "First Post Office"], [1883, "Founded"], [1883, "Railway Arrives"], [1883, "Justice System"], [1886, "First Church"], [1887, "First School"], [1888, "First Cemetery"], [1896, "Incorporated"], [1902, "First Newspaper"], [1908, "Medical Facility"], [1913, "Land Office"]], "ind": ["Own Farm (24.8%)", "General merchandise stores (12.1%)", "Not specified retail trade (11.7%)", "Eating and drinking places (4.2%)", "Food stores, except dairy products (4.2%)"]}}, {"type": "Feature", "geometry": {"type": "Point", "coordinates": [-102.93412779800164, 50.41168457317238]}, "properties": {"nm": "Grenfell", "ty": "Town", "pop": 765, "rw": "CPR", "rws": "CPR", "tier": "RSC", "ct": "Regional Service Centre", "fy": 1882, "iy": 1894, "ry": 1882, "ev": [[1882, "Railway Arrives"], [1882, "Colonization Company"], [1883, "Founded"], [1883, "First Post Office"], [1884, "First Church"], [1884, "Railway Arrives"], [1889, "First School"], [1894, "Incorporated"], [1894, "First Cemetery"], [1894, "First Newspaper"], [1895, "Justice System"], [1946, "Medical Facility"]], "ind": ["Railroads and railway express service (8.2%)", "Banking and credit agencies (7.6%)", "Auto repair services and garages (7.0%)", "Educational services (6.4%)", "General merchandise stores (5.8%)"]}}, {"type": "Feature", "geometry": {"type": "Point", "coordinates": [-107.80655052470132, 50.29088761773064]}, "properties": {"nm": "Swift Current", "ty": "City", "pop": 3518, "rw": "CPR", "rws": "CPR", "tier": "City", "ct": "City", "fy": 1874, "iy": 1903, "ry": 1882, "ev": [[1874, "Justice System"], [1882, "Railway Arrives"], [1883, "Founded"], [1883, "First Post Office"], [1883, "First Cemetery"], [1903, "Incorporated"], [1904, "First School"], [1904, "First Newspaper"], [1912, "Medical Facility"], [1913, "First Church"]], "ind": ["Own Farm (15.3%)", "Railroads and railway express service (9.2%)", "Not specified manufacturing industries (8.8%)", "Not specified wholesale trade (5.8%)", "Not specified retail trade (5.0%)"]}}, {"type": "Feature", "geometry": {"type": "Point", "coordinates": [-108.48570090638997, 50.09416736541658]}, "properties": {"nm": "Gull Lake", "ty": "Town", "pop": 788, "rw": "CPR", "rws": "CPR", "tier": "RSC", "ct": "Regional Service Centre", "fy": 1882, "iy": 1909, "ry": 1882, "ev": [[1882, "Railway Arrives"], [1883, "Railway Arrives"], [1884, "Founded"], [1887, "Colonization Company"], [1889, "First Post Office"], [1906, "First School"], [1906, "First Cemetery"], [1907, "First Church"], [1909, "Incorporated"], [1909, "First Newspaper"], [1909, "Justice System"], [1917, "Medical Facility"]], "ind": ["Not specified retail trade (18.0%)", "Own Farm (12.5%)", "Food stores, except dairy products (8.6%)", "Banking and credit agencies (7.8%)", "Misc. personal services (7.8%)"]}}, {"type": "Feature", "geometry": {"type": "Point", "coordinates": [-105.74920312003869, 53.19342841848542]}, "properties": {"nm": "Prince Albert", "ty": "City", "pop": 7558, "rw": "CNR", "rws": "CNR, GTP, Other", "tier": "City", "ct": "City", "fy": 1866, "iy": 1885, "ry": 1890, "ev": [[1866, "First Cemetery"], [1872, "First Church"], [1878, "Justice System"], [1879, "First Post Office"], [1881, "Land Office"], [1882, "First Newspaper"], [1883, "First School"], [1883, "Colonization Company"], [1884, "Medical Facility"], [1885, "Founded"], [1885, "Incorporated"], [1890, "Railway Arrives"]], "ind": ["Own Farm (17.1%)", "Railroads and railway express service (10.4%)", "Hotels and lodging places (6.7%)", "Not specified retail trade (6.0%)", "Hospitals (4.8%)"]}}, {"type": "Feature", "geometry": {"type": "Point", "coordinates": [-102.07206745104313, 50.65529470316086]}, "properties": {"nm": "Esterhazy", "ty": "Village", "pop": 420, "rw": "CPR", "rws": "CPR, GTP", "tier": "RSC", "ct": "Regional Service Centre", "fy": 1885, "iy": 1903, "ry": 1902, "ev": [[1885, "Founded"], [1902, "Railway Arrives"], [1903, "Incorporated"], [1903, "First Post Office"], [1903, "First Cemetery"], [1904, "Railway Arrives"], [1904, "First Church"], [1904, "Medical Facility"], [1904, "Justice System"], [1905, "First School"], [1907, "First Newspaper"]], "ind": ["Own Farm (14.3%)", "Not specified retail trade (9.1%)", "General merchandise stores (7.8%)", "Hotels and lodging places (7.8%)", "Banking and credit agencies (6.5%)"]}}, {"type": "Feature", "geometry": {"type": "Point", "coordinates": [-103.69459668684404, 50.756858115766555]}, "properties": {"nm": "Lebret", "ty": "Village", "pop": 274, "rw": "CPR", "rws": "CPR, GTP", "tier": "SSC", "ct": "Small Service Centre", "fy": 1866, "iy": 1912, "ry": 1911, "ev": [[1866, "First Church"], [1869, "First Cemetery"], [1884, "First School"], [1886, "Founded"], [1886, "First Post Office"], [1911, "Railway Arrives"], [1912, "Incorporated"]], "ind": ["Own Farm (66.7%)", "Local public administration (14.8%)"]}}, {"type": "Feature", "geometry": {"type": "Point", "coordinates": [-101.7961253747455, 49.17551920904142]}, "properties": {"nm": "Carnduff", "ty": "Town", "pop": 494, "rw": "CPR", "rws": "CPR", "tier": "LSC", "ct": "Local Service Centre", "fy": 1884, "iy": 1897, "ry": 1891, "ev": [[1884, "First Post Office"], [1887, "Founded"], [1888, "First Cemetery"], [1891, "Railway Arrives"], [1892, "Railway Arrives"], [1892, "First School"], [1894, "First Church"], [1895, "Justice System"], [1897, "Incorporated"], [1899, "First Newspaper"], [1913, "Colonization Company"], [1920, "Medical Facility"]], "ind": ["Own Farm (30.0%)", "Not specified retail trade (7.5%)", "Educational services (6.2%)", "Laundering, cleaning, and dyeing services (6.2%)", "Food stores, except dairy products (5.0%)"]}}, {"type": "Feature", "geometry": {"type": "Point", "coordinates": [-101.89258768760224, 50.89455366589854]}, "properties": {"nm": "Churchbridge", "ty": "Village", "pop": 189, "rw": "Other", "rws": "Other", "tier": "SSC", "ct": "Small Service Centre", "fy": 1880, "iy": 1903, "ry": 1887, "ev": [[1880, "Colonization Company"], [1887, "Founded"], [1887, "First Church"], [1887, "First Cemetery"], [1887, "Railway Arrives"], [1888, "Railway Arrives"], [1889, "First Post Office"], [1902, "First School"], [1903, "Incorporated"], [1908, "First Newspaper"], [1911, "Justice System"], [1920, "Medical Facility"]], "ind": ["Own Farm (30.8%)", "Educational services (19.2%)", "Banking and credit agencies (15.4%)", "General merchandise stores (7.7%)", "Telephone (7.7%)"]}}, {"type": "Feature", "geometry": {"type": "Point", "coordinates": [-102.16414710318412, 51.04086309899965]}, "properties": {"nm": "Saltcoats", "ty": "Town", "pop": 479, "rw": "Other", "rws": "Other", "tier": "RSC", "ct": "Regional Service Centre", "fy": 1877, "iy": 1894, "ry": 1888, "ev": [[1877, "First Cemetery"], [1887, "Founded"], [1888, "Railway Arrives"], [1888, "Justice System"], [1889, "First School"], [1889, "Medical Facility"], [1889, "Railway Arrives"], [1890, "First Church"], [1893, "First Post Office"], [1894, "Incorporated"], [1906, "Colonization Company"]], "ind": ["Own Farm (25.3%)", "Not specified retail trade (10.1%)", "Educational services (7.6%)", "Banking and credit agencies (6.3%)", "Private households (5.1%)"]}}, {"type": "Feature", "geometry": {"type": "Point", "coordinates": [-101.50160421631288, 50.07226746942367]}, "properties": {"nm": "Fleming", "ty": "Town", "pop": 263, "rw": "CPR", "rws": "CPR", "tier": "SSC", "ct": "Small Service Centre", "fy": 1882, "iy": 1907, "ry": 1882, "ev": [[1882, "Railway Arrives"], [1882, "First Cemetery"], [1884, "First Post Office"], [1888, "Founded"], [1893, "First Church"], [1894, "Justice System"], [1900, "First School"], [1907, "Incorporated"]], "ind": ["Own Farm (44.8%)", "Educational services (10.3%)", "Not specified manufacturing industries (5.2%)", "Not specified retail trade (5.2%)", "Railroads and railway express service (5.2%)"]}}, {"type": "Feature", "geometry": {"type": "Point", "coordinates": [-101.70486149558924, 50.843916808230766]}, "properties": {"nm": "Langenburg", "ty": "Village", "pop": 307, "rw": "Other", "rws": "Other", "tier": "SSC", "ct": "Small Service Centre", "fy": 1886, "iy": 1903, "ry": 1888, "ev": [[1886, "First Cemetery"], [1887, "First School"], [1887, "Justice System"], [1888, "Founded"], [1888, "Railway Arrives"], [1888, "First Post Office"], [1903, "Incorporated"], [1903, "First Church"], [1930, "First Newspaper"]], "ind": ["Own Farm (24.5%)", "Sawmills, planing mills, & mill work (12.2%)", "Auto repair services and garages (10.2%)", "Electrical goods, hardware, and plumbing equipment (10.2%)", "Educational services (6.1%)"]}}, {"type": "Feature", "geometry": {"type": "Point", "coordinates": [-102.49195109979658, 49.63567981485362]}, "properties": {"nm": "Arcola", "ty": "Town", "pop": 605, "rw": "CPR", "rws": "CPR", "tier": "RSC", "ct": "Regional Service Centre", "fy": 1889, "iy": 1901, "ry": 1900, "ev": [[1889, "Founded"], [1889, "First Post Office"], [1894, "First Church"], [1900, "First School"], [1900, "Railway Arrives"], [1901, "Incorporated"], [1901, "Railway Arrives"], [1901, "First Newspaper"], [1903, "First Cemetery"], [1904, "Justice System"], [1927, "Medical Facility"]], "ind": ["Not specified retail trade (24.1%)", "Own Farm (21.4%)", "Educational services (8.9%)", "Banking and credit agencies (8.0%)", "Railroads and railway express service (8.0%)"]}}, {"type": "Feature", "geometry": {"type": "Point", "coordinates": [-102.0181100286619, 49.21081690187795]}, "properties": {"nm": "Glen Ewen", "ty": "Village", "pop": 138, "rw": "CPR", "rws": "CPR", "tier": "SSC", "ct": "Small Service Centre", "fy": 1889, "iy": 1904, "ry": 1891, "ev": [[1889, "Founded"], [1890, "First Post Office"], [1891, "Railway Arrives"], [1892, "Railway Arrives"], [1900, "First Church"], [1904, "Incorporated"], [1906, "Medical Facility"], [1908, "First School"], [1915, "First Cemetery"], [1920, "Justice System"]], "ind": ["Own Farm (33.3%)", "Educational services (11.1%)", "Not specified retail trade (11.1%)", "Private households (11.1%)", "Not specified manufacturing industries (7.4%)"]}}, {"type": "Feature", "geometry": {"type": "Point", "coordinates": [-104.982186631965, 50.415799040308904]}, "properties": {"nm": "Pense", "ty": "Village", "pop": 247, "rw": "CPR", "rws": "CPR, GTP", "tier": "SSC", "ct": "Small Service Centre", "fy": 1881, "iy": 1904, "ry": 1881, "ev": [[1881, "Railway Arrives"], [1882, "Railway Arrives"], [1883, "First Post Office"], [1885, "First Cemetery"], [1887, "First Church"], [1890, "Founded"], [1902, "Medical Facility"], [1903, "First School"], [1904, "Incorporated"], [1910, "First Newspaper"], [1913, "Justice System"]], "ind": ["Dry goods apparel (8.5%)", "Grain-mill products (6.8%)", "Not specified retail trade (6.8%)", "Railroads and railway express service (6.8%)", "Construction (5.1%)"]}}, {"type": "Feature", "geometry": {"type": "Point", "coordinates": [-105.87175969880349, 50.45762200609907]}, "properties": {"nm": "Caron", "ty": "Town", "pop": 243, "rw": "CPR", "rws": "CPR, GTP", "tier": "SSC", "ct": "Small Service Centre", "fy": 1882, "iy": 1904, "ry": 1882, "ev": [[1882, "Railway Arrives"], [1883, "First Post Office"], [1890, "Founded"], [1895, "Justice System"], [1899, "First Cemetery"], [1904, "Incorporated"], [1905, "First School"], [1907, "First Church"], [1917, "Medical Facility"]], "ind": ["Railroads and railway express service (19.2%)", "Own Farm (17.3%)", "Educational services (15.4%)", "Banking and credit agencies (9.6%)", "Not specified retail trade (5.8%)"]}}, {"type": "Feature", "geometry": {"type": "Point", "coordinates": [-104.42236114054992, 50.47564312189344]}, "properties": {"nm": "Pilot Butte", "ty": "Village", "pop": 129, "rw": "CPR", "rws": "CPR, CNR, GTP", "tier": "SSC", "ct": "Small Service Centre", "fy": 1882, "iy": 1913, "ry": 1882, "ev": [[1882, "Railway Arrives"], [1890, "Founded"], [1890, "Justice System"], [1899, "First Post Office"], [1903, "First Church"], [1905, "First Cemetery"], [1913, "Incorporated"]], "ind": ["Railroads and railway express service (32.1%)", "Nonmetallic mining & quarrying, not fuel (25.0%)", "Not specified retail trade (14.3%)", "Own Farm (10.7%)", "Educational services (7.1%)"]}}, {"type": "Feature", "geometry": {"type": "Point", "coordinates": [-105.81636866932033, 51.04783044440558]}, "properties": {"nm": "Craik", "ty": "Town", "pop": 570, "rw": "Other", "rws": "Other", "tier": "RSC", "ct": "Regional Service Centre", "fy": 1889, "iy": 1903, "ry": 1889, "ev": [[1889, "Railway Arrives"], [1890, "Founded"], [1890, "Railway Arrives"], [1903, "Incorporated"], [1903, "First Post Office"], [1904, "First Church"], [1904, "First School"], [1904, "First Cemetery"], [1905, "Justice System"], [1908, "First Newspaper"], [1942, "Medical Facility"]], "ind": ["Own Farm (26.1%)", "General merchandise stores (6.8%)", "Railroads and railway express service (5.6%)", "Electrical goods, hardware, and plumbing equipment (5.0%)", "Laundering, cleaning, and dyeing services (4.3%)"]}}, {"type": "Feature", "geometry": {"type": "Point", "coordinates": [-105.20902175239624, 50.71171056261986]}, "properties": {"nm": "Bethune", "ty": "Village", "pop": 220, "rw": "Other", "rws": "Other", "tier": "SSC", "ct": "Small Service Centre", "fy": 1889, "iy": 1912, "ry": 1889, "ev": [[1889, "Railway Arrives"], [1890, "Founded"], [1890, "Railway Arrives"], [1898, "First Cemetery"], [1905, "First Post Office"], [1906, "First School"], [1910, "First Church"], [1912, "Incorporated"]], "ind": ["Food stores, except dairy products (20.5%)", "Own Farm (20.5%)", "Not specified retail trade (10.3%)", "Auto repair services and garages (7.7%)", "Educational services (7.7%)"]}}, {"type": "Feature", "geometry": {"type": "Point", "coordinates": [-101.61735967033194, 49.17014550819159]}, "properties": {"nm": "Carievale", "ty": "Village", "pop": 175, "rw": "CPR", "rws": "CPR", "tier": "SSC", "ct": "Small Service Centre", "fy": 1891, "iy": 1903, "ry": 1891, "ev": [[1891, "First Post Office"], [1891, "Railway Arrives"], [1892, "Founded"], [1892, "Railway Arrives"], [1900, "First Church"], [1903, "Incorporated"], [1903, "Medical Facility"], [1905, "First School"], [1907, "First Cemetery"]], "ind": ["Own Farm (28.3%)", "Not specified retail trade (11.3%)", "Educational services (9.4%)", "Not specified manufacturing industries (7.5%)", "Banking and credit agencies (5.7%)"]}}, {"type": "Feature", "geometry": {"type": "Point", "coordinates": [-102.98681458265555, 49.142416201347935]}, "properties": {"nm": "Estevan", "ty": "Town", "pop": 2290, "rw": "CPR", "rws": "CPR, CNR", "tier": "RSC", "ct": "Regional Service Centre", "fy": 1874, "iy": 1899, "ry": 1892, "ev": [[1874, "Justice System"], [1879, "Colonization Company"], [1892, "Founded"], [1892, "Railway Arrives"], [1892, "First Post Office"], [1892, "First Church"], [1892, "First School"], [1898, "First Cemetery"], [1899, "Incorporated"], [1903, "First Newspaper"], [1908, "Land Office"], [1910, "Medical Facility"]], "ind": ["Railroads and railway express service (13.1%)", "Own Farm (11.1%)", "Private households (9.4%)", "Educational services (6.4%)", "Structural clay products (6.2%)"]}}, {"type": "Feature", "geometry": {"type": "Point", "coordinates": [-104.59787003213587, 52.86410228738184]}, "properties": {"nm": "Melfort", "ty": "Town", "pop": 1746, "rw": "CNR", "rws": "CNR", "tier": "RSC", "ct": "Regional Service Centre", "fy": 1890, "iy": 1903, "ry": 1904, "ev": [[1890, "First Cemetery"], [1892, "Founded"], [1892, "First Post Office"], [1903, "Incorporated"], [1903, "First Newspaper"], [1904, "First Church"], [1904, "Railway Arrives"], [1905, "Railway Arrives"], [1905, "Justice System"], [1907, "Medical Facility"]], "ind": ["Own Farm (18.5%)", "Hospitals (6.0%)", "Not specified retail trade (5.8%)", "Educational services (5.5%)", "Railroads and railway express service (5.0%)"]}}, {"type": "Feature", "geometry": {"type": "Point", "coordinates": [-101.45807485753974, 49.567344049512286]}, "properties": {"nm": "Antler", "ty": "Village", "pop": 145, "rw": "CPR", "rws": "CPR", "tier": "SSC", "ct": "Small Service Centre", "fy": 1892, "iy": 1905, "ry": 1900, "ev": [[1892, "Founded"], [1900, "Railway Arrives"], [1900, "First Post Office"], [1901, "First School"], [1905, "Incorporated"], [1905, "First Newspaper"], [1908, "First Church"], [1908, "First Cemetery"], [1909, "Medical Facility"], [1915, "Justice System"]], "ind": ["Not specified retail trade (23.1%)", "Railroads and railway express service (19.2%)", "Own Farm (15.4%)", "Grain-mill products (7.7%)"]}}, {"type": "Feature", "geometry": {"type": "Point", "coordinates": [-103.20389296214462, 50.731847057143064]}, "properties": {"nm": "Lemberg", "ty": "Town", "pop": 472, "rw": "CPR", "rws": "CPR", "tier": "LSC", "ct": "Local Service Centre", "fy": 1892, "iy": 1904, "ry": 1904, "ev": [[1892, "Founded"], [1901, "First Church"], [1903, "Medical Facility"], [1904, "Incorporated"], [1904, "Railway Arrives"], [1904, "First Post Office"], [1904, "First School"], [1905, "Railway Arrives"], [1907, "First Newspaper"], [1908, "First Cemetery"]], "ind": ["Own Farm (42.0%)", "Educational services (10.1%)", "Hotels and lodging places (8.7%)", "Not specified retail trade (8.7%)", "Construction (7.2%)"]}}, {"type": "Feature", "geometry": {"type": "Point", "coordinates": [-106.33284073127535, 52.65584677144819]}, "properties": {"nm": "Rosthern", "ty": "Town", "pop": 1074, "rw": "CPR", "rws": "CPR, CNR, Other", "tier": "RSC", "ct": "Regional Service Centre", "fy": 1890, "iy": 1898, "ry": 1890, "ev": [[1890, "Railway Arrives"], [1890, "First Church"], [1891, "First Cemetery"], [1893, "Founded"], [1893, "First Post Office"], [1898, "Incorporated"], [1898, "First School"], [1900, "Justice System"], [1902, "First Newspaper"], [1912, "Medical Facility"]], "ind": ["Own Farm (30.1%)", "Educational services (15.7%)", "Banking and credit agencies (6.5%)", "Not specified retail trade (5.9%)", "General merchandise stores (4.6%)"]}}, {"type": "Feature", "geometry": {"type": "Point", "coordinates": [-104.16302929325288, 49.80631996138463]}, "properties": {"nm": "Yellow Grass", "ty": "Town", "pop": 468, "rw": "CPR", "rws": "CPR", "tier": "LSC", "ct": "Local Service Centre", "fy": 1893, "iy": 1903, "ry": 1893, "ev": [[1893, "Founded"], [1893, "Railway Arrives"], [1896, "First Post Office"], [1900, "First School"], [1903, "Incorporated"], [1903, "Medical Facility"], [1905, "First Cemetery"], [1905, "First Newspaper"], [1906, "Justice System"]], "ind": ["Own Farm (32.2%)", "Not specified retail trade (18.4%)", "Eating and drinking places (8.0%)", "Banking and credit agencies (6.9%)", "Educational services (5.7%)"]}}, {"type": "Feature", "geometry": {"type": "Point", "coordinates": [-104.51922983376326, 49.99333126342712]}, "properties": {"nm": "Milestone", "ty": "Town", "pop": 472, "rw": "CPR", "rws": "CPR", "tier": "LSC", "ct": "Local Service Centre", "fy": 1893, "iy": 1903, "ry": 1893, "ev": [[1893, "Founded"], [1893, "Railway Arrives"], [1900, "First Post Office"], [1902, "First School"], [1902, "First Cemetery"], [1902, "Medical Facility"], [1903, "Incorporated"], [1903, "First Church"], [1904, "Justice System"], [1906, "First Newspaper"]], "ind": ["Own Farm (26.2%)", "Banking and credit agencies (10.3%)", "Motor vehicles and equipment (8.4%)", "Not specified retail trade (8.4%)", "Hotels and lodging places (6.5%)"]}}, {"type": "Feature", "geometry": {"type": "Point", "coordinates": [-103.45118219066208, 50.213286038022346]}, "properties": {"nm": "Montmartre", "ty": "Village", "pop": 287, "rw": "CNR", "rws": "CNR", "tier": "SSC", "ct": "Small Service Centre", "fy": 1893, "iy": 1909, "ry": 1907, "ev": [[1893, "Founded"], [1893, "Colonization Company"], [1896, "Medical Facility"], [1900, "First Cemetery"], [1901, "First Church"], [1905, "First School"], [1907, "Railway Arrives"], [1907, "First Post Office"], [1909, "Incorporated"], [1915, "Justice System"]], "ind": ["Not specified retail trade (18.9%)", "Own Farm (13.2%)", "Welfare and religious services (13.2%)", "Construction (5.7%)", "Hotels and lodging places (5.7%)"]}}, {"type": "Feature", "geometry": {"type": "Point", "coordinates": [-103.01416272359268, 50.71126513413692]}, "properties": {"nm": "Neudorf", "ty": "Village", "pop": 500, "rw": "CPR", "rws": "CPR", "tier": "SSC", "ct": "Small Service Centre", "fy": 1895, "iy": 1907, "ry": 1904, "ev": [[1895, "Founded"], [1895, "First Post Office"], [1896, "First Church"], [1904, "Railway Arrives"], [1905, "First School"], [1907, "Incorporated"], [1909, "Medical Facility"], [1915, "Justice System"], [1917, "First Cemetery"]], "ind": ["Railroads and railway express service (33.3%)", "Own Farm (18.1%)", "Food stores, except dairy products (9.7%)", "Local public administration (6.9%)", "Educational services (4.2%)"]}}, {"type": "Feature", "geometry": {"type": "Point", "coordinates": [-102.64540352012747, 50.72027373491661]}, "properties": {"nm": "Grayson", "ty": "Village", "pop": 222, "rw": "CPR", "rws": "CPR", "tier": "SSC", "ct": "Small Service Centre", "fy": 1896, "iy": 1906, "ry": 1904, "ev": [[1896, "Founded"], [1901, "First Cemetery"], [1904, "Railway Arrives"], [1904, "First Post Office"], [1905, "Medical Facility"], [1906, "Incorporated"], [1906, "First School"], [1907, "First Church"], [1912, "First Newspaper"], [1914, "Justice System"]], "ind": ["Not specified retail trade (17.2%)", "Railroads and railway express service (13.8%)", "Welfare and religious services (13.8%)", "Banking and credit agencies (10.3%)", "General merchandise stores (10.3%)"]}}, {"type": "Feature", "geometry": {"type": "Point", "coordinates": [-103.94766002342688, 50.3356766819535]}, "properties": {"nm": "Vibank", "ty": "Village", "pop": 277, "rw": "CNR", "rws": "CNR", "tier": "SSC", "ct": "Small Service Centre", "fy": 1896, "iy": 1911, "ry": 1907, "ev": [[1896, "Founded"], [1903, "First Church"], [1904, "First Cemetery"], [1907, "Railway Arrives"], [1908, "First Post Office"], [1908, "Railway Arrives"], [1911, "Incorporated"], [1914, "First School"], [1919, "Medical Facility"]], "ind": ["Own Farm (27.0%)", "Not specified retail trade (18.9%)", "Educational services (13.5%)", "Dairy products (8.1%)", "General merchandise stores (8.1%)"]}}, {"type": "Feature", "geometry": {"type": "Point", "coordinates": [-104.90603303216751, 50.19020203693928]}, "properties": {"nm": "Rouleau", "ty": "Town", "pop": 590, "rw": "CPR", "rws": "CPR", "tier": "RSC", "ct": "Regional Service Centre", "fy": 1893, "iy": 1903, "ry": 1893, "ev": [[1893, "Railway Arrives"], [1897, "Founded"], [1897, "First Post Office"], [1901, "First School"], [1901, "Railway Arrives"], [1902, "First Church"], [1902, "First Cemetery"], [1902, "Colonization Company"], [1903, "Incorporated"], [1904, "Justice System"], [1905, "First Newspaper"], [1910, "Medical Facility"]], "ind": ["Own Farm (29.3%)", "Educational services (11.3%)", "Not specified retail trade (10.5%)", "Banking and credit agencies (6.0%)", "Food stores, except dairy products (5.3%)"]}}, {"type": "Feature", "geometry": {"type": "Point", "coordinates": [-102.86984646645315, 49.65387437362154]}, "properties": {"nm": "Forget", "ty": "Village", "pop": 257, "rw": "CPR", "rws": "CPR", "tier": "SSC", "ct": "Small Service Centre", "fy": 1893, "iy": 1904, "ry": 1904, "ev": [[1893, "First Cemetery"], [1897, "Founded"], [1904, "Incorporated"], [1904, "Railway Arrives"], [1904, "First Post Office"], [1905, "First Church"], [1905, "First School"], [1905, "First Newspaper"], [1910, "Medical Facility"], [1919, "Justice System"]], "ind": ["Not specified retail trade (11.5%)", "Own Farm (11.5%)", "Railroads and railway express service (11.5%)", "Banking and credit agencies (7.7%)", "Postal service (7.7%)"]}}, {"type": "Feature", "geometry": {"type": "Point", "coordinates": [-102.44710826049143, 51.62891045857293]}, "properties": {"nm": "Canora", "ty": "Town", "pop": 1230, "rw": "CNR", "rws": "CNR, GTP", "tier": "RSC", "ct": "Regional Service Centre", "fy": 1897, "iy": 1905, "ry": 1904, "ev": [[1897, "Founded"], [1904, "First Post Office"], [1904, "First Cemetery"], [1904, "Railway Arrives"], [1905, "Incorporated"], [1905, "Railway Arrives"], [1905, "Colonization Company"], [1907, "First Newspaper"], [1910, "Justice System"], [1912, "First School"], [1913, "Medical Facility"], [1928, "First Church"]], "ind": ["Own Farm (19.4%)", "Banking and credit agencies (8.0%)", "Hospitals (8.0%)", "Railroads and railway express service (7.2%)", "Misc. personal services (5.9%)"]}}, {"type": "Feature", "geometry": {"type": "Point", "coordinates": [-103.85261207369436, 49.66252312351541]}, "properties": {"nm": "Weyburn", "ty": "City", "pop": 3193, "rw": "CPR", "rws": "CPR, CNR, GTP", "tier": "City", "ct": "City", "fy": 1889, "iy": 1900, "ry": 1893, "ev": [[1889, "First Cemetery"], [1893, "Railway Arrives"], [1895, "First Post Office"], [1898, "Founded"], [1899, "First Church"], [1899, "First School"], [1900, "Incorporated"], [1902, "First Newspaper"], [1905, "Medical Facility"], [1906, "Colonization Company"], [1912, "Justice System"], [1914, "Land Office"]], "ind": ["Hospitals (12.3%)", "Own Farm (9.9%)", "Not specified retail trade (8.3%)", "Banking and credit agencies (6.6%)", "Railroads and railway express service (6.6%)"]}}, {"type": "Feature", "geometry": {"type": "Point", "coordinates": [-106.41544271429876, 52.51064605325159]}, "properties": {"nm": "Hague", "ty": "Village", "pop": 228, "rw": "Other", "rws": "Other", "tier": "SSC", "ct": "Small Service Centre", "fy": 1890, "iy": 1903, "ry": 1890, "ev": [[1890, "Railway Arrives"], [1896, "First Post Office"], [1898, "Founded"], [1903, "Incorporated"], [1903, "First School"], [1904, "First Cemetery"], [1910, "First Church"]], "ind": ["Own Farm (78.0%)", "Construction (9.8%)", "Not specified retail trade (7.3%)", "Banking and credit agencies (2.4%)", "General merchandise stores (2.4%)"]}}, {"type": "Feature", "geometry": {"type": "Point", "coordinates": [-104.33205634821653, 52.862230588966725]}, "properties": {"nm": "Star City", "ty": "Village", "pop": 591, "rw": "CNR", "rws": "CNR", "tier": "LSC", "ct": "Local Service Centre", "fy": 1898, "iy": 1909, "ry": 1904, "ev": [[1898, "Founded"], [1902, "First Post Office"], [1903, "First Cemetery"], [1904, "Railway Arrives"], [1905, "Railway Arrives"], [1906, "Medical Facility"], [1908, "First Church"], [1908, "First School"], [1909, "Incorporated"], [1909, "Justice System"], [1918, "First Newspaper"]], "ind": ["Own Farm (31.7%)", "Not specified retail trade (9.7%)", "Railroads and railway express service (7.0%)", "Banking and credit agencies (5.9%)", "Construction (4.8%)"]}}, {"type": "Feature", "geometry": {"type": "Point", "coordinates": [-101.89196542310376, 51.55510288193992]}, "properties": {"nm": "Kamsack", "ty": "Town", "pop": 2002, "rw": "CNR", "rws": "CNR", "tier": "RSC", "ct": "Regional Service Centre", "fy": 1888, "iy": 1905, "ry": 1904, "ev": [[1888, "First Post Office"], [1889, "First Church"], [1889, "First School"], [1899, "Founded"], [1904, "Railway Arrives"], [1904, "First Cemetery"], [1905, "Incorporated"], [1908, "First Newspaper"], [1908, "Colonization Company"], [1910, "Justice System"], [1912, "Medical Facility"]], "ind": ["Railroads and railway express service (29.1%)", "General merchandise stores (6.7%)", "Sawmills, planing mills, & mill work (5.7%)", "Not specified retail trade (4.8%)", "Educational services (4.5%)"]}}, {"type": "Feature", "geometry": {"type": "Point", "coordinates": [-102.08623989558778, 51.58356593292507]}, "properties": {"nm": "Veregin", "ty": "Village", "pop": 299, "rw": "CNR", "rws": "CNR", "tier": "SSC", "ct": "Small Service Centre", "fy": 1899, "iy": 1912, "ry": 1904, "ev": [[1899, "Founded"], [1904, "Railway Arrives"], [1905, "Railway Arrives"], [1906, "First Post Office"], [1908, "First School"], [1912, "Incorporated"], [1912, "First Cemetery"], [1918, "First Church"], [1919, "Medical Facility"]], "ind": ["Own Farm (31.5%)", "Not specified retail trade (9.3%)", "Banking and credit agencies (7.4%)", "Misc. personal services (5.6%)", "Educational services (3.7%)"]}}, {"type": "Feature", "geometry": {"type": "Point", "coordinates": [-106.8906377410822, 52.82897624416152]}, "properties": {"nm": "Blaine Lake", "ty": "Village", "pop": 334, "rw": "CNR", "rws": "CNR", "tier": "SSC", "ct": "Small Service Centre", "fy": 1899, "iy": 1912, "ry": 1910, "ev": [[1899, "Founded"], [1910, "Railway Arrives"], [1911, "Railway Arrives"], [1911, "First Post Office"], [1912, "Incorporated"], [1912, "First Church"], [1912, "Justice System"], [1913, "First School"], [1914, "First Cemetery"], [1926, "First Newspaper"]], "ind": ["Educational services (19.0%)", "Own Farm (17.2%)", "Hotels and lodging places (12.1%)", "Banking and credit agencies (8.6%)", "Not specified retail trade (8.6%)"]}}, {"type": "Feature", "geometry": {"type": "Point", "coordinates": [-102.92187139365468, 51.42316984039492]}, "properties": {"nm": "Theodore", "ty": "Village", "pop": 287, "rw": "CPR", "rws": "CPR", "tier": "SSC", "ct": "Small Service Centre", "fy": 1893, "iy": 1907, "ry": 1902, "ev": [[1893, "First Post Office"], [1900, "Founded"], [1902, "Railway Arrives"], [1905, "First School"], [1907, "Incorporated"], [1907, "First Church"], [1908, "Justice System"], [1910, "First Cemetery"], [1910, "Medical Facility"], [1921, "First Newspaper"]], "ind": ["Food stores, except dairy products (10.2%)", "Not specified retail trade (10.2%)", "Own Farm (10.2%)", "Railroads and railway express service (8.2%)", "Banking and credit agencies (6.1%)"]}}, {"type": "Feature", "geometry": {"type": "Point", "coordinates": [-102.80912127240768, 49.141306175471335]}, "properties": {"nm": "Bienfait", "ty": "Village", "pop": 260, "rw": "CPR", "rws": "CPR, CNR", "tier": "SSC", "ct": "Small Service Centre", "fy": 1892, "iy": 1912, "ry": 1892, "ev": [[1892, "Railway Arrives"], [1893, "First Post Office"], [1898, "First Church"], [1900, "Founded"], [1902, "Justice System"], [1905, "Railway Arrives"], [1906, "Medical Facility"], [1912, "Incorporated"], [1913, "First Cemetery"]], "ind": ["Not specified retail trade (22.0%)", "Railroads and railway express service (12.0%)", "Mining, not specified (1880) (10.0%)", "Food and related products (8.0%)", "Auto repair services and garages (6.0%)"]}}, {"type": "Feature", "geometry": {"type": "Point", "coordinates": [-102.0851872022052, 49.601203184609936]}, "properties": {"nm": "Manor", "ty": "Village", "pop": 210, "rw": "CPR", "rws": "CPR, CNR", "tier": "SSC", "ct": "Small Service Centre", "fy": 1900, "iy": 1902, "ry": 1900, "ev": [[1900, "Founded"], [1900, "Railway Arrives"], [1901, "First Post Office"], [1902, "Incorporated"], [1902, "First Church"], [1902, "First Cemetery"], [1903, "First School"], [1903, "Medical Facility"], [1910, "First Newspaper"], [1910, "Justice System"]], "ind": ["Own Farm (24.2%)", "Hotels and lodging places (18.2%)", "Railroads and railway express service (15.2%)", "Educational services (12.1%)", "Not specified retail trade (12.1%)"]}}, {"type": "Feature", "geometry": {"type": "Point", "coordinates": [-104.51937008639872, 52.12837803809812]}, "properties": {"nm": "Watson", "ty": "Town", "pop": 396, "rw": "CPR", "rws": "CPR, CNR", "tier": "SSC", "ct": "Small Service Centre", "fy": 1900, "iy": 1906, "ry": 1904, "ev": [[1900, "Founded"], [1904, "First Post Office"], [1904, "Railway Arrives"], [1905, "Railway Arrives"], [1905, "Medical Facility"], [1906, "Incorporated"], [1906, "First Church"], [1906, "First Cemetery"], [1907, "First Newspaper"], [1908, "First School"], [1909, "Justice System"]], "ind": ["Not specified retail trade (21.3%)", "Own Farm (11.7%)", "General merchandise stores (10.6%)", "Railroads and railway express service (8.5%)", "Electrical goods, hardware, and plumbing equipment (5.3%)"]}}, {"type": "Feature", "geometry": {"type": "Point", "coordinates": [-104.9562652802598, 51.07005092648551]}, "properties": {"nm": "Strasbourg", "ty": "Town", "pop": 514, "rw": "CPR", "rws": "CPR", "tier": "SSC", "ct": "Small Service Centre", "fy": 1889, "iy": 1906, "ry": 1905, "ev": [[1889, "First Cemetery"], [1900, "Founded"], [1905, "Railway Arrives"], [1905, "First Post Office"], [1906, "Incorporated"], [1906, "First Church"], [1906, "First School"], [1906, "First Newspaper"], [1906, "Medical Facility"], [1906, "Colonization Company"], [1908, "Justice System"]], "ind": ["Own Farm (48.1%)", "Auto repair services and garages (5.8%)", "Educational services (5.8%)", "Not specified manufacturing industries (5.8%)", "Not specified retail trade (5.8%)"]}}, {"type": "Feature", "geometry": {"type": "Point", "coordinates": [-102.66486888347784, 51.95740174433489]}, "properties": {"nm": "Preeceville", "ty": "Village", "pop": 319, "rw": "CNR", "rws": "CNR", "tier": "SSC", "ct": "Small Service Centre", "fy": 1900, "iy": 1912, "ry": 1910, "ev": [[1900, "Founded"], [1910, "Railway Arrives"], [1910, "First Cemetery"], [1912, "Incorporated"], [1912, "First Post Office"], [1912, "Justice System"], [1912, "Railway Arrives"], [1913, "First Church"], [1913, "First School"], [1922, "First Newspaper"], [1935, "Medical Facility"]], "ind": ["Own Farm (58.1%)", "Not specified retail trade (14.5%)", "Banking and credit agencies (8.1%)", "General merchandise stores (6.5%)", "Hotels and lodging places (6.5%)"]}}, {"type": "Feature", "geometry": {"type": "Point", "coordinates": [-106.53848267157272, 52.367218967277104]}, "properties": {"nm": "Osler", "ty": "Village", "pop": 109, "rw": "CNR", "rws": "CNR, Other", "tier": "SSC", "ct": "Small Service Centre", "fy": 1890, "iy": 1904, "ry": 1890, "ev": [[1890, "Railway Arrives"], [1891, "First Post Office"], [1901, "Founded"], [1904, "Incorporated"], [1909, "First Cemetery"], [1915, "Medical Facility"], [1928, "First Church"]], "ind": ["Own Farm (88.9%)", "Not specified retail trade (5.6%)", "Printing, publishing, & allied industries (5.6%)"]}}, {"type": "Feature", "geometry": {"type": "Point", "coordinates": [-103.0283730880638, 49.67934836395079]}, "properties": {"nm": "Stoughton", "ty": "Village", "pop": 364, "rw": "CPR", "rws": "CPR", "tier": "SSC", "ct": "Small Service Centre", "fy": 1901, "iy": 1904, "ry": 1904, "ev": [[1901, "Founded"], [1901, "First Post Office"], [1902, "First School"], [1903, "Medical Facility"], [1904, "Incorporated"], [1904, "Railway Arrives"], [1905, "First Church"], [1905, "First Newspaper"], [1906, "First Cemetery"]], "ind": ["Own Farm (29.5%)", "General merchandise stores (9.8%)", "Educational services (8.2%)", "Hotels and lodging places (8.2%)", "Not specified retail trade (8.2%)"]}}, {"type": "Feature", "geometry": {"type": "Point", "coordinates": [-105.13412700389316, 50.29602129521762]}, "properties": {"nm": "Drinkwater", "ty": "Village", "pop": 239, "rw": "CPR", "rws": "CPR", "tier": "SSC", "ct": "Small Service Centre", "fy": 1893, "iy": 1904, "ry": 1893, "ev": [[1893, "Railway Arrives"], [1901, "Founded"], [1902, "First Post Office"], [1903, "First Church"], [1904, "Incorporated"], [1904, "First School"], [1905, "Medical Facility"], [1910, "Justice System"], [1914, "First Cemetery"]], "ind": ["Own Farm (39.2%)", "Not specified retail trade (13.7%)", "Banking and credit agencies (5.9%)", "General merchandise stores (5.9%)", "Railroads and railway express service (5.9%)"]}}, {"type": "Feature", "geometry": {"type": "Point", "coordinates": [-102.42805703404728, 49.20985422591951]}, "properties": {"nm": "Frobisher", "ty": "Village", "pop": 168, "rw": "CPR", "rws": "CPR, GTP", "tier": "SSC", "ct": "Small Service Centre", "fy": 1892, "iy": 1904, "ry": 1892, "ev": [[1892, "Railway Arrives"], [1901, "Founded"], [1902, "First Post Office"], [1902, "First Cemetery"], [1903, "First School"], [1904, "Incorporated"], [1904, "Justice System"], [1906, "First Newspaper"], [1911, "First Church"], [1913, "Medical Facility"]], "ind": ["Not specified retail trade (30.0%)", "Own Farm (20.0%)", "Banking and credit agencies (10.0%)", "Railroads and railway express service (10.0%)", "Auto repair services and garages (3.3%)"]}}, {"type": "Feature", "geometry": {"type": "Point", "coordinates": [-104.04796609155068, 52.84909490272003]}, "properties": {"nm": "Tisdale", "ty": "Town", "pop": 783, "rw": "CNR", "rws": "CNR", "tier": "LSC", "ct": "Local Service Centre", "fy": 1901, "iy": 1905, "ry": 1904, "ev": [[1901, "Founded"], [1904, "First Post Office"], [1904, "Railway Arrives"], [1905, "Incorporated"], [1905, "Railway Arrives"], [1905, "First School"], [1905, "Medical Facility"], [1906, "First Newspaper"], [1906, "Justice System"], [1907, "First Cemetery"]], "ind": ["Own Farm (36.5%)", "Not specified retail trade (19.0%)", "Educational services (10.2%)", "General merchandise stores (5.1%)", "Construction (4.4%)"]}}, {"type": "Feature", "geometry": {"type": "Point", "coordinates": [-101.69146223076956, 50.381227949397505]}, "properties": {"nm": "Rocanville", "ty": "Village", "pop": 415, "rw": "CPR", "rws": "CPR", "tier": "RSC", "ct": "Regional Service Centre", "fy": 1884, "iy": 1904, "ry": 1903, "ev": [[1884, "First Post Office"], [1888, "First Cemetery"], [1895, "Justice System"], [1902, "Founded"], [1903, "First School"], [1903, "Railway Arrives"], [1904, "Incorporated"], [1904, "Railway Arrives"], [1904, "Medical Facility"], [1905, "First Church"], [1905, "First Newspaper"]], "ind": ["Own Farm (42.6%)", "wharf, dock, harbour, etc (10.3%)", "Agriculture (7.4%)", "Not specified retail trade (7.4%)", "Construction (5.9%)"]}}, {"type": "Feature", "geometry": {"type": "Point", "coordinates": [-102.0445490894248, 50.93642264758799]}, "properties": {"nm": "Bredenbury", "ty": "Town", "pop": 290, "rw": "Other", "rws": "Other", "tier": "SSC", "ct": "Small Service Centre", "fy": 1887, "iy": 1911, "ry": 1887, "ev": [[1887, "Railway Arrives"], [1888, "Railway Arrives"], [1890, "First Post Office"], [1902, "Founded"], [1905, "First School"], [1908, "First Cemetery"], [1911, "Incorporated"], [1911, "First Church"], [1911, "Justice System"], [1912, "First Newspaper"], [1912, "Medical Facility"]], "ind": ["Railroads and railway express service (38.2%)", "Own Farm (14.5%)", "Not specified retail trade (12.7%)", "Construction (9.1%)", "Educational services (7.3%)"]}}, {"type": "Feature", "geometry": {"type": "Point", "coordinates": [-106.50715802499818, 51.80864191632001]}, "properties": {"nm": "Dundurn", "ty": "Village", "pop": 197, "rw": "Other", "rws": "Other", "tier": "SSC", "ct": "Small Service Centre", "fy": 1889, "iy": 1905, "ry": 1889, "ev": [[1889, "Railway Arrives"], [1894, "First Post Office"], [1902, "Founded"], [1902, "First School"], [1902, "Colonization Company"], [1905, "Incorporated"], [1905, "First Cemetery"], [1906, "First Church"], [1907, "First Newspaper"]], "ind": ["Own Farm (29.2%)", "Railroads and railway express service (12.5%)", "Educational services (8.3%)", "Not specified retail trade (8.3%)"]}}, {"type": "Feature", "geometry": {"type": "Point", "coordinates": [-104.7221460453806, 50.09675011631517]}, "properties": {"nm": "Wilcox", "ty": "Village", "pop": 383, "rw": "CPR", "rws": "CPR", "tier": "SSC", "ct": "Small Service Centre", "fy": 1893, "iy": 1907, "ry": 1893, "ev": [[1893, "Railway Arrives"], [1902, "Founded"], [1902, "First Post Office"], [1902, "Colonization Company"], [1902, "Railway Arrives"], [1905, "First Cemetery"], [1906, "First School"], [1907, "Incorporated"], [1908, "First Church"], [1908, "First Newspaper"], [1908, "Medical Facility"], [1909, "Justice System"]], "ind": ["Railroads and railway express service (53.6%)", "Own Farm (19.9%)", "Educational services (4.8%)", "Banking and credit agencies (2.4%)", "Construction (2.4%)"]}}, {"type": "Feature", "geometry": {"type": "Point", "coordinates": [-101.70272476265158, 49.57019003191399]}, "properties": {"nm": "Redvers", "ty": "Village", "pop": 181, "rw": "CPR", "rws": "CPR", "tier": "SSC", "ct": "Small Service Centre", "fy": 1900, "ry": 1900, "ev": [[1900, "Railway Arrives"], [1901, "First Cemetery"], [1902, "Founded"], [1902, "First Post Office"], [1905, "First School"], [1906, "First Church"], [1909, "First Newspaper"]], "ind": ["Not specified retail trade (41.2%)", "Banking and credit agencies (11.8%)", "Own Farm (11.8%)"]}}, {"type": "Feature", "geometry": {"type": "Point", "coordinates": [-103.26194485657412, 49.31420409724554]}, "properties": {"nm": "Macoun", "ty": "Village", "pop": 195, "rw": "CPR", "rws": "CPR, CNR", "tier": "SSC", "ct": "Small Service Centre", "fy": 1883, "iy": 1903, "ry": 1883, "ev": [[1883, "Railway Arrives"], [1902, "Founded"], [1903, "Incorporated"], [1903, "First Post Office"], [1903, "First Cemetery"], [1904, "First School"], [1906, "First Church"], [1910, "Colonization Company"]], "ind": ["Own Farm (34.3%)", "Not specified retail trade (11.4%)", "Railroads and railway express service (11.4%)", "Electrical goods, hardware, and plumbing equipment (8.6%)", "Motor vehicles and equipment (8.6%)"]}}, {"type": "Feature", "geometry": {"type": "Point", "coordinates": [-106.44242931651574, 51.62957120622152]}, "properties": {"nm": "Hanley", "ty": "Town", "pop": 312, "rw": "Other", "rws": "Other", "tier": "SSC", "ct": "Small Service Centre", "fy": 1889, "iy": 1905, "ry": 1889, "ev": [[1889, "Railway Arrives"], [1890, "Railway Arrives"], [1902, "Founded"], [1902, "Colonization Company"], [1903, "First Post Office"], [1904, "First Newspaper"], [1904, "Medical Facility"], [1905, "Incorporated"], [1905, "First School"], [1905, "First Cemetery"], [1905, "Justice System"], [1906, "First Church"]], "ind": ["Not specified retail trade (19.1%)", "Own Farm (16.2%)", "General merchandise stores (14.7%)", "Educational services (11.8%)", "Railroads and railway express service (5.9%)"]}}, {"type": "Feature", "geometry": {"type": "Point", "coordinates": [-101.5163805995588, 50.32533835725084]}, "properties": {"nm": "Welwyn", "ty": "Village", "pop": 259, "rw": "CPR", "rws": "CPR", "tier": "SSC", "ct": "Small Service Centre", "fy": 1883, "iy": 1907, "ry": 1902, "ev": [[1883, "First Church"], [1887, "First School"], [1902, "Founded"], [1902, "Railway Arrives"], [1903, "First Post Office"], [1904, "Railway Arrives"], [1905, "First Cemetery"], [1907, "Incorporated"], [1908, "Medical Facility"]], "ind": ["Own Farm (34.1%)", "Not specified retail trade (31.7%)", "Educational services (14.6%)", "Welfare and religious services (4.9%)"]}}, {"type": "Feature", "geometry": {"type": "Point", "coordinates": [-103.43193117823944, 49.88114604462455]}, "properties": {"nm": "Fillmore", "ty": "Village", "pop": 244, "rw": "CPR", "rws": "CPR", "tier": "SSC", "ct": "Small Service Centre", "fy": 1902, "iy": 1905, "ry": 1904, "ev": [[1902, "Founded"], [1904, "Railway Arrives"], [1904, "First Post Office"], [1904, "First School"], [1904, "Medical Facility"], [1905, "Incorporated"], [1905, "First Cemetery"], [1906, "First Newspaper"], [1909, "First Church"], [1910, "Justice System"]], "ind": ["Own Farm (22.4%)", "Banking and credit agencies (8.2%)", "Eating and drinking places (8.2%)", "Railroads and railway express service (8.2%)", "Auto repair services and garages (6.1%)"]}}, {"type": "Feature", "geometry": {"type": "Point", "coordinates": [-104.99193125651416, 52.190509728124525]}, "properties": {"nm": "Muenster", "ty": "Village", "pop": 116, "rw": "CNR", "rws": "CNR", "tier": "SSC", "ct": "Small Service Centre", "fy": 1902, "iy": 1908, "ry": 1904, "ev": [[1902, "Founded"], [1902, "Colonization Company"], [1903, "First Cemetery"], [1904, "First Post Office"], [1904, "Railway Arrives"], [1905, "Railway Arrives"], [1908, "Incorporated"], [1910, "First Church"], [1916, "First School"]], "ind": ["Own Farm (60.0%)", "Educational services (12.0%)", "Hotels and lodging places (12.0%)", "Not specified retail trade (8.0%)", "Auto repair services and garages (4.0%)"]}}, {"type": "Feature", "geometry": {"type": "Point", "coordinates": [-106.26650852599062, 51.502362877755544]}, "properties": {"nm": "Kenaston", "ty": "Village", "pop": 217, "rw": "Other", "rws": "Other", "tier": "SSC", "ct": "Small Service Centre", "fy": 1889, "iy": 1910, "ry": 1889, "ev": [[1889, "Railway Arrives"], [1902, "Founded"], [1902, "First Cemetery"], [1904, "First Post Office"], [1905, "First School"], [1909, "First Church"], [1910, "Incorporated"], [1927, "First Newspaper"]], "ind": ["Own Farm (36.0%)", "Educational services (12.0%)", "Hotels and lodging places (12.0%)", "Railroads and railway express service (12.0%)", "Not specified retail trade (8.0%)"]}}, {"type": "Feature", "geometry": {"type": "Point", "coordinates": [-106.79437788902976, 52.920172532408245]}, "properties": {"nm": "Marcelin", "ty": "Village", "pop": 212, "rw": "CNR", "rws": "CNR", "tier": "SSC", "ct": "Small Service Centre", "fy": 1902, "iy": 1911, "ry": 1911, "ev": [[1902, "Founded"], [1902, "Colonization Company"], [1904, "First Post Office"], [1904, "First Church"], [1905, "First Cemetery"], [1907, "First School"], [1911, "Incorporated"], [1911, "Railway Arrives"]], "ind": ["Own Farm (28.3%)", "Not specified retail trade (23.9%)", "Educational services (13.0%)", "Banking and credit agencies (6.5%)", "Not specified manufacturing industries (6.5%)"]}}, {"type": "Feature", "geometry": {"type": "Point", "coordinates": [-105.0581290893823, 50.01429799232037]}, "properties": {"nm": "Avonlea", "ty": "Village", "pop": 310, "rw": "CNR", "rws": "CNR", "tier": "SSC", "ct": "Small Service Centre", "fy": 1902, "iy": 1912, "ry": 1911, "ev": [[1902, "Founded"], [1904, "First Post Office"], [1908, "First Cemetery"], [1911, "Railway Arrives"], [1912, "Incorporated"], [1912, "First Church"], [1912, "Medical Facility"], [1913, "First School"], [1913, "Railway Arrives"], [1915, "Justice System"], [1918, "First Newspaper"]], "ind": ["Own Farm (20.2%)", "Railroads and railway express service (14.6%)", "Insurance (7.9%)", "Not specified retail trade (5.6%)", "Auto repair services and garages (4.5%)"]}}, {"type": "Feature", "geometry": {"type": "Point", "coordinates": [-107.2390844155889, 52.40530826314295]}, "properties": {"nm": "Borden", "ty": "Village", "pop": 160, "rw": "CNR", "rws": "CNR", "tier": "SSC", "ct": "Small Service Centre", "fy": 1900, "iy": 1907, "ry": 1905, "ev": [[1900, "First Cemetery"], [1902, "Founded"], [1905, "Railway Arrives"], [1905, "First Post Office"], [1906, "First School"], [1906, "Railway Arrives"], [1907, "Incorporated"], [1907, "First Church"], [1908, "Medical Facility"], [1914, "Justice System"]], "ind": ["Educational services (18.2%)", "Own Farm (15.2%)", "Banking and credit agencies (12.1%)", "Public administration, level not specified (9.1%)", "Auto repair services and garages (6.1%)"]}}, {"type": "Feature", "geometry": {"type": "Point", "coordinates": [-104.4987007102786, 50.93835242999322]}, "properties": {"nm": "Southey", "ty": "Village", "pop": 324, "rw": "CPR", "rws": "CPR", "tier": "SSC", "ct": "Small Service Centre", "fy": 1902, "iy": 1908, "ry": 1905, "ev": [[1902, "Founded"], [1905, "Railway Arrives"], [1905, "First Post Office"], [1906, "First School"], [1907, "First Church"], [1908, "Incorporated"], [1909, "First Cemetery"], [1910, "Justice System"], [1911, "Medical Facility"], [1913, "First Newspaper"]], "ind": ["General merchandise stores (14.8%)", "Not specified retail trade (14.8%)", "Auto repair services and garages (11.1%)", "Construction (11.1%)", "Electrical goods, hardware, and plumbing equipment (11.1%)"]}}, {"type": "Feature", "geometry": {"type": "Point", "coordinates": [-106.59153021296451, 52.308796066544254]}, "properties": {"nm": "Warman", "ty": "Village", "pop": 172, "rw": "CPR", "rws": "CPR, CNR, Other", "tier": "SSC", "ct": "Small Service Centre", "fy": 1902, "iy": 1906, "ry": 1902, "ev": [[1902, "Founded"], [1902, "Railway Arrives"], [1906, "Incorporated"], [1906, "First Post Office"], [1906, "First Church"], [1906, "First School"], [1906, "Medical Facility"], [1906, "Justice System"], [1908, "First Cemetery"]], "ind": ["Own Farm (46.7%)", "Railroads and railway express service (20.0%)", "Agriculture (6.7%)", "Hotels and lodging places (6.7%)", "Misc. personal services (6.7%)"]}}, {"type": "Feature", "geometry": {"type": "Point", "coordinates": [-105.52132776339508, 52.26363264797592]}, "properties": {"nm": "Bruno", "ty": "Village", "pop": 311, "rw": "CNR", "rws": "CNR, GTP", "tier": "SSC", "ct": "Small Service Centre", "fy": 1902, "iy": 1909, "ry": 1905, "ev": [[1902, "Founded"], [1905, "Railway Arrives"], [1905, "First Church"], [1905, "First Cemetery"], [1906, "First Post Office"], [1909, "Incorporated"], [1910, "First School"], [1913, "Medical Facility"], [1915, "Justice System"], [1923, "First Newspaper"]], "ind": ["Own Farm (31.7%)", "Not specified retail trade (23.3%)", "Welfare and religious services (13.3%)", "Hotels and lodging places (6.7%)", "Agriculture (3.3%)"]}}, {"type": "Feature", "geometry": {"type": "Point", "coordinates": [-107.03533116922544, 50.414896035658]}, "properties": {"nm": "Morse", "ty": "Town", "pop": 559, "rw": "CPR", "rws": "CPR", "tier": "SSC", "ct": "Small Service Centre", "fy": 1902, "iy": 1910, "ry": 1902, "ev": [[1902, "Founded"], [1902, "Railway Arrives"], [1902, "First Cemetery"], [1906, "First Post Office"], [1908, "First School"], [1908, "First Newspaper"], [1909, "Medical Facility"], [1910, "Incorporated"], [1910, "First Church"], [1910, "Justice System"]], "ind": ["Own Farm (53.8%)", "Motor vehicles and equipment (11.3%)", "Educational services (8.5%)", "Electric light and power (3.8%)", "Private households (3.8%)"]}}, {"type": "Feature", "geometry": {"type": "Point", "coordinates": [-107.22819511986022, 52.133210354988094]}, "properties": {"nm": "Asquith", "ty": "Town", "pop": 311, "rw": "CPR", "rws": "CPR, GTP", "tier": "SSC", "ct": "Small Service Centre", "fy": 1902, "iy": 1907, "ry": 1908, "ev": [[1902, "Founded"], [1906, "First Church"], [1906, "First Newspaper"], [1907, "Incorporated"], [1907, "First Post Office"], [1907, "Justice System"], [1908, "Railway Arrives"], [1908, "First School"], [1909, "Medical Facility"], [1911, "First Cemetery"]], "ind": ["Educational services (13.6%)", "Not specified retail trade (11.9%)", "Own Farm (11.9%)", "Hotels and lodging places (10.2%)", "Auto repair services and garages (5.1%)"]}}, {"type": "Feature", "geometry": {"type": "Point", "coordinates": [-104.98951645804082, 50.78674727441355]}, "properties": {"nm": "Regina Beach", "ty": "Village", "pop": 379, "rw": "CPR", "rws": "CPR", "tier": "SSC", "ct": "Small Service Centre", "fy": 1902, "iy": 1920, "ry": 1911, "ev": [[1902, "Founded"], [1902, "Colonization Company"], [1910, "First Church"], [1911, "Railway Arrives"], [1912, "First Post Office"], [1912, "Railway Arrives"], [1914, "First School"], [1920, "Incorporated"], [1923, "First Cemetery"], [1934, "Justice System"]], "ind": ["Railroads and railway express service (34.6%)", "Own Farm (11.8%)", "Construction (3.9%)", "Confectionery and related products (3.1%)", "Food stores, except dairy products (3.1%)"]}}, {"type": "Feature", "geometry": {"type": "Point", "coordinates": [-108.81639464793668, 49.514554582886234]}, "properties": {"nm": "East End", "ty": "Town", "pop": 427, "rw": "CPR", "rws": "CPR", "tier": "RSC", "ct": "Regional Service Centre", "fy": 1875, "ry": 1914, "ev": [[1875, "Justice System"], [1902, "Founded"], [1914, "Railway Arrives"], [1914, "First Post Office"], [1914, "First School"], [1914, "First Newspaper"], [1915, "Medical Facility"], [1916, "First Church"], [1916, "First Cemetery"]], "ind": ["Eating and drinking places (10.8%)", "Accounting, auditing, & bookkeeping service (7.8%)", "Educational services (5.9%)", "General merchandise stores (5.9%)", "Insurance (5.9%)"]}}, {"type": "Feature", "geometry": {"type": "Point", "coordinates": [-103.55420633962254, 50.80324328494637]}, "properties": {"nm": "Balcarres", "ty": "Village", "pop": 416, "rw": "CPR", "rws": "CPR, GTP", "tier": "LSC", "ct": "Local Service Centre", "fy": 1884, "iy": 1904, "ry": 1903, "ev": [[1884, "First Post Office"], [1886, "First Church"], [1890, "First Cemetery"], [1891, "First School"], [1903, "Founded"], [1903, "Railway Arrives"], [1904, "Incorporated"], [1904, "Railway Arrives"], [1904, "Medical Facility"], [1905, "Justice System"], [1906, "First Newspaper"]], "ind": ["Own Farm (15.7%)", "Educational services (7.8%)", "General merchandise stores (7.8%)", "Construction (5.9%)", "Electrical goods, hardware, and plumbing equipment (5.9%)"]}}, {"type": "Feature", "geometry": {"type": "Point", "coordinates": [-103.41864418997925, 50.74571310820542]}, "properties": {"nm": "Abernethy", "ty": "Village", "pop": 280, "rw": "CPR", "rws": "CPR, GTP", "tier": "SSC", "ct": "Small Service Centre", "fy": 1884, "iy": 1904, "ry": 1904, "ev": [[1884, "First Post Office"], [1885, "Colonization Company"], [1903, "Founded"], [1904, "Incorporated"], [1904, "Railway Arrives"], [1904, "Medical Facility"], [1905, "First Cemetery"], [1905, "First Newspaper"], [1906, "First School"], [1910, "Justice System"]], "ind": ["Own Farm (39.7%)", "Educational services (13.2%)", "Auto repair services and garages (11.8%)", "Not specified retail trade (7.4%)", "Railroads and railway express service (7.4%)"]}}, {"type": "Feature", "geometry": {"type": "Point", "coordinates": [-103.21372483429752, 51.58593525710961]}, "properties": {"nm": "Sheho", "ty": "Village", "pop": 206, "rw": "CPR", "rws": "CPR", "tier": "SSC", "ct": "Small Service Centre", "fy": 1891, "iy": 1905, "ry": 1904, "ev": [[1891, "First Post Office"], [1893, "Justice System"], [1903, "Founded"], [1904, "Railway Arrives"], [1904, "First Church"], [1904, "First School"], [1905, "Incorporated"], [1907, "First Newspaper"], [1918, "First Cemetery"]], "ind": ["Own Farm (32.0%)", "Food stores, except dairy products (18.0%)", "Not specified manufacturing industries (10.0%)", "Construction (6.0%)", "Educational services (6.0%)"]}}, {"type": "Feature", "geometry": {"type": "Point", "coordinates": [-105.43203591381244, 52.98288916959364]}, "properties": {"nm": "Birch Hills", "ty": "Village", "pop": 312, "rw": "CNR", "rws": "CNR", "tier": "SSC", "ct": "Small Service Centre", "fy": 1895, "iy": 1907, "ry": 1905, "ev": [[1895, "First Post Office"], [1903, "Founded"], [1904, "Medical Facility"], [1905, "Railway Arrives"], [1907, "Incorporated"], [1907, "First Church"], [1907, "First School"], [1909, "First Cemetery"], [1909, "Justice System"], [1914, "First Newspaper"]], "ind": ["Own Farm (21.1%)", "Not specified retail trade (18.3%)", "Banking and credit agencies (9.9%)", "Educational services (9.9%)", "Railroads and railway express service (8.5%)"]}}, {"type": "Feature", "geometry": {"type": "Point", "coordinates": [-101.84057611605952, 50.536460020379025]}, "properties": {"nm": "Tantallon", "ty": "Village", "pop": 174, "rw": "CPR", "rws": "CPR", "tier": "SSC", "ct": "Small Service Centre", "fy": 1892, "iy": 1904, "ry": 1903, "ev": [[1892, "First Cemetery"], [1897, "First Post Office"], [1903, "Founded"], [1903, "Medical Facility"], [1903, "Railway Arrives"], [1904, "Incorporated"], [1904, "Railway Arrives"], [1904, "First School"]], "ind": ["Own Farm (43.2%)", "Not specified retail trade (13.5%)", "Educational services (10.8%)", "Auto repair services and garages (5.4%)", "General merchandise stores (5.4%)"]}}, {"type": "Feature", "geometry": {"type": "Point", "coordinates": [-104.29492752522538, 50.29881126750126]}, "properties": {"nm": "Kronau", "ty": "Village", "pop": 66, "rw": "CPR", "rws": "CPR", "tier": "SSC", "ct": "Small Service Centre", "fy": 1891, "ry": 1903, "ev": [[1891, "First Cemetery"], [1900, "First Post Office"], [1903, "Founded"], [1903, "Railway Arrives"], [1904, "Railway Arrives"], [1910, "First Church"], [1910, "First School"]], "ind": ["Own Farm (82.1%)", "Banking and credit agencies (3.6%)", "Food stores, except dairy products (3.6%)", "Public administration, level not specified (3.6%)", "Sawmills, planing mills, & mill work (3.6%)"]}}, {"type": "Feature", "geometry": {"type": "Point", "coordinates": [-109.99245646286944, 53.28839905384197]}, "properties": {"nm": "Lloydminster (pt)", "ty": "T_PT", "pop": 469, "rw": "CNR", "rws": "CNR", "tier": "LSC", "ct": "Local Service Centre", "fy": 1902, "iy": 1903, "ry": 1905, "ev": [[1902, "Colonization Company"], [1903, "Founded"], [1903, "Incorporated"], [1903, "First Post Office"], [1903, "First Church"], [1903, "Justice System"], [1905, "Railway Arrives"], [1906, "First School"], [1906, "First Newspaper"], [1906, "Medical Facility"]], "ind": ["Not specified retail trade (28.0%)", "Own Farm (21.5%)", "Hospitals (6.5%)", "Construction (4.7%)", "Food stores, except dairy products (4.7%)"]}}, {"type": "Feature", "geometry": {"type": "Point", "coordinates": [-105.98928375012538, 51.261502861452335]}, "properties": {"nm": "Davidson", "ty": "Town", "pop": 652, "rw": "Other", "rws": "Other", "tier": "RSC", "ct": "Regional Service Centre", "fy": 1889, "iy": 1904, "ry": 1889, "ev": [[1889, "Railway Arrives"], [1898, "First Cemetery"], [1903, "Founded"], [1903, "First Post Office"], [1903, "First School"], [1903, "Railway Arrives"], [1904, "Incorporated"], [1904, "First Newspaper"], [1905, "First Church"], [1914, "Medical Facility"]], "ind": ["Own Farm (13.9%)", "Not specified retail trade (10.2%)", "Motor vehicles and equipment (6.6%)", "Hospitals (5.8%)", "Banking and credit agencies (5.1%)"]}}, {"type": "Feature", "geometry": {"type": "Point", "coordinates": [-103.58145014961232, 49.951124806843296]}, "properties": {"nm": "Osage", "ty": "Village", "pop": 109, "rw": "CPR", "rws": "CPR", "tier": "SSC", "ct": "Small Service Centre", "fy": 1901, "iy": 1906, "ry": 1903, "ev": [[1901, "Colonization Company"], [1903, "Founded"], [1903, "First Post Office"], [1903, "Railway Arrives"], [1904, "Railway Arrives"], [1905, "First School"], [1905, "Medical Facility"], [1906, "Incorporated"], [1907, "First Cemetery"], [1925, "First Church"]], "ind": ["Own Farm (32.3%)", "Agriculture (9.7%)", "Railroads and railway express service (9.7%)", "Misc. manufacturing industries (6.5%)", "Sawmills, planing mills, & mill work (6.5%)"]}}, {"type": "Feature", "geometry": {"type": "Point", "coordinates": [-103.40980866271867, 49.397426357128474]}, "properties": {"nm": "Midale", "ty": "Village", "pop": 180, "rw": "CPR", "rws": "CPR, CNR", "tier": "SSC", "ct": "Small Service Centre", "fy": 1893, "iy": 1907, "ry": 1893, "ev": [[1893, "Railway Arrives"], [1903, "Founded"], [1903, "First Post Office"], [1904, "Medical Facility"], [1905, "First School"], [1907, "Incorporated"], [1908, "First Church"], [1909, "First Cemetery"], [1910, "Colonization Company"], [1911, "Railway Arrives"]], "ind": ["Own Farm (27.5%)", "Educational services (12.5%)", "Not specified retail trade (7.5%)", "Railroads and railway express service (7.5%)", "Telephone (7.5%)"]}}, {"type": "Feature", "geometry": {"type": "Point", "coordinates": [-107.22473196188665, 50.42679904121668]}, "properties": {"nm": "Herbert", "ty": "Town", "pop": 827, "rw": "CPR", "rws": "CPR", "tier": "RSC", "ct": "Regional Service Centre", "fy": 1882, "iy": 1904, "ry": 1882, "ev": [[1882, "Railway Arrives"], [1903, "Founded"], [1903, "Colonization Company"], [1904, "Incorporated"], [1904, "First Post Office"], [1904, "First Cemetery"], [1904, "Railway Arrives"], [1905, "First School"], [1907, "Justice System"], [1908, "First Church"], [1911, "First Newspaper"], [1923, "Medical Facility"]], "ind": ["Own Farm (18.1%)", "Banking and credit agencies (10.9%)", "General merchandise stores (10.1%)", "Educational services (7.2%)", "Not specified retail trade (6.5%)"]}}, {"type": "Feature", "geometry": {"type": "Point", "coordinates": [-102.4771117287692, 50.68276762451536]}, "properties": {"nm": "Dubuc", "ty": "Village", "pop": 223, "rw": "CPR", "rws": "CPR", "tier": "SSC", "ct": "Small Service Centre", "fy": 1903, "iy": 1905, "ry": 1903, "ev": [[1903, "Founded"], [1903, "Railway Arrives"], [1904, "Railway Arrives"], [1904, "First Post Office"], [1904, "First School"], [1904, "First Cemetery"], [1905, "Incorporated"], [1905, "Medical Facility"], [1907, "First Church"], [1910, "First Newspaper"]], "ind": ["Own Farm (44.8%)", "Motor vehicles and equipment (10.3%)", "Railroads and railway express service (10.3%)", "Educational services (6.9%)", "Postal service (6.9%)"]}}, {"type": "Feature", "geometry": {"type": "Point", "coordinates": [-103.72542421982124, 50.02904066296185]}, "properties": {"nm": "Tyvan", "ty": "Village", "pop": 178, "rw": "CPR", "rws": "CPR", "tier": "SSC", "ct": "Small Service Centre", "fy": 1901, "iy": 1905, "ry": 1904, "ev": [[1901, "Colonization Company"], [1903, "Founded"], [1904, "Railway Arrives"], [1904, "First Post Office"], [1905, "Incorporated"], [1905, "First School"], [1905, "First Cemetery"], [1906, "Medical Facility"], [1907, "First Church"], [1907, "First Newspaper"], [1912, "Justice System"]], "ind": ["Own Farm (60.7%)", "Educational services (7.1%)", "Not specified manufacturing industries (7.1%)", "Not specified retail trade (7.1%)", "Food stores, except dairy products (3.6%)"]}}, {"type": "Feature", "geometry": {"type": "Point", "coordinates": [-102.3024503606727, 50.65695832841293]}, "properties": {"nm": "Stockholm", "ty": "Village", "pop": 174, "rw": "CPR", "rws": "CPR", "tier": "SSC", "ct": "Small Service Centre", "fy": 1883, "iy": 1905, "ry": 1903, "ev": [[1883, "Colonization Company"], [1890, "First Cemetery"], [1894, "First School"], [1895, "First Church"], [1903, "Founded"], [1903, "Railway Arrives"], [1904, "Railway Arrives"], [1904, "First Post Office"], [1905, "Incorporated"], [1907, "Medical Facility"]], "ind": ["Not specified retail trade (30.0%)", "Own Farm (15.0%)", "Auto repair services and garages (10.0%)", "Railroads and railway express service (10.0%)", "Educational services (5.0%)"]}}, {"type": "Feature", "geometry": {"type": "Point", "coordinates": [-103.30993343960564, 49.821246395974654]}, "properties": {"nm": "Creelman", "ty": "Village", "pop": 194, "rw": "CPR", "rws": "CPR", "tier": "SSC", "ct": "Small Service Centre", "fy": 1903, "iy": 1906, "ry": 1904, "ev": [[1903, "Founded"], [1904, "Railway Arrives"], [1904, "First Post Office"], [1905, "First Church"], [1905, "First School"], [1906, "Incorporated"], [1906, "First Cemetery"], [1908, "First Newspaper"], [1909, "Medical Facility"], [1912, "Justice System"]], "ind": ["Not specified retail trade (22.5%)", "Educational services (12.5%)", "Banking and credit agencies (10.0%)", "Auto repair services and garages (7.5%)", "Private households (7.5%)"]}}, {"type": "Feature", "geometry": {"type": "Point", "coordinates": [-106.09469655662193, 52.322939386993546]}, "properties": {"nm": "Vonda", "ty": "Town", "pop": 383, "rw": "CNR", "rws": "CNR", "tier": "SSC", "ct": "Small Service Centre", "fy": 1903, "iy": 1905, "ry": 1905, "ev": [[1903, "Founded"], [1904, "First Cemetery"], [1905, "Incorporated"], [1905, "Railway Arrives"], [1905, "First Post Office"], [1905, "First School"], [1905, "Medical Facility"], [1907, "First Church"], [1915, "Justice System"], [1916, "First Newspaper"]], "ind": ["Not specified retail trade (14.3%)", "Banking and credit agencies (11.7%)", "Accounting, auditing, & bookkeeping service (9.1%)", "Educational services (9.1%)", "Own Farm (9.1%)"]}}, {"type": "Feature", "geometry": {"type": "Point", "coordinates": [-103.84949499675145, 50.904428432460406]}, "properties": {"nm": "Lipton", "ty": "Village", "pop": 273, "rw": "CPR", "rws": "CPR", "tier": "SSC", "ct": "Small Service Centre", "fy": 1900, "iy": 1905, "ry": 1904, "ev": [[1900, "First Cemetery"], [1901, "Colonization Company"], [1903, "Founded"], [1904, "Railway Arrives"], [1905, "Incorporated"], [1905, "First Post Office"], [1905, "First Church"], [1905, "Medical Facility"], [1907, "First School"], [1919, "Justice System"]], "ind": ["Own Farm (39.2%)", "Food stores, except dairy products (9.8%)", "Not specified retail trade (9.8%)", "Auto repair services and garages (7.8%)", "Electrical goods, hardware, and plumbing equipment (3.9%)"]}}, {"type": "Feature", "geometry": {"type": "Point", "coordinates": [-109.62818653730844, 53.135981756672145]}, "properties": {"nm": "Lashburn", "ty": "Village", "pop": 331, "rw": "CNR", "rws": "CNR", "tier": "SSC", "ct": "Small Service Centre", "fy": 1903, "iy": 1906, "ry": 1905, "ev": [[1903, "Founded"], [1905, "Railway Arrives"], [1905, "First Post Office"], [1906, "Incorporated"], [1906, "First Newspaper"], [1906, "Medical Facility"], [1907, "Justice System"], [1908, "First Church"], [1908, "First School"], [1908, "First Cemetery"]], "ind": ["Railroads and railway express service (21.3%)", "Not specified retail trade (18.0%)", "Own Farm (9.8%)", "Banking and credit agencies (8.2%)", "Hospitals (6.6%)"]}}, {"type": "Feature", "geometry": {"type": "Point", "coordinates": [-101.58252858987107, 51.4017610479068]}, "properties": {"nm": "Togo", "ty": "Village", "pop": 298, "rw": "CNR", "rws": "CNR", "tier": "SSC", "ct": "Small Service Centre", "fy": 1903, "iy": 1906, "ry": 1903, "ev": [[1903, "Founded"], [1903, "Railway Arrives"], [1904, "Railway Arrives"], [1904, "First Cemetery"], [1904, "Medical Facility"], [1905, "First Post Office"], [1905, "First School"], [1906, "Incorporated"], [1909, "First Church"]], "ind": ["Own Farm (17.2%)", "Eating and drinking places (10.9%)", "Electrical goods, hardware, and plumbing equipment (10.9%)", "Railroads and railway express service (10.9%)", "Food stores, except dairy products (9.4%)"]}}, {"type": "Feature", "geometry": {"type": "Point", "coordinates": [-104.71126714752911, 50.933033634299]}, "properties": {"nm": "Earl Grey", "ty": "Village", "pop": 269, "rw": "CPR", "rws": "CPR", "tier": "SSC", "ct": "Small Service Centre", "fy": 1903, "iy": 1906, "ry": 1905, "ev": [[1903, "Founded"], [1905, "Railway Arrives"], [1905, "First Post Office"], [1905, "First School"], [1905, "First Cemetery"], [1905, "Medical Facility"], [1905, "Colonization Company"], [1906, "Incorporated"], [1906, "First Newspaper"], [1908, "First Church"], [1908, "Railway Arrives"], [1909, "Justice System"]], "ind": ["Own Farm (27.1%)", "Not specified retail trade (13.6%)", "Auto repair services and garages (8.5%)", "Electrical goods, hardware, and plumbing equipment (6.8%)", "Banking and credit agencies (5.1%)"]}}, {"type": "Feature", "geometry": {"type": "Point", "coordinates": [-107.1221805649192, 51.92265905830071]}, "properties": {"nm": "Delisle", "ty": "Town", "pop": 273, "rw": "CNR", "rws": "CNR", "tier": "SSC", "ct": "Small Service Centre", "fy": 1903, "iy": 1908, "ry": 1908, "ev": [[1903, "Founded"], [1904, "First Cemetery"], [1905, "First Post Office"], [1906, "First Church"], [1908, "Incorporated"], [1908, "Railway Arrives"], [1908, "First Newspaper"], [1910, "First School"], [1912, "Medical Facility"]], "ind": ["Banking and credit agencies (14.3%)", "Auto repair services and garages (11.9%)", "Educational services (11.9%)", "Own Farm (9.5%)", "Misc. personal services (7.1%)"]}}, {"type": "Feature", "geometry": {"type": "Point", "coordinates": [-105.73249321421429, 52.65184955330856]}, "properties": {"nm": "Wakaw", "ty": "Village", "pop": 387, "rw": "GTP", "rws": "GTP", "tier": "SSC", "ct": "Small Service Centre", "fy": 1903, "iy": 1911, "ry": 1911, "ev": [[1903, "Founded"], [1905, "First Post Office"], [1906, "Medical Facility"], [1911, "Incorporated"], [1911, "First Cemetery"], [1911, "Railway Arrives"], [1912, "Railway Arrives"], [1912, "First Newspaper"], [1915, "First School"], [1915, "Justice System"], [1917, "First Church"]], "ind": ["Own Farm (39.8%)", "Banking and credit agencies (9.6%)", "Not specified retail trade (8.4%)", "Electrical goods, hardware, and plumbing equipment (6.0%)", "Hotels and lodging places (3.6%)"]}}, {"type": "Feature", "geometry": {"type": "Point", "coordinates": [-103.33511614904069, 51.82676029772817]}, "properties": {"nm": "Margo", "ty": "Village", "pop": 97, "rw": "CNR", "rws": "CNR", "tier": "SSC", "ct": "Small Service Centre", "fy": 1902, "iy": 1911, "ry": 1904, "ev": [[1902, "Medical Facility"], [1903, "Founded"], [1904, "Railway Arrives"], [1905, "Railway Arrives"], [1905, "First Post Office"], [1908, "First Cemetery"], [1909, "First School"], [1911, "Incorporated"], [1911, "First Church"]], "ind": ["Own Farm (68.0%)", "Lumber and building material retailing (12.0%)", "Sawmills, planing mills, & mill work (8.0%)", "Educational services (4.0%)", "General merchandise stores (4.0%)"]}}, {"type": "Feature", "geometry": {"type": "Point", "coordinates": [-104.99523976644984, 51.31121871645047]}, "properties": {"nm": "Govan", "ty": "Town", "pop": 495, "rw": "CPR", "rws": "CPR", "tier": "RSC", "ct": "Regional Service Centre", "fy": 1903, "iy": 1909, "ry": 1906, "ev": [[1903, "Founded"], [1906, "First Post Office"], [1906, "Railway Arrives"], [1907, "Railway Arrives"], [1907, "First Newspaper"], [1907, "Medical Facility"], [1908, "First Church"], [1908, "First School"], [1909, "Incorporated"], [1909, "First Cemetery"], [1910, "Justice System"]], "ind": ["Hotels and lodging places (11.0%)", "Own Farm (11.0%)", "General merchandise stores (9.8%)", "Banking and credit agencies (7.3%)", "Educational services (6.1%)"]}}, {"type": "Feature", "geometry": {"type": "Point", "coordinates": [-103.07702078521412, 51.522886072685985]}, "properties": {"nm": "Insinger", "ty": "Village", "pop": 76, "rw": "Other", "rws": "Other", "tier": "SSC", "ct": "Small Service Centre", "fy": 1899, "iy": 1913, "ry": 1902, "ev": [[1899, "First Cemetery"], [1902, "Railway Arrives"], [1903, "Founded"], [1905, "First Church"], [1907, "First Post Office"], [1913, "Incorporated"], [1921, "First School"]], "ind": ["Own Farm (66.7%)", "Insurance (13.3%)", "Railroads and railway express service (13.3%)", "General merchandise stores (6.7%)"]}}, {"type": "Feature", "geometry": {"type": "Point", "coordinates": [-103.73976334019248, 51.26287250481194]}, "properties": {"nm": "Kelliher", "ty": "Village", "pop": 320, "rw": "GTP", "rws": "GTP", "tier": "SSC", "ct": "Small Service Centre", "fy": 1903, "iy": 1909, "ry": 1908, "ev": [[1903, "Founded"], [1905, "First Cemetery"], [1908, "Railway Arrives"], [1908, "First Post Office"], [1909, "Incorporated"], [1909, "First Church"], [1909, "First School"], [1909, "Medical Facility"], [1910, "First Newspaper"], [1910, "Justice System"]], "ind": ["Not specified retail trade (24.0%)", "Own Farm (20.0%)", "Auto repair services and garages (6.7%)", "Educational services (6.7%)", "Construction (4.0%)"]}}, {"type": "Feature", "geometry": {"type": "Point", "coordinates": [-103.49480733490688, 51.169084746911366]}, "properties": {"nm": "Ituna", "ty": "Village", "pop": 335, "rw": "GTP", "rws": "GTP", "tier": "SSC", "ct": "Small Service Centre", "fy": 1903, "iy": 1910, "ry": 1907, "ev": [[1903, "Founded"], [1907, "Railway Arrives"], [1908, "Medical Facility"], [1909, "First Post Office"], [1909, "First School"], [1910, "Incorporated"], [1910, "First Church"], [1910, "First Newspaper"], [1918, "First Cemetery"]], "ind": ["Own Farm (14.1%)", "Banking and credit agencies (10.9%)", "Food stores, except dairy products (10.9%)", "Telephone (8.7%)", "Railroads and railway express service (7.6%)"]}}, {"type": "Feature", "geometry": {"type": "Point", "coordinates": [-109.40803184787433, 50.853728983297614]}, "properties": {"nm": "Prelate", "ty": "Village", "pop": 446, "rw": "CPR", "rws": "CPR", "tier": "LSC", "ct": "Local Service Centre", "fy": 1903, "iy": 1914, "ry": 1913, "ev": [[1903, "Founded"], [1907, "Justice System"], [1911, "Medical Facility"], [1913, "Railway Arrives"], [1913, "First Post Office"], [1914, "Incorporated"], [1914, "First School"], [1915, "Railway Arrives"], [1918, "First Cemetery"], [1919, "First Church"]], "ind": ["Own Farm (21.7%)", "Eating and drinking places (13.0%)", "Educational services (13.0%)", "Railroads and railway express service (10.1%)", "Electrical goods, hardware, and plumbing equipment (8.7%)"]}}, {"type": "Feature", "geometry": {"type": "Point", "coordinates": [-104.37276227134248, 49.91960632425722]}, "properties": {"nm": "Lang", "ty": "Village", "pop": 341, "rw": "CPR", "rws": "CPR", "tier": "SSC", "ct": "Small Service Centre", "fy": 1893, "iy": 1906, "ry": 1893, "ev": [[1893, "Railway Arrives"], [1904, "Founded"], [1904, "First Post Office"], [1905, "First School"], [1906, "Incorporated"], [1906, "First Church"], [1906, "First Cemetery"], [1906, "Medical Facility"], [1906, "Colonization Company"]], "ind": ["Own Farm (38.7%)", "Not specified retail trade (12.0%)", "Banking and credit agencies (8.0%)", "Railroads and railway express service (8.0%)", "Hotels and lodging places (6.7%)"]}}, {"type": "Feature", "geometry": {"type": "Point", "coordinates": [-106.13875387226656, 51.36621109174961]}, "properties": {"nm": "Bladworth", "ty": "Village", "pop": 198, "rw": "Other", "rws": "Other", "tier": "SSC", "ct": "Small Service Centre", "fy": 1889, "iy": 1906, "ry": 1889, "ev": [[1889, "Railway Arrives"], [1890, "Railway Arrives"], [1903, "Colonization Company"], [1904, "Founded"], [1904, "First Post Office"], [1904, "First Cemetery"], [1906, "Incorporated"], [1907, "First School"], [1907, "First Newspaper"], [1907, "Medical Facility"], [1910, "First Church"]], "ind": ["Own Farm (54.9%)", "Not specified retail trade (9.8%)", "Hotels and lodging places (5.9%)", "Electrical goods, hardware, and plumbing equipment (3.9%)", "Motor vehicles and equipment (3.9%)"]}}, {"type": "Feature", "geometry": {"type": "Point", "coordinates": [-102.74357851628014, 51.34696040528523]}, "properties": {"nm": "Springside", "ty": "Village", "pop": 170, "rw": "CPR", "rws": "CPR", "tier": "SSC", "ct": "Small Service Centre", "fy": 1902, "iy": 1909, "ry": 1902, "ev": [[1902, "Railway Arrives"], [1903, "First Cemetery"], [1904, "Founded"], [1904, "First Post Office"], [1905, "First School"], [1909, "Incorporated"], [1910, "First Church"], [1911, "Justice System"]], "ind": ["Not specified retail trade (20.0%)", "Own Farm (15.0%)", "Electrical goods, hardware, and plumbing equipment (7.5%)", "General merchandise stores (7.5%)", "Hotels and lodging places (7.5%)"]}}, {"type": "Feature", "geometry": {"type": "Point", "coordinates": [-104.00730549672696, 49.73016640996708]}, "properties": {"nm": "McTaggart", "ty": "Village", "pop": 80, "rw": "CPR", "rws": "CPR", "tier": "SSC", "ct": "Small Service Centre", "fy": 1893, "iy": 1909, "ry": 1893, "ev": [[1893, "Railway Arrives"], [1899, "First Cemetery"], [1904, "Founded"], [1904, "First Post Office"], [1905, "First Church"], [1905, "First School"], [1909, "Incorporated"], [1909, "Medical Facility"], [1909, "Justice System"]], "ind": ["Own Farm (35.7%)", "Not specified retail trade (21.4%)", "Accounting, auditing, & bookkeeping service (7.1%)", "Banking and credit agencies (7.1%)", "General merchandise stores (7.1%)"]}}, {"type": "Feature", "geometry": {"type": "Point", "coordinates": [-106.95704594249544, 52.3591651831185]}, "properties": {"nm": "Langham", "ty": "Town", "pop": 430, "rw": "CNR", "rws": "CNR", "tier": "LSC", "ct": "Local Service Centre", "fy": 1904, "iy": 1905, "ry": 1904, "ev": [[1904, "Founded"], [1904, "Railway Arrives"], [1905, "Incorporated"], [1905, "Railway Arrives"], [1905, "First Post Office"], [1905, "First Church"], [1905, "First Cemetery"], [1906, "First School"], [1906, "Medical Facility"], [1907, "Justice System"], [1910, "First Newspaper"]], "ind": ["Own Farm (29.9%)", "Not specified retail trade (16.4%)", "Educational services (13.4%)", "Bakery products (9.0%)", "Auto repair services and garages (4.5%)"]}}, {"type": "Feature", "geometry": {"type": "Point", "coordinates": [-108.29681007379097, 52.775754876865435]}, "properties": {"nm": "North Battleford", "ty": "City", "pop": 4108, "rw": "CNR", "rws": "CNR, GTP", "tier": "City", "ct": "City", "fy": 1903, "iy": 1906, "ry": 1905, "ev": [[1903, "First Cemetery"], [1904, "Founded"], [1905, "Railway Arrives"], [1905, "First Post Office"], [1905, "Medical Facility"], [1906, "Incorporated"], [1908, "First School"]], "ind": ["Railroads and railway express service (21.1%)", "State public administration (12.3%)", "Own Farm (12.1%)", "Hospitals (8.2%)", "Food stores, except dairy products (3.4%)"]}}, {"type": "Feature", "geometry": {"type": "Point", "coordinates": [-102.67244904450108, 49.64627555536517]}, "properties": {"nm": "Kisbey", "ty": "Village", "pop": 261, "rw": "CPR", "rws": "CPR", "tier": "SSC", "ct": "Small Service Centre", "fy": 1898, "iy": 1907, "ry": 1904, "ev": [[1898, "First Cemetery"], [1901, "Medical Facility"], [1904, "Founded"], [1904, "Railway Arrives"], [1905, "First Post Office"], [1905, "First School"], [1907, "Incorporated"], [1908, "Justice System"], [1914, "First Church"], [1922, "First Newspaper"]], "ind": ["Own Farm (28.6%)", "General merchandise stores (14.3%)", "Food stores, except dairy products (5.7%)", "Hardware and farm implement stores (5.7%)", "Misc. personal services (5.7%)"]}}, {"type": "Feature", "geometry": {"type": "Point", "coordinates": [-106.2735642550109, 52.328142642509135]}, "properties": {"nm": "Aberdeen", "ty": "Village", "pop": 196, "rw": "CNR", "rws": "CNR", "tier": "SSC", "ct": "Small Service Centre", "fy": 1904, "iy": 1907, "ry": 1905, "ev": [[1904, "Founded"], [1905, "Railway Arrives"], [1905, "First Post Office"], [1905, "First Cemetery"], [1907, "Incorporated"], [1908, "First Newspaper"], [1908, "Medical Facility"], [1909, "First School"], [1910, "First Church"], [1912, "Justice System"]], "ind": ["Own Farm (48.8%)", "Not specified retail trade (14.0%)", "Educational services (7.0%)", "Hotels and lodging places (7.0%)", "Misc. repair services (7.0%)"]}}, {"type": "Feature", "geometry": {"type": "Point", "coordinates": [-102.82793440096307, 50.75432188938342]}, "properties": {"nm": "Killaly", "ty": "Village", "pop": 146, "rw": "CPR", "rws": "CPR", "tier": "SSC", "ct": "Small Service Centre", "fy": 1904, "iy": 1909, "ry": 1904, "ev": [[1904, "Founded"], [1904, "Railway Arrives"], [1905, "First Post Office"], [1909, "Incorporated"], [1909, "First Cemetery"], [1911, "First Church"], [1912, "First School"]], "ind": ["Own Farm (40.0%)", "Structural clay products (30.0%)", "Food stores, except dairy products (10.0%)", "Construction (5.0%)", "Educational services (5.0%)"]}}, {"type": "Feature", "geometry": {"type": "Point", "coordinates": [-103.79826665790554, 51.946857555321294]}, "properties": {"nm": "Wadena", "ty": "Town", "pop": 544, "rw": "CNR", "rws": "CNR", "tier": "LSC", "ct": "Local Service Centre", "fy": 1904, "iy": 1910, "ry": 1904, "ev": [[1904, "Founded"], [1904, "Railway Arrives"], [1905, "Railway Arrives"], [1905, "First Post Office"], [1905, "First Cemetery"], [1906, "First School"], [1906, "Justice System"], [1908, "First Church"], [1908, "First Newspaper"], [1910, "Incorporated"], [1920, "Medical Facility"]], "ind": ["Not specified retail trade (40.9%)", "Own Farm (18.3%)", "Eating and drinking places (5.2%)", "Hotels and lodging places (4.3%)", "Misc. retail stores (4.3%)"]}}, {"type": "Feature", "geometry": {"type": "Point", "coordinates": [-105.46489372853574, 51.68201871223434]}, "properties": {"nm": "Watrous", "ty": "Town", "pop": 1101, "rw": "CPR", "rws": "CPR, GTP", "tier": "SSC", "ct": "Small Service Centre", "fy": 1889, "iy": 1908, "ry": 1907, "ev": [[1889, "First Cemetery"], [1904, "Founded"], [1906, "First Post Office"], [1906, "First School"], [1906, "Colonization Company"], [1907, "Railway Arrives"], [1908, "Incorporated"], [1908, "First Newspaper"], [1909, "First Church"], [1909, "Justice System"], [1914, "Medical Facility"]], "ind": ["Railroads and railway express service (38.4%)", "Own Farm (16.4%)", "Eating and drinking places (5.2%)", "Educational services (5.2%)", "Hospitals (5.2%)"]}}, {"type": "Feature", "geometry": {"type": "Point", "coordinates": [-105.0069068529277, 51.51085102964363]}, "properties": {"nm": "Nokomis", "ty": "Town", "pop": 547, "rw": "CPR", "rws": "CPR, GTP", "tier": "LSC", "ct": "Local Service Centre", "fy": 1904, "iy": 1908, "ry": 1907, "ev": [[1904, "Founded"], [1906, "First Post Office"], [1907, "Railway Arrives"], [1907, "First Cemetery"], [1908, "Incorporated"], [1908, "First Church"], [1908, "First Newspaper"], [1908, "Medical Facility"], [1909, "First School"], [1910, "Justice System"], [1910, "Colonization Company"]], "ind": ["Own Farm (20.3%)", "Not specified retail trade (12.0%)", "Hotels and lodging places (10.5%)", "Construction (7.5%)", "Auto repair services and garages (4.5%)"]}}, {"type": "Feature", "geometry": {"type": "Point", "coordinates": [-107.57961181544373, 51.733837428156555]}, "properties": {"nm": "Harris", "ty": "Village", "pop": 258, "rw": "CNR", "rws": "CNR", "tier": "SSC", "ct": "Small Service Centre", "fy": 1904, "iy": 1909, "ry": 1908, "ev": [[1904, "Founded"], [1905, "First Church"], [1905, "First Cemetery"], [1906, "First Post Office"], [1908, "Railway Arrives"], [1909, "Incorporated"]], "ind": ["Own Farm (47.1%)", "Eating and drinking places (12.9%)", "Not specified retail trade (8.6%)", "Educational services (7.1%)", "Not specified manufacturing industries (7.1%)"]}}, {"type": "Feature", "geometry": {"type": "Point", "coordinates": [-107.74513602350144, 51.616388916279426]}, "properties": {"nm": "Zealandia", "ty": "Town", "pop": 245, "rw": "CPR", "rws": "CPR, CNR", "tier": "SSC", "ct": "Small Service Centre", "fy": 1904, "iy": 1909, "ry": 1908, "ev": [[1904, "Founded"], [1906, "First Post Office"], [1908, "Railway Arrives"], [1908, "First Cemetery"], [1909, "Incorporated"], [1909, "Railway Arrives"], [1910, "First School"], [1910, "First Newspaper"], [1910, "Medical Facility"], [1910, "Justice System"]], "ind": ["Own Farm (25.4%)", "Banking and credit agencies (11.9%)", "Not specified retail trade (8.5%)", "Electrical goods, hardware, and plumbing equipment (5.1%)", "General merchandise stores (5.1%)"]}}, {"type": "Feature", "geometry": {"type": "Point", "coordinates": [-104.0361530304256, 50.94220961850995]}, "properties": {"nm": "Dysart", "ty": "Village", "pop": 189, "rw": "CPR", "rws": "CPR", "tier": "SSC", "ct": "Small Service Centre", "fy": 1904, "iy": 1909, "ry": 1905, "ev": [[1904, "Founded"], [1905, "Railway Arrives"], [1906, "First Post Office"], [1906, "First Church"], [1906, "Railway Arrives"], [1908, "First Cemetery"], [1909, "Incorporated"], [1913, "First Newspaper"]], "ind": ["Dry goods apparel (16.7%)", "Own Farm (16.7%)", "Not specified retail trade (12.5%)", "Banking and credit agencies (8.3%)", "Educational services (8.3%)"]}}, {"type": "Feature", "geometry": {"type": "Point", "coordinates": [-107.85860922973887, 52.605120588649726]}, "properties": {"nm": "Ruddell", "ty": "Village", "pop": 96, "rw": "CNR", "rws": "CNR", "tier": "SSC", "ct": "Small Service Centre", "fy": 1904, "iy": 1914, "ry": 1905, "ev": [[1904, "Founded"], [1905, "Railway Arrives"], [1906, "First Post Office"], [1906, "First Church"], [1906, "First Newspaper"], [1907, "First School"], [1907, "Medical Facility"], [1914, "Incorporated"], [1915, "First Cemetery"]], "ind": ["Own Farm (22.7%)", "Railroads and railway express service (18.2%)", "Banking and credit agencies (9.1%)", "Insurance (9.1%)", "Misc. repair services (9.1%)"]}}, {"type": "Feature", "geometry": {"type": "Point", "coordinates": [-106.9213216985164, 51.48750657570486]}, "properties": {"nm": "Broderick", "ty": "Village", "pop": 120, "rw": "CPR", "rws": "CPR", "tier": "SSC", "ct": "Small Service Centre", "fy": 1904, "iy": 1909, "ry": 1909, "ev": [[1904, "Founded"], [1904, "First Cemetery"], [1907, "First Post Office"], [1909, "Incorporated"], [1909, "Railway Arrives"], [1910, "First Church"], [1910, "First School"], [1910, "Medical Facility"]], "ind": ["Banking and credit agencies (21.4%)", "Own Farm (21.4%)", "Educational services (10.7%)", "General merchandise stores (10.7%)", "Accounting, auditing, & bookkeeping service (7.1%)"]}}, {"type": "Feature", "geometry": {"type": "Point", "coordinates": [-104.73153503595924, 51.406846791827405]}, "properties": {"nm": "Semans", "ty": "Village", "pop": 450, "rw": "GTP", "rws": "GTP", "tier": "LSC", "ct": "Local Service Centre", "fy": 1904, "iy": 1908, "ry": 1908, "ev": [[1904, "Founded"], [1908, "Incorporated"], [1908, "Railway Arrives"], [1908, "First Post Office"], [1908, "First Cemetery"], [1909, "First Church"], [1909, "First Newspaper"], [1912, "Medical Facility"], [1918, "First School"]], "ind": ["Banking and credit agencies (10.9%)", "Own Farm (9.9%)", "Motor vehicles and equipment (7.9%)", "Not specified retail trade (6.9%)", "Food stores, except dairy products (4.0%)"]}}, {"type": "Feature", "geometry": {"type": "Point", "coordinates": [-107.54384038050392, 52.05511091838535]}, "properties": {"nm": "Perdue", "ty": "Village", "pop": 358, "rw": "CPR", "rws": "CPR, GTP", "tier": "SSC", "ct": "Small Service Centre", "fy": 1904, "iy": 1909, "ry": 1908, "ev": [[1904, "Founded"], [1905, "First Cemetery"], [1907, "Medical Facility"], [1908, "Railway Arrives"], [1908, "First Post Office"], [1909, "Incorporated"], [1909, "First Church"], [1909, "First School"], [1909, "First Newspaper"]], "ind": ["Not specified retail trade (20.0%)", "Own Farm (14.7%)", "Banking and credit agencies (9.5%)", "Hotels and lodging places (6.3%)", "Educational services (4.2%)"]}}, {"type": "Feature", "geometry": {"type": "Point", "coordinates": [-109.15079482980433, 52.44131729505196]}, "properties": {"nm": "Unity", "ty": "Town", "pop": 611, "rw": "CPR", "rws": "CPR, GTP", "tier": "RSC", "ct": "Regional Service Centre", "fy": 1904, "iy": 1909, "ry": 1908, "ev": [[1904, "Founded"], [1908, "Railway Arrives"], [1909, "Incorporated"], [1909, "First Post Office"], [1909, "First School"], [1909, "First Newspaper"], [1910, "Justice System"], [1911, "Medical Facility"], [1915, "First Cemetery"]], "ind": ["Not specified retail trade (15.1%)", "Railroads and railway express service (11.6%)", "Hotels and lodging places (8.9%)", "Eating and drinking places (8.2%)", "Banking and credit agencies (7.5%)"]}}, {"type": "Feature", "geometry": {"type": "Point", "coordinates": [-105.0313129150798, 52.9524990256632]}, "properties": {"nm": "Kinistino", "ty": "Village", "pop": 382, "rw": "CNR", "rws": "CNR", "tier": "SSC", "ct": "Small Service Centre", "fy": 1883, "ry": 1905, "ev": [[1883, "First Post Office"], [1896, "Medical Facility"], [1903, "First School"], [1905, "Founded"], [1905, "Railway Arrives"], [1905, "First Church"], [1906, "First Newspaper"], [1907, "First Cemetery"]], "ind": ["Not specified retail trade (20.0%)", "Own Farm (17.8%)", "Food stores, except dairy products (14.4%)", "Hotels and lodging places (7.8%)", "Not specified manufacturing industries (7.8%)"]}}, {"type": "Feature", "geometry": {"type": "Point", "coordinates": [-102.02750567932937, 49.90752363166775]}, "properties": {"nm": "Wawota", "ty": "Village", "pop": 245, "rw": "CPR", "rws": "CPR, CNR", "tier": "SSC", "ct": "Small Service Centre", "fy": 1884, "iy": 1907, "ry": 1906, "ev": [[1884, "First Post Office"], [1905, "Founded"], [1905, "Medical Facility"], [1906, "Railway Arrives"], [1906, "First Church"], [1907, "Incorporated"], [1908, "First School"], [1918, "First Cemetery"], [1925, "First Newspaper"]], "ind": ["Own Farm (21.9%)", "Food stores, except dairy products (12.5%)", "Railroads and railway express service (9.4%)", "Educational services (6.2%)", "Electrical goods, hardware, and plumbing equipment (6.2%)"]}}, {"type": "Feature", "geometry": {"type": "Point", "coordinates": [-106.38647638471724, 53.22097036384264]}, "properties": {"nm": "Shellbrook", "ty": "Village", "pop": 402, "rw": "CNR", "rws": "CNR", "tier": "LSC", "ct": "Local Service Centre", "fy": 1878, "iy": 1909, "ry": 1910, "ev": [[1878, "First Cemetery"], [1894, "First Post Office"], [1902, "Medical Facility"], [1905, "Founded"], [1909, "Incorporated"], [1910, "Railway Arrives"], [1910, "First Church"], [1910, "Justice System"], [1911, "First School"], [1912, "First Newspaper"]], "ind": ["Not specified retail trade (21.5%)", "Own Farm (21.5%)", "Hotels and lodging places (6.3%)", "Not specified manufacturing industries (6.3%)", "Private households (6.3%)"]}}, {"type": "Feature", "geometry": {"type": "Point", "coordinates": [-105.14101762912512, 53.00635519951173]}, "properties": {"nm": "Weldon", "ty": "Village", "pop": 150, "rw": "CNR", "rws": "CNR", "tier": "SSC", "ct": "Small Service Centre", "fy": 1895, "iy": 1914, "ry": 1905, "ev": [[1895, "First Post Office"], [1904, "First Cemetery"], [1905, "Founded"], [1905, "Railway Arrives"], [1905, "First School"], [1914, "Incorporated"], [1915, "First Church"]], "ind": ["Not specified retail trade (20.5%)", "Own Farm (20.5%)", "Food stores, except dairy products (10.3%)", "Construction (7.7%)", "Motor vehicles and accessories retailing (7.7%)"]}}, {"type": "Feature", "geometry": {"type": "Point", "coordinates": [-101.52772548586162, 49.835762104282345]}, "properties": {"nm": "Maryfield", "ty": "Village", "pop": 276, "rw": "CPR", "rws": "CPR, CNR", "tier": "SSC", "ct": "Small Service Centre", "fy": 1896, "iy": 1907, "ry": 1905, "ev": [[1896, "First Post Office"], [1905, "Founded"], [1905, "Medical Facility"], [1905, "Railway Arrives"], [1906, "Railway Arrives"], [1907, "Incorporated"], [1907, "First Newspaper"], [1908, "First Church"], [1908, "First School"], [1910, "First Cemetery"], [1911, "Justice System"]], "ind": ["Railroads and railway express service (14.1%)", "Not specified retail trade (12.5%)", "Hotels and lodging places (9.4%)", "Structural clay products (6.2%)", "General merchandise stores (4.7%)"]}}, {"type": "Feature", "geometry": {"type": "Point", "coordinates": [-104.86242620064816, 50.9865555317318]}, "properties": {"nm": "Bulyea", "ty": "Village", "pop": 98, "rw": "CPR", "rws": "CPR", "tier": "SSC", "ct": "Small Service Centre", "fy": 1900, "iy": 1909, "ry": 1905, "ev": [[1900, "First Post Office"], [1904, "First Cemetery"], [1905, "Founded"], [1905, "Railway Arrives"], [1908, "First Church"], [1909, "Incorporated"], [1911, "Railway Arrives"], [1913, "First School"], [1913, "Medical Facility"]], "ind": ["Railroads and railway express service (61.5%)", "Own Farm (11.5%)", "Banking and credit agencies (3.8%)", "Construction (3.8%)", "Educational services (3.8%)"]}}, {"type": "Feature", "geometry": {"type": "Point", "coordinates": [-108.9358119169165, 53.01282900962023]}, "properties": {"nm": "Paynton", "ty": "Village", "pop": 123, "rw": "CNR", "rws": "CNR", "tier": "SSC", "ct": "Small Service Centre", "fy": 1904, "iy": 1907, "ry": 1905, "ev": [[1904, "First Post Office"], [1905, "Founded"], [1905, "Railway Arrives"], [1906, "First School"], [1906, "First Newspaper"], [1906, "Medical Facility"], [1907, "Incorporated"], [1907, "First Church"], [1907, "First Cemetery"], [1914, "Justice System"]], "ind": ["Own Farm (37.0%)", "Educational services (18.5%)", "Railroads and railway express service (14.8%)", "Not specified retail trade (11.1%)", "Banking and credit agencies (7.4%)"]}}, {"type": "Feature", "geometry": {"type": "Point", "coordinates": [-104.25595057062262, 52.071589475958]}, "properties": {"nm": "Quill Lake", "ty": "Village", "pop": 246, "rw": "CNR", "rws": "CNR", "tier": "SSC", "ct": "Small Service Centre", "fy": 1904, "iy": 1908, "ry": 1905, "ev": [[1904, "First Post Office"], [1905, "Founded"], [1905, "Railway Arrives"], [1906, "First Church"], [1906, "First Newspaper"], [1907, "First Cemetery"], [1908, "Incorporated"], [1908, "First School"], [1910, "Justice System"], [1919, "Medical Facility"]], "ind": ["Own Farm (21.0%)", "Not specified retail trade (9.7%)", "Eating and drinking places (8.1%)", "Railroads and railway express service (8.1%)", "Banking and credit agencies (6.5%)"]}}, {"type": "Feature", "geometry": {"type": "Point", "coordinates": [-103.1567570730948, 51.80650387705934]}, "properties": {"nm": "Invermay", "ty": "Village", "pop": 147, "rw": "CNR", "rws": "CNR", "tier": "SSC", "ct": "Small Service Centre", "fy": 1904, "iy": 1908, "ry": 1905, "ev": [[1904, "First Post Office"], [1905, "Founded"], [1905, "Railway Arrives"], [1905, "First School"], [1905, "First Cemetery"], [1908, "Incorporated"], [1908, "First Church"], [1912, "Medical Facility"], [1916, "Justice System"]], "ind": ["Not specified retail trade (16.1%)", "Educational services (12.9%)", "Banking and credit agencies (9.7%)", "General merchandise stores (9.7%)", "Hotels and lodging places (6.5%)"]}}, {"type": "Feature", "geometry": {"type": "Point", "coordinates": [-105.87189566000424, 50.68014446715331]}, "properties": {"nm": "Keeler", "ty": "Village", "pop": 106, "rw": "CPR", "rws": "CPR", "tier": "SSC", "ct": "Small Service Centre", "fy": 1904, "iy": 1910, "ry": 1908, "ev": [[1904, "First Post Office"], [1905, "Founded"], [1908, "Railway Arrives"], [1909, "First Cemetery"], [1910, "Incorporated"], [1910, "First Church"], [1913, "First School"], [1913, "Medical Facility"], [1913, "Justice System"]], "ind": ["Own Farm (24.3%)", "Electrical goods, hardware, and plumbing equipment (13.5%)", "Banking and credit agencies (10.8%)", "Not specified retail trade (10.8%)", "Misc. personal services (8.1%)"]}}, {"type": "Feature", "geometry": {"type": "Point", "coordinates": [-109.77636105379848, 53.19880918810474]}, "properties": {"nm": "Marshall", "ty": "Village", "pop": 86, "rw": "CNR", "rws": "CNR", "tier": "SSC", "ct": "Small Service Centre", "fy": 1904, "iy": 1914, "ry": 1905, "ev": [[1904, "First Post Office"], [1905, "Founded"], [1905, "Railway Arrives"], [1905, "First Church"], [1906, "First School"], [1909, "First Cemetery"], [1914, "Incorporated"]], "ind": ["Grain-mill products (22.2%)", "Not specified retail trade (22.2%)"]}}, {"type": "Feature", "geometry": {"type": "Point", "coordinates": [-107.39567868429988, 52.46379717646012]}, "properties": {"nm": "Radisson", "ty": "Town", "pop": 431, "rw": "CNR", "rws": "CNR", "tier": "LSC", "ct": "Local Service Centre", "fy": 1905, "iy": 1906, "ry": 1905, "ev": [[1905, "Founded"], [1905, "Railway Arrives"], [1905, "First Post Office"], [1905, "First Church"], [1905, "Medical Facility"], [1906, "Incorporated"], [1906, "First School"], [1906, "First Newspaper"], [1906, "Justice System"], [1909, "First Cemetery"]], "ind": ["Own Farm (14.3%)", "Banking and credit agencies (9.1%)", "Grain-mill products (7.8%)", "Dairy products (5.2%)", "Educational services (5.2%)"]}}, {"type": "Feature", "geometry": {"type": "Point", "coordinates": [-106.06225831573846, 50.45554184998099]}, "properties": {"nm": "Mortlach", "ty": "Town", "pop": 398, "rw": "CPR", "rws": "CPR", "tier": "SSC", "ct": "Small Service Centre", "fy": 1882, "iy": 1906, "ry": 1882, "ev": [[1882, "Railway Arrives"], [1904, "Railway Arrives"], [1905, "Founded"], [1905, "First Post Office"], [1905, "First School"], [1905, "Medical Facility"], [1905, "Justice System"], [1906, "Incorporated"], [1906, "First Church"], [1906, "First Cemetery"], [1906, "First Newspaper"]], "ind": ["Own Farm (47.9%)", "Not specified manufacturing industries (9.6%)", "Construction (5.5%)", "Railroads and railway express service (5.5%)", "Food stores, except dairy products (4.1%)"]}}, {"type": "Feature", "geometry": {"type": "Point", "coordinates": [-109.28659342897129, 53.08567053460246]}, "properties": {"nm": "Maidstone", "ty": "Village", "pop": 227, "rw": "CNR", "rws": "CNR", "tier": "SSC", "ct": "Small Service Centre", "fy": 1905, "iy": 1907, "ry": 1905, "ev": [[1905, "Founded"], [1905, "Railway Arrives"], [1905, "First Post Office"], [1906, "First School"], [1907, "Incorporated"], [1907, "Medical Facility"], [1908, "First Church"], [1908, "First Cemetery"], [1912, "Justice System"], [1925, "First Newspaper"]], "ind": ["Own Farm (26.4%)", "Food stores, except dairy products (11.3%)", "Railroads and railway express service (11.3%)", "Auto repair services and garages (9.4%)", "Hotels and lodging places (5.7%)"]}}, {"type": "Feature", "geometry": {"type": "Point", "coordinates": [-105.93099423171051, 51.156682091623686]}, "properties": {"nm": "Girvin", "ty": "Village", "pop": 132, "rw": "Other", "rws": "Other", "tier": "SSC", "ct": "Small Service Centre", "fy": 1889, "iy": 1907, "ry": 1889, "ev": [[1889, "Railway Arrives"], [1890, "Railway Arrives"], [1905, "Founded"], [1905, "First Post Office"], [1905, "First School"], [1906, "First Cemetery"], [1907, "Incorporated"], [1914, "First Church"]], "ind": ["Not specified retail trade (37.0%)", "Own Farm (14.8%)", "Auto repair services and garages (7.4%)", "Banking and credit agencies (7.4%)"]}}, {"type": "Feature", "geometry": {"type": "Point", "coordinates": [-104.17759836401191, 51.76830376985612]}, "properties": {"nm": "Wynyard", "ty": "Town", "pop": 849, "rw": "CPR", "rws": "CPR", "tier": "LSC", "ct": "Local Service Centre", "fy": 1901, "iy": 1908, "ry": 1908, "ev": [[1901, "First Cemetery"], [1905, "Founded"], [1905, "First Post Office"], [1906, "First Church"], [1907, "First School"], [1908, "Incorporated"], [1908, "Railway Arrives"], [1910, "Justice System"], [1917, "First Newspaper"]], "ind": ["Own Farm (51.3%)", "Railroads and railway express service (13.5%)", "Educational services (13.0%)", "Not specified retail trade (6.7%)", "Hotels and lodging places (4.1%)"]}}, {"type": "Feature", "geometry": {"type": "Point", "coordinates": [-107.5478449306405, 52.51576069388931]}, "properties": {"nm": "Fielding", "ty": "Village", "pop": 105, "rw": "CNR", "rws": "CNR", "tier": "SSC", "ct": "Small Service Centre", "fy": 1905, "ry": 1905, "ev": [[1905, "Founded"], [1905, "Railway Arrives"], [1905, "First Post Office"], [1906, "First School"], [1906, "First Cemetery"], [1908, "First Church"]], "ind": ["Own Farm (16.0%)", "Railroads and railway express service (16.0%)", "Food stores, except dairy products (12.0%)", "Not specified retail trade (12.0%)", "Banking and credit agencies (8.0%)"]}}, {"type": "Feature", "geometry": {"type": "Point", "coordinates": [-102.75468802215995, 51.69724489662476]}, "properties": {"nm": "Buchanan", "ty": "Village", "pop": 361, "rw": "CNR", "rws": "CNR", "tier": "SSC", "ct": "Small Service Centre", "fy": 1904, "iy": 1907, "ry": 1905, "ev": [[1904, "First Cemetery"], [1905, "Founded"], [1905, "Railway Arrives"], [1906, "First Post Office"], [1906, "First School"], [1907, "Incorporated"], [1907, "Medical Facility"], [1910, "First Church"], [1911, "First Newspaper"], [1921, "Justice System"]], "ind": ["Not specified retail trade (18.4%)", "Own Farm (17.1%)", "Auto repair services and garages (7.9%)", "General merchandise stores (7.9%)", "Railroads and railway express service (7.9%)"]}}, {"type": "Feature", "geometry": {"type": "Point", "coordinates": [-105.68594367862435, 52.29719199772241]}, "properties": {"nm": "Dana", "ty": "Village", "pop": 75, "rw": "CNR", "rws": "CNR, GTP", "tier": "SSC", "ct": "Small Service Centre", "fy": 1905, "iy": 1907, "ry": 1905, "ev": [[1905, "Founded"], [1905, "Railway Arrives"], [1906, "First Post Office"], [1907, "Incorporated"], [1908, "First School"], [1911, "First Cemetery"], [1915, "First Church"]], "ind": ["Not specified retail trade (33.3%)", "Own Farm (33.3%)", "Railroads and railway express service (20.0%)", "General merchandise stores (13.3%)"]}}, {"type": "Feature", "geometry": {"type": "Point", "coordinates": [-104.83513307548712, 51.4363427352446]}, "properties": {"nm": "Tate", "ty": "Village", "pop": 98, "rw": "GTP", "rws": "GTP", "tier": "SSC", "ct": "Small Service Centre", "fy": 1905, "iy": 1909, "ry": 1905, "ev": [[1905, "Founded"], [1905, "Railway Arrives"], [1906, "First Post Office"], [1907, "First School"], [1908, "Railway Arrives"], [1908, "First Cemetery"], [1909, "Incorporated"]], "ind": ["Own Farm (11.5%)", "Construction (7.7%)", "Educational services (7.7%)", "Electrical goods, hardware, and plumbing equipment (7.7%)", "Food stores, except dairy products (7.7%)"]}}, {"type": "Feature", "geometry": {"type": "Point", "coordinates": [-108.60074510133052, 52.92969354277005]}, "properties": {"nm": "Delmas", "ty": "Village", "pop": 225, "rw": "CNR", "rws": "CNR", "tier": "SSC", "ct": "Small Service Centre", "fy": 1900, "iy": 1910, "ry": 1905, "ev": [[1900, "First Church"], [1905, "Founded"], [1905, "Railway Arrives"], [1906, "First Post Office"], [1908, "Railway Arrives"], [1910, "Incorporated"], [1912, "First School"], [1912, "Medical Facility"], [1915, "First Cemetery"]], "ind": ["Own Farm (81.2%)", "Accounting, auditing, & bookkeeping service (3.1%)", "Auto repair services and garages (3.1%)", "General merchandise stores (3.1%)", "Meat products (3.1%)"]}}, {"type": "Feature", "geometry": {"type": "Point", "coordinates": [-104.98605361903702, 52.395261820795085]}, "properties": {"nm": "Lake Lenore", "ty": "Village", "pop": 119, "rw": "CNR", "rws": "CNR", "tier": "SSC", "ct": "Small Service Centre", "fy": 1904, "iy": 1921, "ry": 1921, "ev": [[1904, "First Church"], [1905, "Founded"], [1905, "First Cemetery"], [1906, "First Post Office"], [1921, "Incorporated"], [1921, "Railway Arrives"], [1923, "Medical Facility"], [1930, "First School"], [1930, "Justice System"]], "ind": ["Own Farm (73.9%)", "Construction (8.7%)", "Drug stores (4.3%)", "Hotels and lodging places (4.3%)", "Lumber and building material retailing (4.3%)"]}}, {"type": "Feature", "geometry": {"type": "Point", "coordinates": [-105.03190486583672, 51.84855216396252]}, "properties": {"nm": "Lanigan", "ty": "Town", "pop": 426, "rw": "CPR", "rws": "CPR", "tier": "RSC", "ct": "Regional Service Centre", "fy": 1905, "iy": 1907, "ry": 1907, "ev": [[1905, "Founded"], [1906, "First Cemetery"], [1907, "Incorporated"], [1907, "Railway Arrives"], [1907, "First Post Office"], [1907, "First School"], [1907, "Medical Facility"], [1908, "First Church"], [1908, "First Newspaper"], [1908, "Justice System"]], "ind": ["Educational services (16.9%)", "Own Farm (12.7%)", "Not specified retail trade (8.5%)", "Railroads and railway express service (8.5%)", "Auto repair services and garages (7.6%)"]}}, {"type": "Feature", "geometry": {"type": "Point", "coordinates": [-105.5806149336077, 50.57498408884679]}, "properties": {"nm": "Tuxford", "ty": "Village", "pop": 156, "rw": "CPR", "rws": "CPR", "tier": "SSC", "ct": "Small Service Centre", "fy": 1904, "iy": 1907, "ry": 1906, "ev": [[1904, "First Cemetery"], [1905, "Founded"], [1906, "Railway Arrives"], [1906, "Medical Facility"], [1907, "Incorporated"], [1907, "First Post Office"], [1907, "First Church"], [1907, "First Newspaper"], [1909, "Justice System"], [1910, "First School"]], "ind": ["Own Farm (64.4%)", "Auto repair services and garages (4.4%)", "Banking and credit agencies (4.4%)", "Misc. personal services (4.4%)", "Drugs and medicines (2.2%)"]}}, {"type": "Feature", "geometry": {"type": "Point", "coordinates": [-106.01968205914808, 50.73725923726612]}, "properties": {"nm": "Brownlee", "ty": "Village", "pop": 165, "rw": "CPR", "rws": "CPR", "tier": "SSC", "ct": "Small Service Centre", "fy": 1894, "iy": 1908, "ry": 1908, "ev": [[1894, "First Cemetery"], [1905, "Founded"], [1907, "First Post Office"], [1907, "Medical Facility"], [1908, "Incorporated"], [1908, "Railway Arrives"], [1910, "First Church"], [1910, "First School"]], "ind": ["Own Farm (35.3%)", "Banking and credit agencies (17.6%)", "Hotels and lodging places (17.6%)", "wharf, dock, harbour, etc (11.8%)"]}}, {"type": "Feature", "geometry": {"type": "Point", "coordinates": [-105.18784498898164, 51.87071917649109]}, "properties": {"nm": "Guernsey", "ty": "Village", "pop": 122, "rw": "CPR", "rws": "CPR", "tier": "SSC", "ct": "Small Service Centre", "fy": 1904, "iy": 1908, "ry": 1908, "ev": [[1904, "Colonization Company"], [1905, "Founded"], [1906, "Medical Facility"], [1907, "First Post Office"], [1908, "Incorporated"], [1908, "Railway Arrives"], [1908, "First Church"], [1908, "First Newspaper"], [1909, "First Cemetery"], [1911, "First School"], [1911, "Justice System"]], "ind": ["Educational services (16.0%)", "Misc. personal services (16.0%)", "Railroads and railway express service (16.0%)", "Electrical goods, hardware, and plumbing equipment (8.0%)", "Food stores, except dairy products (8.0%)"]}}, {"type": "Feature", "geometry": {"type": "Point", "coordinates": [-107.99209526966108, 51.554005470635445]}, "properties": {"nm": "Rosetown", "ty": "Town", "pop": 865, "rw": "CPR", "rws": "CPR, CNR", "tier": "RSC", "ct": "Regional Service Centre", "fy": 1905, "iy": 1909, "ry": 1909, "ev": [[1905, "Founded"], [1907, "First Post Office"], [1909, "Incorporated"], [1909, "Railway Arrives"], [1909, "First Newspaper"], [1910, "First Church"], [1910, "Colonization Company"], [1911, "First School"], [1913, "Medical Facility"], [1914, "First Cemetery"], [1918, "Justice System"]], "ind": ["Own Farm (19.2%)", "Not specified retail trade (8.6%)", "General merchandise stores (6.9%)", "Hotels and lodging places (6.9%)", "Hospitals (6.5%)"]}}, {"type": "Feature", "geometry": {"type": "Point", "coordinates": [-109.47368672707871, 53.09402061480347]}, "properties": {"nm": "Waseca", "ty": "Village", "pop": 106, "rw": "CNR", "rws": "CNR", "tier": "SSC", "ct": "Small Service Centre", "fy": 1905, "iy": 1911, "ry": 1905, "ev": [[1905, "Founded"], [1905, "Railway Arrives"], [1907, "First Post Office"], [1907, "First Newspaper"], [1908, "First Church"], [1908, "First School"], [1909, "First Cemetery"], [1911, "Incorporated"]], "ind": ["Own Farm (46.2%)", "Railroads and railway express service (10.3%)", "Food stores, except dairy products (7.7%)", "Not specified retail trade (7.7%)", "Banking and credit agencies (5.1%)"]}}, {"type": "Feature", "geometry": {"type": "Point", "coordinates": [-108.83315806326708, 52.364734446146784]}, "properties": {"nm": "Scott", "ty": "Town", "pop": 236, "rw": "CPR", "rws": "CPR, GTP", "tier": "SSC", "ct": "Small Service Centre", "fy": 1905, "iy": 1908, "ry": 1908, "ev": [[1905, "Founded"], [1905, "First Cemetery"], [1908, "Incorporated"], [1908, "Railway Arrives"], [1908, "First Post Office"], [1909, "First Church"], [1909, "First School"], [1909, "Colonization Company"], [1910, "Justice System"], [1911, "First Newspaper"], [1911, "Medical Facility"]], "ind": ["Own Farm (22.8%)", "Banking and credit agencies (8.8%)", "Educational services (8.8%)", "Not specified retail trade (8.8%)", "Real estate (8.8%)"]}}, {"type": "Feature", "geometry": {"type": "Point", "coordinates": [-103.04785782930848, 51.01310244685998]}, "properties": {"nm": "Fenwood", "ty": "Village", "pop": 139, "rw": "GTP", "rws": "GTP", "tier": "SSC", "ct": "Small Service Centre", "fy": 1904, "iy": 1909, "ry": 1907, "ev": [[1904, "First Cemetery"], [1905, "Founded"], [1907, "Railway Arrives"], [1908, "First Post Office"], [1908, "Railway Arrives"], [1909, "Incorporated"], [1912, "First Church"], [1914, "First School"]], "ind": ["Railroads and railway express service (17.6%)", "Construction (14.7%)", "General merchandise stores (14.7%)", "Own Farm (11.8%)", "Educational services (8.8%)"]}}, {"type": "Feature", "geometry": {"type": "Point", "coordinates": [-109.93755546061736, 52.33219497876422]}, "properties": {"nm": "Macklin", "ty": "Town", "pop": 364, "rw": "CPR", "rws": "CPR", "tier": "SSC", "ct": "Small Service Centre", "fy": 1905, "iy": 1912, "ry": 1910, "ev": [[1905, "Founded"], [1908, "First Post Office"], [1909, "First School"], [1909, "First Cemetery"], [1910, "Railway Arrives"], [1910, "First Church"], [1910, "Justice System"], [1912, "Incorporated"], [1922, "Medical Facility"], [1944, "First Newspaper"]], "ind": ["Own Farm (13.8%)", "General merchandise stores (11.2%)", "Not specified retail trade (7.5%)", "Railroads and railway express service (7.5%)", "Auto repair services and garages (6.2%)"]}}, {"type": "Feature", "geometry": {"type": "Point", "coordinates": [-106.89361946059115, 50.448093155927225]}, "properties": {"nm": "Ernfold", "ty": "Village", "pop": 97, "rw": "CPR", "rws": "CPR", "tier": "SSC", "ct": "Small Service Centre", "fy": 1882, "iy": 1912, "ry": 1882, "ev": [[1882, "Railway Arrives"], [1905, "Founded"], [1905, "Railway Arrives"], [1908, "First Post Office"], [1910, "First School"], [1910, "First Cemetery"], [1912, "Incorporated"], [1913, "First Church"], [1917, "Justice System"]], "ind": ["Own Farm (80.8%)", "Food stores, except dairy products (7.7%)", "Railroads and railway express service (7.7%)", "Leather: tanned, curried, and finished (3.8%)"]}}, {"type": "Feature", "geometry": {"type": "Point", "coordinates": [-106.57612017411456, 49.70739681659814]}, "properties": {"nm": "Lafleche", "ty": "Village", "pop": 356, "rw": "CPR", "rws": "CPR", "tier": "SSC", "ct": "Small Service Centre", "fy": 1905, "iy": 1913, "ry": 1913, "ev": [[1905, "Founded"], [1909, "First Post Office"], [1913, "Incorporated"], [1913, "Railway Arrives"], [1913, "First Church"], [1913, "First School"], [1913, "First Cemetery"], [1913, "First Newspaper"], [1913, "Medical Facility"], [1914, "Justice System"]], "ind": ["Own Farm (33.3%)", "Confectionery and related products (13.9%)", "Not specified retail trade (13.9%)", "Banking and credit agencies (11.1%)", "Construction (8.3%)"]}}, {"type": "Feature", "geometry": {"type": "Point", "coordinates": [-101.67735176622774, 49.87745013275863]}, "properties": {"nm": "Fairlight", "ty": "Village", "pop": 94, "rw": "CPR", "rws": "CPR, CNR", "tier": "SSC", "ct": "Small Service Centre", "fy": 1882, "iy": 1910, "ry": 1905, "ev": [[1882, "Colonization Company"], [1893, "First Post Office"], [1905, "Railway Arrives"], [1906, "Founded"], [1906, "Railway Arrives"], [1907, "First School"], [1909, "First Church"], [1909, "First Cemetery"], [1910, "Incorporated"]], "ind": ["Railroads and railway express service (30.8%)", "Not specified retail trade (15.4%)", "Educational services (11.5%)", "Own Farm (11.5%)", "Food stores, except dairy products (7.7%)"]}}, {"type": "Feature", "geometry": {"type": "Point", "coordinates": [-102.80820750302904, 50.93098625109764]}, "properties": {"nm": "Melville", "ty": "Town", "pop": 2808, "rw": "GTP", "rws": "GTP", "tier": "RSC", "ct": "Regional Service Centre", "fy": 1887, "iy": 1908, "ry": 1907, "ev": [[1887, "Colonization Company"], [1905, "First Post Office"], [1906, "Founded"], [1907, "Railway Arrives"], [1907, "First Church"], [1907, "First Cemetery"], [1908, "Incorporated"], [1908, "Railway Arrives"], [1909, "First School"], [1909, "First Newspaper"], [1910, "Justice System"], [1914, "Medical Facility"]], "ind": ["Railroads and railway express service (45.0%)", "Railroad and misc transportation equipment (7.6%)", "Hotels and lodging places (6.4%)", "Own Farm (4.9%)", "Not specified retail trade (4.7%)"]}}, {"type": "Feature", "geometry": {"type": "Point", "coordinates": [-105.91213379762804, 52.34170975675722]}, "properties": {"nm": "Howell", "ty": "Village", "pop": 182, "rw": "CNR", "rws": "CNR", "tier": "SSC", "ct": "Small Service Centre", "fy": 1905, "iy": 1908, "ry": 1905, "ev": [[1905, "Railway Arrives"], [1905, "First Cemetery"], [1906, "Founded"], [1906, "First Post Office"], [1907, "First Church"], [1908, "Incorporated"], [1916, "Medical Facility"], [1926, "First School"]], "ind": ["Own Farm (32.1%)", "Railroads and railway express service (17.9%)", "Misc. personal services (7.1%)", "Not specified wholesale trade (7.1%)", "Telephone (7.1%)"]}}, {"type": "Feature", "geometry": {"type": "Point", "coordinates": [-104.99048833785088, 51.15727745789503]}, "properties": {"nm": "Duval", "ty": "Village", "pop": 133, "rw": "CPR", "rws": "CPR", "tier": "SSC", "ct": "Small Service Centre", "fy": 1906, "iy": 1911, "ry": 1907, "ev": [[1906, "Founded"], [1906, "First Post Office"], [1907, "Railway Arrives"], [1911, "Incorporated"], [1912, "Medical Facility"], [1915, "First Church"], [1917, "First School"], [1917, "First Cemetery"], [1922, "Justice System"]], "ind": ["Own Farm (20.0%)", "Educational services (12.0%)", "Hotels and lodging places (12.0%)", "Railroads and railway express service (12.0%)", "Not specified retail trade (8.0%)"]}}, {"type": "Feature", "geometry": {"type": "Point", "coordinates": [-102.8392308200939, 50.10768329169789]}, "properties": {"nm": "Windthorst", "ty": "Village", "pop": 230, "rw": "CPR", "rws": "CPR, CNR", "tier": "SSC", "ct": "Small Service Centre", "fy": 1900, "iy": 1908, "ry": 1906, "ev": [[1900, "First Cemetery"], [1906, "Founded"], [1906, "Railway Arrives"], [1906, "Medical Facility"], [1907, "First Post Office"], [1907, "First Church"], [1908, "Incorporated"], [1908, "First School"], [1908, "First Newspaper"], [1909, "Justice System"]], "ind": ["Educational services (24.0%)", "Own Farm (16.0%)", "Not specified retail trade (14.0%)", "Railroads and railway express service (10.0%)", "Paints, varnishes, and related products (8.0%)"]}}, {"type": "Feature", "geometry": {"type": "Point", "coordinates": [-106.05747598456438, 51.98927728701831]}, "properties": {"nm": "Elstow", "ty": "Village", "pop": 146, "rw": "CPR", "rws": "CPR, GTP", "tier": "SSC", "ct": "Small Service Centre", "fy": 1906, "iy": 1908, "ry": 1907, "ev": [[1906, "Founded"], [1907, "Railway Arrives"], [1907, "First Post Office"], [1908, "Incorporated"], [1908, "First Church"], [1908, "First Cemetery"], [1908, "Medical Facility"], [1910, "First School"]], "ind": ["Own Farm (35.4%)", "Insurance (16.7%)", "Not specified retail trade (10.4%)", "Eating and drinking places (6.2%)", "Not specified manufacturing industries (6.2%)"]}}, {"type": "Feature", "geometry": {"type": "Point", "coordinates": [-106.65920159563552, 50.46260464360702]}, "properties": {"nm": "Chaplin", "ty": "Village", "pop": 215, "rw": "CPR", "rws": "CPR", "tier": "SSC", "ct": "Small Service Centre", "fy": 1882, "iy": 1912, "ry": 1882, "ev": [[1882, "Railway Arrives"], [1905, "First Cemetery"], [1906, "Founded"], [1907, "First Post Office"], [1908, "First School"], [1912, "Incorporated"], [1915, "Justice System"], [1918, "First Church"]], "ind": ["Own Farm (50.0%)", "Food stores, except dairy products (16.7%)", "Banking and credit agencies (13.9%)", "Auto repair services and garages (5.6%)", "Lumber and building material retailing (5.6%)"]}}, {"type": "Feature", "geometry": {"type": "Point", "coordinates": [-104.65761871315298, 52.16143049547451]}, "properties": {"nm": "Englefeld", "ty": "Village", "pop": 115, "rw": "CPR", "rws": "CPR, CNR", "tier": "SSC", "ct": "Small Service Centre", "fy": 1904, "iy": 1916, "ry": 1905, "ev": [[1904, "First Cemetery"], [1905, "Railway Arrives"], [1905, "First Church"], [1906, "Founded"], [1907, "First Post Office"], [1909, "First School"], [1913, "First Newspaper"], [1916, "Incorporated"], [1921, "Justice System"]], "ind": ["Own Farm (60.9%)", "Engineering and architectural services (17.4%)", "Construction (8.7%)", "Misc. personal services (8.7%)", "Lumber and building material retailing (4.3%)"]}}, {"type": "Feature", "geometry": {"type": "Point", "coordinates": [-104.83053417639452, 52.177282575819085]}, "properties": {"nm": "St. Gregor", "ty": "Village", "pop": 88, "rw": "CNR", "rws": "CNR", "tier": "SSC", "ct": "Small Service Centre", "fy": 1905, "iy": 1920, "ry": 1905, "ev": [[1905, "Railway Arrives"], [1906, "Founded"], [1907, "First Post Office"], [1907, "First Church"], [1912, "First Cemetery"], [1914, "First School"], [1920, "Incorporated"], [1921, "Justice System"]], "ind": ["Own Farm (60.9%)", "Educational services (8.7%)", "Misc. personal services (8.7%)", "Railroads and railway express service (8.7%)", "Engineering and architectural services (4.3%)"]}}, {"type": "Feature", "geometry": {"type": "Point", "coordinates": [-103.86026581672805, 51.74292961789528]}, "properties": {"nm": "Elfros", "ty": "Village", "pop": 217, "rw": "CPR", "rws": "CPR", "tier": "SSC", "ct": "Small Service Centre", "fy": 1906, "iy": 1909, "ry": 1908, "ev": [[1906, "Founded"], [1908, "Railway Arrives"], [1909, "Incorporated"], [1909, "First Post Office"], [1911, "First School"], [1911, "First Cemetery"], [1913, "First Church"]], "ind": ["Not specified retail trade (17.3%)", "Own Farm (17.3%)", "General merchandise stores (9.6%)", "Hotels and lodging places (9.6%)", "Railroads and railway express service (7.7%)"]}}, {"type": "Feature", "geometry": {"type": "Point", "coordinates": [-103.18886553910484, 51.06282090813285]}, "properties": {"nm": "Goodeve", "ty": "Village", "pop": 219, "rw": "GTP", "rws": "GTP", "tier": "SSC", "ct": "Small Service Centre", "fy": 1906, "iy": 1910, "ry": 1907, "ev": [[1906, "Founded"], [1907, "Railway Arrives"], [1908, "Railway Arrives"], [1909, "First Post Office"], [1910, "Incorporated"], [1918, "First Church"], [1922, "First Cemetery"]], "ind": ["General merchandise stores (14.7%)", "Not specified retail trade (11.8%)", "Own Farm (11.8%)", "Construction (8.8%)", "Paints, varnishes, and related products (5.9%)"]}}, {"type": "Feature", "geometry": {"type": "Point", "coordinates": [-108.75333318953528, 51.15096808688431]}, "properties": {"nm": "Eston", "ty": "Village", "pop": 318, "rw": "CNR", "rws": "CNR", "tier": "SSC", "ct": "Small Service Centre", "fy": 1869, "iy": 1915, "ry": 1915, "ev": [[1869, "Colonization Company"], [1906, "Founded"], [1910, "First Cemetery"], [1912, "First Post Office"], [1915, "Incorporated"], [1915, "Railway Arrives"], [1916, "First School"], [1917, "First Newspaper"], [1917, "Medical Facility"], [1921, "First Church"]], "ind": ["Own Farm (41.2%)", "Not specified retail trade (8.2%)", "Hospitals (6.2%)", "Railroads and railway express service (6.2%)", "Eating and drinking places (5.2%)"]}}, {"type": "Feature", "geometry": {"type": "Point", "coordinates": [-106.55754396355812, 49.87657573310972]}, "properties": {"nm": "Gravelbourg", "ty": "Town", "pop": 1106, "rw": "CNR", "rws": "CNR", "tier": "LSC", "ct": "Local Service Centre", "fy": 1906, "iy": 1916, "ry": 1913, "ev": [[1906, "Founded"], [1907, "Colonization Company"], [1908, "First School"], [1908, "First Cemetery"], [1913, "Railway Arrives"], [1913, "First Post Office"], [1916, "Incorporated"], [1919, "First Church"], [1928, "Medical Facility"]], "ind": ["Own Farm (15.6%)", "Banking and credit agencies (9.8%)", "Educational services (8.2%)", "Misc. machinery (6.6%)", "Railroads and railway express service (5.7%)"]}}, {"type": "Feature", "geometry": {"type": "Point", "coordinates": [-101.68593631392618, 50.60339292592286]}, "properties": {"nm": "Spy Hill", "ty": "Village", "pop": 136, "rw": "GTP", "rws": "GTP", "tier": "SSC", "ct": "Small Service Centre", "fy": 1888, "iy": 1910, "ry": 1907, "ev": [[1888, "First Post Office"], [1888, "First School"], [1899, "First Cemetery"], [1907, "Founded"], [1907, "Railway Arrives"], [1910, "Incorporated"], [1910, "First Church"], [1915, "Medical Facility"], [1921, "Justice System"]], "ind": ["Not specified retail trade (33.3%)", "Own Farm (24.2%)", "Educational services (15.2%)", "Auto repair services and garages (3.0%)", "Bakery products (3.0%)"]}}, {"type": "Feature", "geometry": {"type": "Point", "coordinates": [-103.43316130550558, 49.66566150254185]}, "properties": {"nm": "Griffin", "ty": "Village", "pop": 146, "rw": "CPR", "rws": "CPR, GTP", "tier": "SSC", "ct": "Small Service Centre", "fy": 1906, "iy": 1909, "ry": 1907, "ev": [[1906, "First Post Office"], [1907, "Founded"], [1907, "Railway Arrives"], [1908, "Railway Arrives"], [1909, "Incorporated"], [1909, "First Newspaper"], [1910, "First School"], [1910, "Medical Facility"], [1910, "Justice System"], [1911, "First Cemetery"], [1916, "First Church"]], "ind": ["Educational services (25.0%)", "Electrical goods, hardware, and plumbing equipment (14.3%)", "Hotels and lodging places (14.3%)", "Not specified retail trade (14.3%)", "Banking and credit agencies (10.7%)"]}}, {"type": "Feature", "geometry": {"type": "Point", "coordinates": [-102.37657049183711, 51.89901463806738]}, "properties": {"nm": "Stenen", "ty": "Village", "pop": 195, "rw": "CNR", "rws": "CNR", "tier": "SSC", "ct": "Small Service Centre", "fy": 1906, "iy": 1912, "ry": 1910, "ev": [[1906, "First Post Office"], [1906, "First Cemetery"], [1907, "Founded"], [1909, "First Church"], [1910, "Railway Arrives"], [1912, "Incorporated"], [1912, "First School"], [1912, "Railway Arrives"], [1913, "Justice System"]], "ind": ["Not specified retail trade (25.7%)", "Own Farm (20.0%)", "Banking and credit agencies (11.4%)", "Eating and drinking places (11.4%)", "Hotels and lodging places (11.4%)"]}}, {"type": "Feature", "geometry": {"type": "Point", "coordinates": [-106.22878656152407, 51.947489359944534]}, "properties": {"nm": "Bradwell", "ty": "Village", "pop": 84, "rw": "CPR", "rws": "CPR, GTP", "tier": "SSC", "ct": "Small Service Centre", "fy": 1904, "iy": 1912, "ry": 1907, "ev": [[1904, "First Cemetery"], [1906, "First Post Office"], [1907, "Founded"], [1907, "Railway Arrives"], [1908, "Medical Facility"], [1912, "Incorporated"], [1919, "First School"]], "ind": ["Railroads and railway express service (20.0%)", "Accounting, auditing, & bookkeeping service (13.3%)", "Educational services (13.3%)", "Own Farm (13.3%)"]}}, {"type": "Feature", "geometry": {"type": "Point", "coordinates": [-108.45015059712163, 52.19616376470437]}, "properties": {"nm": "Landis", "ty": "Village", "pop": 145, "rw": "CPR", "rws": "CPR, GTP", "tier": "SSC", "ct": "Small Service Centre", "fy": 1907, "iy": 1909, "ry": 1908, "ev": [[1907, "Founded"], [1907, "First Post Office"], [1908, "Railway Arrives"], [1908, "First Church"], [1909, "Incorporated"], [1909, "First School"], [1910, "First Cemetery"], [1912, "Medical Facility"], [1915, "Justice System"], [1916, "First Newspaper"]], "ind": ["Not specified retail trade (36.7%)", "Own Farm (16.7%)", "Banking and credit agencies (10.0%)", "Railroads and railway express service (10.0%)", "Eating and drinking places (6.7%)"]}}, {"type": "Feature", "geometry": {"type": "Point", "coordinates": [-108.70782273559138, 52.41505914525628]}, "properties": {"nm": "Wilkie", "ty": "Town", "pop": 778, "rw": "CPR", "rws": "CPR, GTP", "tier": "LSC", "ct": "Local Service Centre", "fy": 1907, "iy": 1911, "ry": 1908, "ev": [[1907, "Founded"], [1907, "First Post Office"], [1907, "Colonization Company"], [1908, "Railway Arrives"], [1908, "First Church"], [1908, "First Newspaper"], [1908, "Justice System"], [1909, "First School"], [1911, "Incorporated"], [1911, "First Cemetery"], [1929, "Medical Facility"]], "ind": ["Railroads and railway express service (21.2%)", "Bridge and Road Construction/Work (13.8%)", "Own Farm (10.6%)", "Railroad and misc transportation equipment (8.1%)", "Eating and drinking places (5.6%)"]}}, {"type": "Feature", "geometry": {"type": "Point", "coordinates": [-109.54734753711578, 50.88617172462155]}, "properties": {"nm": "Leader", "ty": "Town", "pop": 765, "rw": "CPR", "rws": "CPR", "tier": "RSC", "ct": "Regional Service Centre", "fy": 1905, "iy": 1913, "ry": 1912, "ev": [[1905, "Justice System"], [1907, "Founded"], [1907, "First Post Office"], [1911, "First Church"], [1912, "Railway Arrives"], [1913, "Incorporated"], [1913, "Railway Arrives"], [1913, "First School"], [1914, "First Cemetery"], [1915, "First Newspaper"], [1938, "Medical Facility"]], "ind": ["Own Farm (22.4%)", "Not specified retail trade (17.3%)", "Banking and credit agencies (9.0%)", "Food stores, except dairy products (5.8%)", "Railroads and railway express service (5.8%)"]}}, {"type": "Feature", "geometry": {"type": "Point", "coordinates": [-105.64787254242248, 51.946248263941214]}, "properties": {"nm": "Viscount", "ty": "Village", "pop": 315, "rw": "CPR", "rws": "CPR, GTP", "tier": "SSC", "ct": "Small Service Centre", "fy": 1906, "iy": 1908, "ry": 1908, "ev": [[1906, "First Cemetery"], [1907, "Founded"], [1908, "Incorporated"], [1908, "Railway Arrives"], [1908, "First Post Office"], [1908, "First Church"], [1908, "Medical Facility"], [1909, "First School"], [1909, "Railway Arrives"], [1910, "First Newspaper"], [1913, "Justice System"]], "ind": ["Own Farm (18.1%)", "Educational services (13.3%)", "Hotels and lodging places (13.3%)", "Not specified retail trade (10.8%)", "Banking and credit agencies (7.2%)"]}}, {"type": "Feature", "geometry": {"type": "Point", "coordinates": [-106.15382219651946, 50.79800680525374]}, "properties": {"nm": "Eyebrow", "ty": "Village", "pop": 246, "rw": "CPR", "rws": "CPR", "tier": "SSC", "ct": "Small Service Centre", "fy": 1906, "iy": 1909, "ry": 1908, "ev": [[1906, "First Cemetery"], [1907, "Founded"], [1907, "Medical Facility"], [1908, "Railway Arrives"], [1908, "First Post Office"], [1908, "First School"], [1909, "Incorporated"], [1909, "First Church"], [1909, "First Newspaper"]], "ind": ["Own Farm (35.3%)", "Educational services (11.8%)", "General merchandise stores (5.9%)", "Hotels and lodging places (5.9%)", "Not specified manufacturing industries (5.9%)"]}}, {"type": "Feature", "geometry": {"type": "Point", "coordinates": [-107.41580224147415, 52.07079167111615]}, "properties": {"nm": "Kinley", "ty": "Village", "pop": 92, "rw": "CPR", "rws": "CPR, GTP", "tier": "SSC", "ct": "Small Service Centre", "fy": 1904, "iy": 1909, "ry": 1908, "ev": [[1904, "First Cemetery"], [1907, "Founded"], [1908, "Railway Arrives"], [1908, "First Post Office"], [1908, "First Church"], [1909, "Incorporated"], [1909, "First School"]], "ind": ["Own Farm (38.9%)", "Banking and credit agencies (11.1%)", "Not specified retail trade (11.1%)"]}}, {"type": "Feature", "geometry": {"type": "Point", "coordinates": [-105.8750799999426, 51.97803956705558]}, "properties": {"nm": "Colonsay", "ty": "Village", "pop": 183, "rw": "CPR", "rws": "CPR, GTP", "tier": "SSC", "ct": "Small Service Centre", "fy": 1907, "iy": 1910, "ry": 1908, "ev": [[1907, "Founded"], [1908, "Railway Arrives"], [1908, "First Post Office"], [1908, "First Church"], [1908, "First Cemetery"], [1909, "First School"], [1910, "Incorporated"], [1911, "Medical Facility"]], "ind": ["Not specified retail trade (30.8%)", "Auto repair services and garages (10.3%)", "Railroads and railway express service (10.3%)", "Banking and credit agencies (7.7%)", "Own Farm (5.1%)"]}}, {"type": "Feature", "geometry": {"type": "Point", "coordinates": [-105.01092660398189, 51.747315208515936]}, "properties": {"nm": "Drake", "ty": "Village", "pop": 99, "rw": "CPR", "rws": "CPR", "tier": "SSC", "ct": "Small Service Centre", "fy": 1905, "iy": 1910, "ry": 1907, "ev": [[1905, "First Cemetery"], [1907, "Founded"], [1907, "Railway Arrives"], [1907, "First Church"], [1908, "First Post Office"], [1910, "Incorporated"], [1910, "First School"]], "ind": ["Own Farm (30.0%)", "Auto repair services and garages (23.3%)", "Not specified retail trade (16.7%)", "Railroads and railway express service (13.3%)", "Other primary iron/steel industry (6.7%)"]}}, {"type": "Feature", "geometry": {"type": "Point", "coordinates": [-103.7785852808333, 50.28437834248367]}, "properties": {"nm": "Odessa", "ty": "Village", "pop": 254, "rw": "CNR", "rws": "CNR", "tier": "SSC", "ct": "Small Service Centre", "fy": 1907, "iy": 1911, "ry": 1907, "ev": [[1907, "Founded"], [1907, "Railway Arrives"], [1908, "First Post Office"], [1909, "First Church"], [1910, "First Cemetery"], [1911, "Incorporated"], [1914, "First School"]], "ind": ["Own Farm (43.2%)", "Not specified retail trade (10.8%)", "Construction (5.4%)", "Educational services (5.4%)", "General merchandise stores (5.4%)"]}}, {"type": "Feature", "geometry": {"type": "Point", "coordinates": [-108.76695005510416, 53.18183022277701]}, "properties": {"nm": "Edam", "ty": "Village", "pop": 186, "rw": "CNR", "rws": "CNR", "tier": "SSC", "ct": "Small Service Centre", "fy": 1907, "iy": 1911, "ry": 1910, "ev": [[1907, "Founded"], [1908, "First Post Office"], [1908, "First School"], [1909, "Justice System"], [1910, "Railway Arrives"], [1911, "Incorporated"], [1911, "Railway Arrives"], [1912, "First Church"], [1914, "First Cemetery"], [1917, "Medical Facility"]], "ind": ["Not specified retail trade (27.3%)", "Own Farm (15.2%)", "Banking and credit agencies (9.1%)", "Hospitals (9.1%)", "Educational services (6.1%)"]}}, {"type": "Feature", "geometry": {"type": "Point", "coordinates": [-104.80628885045851, 52.90006272675615]}, "properties": {"nm": "Beatty", "ty": "Village", "pop": 91, "rw": "CNR", "rws": "CNR", "tier": "SSC", "ct": "Small Service Centre", "fy": 1904, "iy": 1921, "ry": 1904, "ev": [[1904, "Railway Arrives"], [1905, "Railway Arrives"], [1907, "Founded"], [1908, "First Post Office"], [1909, "First Church"], [1917, "First Cemetery"], [1921, "Incorporated"], [1923, "First School"]], "ind": ["Own Farm (37.0%)", "Banking and credit agencies (11.1%)", "Motor vehicles and equipment (11.1%)", "Educational services (7.4%)", "Electrical goods, hardware, and plumbing equipment (7.4%)"]}}, {"type": "Feature", "geometry": {"type": "Point", "coordinates": [-107.98282249750687, 52.05625735772301]}, "properties": {"nm": "Biggar", "ty": "Town", "pop": 1535, "rw": "CPR", "rws": "CPR, GTP", "tier": "RSC", "ct": "Regional Service Centre", "fy": 1907, "iy": 1909, "ry": 1907, "ev": [[1907, "Founded"], [1907, "First Cemetery"], [1907, "Railway Arrives"], [1908, "Railway Arrives"], [1909, "Incorporated"], [1909, "First Post Office"], [1909, "First Church"], [1909, "First Newspaper"], [1910, "First School"], [1923, "Medical Facility"]], "ind": ["Railroads and railway express service (34.0%)", "Own Farm (20.4%)", "Educational services (5.0%)", "Construction (4.4%)", "Not specified retail trade (3.6%)"]}}, {"type": "Feature", "geometry": {"type": "Point", "coordinates": [-109.16180986051234, 51.46506669287142]}, "properties": {"nm": "Kindersley", "ty": "Town", "pop": 1003, "rw": "CNR", "rws": "CNR", "tier": "RSC", "ct": "Regional Service Centre", "fy": 1907, "iy": 1910, "ry": 1910, "ev": [[1907, "Founded"], [1909, "First Post Office"], [1909, "First Church"], [1910, "Incorporated"], [1910, "Railway Arrives"], [1910, "Justice System"], [1911, "First School"], [1912, "Medical Facility"], [1914, "First Cemetery"], [1914, "First Newspaper"]], "ind": ["Railroads and railway express service (25.6%)", "Educational services (9.6%)", "Eating and drinking places (6.4%)", "Own Farm (5.5%)", "Electrical goods, hardware, and plumbing equipment (4.6%)"]}}, {"type": "Feature", "geometry": {"type": "Point", "coordinates": [-102.3436535318587, 50.805742296851314]}, "properties": {"nm": "Bangor", "ty": "Village", "pop": 110, "rw": "GTP", "rws": "GTP", "tier": "SSC", "ct": "Small Service Centre", "fy": 1897, "iy": 1911, "ry": 1907, "ev": [[1897, "First Cemetery"], [1902, "Colonization Company"], [1907, "Founded"], [1907, "Railway Arrives"], [1907, "First School"], [1909, "First Post Office"], [1910, "First Church"], [1911, "Incorporated"], [1912, "Justice System"], [1913, "Medical Facility"]], "ind": ["Not specified retail trade (34.8%)", "Own Farm (30.4%)", "Railroads and railway express service (13.0%)", "Furniture and fixtures (8.7%)", "Postal service (8.7%)"]}}, {"type": "Feature", "geometry": {"type": "Point", "coordinates": [-105.96496871970724, 49.94010477640994]}, "properties": {"nm": "Mossbank", "ty": "Village", "pop": 303, "rw": "CPR", "rws": "CPR, CNR", "tier": "SSC", "ct": "Small Service Centre", "fy": 1907, "iy": 1915, "ry": 1912, "ev": [[1907, "Founded"], [1909, "First Post Office"], [1912, "Railway Arrives"], [1912, "First School"], [1915, "Incorporated"], [1916, "First Cemetery"], [1917, "First Church"], [1922, "Justice System"]], "ind": ["Electrical goods, hardware, and plumbing equipment (13.6%)", "Dry goods apparel (10.6%)", "Railroads and railway express service (10.6%)", "Food stores, except dairy products (7.6%)", "Own Farm (7.6%)"]}}, {"type": "Feature", "geometry": {"type": "Point", "coordinates": [-103.61603697172974, 50.255617104478645]}, "properties": {"nm": "Kendal", "ty": "Village", "pop": 147, "rw": "CNR", "rws": "CNR", "tier": "SSC", "ct": "Small Service Centre", "fy": 1906, "iy": 1919, "ry": 1907, "ev": [[1906, "First Cemetery"], [1907, "Founded"], [1907, "Railway Arrives"], [1910, "First Post Office"], [1910, "First School"], [1917, "First Church"], [1919, "Incorporated"]], "ind": ["Own Farm (17.4%)", "Railroads and railway express service (13.0%)", "General merchandise stores (8.7%)", "Public administration, level not specified (8.7%)", "Sawmills, planing mills, & mill work (8.7%)"]}}, {"type": "Feature", "geometry": {"type": "Point", "coordinates": [-101.723133231572, 51.88971541125627]}, "properties": {"nm": "Arran", "ty": "Village", "pop": 142, "rw": "CNR", "rws": "CNR", "tier": "SSC", "ct": "Small Service Centre", "fy": 1906, "iy": 1916, "ry": 1906, "ev": [[1906, "Railway Arrives"], [1907, "Founded"], [1908, "Railway Arrives"], [1909, "First Cemetery"], [1911, "First Post Office"], [1912, "First Newspaper"], [1915, "First School"], [1916, "Incorporated"], [1918, "First Church"], [1920, "Medical Facility"], [1921, "Justice System"]], "ind": ["Construction (15.8%)", "Own Farm (15.8%)", "Banking and credit agencies (10.5%)", "Water supply (10.5%)", "Auto repair services and garages (5.3%)"]}}, {"type": "Feature", "geometry": {"type": "Point", "coordinates": [-106.58926041884696, 52.714866912045665]}, "properties": {"nm": "Laird", "ty": "Village", "pop": 176, "rw": "CNR", "rws": "CNR", "tier": "SSC", "ct": "Small Service Centre", "fy": 1900, "iy": 1911, "ry": 1909, "ev": [[1900, "First Post Office"], [1908, "Founded"], [1909, "Railway Arrives"], [1910, "Railway Arrives"], [1910, "First Church"], [1910, "First School"], [1910, "First Cemetery"], [1911, "Incorporated"]], "ind": ["Not specified retail trade (21.2%)", "Private households (9.1%)", "Accounting, auditing, & bookkeeping service (6.1%)", "Banking and credit agencies (6.1%)", "Eating and drinking places (6.1%)"]}}, {"type": "Feature", "geometry": {"type": "Point", "coordinates": [-107.40186553939247, 50.406506690928225]}, "properties": {"nm": "Rush Lake", "ty": "Village", "pop": 109, "rw": "CPR", "rws": "CPR", "tier": "SSC", "ct": "Small Service Centre", "fy": 1882, "iy": 1911, "ry": 1882, "ev": [[1882, "Railway Arrives"], [1903, "First Post Office"], [1908, "Founded"], [1909, "First School"], [1910, "First Cemetery"], [1911, "Incorporated"], [1911, "Justice System"], [1928, "Medical Facility"]], "ind": ["Railroads and railway express service (18.5%)", "General merchandise stores (14.8%)", "Banking and credit agencies (11.1%)", "Grain-mill products (11.1%)", "Eating and drinking places (7.4%)"]}}, {"type": "Feature", "geometry": {"type": "Point", "coordinates": [-106.05783052011718, 51.89749642709592]}, "properties": {"nm": "Allan", "ty": "Village", "pop": 197, "rw": "CPR", "rws": "CPR, GTP", "tier": "SSC", "ct": "Small Service Centre", "fy": 1904, "iy": 1910, "ry": 1907, "ev": [[1904, "First Post Office"], [1907, "Railway Arrives"], [1908, "Founded"], [1908, "Colonization Company"], [1910, "Incorporated"], [1910, "First Church"], [1910, "First Cemetery"], [1910, "First Newspaper"], [1912, "Justice System"], [1915, "First School"]], "ind": ["Own Farm (25.0%)", "Not specified retail trade (12.5%)", "Railroads and railway express service (10.0%)", "Auto repair services and garages (7.5%)", "Electrical goods, hardware, and plumbing equipment (5.0%)"]}}, {"type": "Feature", "geometry": {"type": "Point", "coordinates": [-106.59676912022252, 51.12291804087432]}, "properties": {"nm": "Elbow", "ty": "Village", "pop": 286, "rw": "CPR", "rws": "CPR", "tier": "SSC", "ct": "Small Service Centre", "fy": 1905, "iy": 1909, "ry": 1909, "ev": [[1905, "First Cemetery"], [1906, "First Post Office"], [1908, "Founded"], [1909, "Incorporated"], [1909, "Railway Arrives"], [1909, "First Newspaper"], [1909, "Medical Facility"], [1910, "Justice System"]], "ind": ["Own Farm (25.0%)", "Motor vehicles and equipment (10.7%)", "Banking and credit agencies (8.9%)", "Educational services (8.9%)", "General merchandise stores (7.1%)"]}}, {"type": "Feature", "geometry": {"type": "Point", "coordinates": [-107.15160981377235, 51.69888349416037]}, "properties": {"nm": "Swanson", "ty": "Village", "pop": 59, "rw": "CNR", "rws": "CNR", "tier": "SSC", "ct": "Small Service Centre", "fy": 1907, "iy": 1913, "ry": 1911, "ev": [[1907, "First Post Office"], [1908, "Founded"], [1909, "First Cemetery"], [1911, "Railway Arrives"], [1913, "Incorporated"], [1914, "First School"], [1916, "First Church"], [1916, "Medical Facility"]], "ind": ["Own Farm (57.9%)", "Not specified manufacturing industries (15.8%)", "Furniture and fixtures (10.5%)", "Educational services (5.3%)", "Misc. personal services (5.3%)"]}}, {"type": "Feature", "geometry": {"type": "Point", "coordinates": [-107.0549691523486, 51.48952352643702]}, "properties": {"nm": "Outlook", "ty": "Town", "pop": 704, "rw": "CPR", "rws": "CPR, CNR", "tier": "LSC", "ct": "Local Service Centre", "fy": 1905, "iy": 1908, "ry": 1908, "ev": [[1905, "Colonization Company"], [1908, "Founded"], [1908, "Incorporated"], [1908, "First Post Office"], [1908, "Railway Arrives"], [1909, "Railway Arrives"], [1909, "First Church"], [1909, "First Newspaper"], [1909, "Justice System"], [1911, "First School"], [1942, "Medical Facility"]], "ind": ["Own Farm (43.7%)", "Railroads and railway express service (20.8%)", "Not specified retail trade (6.1%)", "Banking and credit agencies (4.1%)", "Eating and drinking places (4.1%)"]}}, {"type": "Feature", "geometry": {"type": "Point", "coordinates": [-104.71379602748188, 51.787189819146946]}, "properties": {"nm": "Jansen", "ty": "Village", "pop": 164, "rw": "CPR", "rws": "CPR", "tier": "SSC", "ct": "Small Service Centre", "fy": 1907, "iy": 1908, "ry": 1909, "ev": [[1907, "First Cemetery"], [1908, "Founded"], [1908, "Incorporated"], [1908, "First Post Office"], [1908, "First Church"], [1909, "Railway Arrives"], [1910, "First School"], [1913, "Medical Facility"], [1913, "Justice System"]], "ind": ["Own Farm (27.6%)", "Auto repair services and garages (13.8%)", "Banking and credit agencies (13.8%)", "Hotels and lodging places (10.3%)", "Construction (6.9%)"]}}, {"type": "Feature", "geometry": {"type": "Point", "coordinates": [-108.20393405664352, 50.18053745512556]}, "properties": {"nm": "Webb", "ty": "Village", "pop": 259, "rw": "CPR", "rws": "CPR", "tier": "SSC", "ct": "Small Service Centre", "fy": 1882, "iy": 1910, "ry": 1882, "ev": [[1882, "Railway Arrives"], [1883, "Railway Arrives"], [1908, "Founded"], [1908, "First Post Office"], [1910, "Incorporated"], [1910, "First School"], [1910, "First Cemetery"], [1922, "First Church"]], "ind": ["Own Farm (52.1%)", "Electric light and power (5.5%)", "Not specified retail trade (5.5%)", "Auto repair services and garages (4.1%)", "Banking and credit agencies (4.1%)"]}}, {"type": "Feature", "geometry": {"type": "Point", "coordinates": [-108.85737120349746, 51.471230913655035]}, "properties": {"nm": "Netherhill", "ty": "Village", "pop": 114, "rw": "CNR", "rws": "CNR", "tier": "SSC", "ct": "Small Service Centre", "fy": 1908, "iy": 1910, "ry": 1910, "ev": [[1908, "Founded"], [1908, "First Post Office"], [1910, "Incorporated"], [1910, "Railway Arrives"], [1910, "First Church"], [1912, "Medical Facility"], [1912, "Justice System"], [1913, "First Cemetery"]], "ind": ["Own Farm (21.4%)", "Dry goods apparel (14.3%)", "Misc. personal services (14.3%)", "Other primary iron/steel industry (14.3%)", "Auto repair services and garages (7.1%)"]}}, {"type": "Feature", "geometry": {"type": "Point", "coordinates": [-106.6075177686084, 52.13404295294396]}, "properties": {"nm": "Sutherland", "ty": "Town", "pop": 961, "rw": "CPR", "rws": "CPR, CNR, GTP, Other", "tier": "LSC", "ct": "Local Service Centre", "fy": 1908, "iy": 1912, "ry": 1908, "ev": [[1908, "Founded"], [1908, "Railway Arrives"], [1908, "First Post Office"], [1908, "First School"], [1910, "First Church"], [1912, "Incorporated"]], "ind": ["Railroads and railway express service (81.0%)", "Own Farm (6.2%)", "Forestry (1.4%)", "Not specified manufacturing industries (1.4%)", "Misc. personal services (0.9%)"]}}, {"type": "Feature", "geometry": {"type": "Point", "coordinates": [-106.26084066503384, 49.65358826057394]}, "properties": {"nm": "Limerick", "ty": "Village", "pop": 324, "rw": "CPR", "rws": "CPR", "tier": "SSC", "ct": "Small Service Centre", "fy": 1908, "iy": 1913, "ry": 1913, "ev": [[1908, "Founded"], [1908, "First Post Office"], [1911, "First School"], [1913, "Incorporated"], [1913, "Railway Arrives"], [1913, "Justice System"], [1915, "First Cemetery"], [1917, "First Church"]], "ind": ["Own Farm (17.6%)", "Eating and drinking places (10.3%)", "General merchandise stores (8.8%)", "Banking and credit agencies (7.4%)", "Railroads and railway express service (5.9%)"]}}, {"type": "Feature", "geometry": {"type": "Point", "coordinates": [-105.65135869231138, 49.58403921641947]}, "properties": {"nm": "Readlyn", "ty": "Village", "pop": 100, "rw": "CPR", "rws": "CPR", "tier": "SSC", "ct": "Small Service Centre", "fy": 1908, "iy": 1913, "ry": 1912, "ev": [[1908, "Founded"], [1908, "First Post Office"], [1912, "Railway Arrives"], [1912, "First Cemetery"], [1913, "Incorporated"], [1914, "First School"], [1915, "First Church"]], "ind": ["Eating and drinking places (18.8%)", "Banking and credit agencies (12.5%)"]}}, {"type": "Feature", "geometry": {"type": "Point", "coordinates": [-107.47989336217474, 49.74711512541504]}, "properties": {"nm": "Ponteix", "ty": "Village", "pop": 330, "rw": "CPR", "rws": "CPR", "tier": "SSC", "ct": "Small Service Centre", "fy": 1908, "iy": 1914, "ry": 1913, "ev": [[1908, "Founded"], [1908, "First Post Office"], [1908, "First Church"], [1909, "First Cemetery"], [1911, "First School"], [1911, "Medical Facility"], [1913, "Railway Arrives"], [1914, "Incorporated"], [1914, "Railway Arrives"], [1914, "First Newspaper"], [1914, "Justice System"]], "ind": ["Not specified retail trade (22.2%)", "Own Farm (16.7%)", "Welfare and religious services (12.2%)", "Banking and credit agencies (10.0%)", "Auto repair services and garages (7.8%)"]}}, {"type": "Feature", "geometry": {"type": "Point", "coordinates": [-104.52733771388333, 51.40922957527319]}, "properties": {"nm": "Raymore", "ty": "Village", "pop": 280, "rw": "GTP", "rws": "GTP", "tier": "SSC", "ct": "Small Service Centre", "fy": 1908, "iy": 1909, "ry": 1908, "ev": [[1908, "Founded"], [1908, "Railway Arrives"], [1909, "Incorporated"], [1909, "First Post Office"], [1909, "First Church"], [1910, "First Newspaper"], [1911, "First School"], [1911, "First Cemetery"], [1918, "Justice System"]], "ind": ["Own Farm (26.4%)", "Hotels and lodging places (11.3%)", "Educational services (9.4%)", "Auto repair services and garages (7.5%)", "Dry goods apparel (7.5%)"]}}, {"type": "Feature", "geometry": {"type": "Point", "coordinates": [-104.2977057257734, 51.37154780143358]}, "properties": {"nm": "Punnichy", "ty": "Village", "pop": 200, "rw": "GTP", "rws": "GTP", "tier": "SSC", "ct": "Small Service Centre", "fy": 1908, "iy": 1909, "ry": 1908, "ev": [[1908, "Founded"], [1908, "Railway Arrives"], [1908, "Medical Facility"], [1909, "Incorporated"], [1909, "First Post Office"], [1909, "First School"], [1909, "Justice System"], [1914, "First Church"], [1914, "First Cemetery"]], "ind": ["Own Farm (19.4%)", "Not specified manufacturing industries (13.9%)", "Confectionery and related products (5.6%)", "Electrical goods, hardware, and plumbing equipment (5.6%)", "Laundering, cleaning, and dyeing services (5.6%)"]}}, {"type": "Feature", "geometry": {"type": "Point", "coordinates": [-103.8811434418418, 51.28634780909042]}, "properties": {"nm": "Leross", "ty": "Village", "pop": 86, "rw": "GTP", "rws": "GTP", "tier": "SSC", "ct": "Small Service Centre", "fy": 1908, "iy": 1909, "ry": 1908, "ev": [[1908, "Founded"], [1908, "Railway Arrives"], [1909, "Incorporated"], [1909, "First Post Office"], [1909, "First School"]], "ind": ["Railroads and railway express service (31.6%)", "Not specified retail trade (26.3%)", "Educational services (10.5%)", "Own Farm (10.5%)"]}}, {"type": "Feature", "geometry": {"type": "Point", "coordinates": [-105.7471813983044, 51.76538105190566]}, "properties": {"nm": "Young", "ty": "Village", "pop": 310, "rw": "CPR", "rws": "CPR, GTP", "tier": "SSC", "ct": "Small Service Centre", "fy": 1907, "iy": 1910, "ry": 1907, "ev": [[1907, "Railway Arrives"], [1908, "Founded"], [1908, "Railway Arrives"], [1909, "First Post Office"], [1910, "Incorporated"], [1911, "Justice System"], [1912, "First Church"], [1912, "First School"], [1912, "First Newspaper"], [1914, "First Cemetery"]], "ind": ["Own Farm (14.3%)", "Railroads and railway express service (10.4%)", "Educational services (7.8%)", "Auto repair services and garages (5.2%)", "Construction (5.2%)"]}}, {"type": "Feature", "geometry": {"type": "Point", "coordinates": [-104.4060362311032, 51.38404332736191]}, "properties": {"nm": "Quinton", "ty": "Village", "pop": 97, "rw": "GTP", "rws": "GTP", "tier": "SSC", "ct": "Small Service Centre", "fy": 1907, "iy": 1910, "ry": 1908, "ev": [[1907, "First Church"], [1908, "Founded"], [1908, "Railway Arrives"], [1909, "First Post Office"], [1909, "First School"], [1909, "First Cemetery"], [1910, "Incorporated"]], "ind": ["Not specified retail trade (20.0%)", "Educational services (16.0%)", "Own Farm (16.0%)", "Construction (12.0%)", "Sawmills, planing mills, & mill work (12.0%)"]}}, {"type": "Feature", "geometry": {"type": "Point", "coordinates": [-102.22705479647168, 50.77645160128346]}, "properties": {"nm": "Atwater", "ty": "Village", "pop": 83, "rw": "GTP", "rws": "GTP", "tier": "SSC", "ct": "Small Service Centre", "fy": 1907, "iy": 1910, "ry": 1907, "ev": [[1907, "Railway Arrives"], [1908, "Founded"], [1909, "First Post Office"], [1910, "Incorporated"], [1910, "First Cemetery"], [1916, "First Church"]], "ind": ["Railroads and railway express service (35.3%)", "Not specified retail trade (29.4%)", "Banking and credit agencies (11.8%)", "Educational services (5.9%)", "General merchandise stores (5.9%)"]}}, {"type": "Feature", "geometry": {"type": "Point", "coordinates": [-106.80630772687282, 51.45594269060582]}, "properties": {"nm": "Glenside", "ty": "Village", "pop": 165, "rw": "CPR", "rws": "CPR", "tier": "SSC", "ct": "Small Service Centre", "fy": 1907, "iy": 1911, "ry": 1908, "ev": [[1907, "First Cemetery"], [1908, "Founded"], [1908, "Railway Arrives"], [1909, "Railway Arrives"], [1909, "First Post Office"], [1910, "First School"], [1911, "Incorporated"], [1916, "First Church"]], "ind": ["Own Farm (24.2%)", "Accounting, auditing, & bookkeeping service (15.2%)", "Not specified retail trade (12.1%)", "Misc. personal services (9.1%)", "Banking and credit agencies (6.1%)"]}}, {"type": "Feature", "geometry": {"type": "Point", "coordinates": [-106.60108360714727, 51.33524443117998]}, "properties": {"nm": "Strongfield", "ty": "Village", "pop": 119, "rw": "CPR", "rws": "CPR", "tier": "SSC", "ct": "Small Service Centre", "fy": 1901, "iy": 1912, "ry": 1908, "ev": [[1901, "Colonization Company"], [1908, "Founded"], [1908, "Railway Arrives"], [1909, "Railway Arrives"], [1909, "First Post Office"], [1909, "First Church"], [1911, "First School"], [1912, "Incorporated"], [1919, "Justice System"]], "ind": ["Own Farm (29.2%)", "Not specified retail trade (25.0%)", "Banking and credit agencies (8.3%)", "Educational services (8.3%)", "Food stores, except dairy products (8.3%)"]}}, {"type": "Feature", "geometry": {"type": "Point", "coordinates": [-106.73966076108218, 52.52312661774623]}, "properties": {"nm": "Hepburn", "ty": "Village", "pop": 178, "rw": "CNR", "rws": "CNR", "tier": "SSC", "ct": "Small Service Centre", "fy": 1908, "iy": 1919, "ry": 1908, "ev": [[1908, "Founded"], [1908, "Railway Arrives"], [1909, "First Post Office"], [1910, "Railway Arrives"], [1910, "First Church"], [1911, "First Cemetery"], [1913, "First School"], [1919, "Incorporated"], [1920, "Medical Facility"]], "ind": ["Not specified retail trade (40.0%)", "Own Farm (20.0%)", "Dry goods apparel (6.7%)", "Educational services (6.7%)", "Private households (6.7%)"]}}, {"type": "Feature", "geometry": {"type": "Point", "coordinates": [-109.3926549932301, 52.08076323189734]}, "properties": {"nm": "Luseland", "ty": "Village", "pop": 249, "rw": "CPR", "rws": "CPR", "tier": "SSC", "ct": "Small Service Centre", "fy": 1908, "iy": 1910, "ry": 1911, "ev": [[1908, "Founded"], [1908, "Colonization Company"], [1909, "First Church"], [1910, "Incorporated"], [1910, "First Post Office"], [1910, "First Newspaper"], [1911, "Railway Arrives"], [1911, "First Cemetery"], [1911, "Medical Facility"], [1913, "Justice System"], [1917, "First School"]], "ind": ["Railroads and railway express service (26.2%)", "Not specified retail trade (9.8%)", "Banking and credit agencies (6.6%)", "General merchandise stores (6.6%)", "Hardware and farm implement stores (6.6%)"]}}, {"type": "Feature", "geometry": {"type": "Point", "coordinates": [-104.91402436872832, 49.57367126911473]}, "properties": {"nm": "Ogema", "ty": "Town", "pop": 345, "rw": "CPR", "rws": "CPR, CNR", "tier": "SSC", "ct": "Small Service Centre", "fy": 1908, "iy": 1911, "ry": 1911, "ev": [[1908, "Founded"], [1910, "First Post Office"], [1911, "Incorporated"], [1911, "Railway Arrives"], [1911, "First School"], [1911, "First Cemetery"], [1911, "First Newspaper"], [1911, "Medical Facility"], [1911, "Justice System"], [1912, "First Church"]], "ind": ["Own Farm (18.9%)", "General merchandise stores (13.2%)", "Educational services (11.3%)", "Not specified retail trade (11.3%)", "Accounting, auditing, & bookkeeping service (7.5%)"]}}, {"type": "Feature", "geometry": {"type": "Point", "coordinates": [-101.75037661131287, 51.1581804590854]}, "properties": {"nm": "Calder", "ty": "Village", "pop": 180, "rw": "CNR", "rws": "CNR", "tier": "SSC", "ct": "Small Service Centre", "fy": 1900, "iy": 1911, "ry": 1910, "ev": [[1900, "First Church"], [1900, "First Cemetery"], [1908, "Founded"], [1910, "Railway Arrives"], [1911, "Incorporated"], [1911, "First Post Office"], [1912, "First School"], [1918, "Medical Facility"]], "ind": ["Food stores, except dairy products (22.2%)", "Sawmills, planing mills, & mill work (16.7%)", "Own Farm (11.1%)", "Electrical goods, hardware, and plumbing equipment (8.3%)", "Accounting, auditing, & bookkeeping service (5.6%)"]}}, {"type": "Feature", "geometry": {"type": "Point", "coordinates": [-101.60588577457044, 51.08378227964543]}, "properties": {"nm": "MacNutt", "ty": "Village", "pop": 179, "rw": "CNR", "rws": "CNR", "tier": "SSC", "ct": "Small Service Centre", "fy": 1887, "iy": 1913, "ry": 1909, "ev": [[1887, "Colonization Company"], [1907, "First Church"], [1908, "Founded"], [1908, "First Cemetery"], [1909, "Railway Arrives"], [1910, "Railway Arrives"], [1911, "First Post Office"], [1913, "Incorporated"], [1914, "First School"], [1925, "Medical Facility"]], "ind": ["Own Farm (34.3%)", "Educational services (11.4%)", "Not specified retail trade (11.4%)", "Auto repair services and garages (5.7%)", "Hotels and lodging places (5.7%)"]}}, {"type": "Feature", "geometry": {"type": "Point", "coordinates": [-107.9199985462193, 51.234701090632846]}, "properties": {"nm": "Hughton", "ty": "Village", "pop": 88, "rw": "CNR", "rws": "CNR", "tier": "SSC", "ct": "Small Service Centre", "fy": 1904, "iy": 1913, "ry": 1913, "ev": [[1904, "First Cemetery"], [1908, "Founded"], [1911, "First Post Office"], [1913, "Incorporated"], [1913, "Railway Arrives"], [1916, "First School"], [1924, "First Church"]], "ind": ["Own Farm (62.5%)", "Lumber and building material retailing (25.0%)", "Local public administration (12.5%)"]}}, {"type": "Feature", "geometry": {"type": "Point", "coordinates": [-108.4625358161365, 50.62337206473663]}, "properties": {"nm": "Cabri", "ty": "Town", "pop": 532, "rw": "CPR", "rws": "CPR", "tier": "LSC", "ct": "Local Service Centre", "fy": 1908, "iy": 1912, "ry": 1911, "ev": [[1908, "Founded"], [1911, "Railway Arrives"], [1912, "Incorporated"], [1912, "First Post Office"], [1912, "First Church"], [1912, "First Newspaper"], [1912, "Railway Arrives"], [1913, "First School"], [1913, "First Cemetery"], [1915, "Justice System"]], "ind": ["Own Farm (33.6%)", "Banking and credit agencies (11.5%)", "Not specified retail trade (9.7%)", "Railroads and railway express service (6.2%)", "Educational services (5.3%)"]}}, {"type": "Feature", "geometry": {"type": "Point", "coordinates": [-108.96955179071104, 53.38717648043773]}, "properties": {"nm": "Turtleford", "ty": "Village", "pop": 288, "rw": "CNR", "rws": "CNR", "tier": "SSC", "ct": "Small Service Centre", "fy": 1901, "iy": 1914, "ry": 1914, "ev": [[1901, "Justice System"], [1908, "Founded"], [1913, "First Post Office"], [1913, "First Cemetery"], [1914, "Incorporated"], [1914, "Railway Arrives"], [1915, "First Newspaper"], [1916, "First School"], [1918, "First Church"], [1928, "Medical Facility"]], "ind": ["Not specified retail trade (23.8%)", "Own Farm (22.2%)", "Hotels and lodging places (11.1%)", "Banking and credit agencies (9.5%)", "Motor vehicles and equipment (4.8%)"]}}, {"type": "Feature", "geometry": {"type": "Point", "coordinates": [-107.43609307093269, 51.80555166919864]}, "properties": {"nm": "Tessier", "ty": "Village", "pop": 68, "rw": "CNR", "rws": "CNR", "tier": "SSC", "ct": "Small Service Centre", "fy": 1904, "iy": 1909, "ry": 1908, "ev": [[1904, "Medical Facility"], [1906, "First Post Office"], [1908, "Railway Arrives"], [1909, "Founded"], [1909, "Incorporated"], [1910, "First School"], [1910, "First Cemetery"], [1913, "First Church"]], "ind": ["Own Farm (43.8%)", "Auto repair services and garages (12.5%)", "Electrical goods, hardware, and plumbing equipment (12.5%)"]}}, {"type": "Feature", "geometry": {"type": "Point", "coordinates": [-105.71899931412835, 50.619014166395274]}, "properties": {"nm": "Marquis", "ty": "Village", "pop": 126, "rw": "CPR", "rws": "CPR", "tier": "SSC", "ct": "Small Service Centre", "fy": 1907, "iy": 1910, "ry": 1908, "ev": [[1907, "First Post Office"], [1908, "Railway Arrives"], [1909, "Founded"], [1909, "Railway Arrives"], [1910, "Incorporated"], [1910, "First Church"], [1912, "First School"], [1920, "First Cemetery"]], "ind": ["Own Farm (70.5%)", "Banking and credit agencies (9.1%)", "Electrical goods, hardware, and plumbing equipment (4.5%)", "Not specified retail trade (4.5%)", "Telephone (4.5%)"]}}, {"type": "Feature", "geometry": {"type": "Point", "coordinates": [-105.40293412732773, 50.78858021335488]}, "properties": {"nm": "Findlater", "ty": "Village", "pop": 93, "rw": "Other", "rws": "Other", "tier": "SSC", "ct": "Small Service Centre", "fy": 1889, "iy": 1911, "ry": 1889, "ev": [[1889, "Railway Arrives"], [1908, "First Post Office"], [1909, "Founded"], [1909, "First School"], [1911, "Incorporated"], [1911, "First Cemetery"], [1912, "Justice System"], [1914, "First Church"]], "ind": ["Educational services (20.0%)", "Not specified retail trade (15.0%)", "Own Farm (15.0%)", "Railroads and railway express service (15.0%)", "General merchandise stores (10.0%)"]}}, {"type": "Feature", "geometry": {"type": "Point", "coordinates": [-106.40683377373722, 50.94489898073055]}, "properties": {"nm": "Bridgeford", "ty": "Village", "pop": 63, "rw": "CPR", "rws": "CPR", "tier": "SSC", "ct": "Small Service Centre", "fy": 1907, "iy": 1912, "ry": 1908, "ev": [[1907, "First School"], [1908, "Railway Arrives"], [1909, "Founded"], [1909, "First Post Office"], [1909, "Medical Facility"], [1909, "Railway Arrives"], [1912, "Incorporated"], [1913, "First Church"], [1914, "First Cemetery"]]}}, {"type": "Feature", "geometry": {"type": "Point", "coordinates": [-102.75622237561667, 49.38260716961914]}, "properties": {"nm": "Lampman", "ty": "Village", "pop": 163, "rw": "CNR", "rws": "CNR, GTP", "tier": "SSC", "ct": "Small Service Centre", "fy": 1885, "iy": 1910, "ry": 1911, "ev": [[1885, "First Cemetery"], [1909, "Founded"], [1910, "Incorporated"], [1910, "First Post Office"], [1910, "Medical Facility"], [1911, "Railway Arrives"], [1912, "Justice System"], [1913, "First Church"], [1915, "First School"]], "ind": ["Own Farm (51.4%)", "Hospitals (13.5%)", "Banking and credit agencies (8.1%)", "Hotels and lodging places (5.4%)", "Not specified retail trade (5.4%)"]}}, {"type": "Feature", "geometry": {"type": "Point", "coordinates": [-108.71733198030056, 51.44205116603705]}, "properties": {"nm": "Brock", "ty": "Village", "pop": 136, "rw": "CNR", "rws": "CNR", "tier": "SSC", "ct": "Small Service Centre", "fy": 1909, "iy": 1910, "ry": 1909, "ev": [[1909, "Founded"], [1909, "Railway Arrives"], [1910, "Incorporated"], [1910, "Railway Arrives"], [1910, "First Post Office"], [1910, "First School"], [1910, "First Newspaper"], [1910, "Medical Facility"], [1911, "Justice System"], [1913, "First Church"], [1914, "First Cemetery"]], "ind": ["Own Farm (21.4%)", "Railroads and railway express service (14.3%)", "Electrical goods, hardware, and plumbing equipment (7.1%)", "Food stores, except dairy products (7.1%)", "General merchandise stores (7.1%)"]}}, {"type": "Feature", "geometry": {"type": "Point", "coordinates": [-101.9289655181672, 51.85715398624661]}, "properties": {"nm": "Pelley", "ty": "Village", "pop": 288, "rw": "CNR", "rws": "CNR", "tier": "SSC", "ct": "Small Service Centre", "fy": 1906, "iy": 1911, "ry": 1906, "ev": [[1906, "Railway Arrives"], [1909, "Founded"], [1909, "Railway Arrives"], [1910, "First Post Office"], [1910, "First Church"], [1910, "First School"], [1910, "Justice System"], [1911, "Incorporated"], [1911, "Medical Facility"], [1912, "First Newspaper"], [1914, "First Cemetery"]], "ind": ["Own Farm (22.2%)", "Not specified retail trade (13.9%)", "Auto repair services and garages (9.7%)", "General merchandise stores (6.9%)", "Banking and credit agencies (4.2%)"]}}, {"type": "Feature", "geometry": {"type": "Point", "coordinates": [-108.23922689570412, 51.49706083270589]}, "properties": {"nm": "McGee", "ty": "Village", "pop": 38, "rw": "CPR", "rws": "CPR, CNR", "tier": "SSC", "ct": "Small Service Centre", "fy": 1909, "iy": 1913, "ry": 1909, "ev": [[1909, "Founded"], [1909, "Railway Arrives"], [1910, "Railway Arrives"], [1910, "First Post Office"], [1911, "First School"], [1913, "Incorporated"], [1927, "First Church"]], "ind": ["Railroads and railway express service (44.4%)", "Own Farm (33.3%)", "Educational services (22.2%)"]}}, {"type": "Feature", "geometry": {"type": "Point", "coordinates": [-109.98903092041016, 51.381001455432745]}, "properties": {"nm": "Alsask", "ty": "Town", "pop": 360, "rw": "CNR", "rws": "CNR", "tier": "SSC", "ct": "Small Service Centre", "fy": 1909, "iy": 1910, "ry": 1911, "ev": [[1909, "Founded"], [1910, "Incorporated"], [1911, "Railway Arrives"], [1911, "First Post Office"], [1911, "First Church"], [1911, "First School"], [1911, "First Cemetery"], [1911, "First Newspaper"], [1915, "Justice System"]], "ind": ["Own Farm (66.3%)", "Railroads and railway express service (10.6%)", "Educational services (8.7%)", "Construction (3.8%)", "Not specified retail trade (2.9%)"]}}, {"type": "Feature", "geometry": {"type": "Point", "coordinates": [-109.65275752203256, 52.220746695320344]}, "properties": {"nm": "Denzil", "ty": "Village", "pop": 136, "rw": "CPR", "rws": "CPR", "tier": "SSC", "ct": "Small Service Centre", "fy": 1909, "iy": 1911, "ry": 1909, "ev": [[1909, "Founded"], [1909, "First Cemetery"], [1909, "Railway Arrives"], [1911, "Incorporated"], [1911, "Railway Arrives"], [1911, "First Post Office"], [1911, "First School"], [1914, "First Church"]], "ind": ["Banking and credit agencies (21.1%)", "General merchandise stores (15.8%)", "Food stores, except dairy products (13.2%)", "Own Farm (10.5%)", "Railroads and railway express service (7.9%)"]}}, {"type": "Feature", "geometry": {"type": "Point", "coordinates": [-105.25110402693616, 50.870156700026776]}, "properties": {"nm": "Dilke", "ty": "Village", "pop": 81, "rw": "CPR", "rws": "CPR", "tier": "SSC", "ct": "Small Service Centre", "fy": 1907, "iy": 1912, "ry": 1911, "ev": [[1907, "First Cemetery"], [1909, "Founded"], [1911, "Railway Arrives"], [1911, "First Post Office"], [1911, "First School"], [1912, "Incorporated"], [1913, "Justice System"], [1914, "First Church"]], "ind": ["General merchandise stores (20.0%)", "Hotels and lodging places (13.3%)"]}}, {"type": "Feature", "geometry": {"type": "Point", "coordinates": [-107.13989811679458, 49.68761735881297]}, "properties": {"nm": "Hazenmore", "ty": "Village", "pop": 187, "rw": "CPR", "rws": "CPR", "tier": "SSC", "ct": "Small Service Centre", "fy": 1909, "iy": 1913, "ry": 1913, "ev": [[1909, "Founded"], [1913, "Incorporated"], [1913, "First Post Office"], [1913, "Justice System"], [1913, "Railway Arrives"], [1914, "Railway Arrives"], [1916, "First Church"], [1916, "First School"], [1917, "First Cemetery"]], "ind": ["Not specified manufacturing industries (21.6%)", "Own Farm (13.5%)", "Drug stores (8.1%)", "Misc. personal services (8.1%)", "Not specified retail trade (8.1%)"]}}, {"type": "Feature", "geometry": {"type": "Point", "coordinates": [-108.032492295062, 51.201853040083115]}, "properties": {"nm": "Elrose", "ty": "Village", "pop": 217, "rw": "CNR", "rws": "CNR", "tier": "SSC", "ct": "Small Service Centre", "fy": 1909, "iy": 1914, "ry": 1913, "ev": [[1909, "Founded"], [1913, "Railway Arrives"], [1913, "First Post Office"], [1913, "Medical Facility"], [1914, "Incorporated"], [1914, "First Cemetery"], [1915, "First School"], [1915, "First Newspaper"], [1915, "Justice System"], [1916, "First Church"]], "ind": ["Own Farm (33.3%)", "Not specified retail trade (15.2%)", "Hotels and lodging places (9.1%)", "Banking and credit agencies (6.1%)", "Educational services (6.1%)"]}}, {"type": "Feature", "geometry": {"type": "Point", "coordinates": [-104.89917954476802, 50.81205526583781]}, "properties": {"nm": "Silton", "ty": "Village", "pop": 98, "rw": "CPR", "rws": "CPR", "tier": "SSC", "ct": "Small Service Centre", "fy": 1888, "iy": 1914, "ry": 1910, "ev": [[1888, "First Post Office"], [1905, "Medical Facility"], [1910, "Founded"], [1910, "Railway Arrives"], [1911, "Railway Arrives"], [1912, "First School"], [1912, "First Cemetery"], [1914, "Incorporated"], [1928, "First Church"]], "ind": ["Educational services (17.6%)", "Own Farm (17.6%)", "Agriculture (11.8%)", "Nonmetallic mining & quarrying, not fuel (11.8%)", "Trucking service (11.8%)"]}}, {"type": "Feature", "geometry": {"type": "Point", "coordinates": [-105.43698226497467, 51.3492666375952]}, "properties": {"nm": "Imperial", "ty": "Village", "pop": 305, "rw": "CPR", "rws": "CPR", "tier": "SSC", "ct": "Small Service Centre", "fy": 1906, "iy": 1911, "ry": 1911, "ev": [[1906, "First School"], [1907, "First Post Office"], [1910, "Founded"], [1911, "Incorporated"], [1911, "Railway Arrives"], [1911, "First Church"], [1911, "First Cemetery"], [1911, "First Newspaper"], [1911, "Medical Facility"], [1913, "Justice System"]], "ind": ["Auto repair services and garages (11.4%)", "Hotels and lodging places (10.0%)", "Motor vehicles and equipment (7.1%)", "Not specified retail trade (7.1%)", "Banking and credit agencies (5.7%)"]}}, {"type": "Feature", "geometry": {"type": "Point", "coordinates": [-107.51634293130437, 51.48230982945832]}, "properties": {"nm": "Milden", "ty": "Village", "pop": 151, "rw": "CPR", "rws": "CPR", "tier": "SSC", "ct": "Small Service Centre", "fy": 1907, "iy": 1911, "ry": 1911, "ev": [[1907, "First Post Office"], [1910, "Founded"], [1911, "Incorporated"], [1911, "Railway Arrives"], [1911, "Justice System"], [1912, "First Cemetery"], [1912, "First Newspaper"], [1913, "First Church"], [1913, "First School"], [1915, "Medical Facility"]], "ind": ["Railroads and railway express service (30.6%)", "Not specified retail trade (25.0%)", "Own Farm (22.2%)", "Banking and credit agencies (8.3%)"]}}, {"type": "Feature", "geometry": {"type": "Point", "coordinates": [-108.6444900145328, 51.78368321467316]}, "properties": {"nm": "Plenty", "ty": "Village", "pop": 135, "rw": "CPR", "rws": "CPR, GTP", "tier": "SSC", "ct": "Small Service Centre", "fy": 1907, "iy": 1911, "ry": 1910, "ev": [[1907, "First Post Office"], [1910, "Founded"], [1910, "Medical Facility"], [1910, "Railway Arrives"], [1911, "Incorporated"], [1911, "Railway Arrives"], [1912, "First School"], [1912, "First Cemetery"], [1918, "First Church"]], "ind": ["Grain-mill products (30.8%)", "Railroads and railway express service (23.1%)", "Hotels and lodging places (15.4%)"]}}, {"type": "Feature", "geometry": {"type": "Point", "coordinates": [-106.64018224520494, 50.85692572781928]}, "properties": {"nm": "Lawson", "ty": "Village", "pop": 87, "rw": "GTP", "rws": "GTP", "tier": "SSC", "ct": "Small Service Centre", "fy": 1907, "iy": 1916, "ry": 1914, "ev": [[1907, "First Post Office"], [1910, "Founded"], [1914, "Railway Arrives"], [1916, "Incorporated"], [1916, "First School"]], "ind": ["Banking and credit agencies (26.3%)", "Not specified retail trade (15.8%)", "Own Farm (10.5%)", "Railroads and railway express service (10.5%)"]}}, {"type": "Feature", "geometry": {"type": "Point", "coordinates": [-108.79706958375492, 51.80291552532751]}, "properties": {"nm": "Druid", "ty": "Village", "pop": 70, "rw": "CPR", "rws": "CPR, GTP", "tier": "SSC", "ct": "Small Service Centre", "fy": 1905, "ry": 1910, "ev": [[1905, "First Cemetery"], [1908, "First Post Office"], [1910, "Founded"], [1910, "Railway Arrives"], [1911, "Railway Arrives"], [1912, "First School"], [1927, "First Church"]], "ind": ["Educational services (38.5%)", "Own Farm (38.5%)", "Eating and drinking places (7.7%)", "Engineering and architectural services (7.7%)", "Insurance (7.7%)"]}}, {"type": "Feature", "geometry": {"type": "Point", "coordinates": [-104.29593312754558, 49.46093747067563]}, "properties": {"nm": "Radville", "ty": "Town", "pop": 883, "rw": "CNR", "rws": "CNR", "tier": "RSC", "ct": "Regional Service Centre", "fy": 1909, "iy": 1911, "ry": 1911, "ev": [[1909, "First Post Office"], [1910, "Founded"], [1910, "First Cemetery"], [1911, "Incorporated"], [1911, "Railway Arrives"], [1911, "First Newspaper"], [1911, "Justice System"], [1912, "First Church"], [1913, "First School"]], "ind": ["Own Farm (38.2%)", "Railroads and railway express service (21.7%)", "Not specified retail trade (12.5%)", "Eating and drinking places (5.3%)", "Educational services (4.6%)"]}}, {"type": "Feature", "geometry": {"type": "Point", "coordinates": [-104.66233040180192, 49.645545783540165]}, "properties": {"nm": "Pangman", "ty": "Village", "pop": 61, "rw": "CPR", "rws": "CPR, CNR", "tier": "SSC", "ct": "Small Service Centre", "fy": 1906, "iy": 1911, "ry": 1910, "ev": [[1906, "First Cemetery"], [1909, "First Post Office"], [1910, "Founded"], [1910, "Railway Arrives"], [1911, "Incorporated"], [1911, "Railway Arrives"], [1911, "First Church"], [1911, "First School"], [1912, "Medical Facility"]], "ind": ["Own Farm (61.5%)", "Educational services (23.1%)", "Other primary iron/steel industry (15.4%)"]}}, {"type": "Feature", "geometry": {"type": "Point", "coordinates": [-106.84158298837136, 49.66845759880067]}, "properties": {"nm": "Meyronne", "ty": "Village", "pop": 247, "rw": "CPR", "rws": "CPR", "tier": "SSC", "ct": "Small Service Centre", "fy": 1909, "iy": 1913, "ry": 1913, "ev": [[1909, "First Post Office"], [1910, "Founded"], [1910, "First Cemetery"], [1913, "Incorporated"], [1913, "First Church"], [1913, "Railway Arrives"], [1914, "Railway Arrives"], [1916, "First School"], [1920, "Justice System"]], "ind": ["Own Farm (15.6%)", "Not specified retail trade (11.1%)", "Auto repair services and garages (8.9%)", "Electrical goods, hardware, and plumbing equipment (8.9%)", "Banking and credit agencies (6.7%)"]}}, {"type": "Feature", "geometry": {"type": "Point", "coordinates": [-109.13913183689498, 51.92129491893701]}, "properties": {"nm": "Kerrobert", "ty": "Town", "pop": 788, "rw": "CPR", "rws": "CPR", "tier": "RSC", "ct": "Regional Service Centre", "fy": 1889, "iy": 1910, "ry": 1910, "ev": [[1889, "First Cemetery"], [1905, "Colonization Company"], [1910, "Founded"], [1910, "Incorporated"], [1910, "First Post Office"], [1910, "Railway Arrives"], [1911, "Railway Arrives"], [1911, "First School"], [1912, "First Church"], [1912, "Justice System"], [1919, "Medical Facility"], [1920, "First Newspaper"]], "ind": ["Own Farm (31.5%)", "Railroads and railway express service (15.5%)", "Hotels and lodging places (8.3%)", "Not specified retail trade (7.7%)", "Banking and credit agencies (6.1%)"]}}, {"type": "Feature", "geometry": {"type": "Point", "coordinates": [-109.12063628637677, 49.989354504517024]}, "properties": {"nm": "Piapot", "ty": "Village", "pop": 232, "rw": "CPR", "rws": "CPR", "tier": "SSC", "ct": "Small Service Centre", "fy": 1882, "iy": 1912, "ry": 1882, "ev": [[1882, "Railway Arrives"], [1893, "First Cemetery"], [1908, "Railway Arrives"], [1910, "Founded"], [1910, "First Post Office"], [1912, "Incorporated"], [1913, "Medical Facility"], [1914, "First Church"], [1914, "First School"]], "ind": ["Own Farm (26.7%)", "Railroads and railway express service (24.4%)", "Not specified retail trade (8.9%)", "General merchandise stores (4.4%)", "Local public administration (4.4%)"]}}, {"type": "Feature", "geometry": {"type": "Point", "coordinates": [-109.26690693370053, 50.86183213340339]}, "properties": {"nm": "Sceptre", "ty": "Village", "pop": 266, "rw": "CPR", "rws": "CPR", "tier": "SSC", "ct": "Small Service Centre", "fy": 1910, "iy": 1913, "ry": 1913, "ev": [[1910, "Founded"], [1910, "First Post Office"], [1913, "Incorporated"], [1913, "Railway Arrives"], [1913, "Medical Facility"], [1913, "Justice System"], [1916, "First School"], [1917, "First Church"], [1919, "First Cemetery"]], "ind": ["Own Farm (28.0%)", "Railroads and railway express service (25.6%)", "Eating and drinking places (12.2%)", "Not specified retail trade (6.1%)", "Auto repair services and garages (3.7%)"]}}, {"type": "Feature", "geometry": {"type": "Point", "coordinates": [-103.09061788946973, 50.8747334735445]}, "properties": {"nm": "Duff", "ty": "Village", "pop": 111, "rw": "GTP", "rws": "GTP", "tier": "SSC", "ct": "Small Service Centre", "fy": 1882, "iy": 1920, "ry": 1911, "ev": [[1882, "Colonization Company"], [1910, "Founded"], [1910, "First Post Office"], [1910, "First Church"], [1911, "Railway Arrives"], [1912, "First School"], [1912, "First Cemetery"], [1920, "Incorporated"]], "ind": ["General merchandise stores (20.0%)", "Own Farm (20.0%)", "Railroads and railway express service (20.0%)", "Banking and credit agencies (6.7%)", "Educational services (6.7%)"]}}, {"type": "Feature", "geometry": {"type": "Point", "coordinates": [-104.46623871105008, 49.64024867169297]}, "properties": {"nm": "Forward", "ty": "Village", "pop": 47, "rw": "CPR", "rws": "CPR, CNR", "tier": "SSC", "ct": "Small Service Centre", "fy": 1910, "ry": 1910, "ev": [[1910, "Founded"], [1910, "Railway Arrives"], [1910, "First Post Office"], [1910, "Medical Facility"], [1914, "First School"]], "ind": ["Own Farm (61.5%)", "Railroads and railway express service (23.1%)", "Agriculture (7.7%)", "Not specified retail trade (7.7%)"]}}, {"type": "Feature", "geometry": {"type": "Point", "coordinates": [-105.442750880474, 51.454170162772314]}, "properties": {"nm": "Simpson", "ty": "Village", "pop": 217, "rw": "CPR", "rws": "CPR", "tier": "SSC", "ct": "Small Service Centre", "fy": 1910, "iy": 1911, "ry": 1911, "ev": [[1910, "Founded"], [1911, "Incorporated"], [1911, "Railway Arrives"], [1911, "First Post Office"], [1911, "First Cemetery"], [1911, "Medical Facility"], [1912, "First Church"], [1912, "Justice System"], [1913, "First School"], [1914, "First Newspaper"]], "ind": ["Own Farm (36.0%)", "Not specified retail trade (20.0%)", "Railroads and railway express service (16.0%)", "Banking and credit agencies (12.0%)"]}}, {"type": "Feature", "geometry": {"type": "Point", "coordinates": [-108.35437778218284, 51.637847045329984]}, "properties": {"nm": "Herschel", "ty": "Village", "pop": 127, "rw": "CPR", "rws": "CPR", "tier": "SSC", "ct": "Small Service Centre", "fy": 1906, "iy": 1911, "ry": 1911, "ev": [[1906, "First Cemetery"], [1910, "Founded"], [1911, "Incorporated"], [1911, "Railway Arrives"], [1911, "First Post Office"], [1911, "Medical Facility"], [1911, "Justice System"], [1912, "First School"]], "ind": ["Not specified retail trade (20.7%)", "Banking and credit agencies (10.3%)", "Food stores, except dairy products (10.3%)", "Own Farm (10.3%)", "Educational services (6.9%)"]}}, {"type": "Feature", "geometry": {"type": "Point", "coordinates": [-107.36135183890632, 51.52276997694144]}, "properties": {"nm": "Bounty", "ty": "Village", "pop": 122, "rw": "CPR", "rws": "CPR, CNR", "tier": "SSC", "ct": "Small Service Centre", "fy": 1904, "iy": 1911, "ry": 1911, "ev": [[1904, "First Cemetery"], [1910, "Founded"], [1911, "Incorporated"], [1911, "Railway Arrives"], [1911, "First Post Office"], [1911, "Medical Facility"], [1911, "Justice System"], [1912, "First Church"], [1913, "First School"]], "ind": ["Own Farm (25.9%)", "Food stores, except dairy products (7.4%)", "Misc. personal services (7.4%)", "Postal service (7.4%)", "Railroads and railway express service (7.4%)"]}}, {"type": "Feature", "geometry": {"type": "Point", "coordinates": [-105.44505031715708, 51.14129302625375]}, "properties": {"nm": "Liberty", "ty": "Village", "pop": 161, "rw": "CPR", "rws": "CPR", "tier": "SSC", "ct": "Small Service Centre", "fy": 1908, "iy": 1912, "ry": 1911, "ev": [[1908, "First School"], [1910, "Founded"], [1911, "Railway Arrives"], [1911, "First Post Office"], [1911, "First Cemetery"], [1912, "Incorporated"], [1912, "First Newspaper"], [1912, "Medical Facility"], [1912, "Justice System"], [1917, "First Church"]], "ind": ["Own Farm (16.1%)", "Sawmills, planing mills, & mill work (16.1%)", "Banking and credit agencies (9.7%)", "General merchandise stores (6.5%)", "Hotels and lodging places (6.5%)"]}}, {"type": "Feature", "geometry": {"type": "Point", "coordinates": [-107.29986903290236, 49.71642605470946]}, "properties": {"nm": "Aneroid", "ty": "Village", "pop": 221, "rw": "CPR", "rws": "CPR", "tier": "SSC", "ct": "Small Service Centre", "fy": 1910, "iy": 1913, "ry": 1913, "ev": [[1910, "Founded"], [1910, "First School"], [1911, "First Post Office"], [1913, "Incorporated"], [1913, "Justice System"], [1913, "Railway Arrives"], [1914, "Railway Arrives"], [1914, "First Newspaper"], [1918, "First Cemetery"]], "ind": ["Not specified retail trade (24.5%)", "Hotels and lodging places (10.2%)", "General merchandise stores (8.2%)", "Hardware and farm implement stores (8.2%)", "Banking and credit agencies (6.1%)"]}}, {"type": "Feature", "geometry": {"type": "Point", "coordinates": [-109.60321585086074, 51.47552011500881]}, "properties": {"nm": "Flaxcombe", "ty": "Village", "pop": 116, "rw": "CNR", "rws": "CNR", "tier": "SSC", "ct": "Small Service Centre", "fy": 1910, "iy": 1913, "ry": 1910, "ev": [[1910, "Founded"], [1910, "Railway Arrives"], [1911, "Railway Arrives"], [1911, "First Post Office"], [1911, "First Church"], [1913, "Incorporated"], [1914, "First School"], [1914, "First Cemetery"], [1916, "Justice System"]], "ind": ["Not specified retail trade (31.6%)", "Own Farm (31.6%)", "Banking and credit agencies (15.8%)", "Railroads and railway express service (10.5%)", "Eating and drinking places (5.3%)"]}}, {"type": "Feature", "geometry": {"type": "Point", "coordinates": [-108.49714699230276, 51.7159884449245]}, "properties": {"nm": "Stranraer", "ty": "Village", "pop": 63, "rw": "CPR", "rws": "CPR", "tier": "SSC", "ct": "Small Service Centre", "fy": 1910, "iy": 1913, "ry": 1911, "ev": [[1910, "Founded"], [1910, "First Cemetery"], [1911, "Railway Arrives"], [1911, "First Post Office"], [1912, "First School"], [1913, "Incorporated"]], "ind": ["Railroads and railway express service (42.9%)", "Bakery products (7.1%)", "Educational services (7.1%)", "Electric light and power (7.1%)", "General merchandise stores (7.1%)"]}}, {"type": "Feature", "geometry": {"type": "Point", "coordinates": [-109.28424239338617, 49.37320481952479]}, "properties": {"nm": "Robsart", "ty": "Village", "pop": 100, "rw": "CPR", "rws": "CPR", "tier": "SSC", "ct": "Small Service Centre", "fy": 1910, "iy": 1915, "ry": 1914, "ev": [[1910, "Founded"], [1910, "First Cemetery"], [1911, "First Post Office"], [1914, "Railway Arrives"], [1914, "Medical Facility"], [1914, "Justice System"], [1915, "Incorporated"], [1916, "First School"], [1917, "First Newspaper"], [1920, "First Church"]], "ind": ["Hotels and lodging places (31.2%)", "Not specified retail trade (18.8%)", "Railroads and railway express service (12.5%)", "General merchandise stores (6.2%)", "Motor vehicles and equipment (6.2%)"]}}, {"type": "Feature", "geometry": {"type": "Point", "coordinates": [-109.50859537378712, 52.1665938274501]}, "properties": {"nm": "Salvador", "ty": "Village", "pop": 165, "rw": "CPR", "rws": "CPR", "tier": "SSC", "ct": "Small Service Centre", "fy": 1910, "ry": 1911, "ev": [[1910, "Founded"], [1911, "Railway Arrives"], [1911, "First Post Office"], [1911, "First School"], [1915, "First Cemetery"], [1917, "Medical Facility"]], "ind": ["Own Farm (20.6%)", "Educational services (17.6%)", "Banking and credit agencies (8.8%)", "General merchandise stores (8.8%)", "Electrical goods, hardware, and plumbing equipment (5.9%)"]}}, {"type": "Feature", "geometry": {"type": "Point", "coordinates": [-107.3006803396119, 49.90567053396395]}, "properties": {"nm": "Vanguard", "ty": "Village", "pop": 299, "rw": "CPR", "rws": "CPR", "tier": "SSC", "ct": "Small Service Centre", "fy": 1910, "iy": 1912, "ry": 1912, "ev": [[1910, "Founded"], [1912, "Incorporated"], [1912, "Railway Arrives"], [1912, "First Post Office"], [1912, "First Newspaper"], [1913, "First Church"], [1913, "Medical Facility"], [1913, "Justice System"], [1914, "First School"], [1917, "First Cemetery"]], "ind": ["Not specified retail trade (23.0%)", "Own Farm (23.0%)", "Auto repair services and garages (9.8%)", "Hospitals (6.6%)", "Banking and credit agencies (3.3%)"]}}, {"type": "Feature", "geometry": {"type": "Point", "coordinates": [-102.2596297891743, 51.89448699109175]}, "properties": {"nm": "Hyas", "ty": "Village", "pop": 95, "rw": "CNR", "rws": "CNR", "tier": "SSC", "ct": "Small Service Centre", "fy": 1908, "iy": 1919, "ry": 1910, "ev": [[1908, "First Cemetery"], [1910, "Founded"], [1910, "Railway Arrives"], [1911, "Railway Arrives"], [1912, "First Post Office"], [1912, "First Church"], [1914, "First School"], [1919, "Incorporated"]], "ind": ["Not specified retail trade (52.4%)", "Railroads and railway express service (19.0%)", "Banking and credit agencies (9.5%)", "Educational services (4.8%)", "Misc. personal services (4.8%)"]}}, {"type": "Feature", "geometry": {"type": "Point", "coordinates": [-104.25875210730749, 50.63497544186648]}, "properties": {"nm": "Edenwold", "ty": "Village", "pop": 131, "rw": "GTP", "rws": "GTP", "tier": "SSC", "ct": "Small Service Centre", "fy": 1889, "iy": 1912, "ry": 1911, "ev": [[1889, "First Cemetery"], [1890, "First Post Office"], [1893, "First Church"], [1911, "Founded"], [1911, "Railway Arrives"], [1912, "Incorporated"], [1912, "First School"], [1912, "Justice System"], [1915, "Medical Facility"]], "ind": ["Not specified retail trade (29.2%)", "Own Farm (12.5%)", "Private households (12.5%)", "Banking and credit agencies (8.3%)", "Lumber and building material retailing (8.3%)"]}}, {"type": "Feature", "geometry": {"type": "Point", "coordinates": [-105.26290817444988, 50.16806897641301]}, "properties": {"nm": "Briercrest", "ty": "Village", "pop": 175, "rw": "CNR", "rws": "CNR", "tier": "SSC", "ct": "Small Service Centre", "fy": 1903, "iy": 1912, "ry": 1911, "ev": [[1903, "First Post Office"], [1911, "Founded"], [1911, "Railway Arrives"], [1912, "Incorporated"], [1912, "Medical Facility"], [1912, "Justice System"], [1913, "First Church"], [1915, "First School"], [1915, "First Cemetery"]], "ind": ["Auto repair services and garages (13.0%)", "Banking and credit agencies (13.0%)", "General merchandise stores (10.9%)", "Own Farm (10.9%)", "Educational services (8.7%)"]}}, {"type": "Feature", "geometry": {"type": "Point", "coordinates": [-105.43696090481076, 51.05949990300152]}, "properties": {"nm": "Penzance", "ty": "Village", "pop": 98, "rw": "CPR", "rws": "CPR", "tier": "SSC", "ct": "Small Service Centre", "fy": 1905, "iy": 1912, "ry": 1911, "ev": [[1905, "First Post Office"], [1907, "First Cemetery"], [1911, "Founded"], [1911, "Railway Arrives"], [1912, "Incorporated"], [1912, "First Church"], [1913, "First Newspaper"], [1914, "First School"], [1916, "Medical Facility"]], "ind": ["Railroads and railway express service (22.2%)", "Educational services (16.7%)", "General merchandise stores (11.1%)", "Own Farm (11.1%)"]}}, {"type": "Feature", "geometry": {"type": "Point", "coordinates": [-103.66840030542936, 49.183160001066895]}, "properties": {"nm": "Bromhead", "ty": "Village", "pop": 139, "rw": "CPR", "rws": "CPR", "tier": "SSC", "ct": "Small Service Centre", "fy": 1905, "iy": 1913, "ry": 1913, "ev": [[1905, "First Post Office"], [1907, "First Cemetery"], [1911, "Founded"], [1913, "Incorporated"], [1913, "Railway Arrives"], [1916, "First School"]], "ind": ["Own Farm (77.8%)", "Not specified retail trade (11.1%)", "Postal service (5.6%)", "Trucking service (5.6%)"]}}, {"type": "Feature", "geometry": {"type": "Point", "coordinates": [-107.72403137761364, 51.51281071349923]}, "properties": {"nm": "Sovereign", "ty": "Village", "pop": 142, "rw": "CPR", "rws": "CPR", "tier": "SSC", "ct": "Small Service Centre", "fy": 1907, "iy": 1912, "ry": 1911, "ev": [[1907, "First Post Office"], [1911, "Founded"], [1911, "Railway Arrives"], [1911, "Medical Facility"], [1912, "Incorporated"], [1912, "First Church"], [1912, "Railway Arrives"], [1914, "First School"], [1917, "First Cemetery"]], "ind": ["Own Farm (21.7%)", "Banking and credit agencies (17.4%)", "Legal services (13.0%)", "Misc. retail stores (13.0%)", "Hospitals (8.7%)"]}}, {"type": "Feature", "geometry": {"type": "Point", "coordinates": [-104.94763586856772, 49.90431960973105]}, "properties": {"nm": "Truax", "ty": "Village", "pop": 112, "rw": "CNR", "rws": "CNR", "tier": "SSC", "ct": "Small Service Centre", "fy": 1907, "iy": 1912, "ry": 1911, "ev": [[1907, "First Post Office"], [1911, "Founded"], [1911, "Railway Arrives"], [1912, "Incorporated"], [1912, "First Cemetery"], [1913, "First School"], [1917, "First Church"]], "ind": ["Own Farm (15.4%)", "Telegraph (12.8%)", "Auto repair services and garages (7.7%)", "Banking and credit agencies (7.7%)", "General merchandise stores (7.7%)"]}}, {"type": "Feature", "geometry": {"type": "Point", "coordinates": [-105.8524138599676, 49.98601519900296]}, "properties": {"nm": "Expanse", "ty": "Village", "pop": 126, "rw": "CPR", "rws": "CPR, CNR", "tier": "SSC", "ct": "Small Service Centre", "fy": 1908, "iy": 1912, "ry": 1912, "ev": [[1908, "First Post Office"], [1911, "Founded"], [1912, "Incorporated"], [1912, "Railway Arrives"], [1912, "First Church"], [1912, "First Cemetery"], [1913, "Justice System"], [1914, "First School"], [1916, "First Newspaper"]], "ind": ["Own Farm (26.7%)", "Banking and credit agencies (13.3%)", "Hotels and lodging places (10.0%)", "Educational services (6.7%)", "Telephone (6.7%)"]}}, {"type": "Feature", "geometry": {"type": "Point", "coordinates": [-108.61542624658496, 51.94810841304983]}, "properties": {"nm": "Kelfield", "ty": "Village", "pop": 92, "rw": "CPR", "rws": "CPR, GTP", "tier": "SSC", "ct": "Small Service Centre", "fy": 1909, "iy": 1912, "ry": 1912, "ev": [[1909, "First Post Office"], [1909, "First Cemetery"], [1911, "Founded"], [1912, "Incorporated"], [1912, "Railway Arrives"], [1914, "Medical Facility"], [1915, "First School"], [1917, "First Church"], [1919, "Justice System"]], "ind": ["Own Farm (47.1%)", "Auto repair services and garages (11.8%)", "Banking and credit agencies (11.8%)", "Printing, publishing, & allied industries (11.8%)", "Eating and drinking places (5.9%)"]}}, {"type": "Feature", "geometry": {"type": "Point", "coordinates": [-107.62747235974032, 49.969100692384195]}, "properties": {"nm": "Neville", "ty": "Village", "pop": 151, "rw": "CPR", "rws": "CPR", "tier": "SSC", "ct": "Small Service Centre", "fy": 1910, "iy": 1912, "ry": 1911, "ev": [[1910, "First Post Office"], [1911, "Founded"], [1911, "First Cemetery"], [1911, "Railway Arrives"], [1912, "Incorporated"], [1912, "Railway Arrives"], [1912, "First School"], [1913, "First Church"], [1913, "First Newspaper"], [1915, "Justice System"]], "ind": ["Own Farm (22.2%)", "Educational services (14.8%)", "Banking and credit agencies (11.1%)", "Eating and drinking places (7.4%)", "Postal service (7.4%)"]}}, {"type": "Feature", "geometry": {"type": "Point", "coordinates": [-104.52110763639124, 49.621330497258135]}, "properties": {"nm": "Khedive", "ty": "Village", "pop": 106, "rw": "CPR", "rws": "CPR, CNR", "tier": "SSC", "ct": "Small Service Centre", "fy": 1910, "iy": 1916, "ry": 1910, "ev": [[1910, "Railway Arrives"], [1910, "First Post Office"], [1910, "First Cemetery"], [1911, "Founded"], [1911, "Railway Arrives"], [1914, "First Church"], [1916, "Incorporated"], [1916, "Medical Facility"], [1920, "First School"]], "ind": ["Own Farm (28.6%)", "Railroads and railway express service (17.9%)", "Banking and credit agencies (14.3%)", "Not specified retail trade (10.7%)", "Educational services (7.1%)"]}}, {"type": "Feature", "geometry": {"type": "Point", "coordinates": [-105.7301070903022, 52.48396912899192]}, "properties": {"nm": "Cudworth", "ty": "Village", "pop": 331, "rw": "GTP", "rws": "GTP", "tier": "SSC", "ct": "Small Service Centre", "fy": 1911, "iy": 1911, "ry": 1911, "ev": [[1911, "Founded"], [1911, "Incorporated"], [1911, "First Post Office"], [1911, "Railway Arrives"], [1912, "Railway Arrives"], [1913, "First School"], [1920, "First Church"]], "ind": ["Own Farm (30.6%)", "Auto repair services and garages (11.3%)", "Not specified retail trade (11.3%)", "Hotels and lodging places (6.5%)", "Railroads and railway express service (6.5%)"]}}, {"type": "Feature", "geometry": {"type": "Point", "coordinates": [-108.37931533458764, 51.97750424714837]}, "properties": {"nm": "Springwater", "ty": "Village", "pop": 106, "rw": "GTP", "rws": "GTP", "tier": "SSC", "ct": "Small Service Centre", "fy": 1911, "iy": 1913, "ry": 1912, "ev": [[1911, "Founded"], [1911, "First Post Office"], [1912, "First School"], [1912, "Railway Arrives"], [1913, "Incorporated"], [1913, "Railway Arrives"], [1913, "First Church"], [1918, "First Cemetery"]], "ind": ["Electrical goods, hardware, and plumbing equipment (23.1%)", "Own Farm (23.1%)", "Banking and credit agencies (15.4%)"]}}, {"type": "Feature", "geometry": {"type": "Point", "coordinates": [-106.60558928348487, 53.35697676185928]}, "properties": {"nm": "Canwood", "ty": "Village", "pop": 158, "rw": "CNR", "rws": "CNR", "tier": "SSC", "ct": "Small Service Centre", "fy": 1910, "iy": 1916, "ry": 1910, "ev": [[1910, "Railway Arrives"], [1911, "Founded"], [1911, "Railway Arrives"], [1911, "First Post Office"], [1914, "First School"], [1914, "First Cemetery"], [1916, "Incorporated"], [1919, "First Church"], [1922, "First Newspaper"]], "ind": ["Own Farm (36.4%)", "Accounting, auditing, & bookkeeping service (15.2%)", "Eating and drinking places (12.1%)", "General merchandise stores (12.1%)", "Not specified retail trade (9.1%)"]}}, {"type": "Feature", "geometry": {"type": "Point", "coordinates": [-105.76103272820652, 52.10739759875429]}, "properties": {"nm": "Meacham", "ty": "Village", "pop": 90, "rw": "GTP", "rws": "GTP", "tier": "SSC", "ct": "Small Service Centre", "fy": 1909, "iy": 1912, "ry": 1911, "ev": [[1909, "First Cemetery"], [1911, "Founded"], [1911, "Railway Arrives"], [1911, "First Church"], [1912, "Incorporated"], [1912, "First Post Office"]], "ind": ["Railroads and railway express service (27.3%)"]}}, {"type": "Feature", "geometry": {"type": "Point", "coordinates": [-108.87165823190112, 52.67665273007728]}, "properties": {"nm": "Rock Haven", "ty": "Village", "pop": 100, "rw": "CPR", "rws": "CPR, GTP", "tier": "SSC", "ct": "Small Service Centre", "fy": 1904, "iy": 1913, "ry": 1911, "ev": [[1904, "Medical Facility"], [1905, "First Post Office"], [1911, "Railway Arrives"], [1912, "Founded"], [1913, "Incorporated"], [1914, "First Church"], [1914, "First Cemetery"], [1917, "First School"]], "ind": ["Own Farm (27.3%)"]}}, {"type": "Feature", "geometry": {"type": "Point", "coordinates": [-106.21257447001469, 49.86175968642464]}, "properties": {"nm": "Mazenod", "ty": "Village", "pop": 181, "rw": "CPR", "rws": "CPR, CNR", "tier": "SSC", "ct": "Small Service Centre", "fy": 1909, "iy": 1917, "ry": 1913, "ev": [[1909, "First Post Office"], [1912, "Founded"], [1912, "First School"], [1912, "First Cemetery"], [1913, "Railway Arrives"], [1914, "Medical Facility"], [1914, "Justice System"], [1917, "Incorporated"], [1917, "First Church"]], "ind": ["Own Farm (38.5%)", "Misc. food preparations and kindred goods (10.3%)", "Banking and credit agencies (7.7%)", "Food stores, except dairy products (7.7%)", "Drugs and medicines (5.1%)"]}}, {"type": "Feature", "geometry": {"type": "Point", "coordinates": [-105.70744530960889, 49.93822902296762]}, "properties": {"nm": "Mitchellton", "ty": "Village", "pop": 56, "rw": "CPR", "rws": "CPR, CNR", "tier": "SSC", "ct": "Small Service Centre", "fy": 1910, "iy": 1920, "ry": 1912, "ev": [[1910, "First Post Office"], [1910, "First Cemetery"], [1912, "Founded"], [1912, "Railway Arrives"], [1912, "First School"], [1920, "Incorporated"], [1920, "Justice System"]], "ind": ["General merchandise stores (31.6%)", "Own Farm (21.1%)", "Eating and drinking places (10.5%)", "Agriculture (5.3%)", "Apparel and accessories stores, except shoe (5.3%)"]}}, {"type": "Feature", "geometry": {"type": "Point", "coordinates": [-107.07617892102684, 52.78811577302105]}, "properties": {"nm": "Krydor", "ty": "Village", "pop": 104, "rw": "CNR", "rws": "CNR", "tier": "SSC", "ct": "Small Service Centre", "fy": 1909, "iy": 1914, "ry": 1913, "ev": [[1909, "First Cemetery"], [1910, "First Church"], [1911, "First Post Office"], [1912, "Founded"], [1913, "Railway Arrives"], [1914, "Incorporated"], [1915, "First School"]], "ind": ["Not specified retail trade (15.8%)", "Own Farm (15.8%)", "Railroads and railway express service (15.8%)", "Theaters and motion pictures (15.8%)", "Educational services (10.5%)"]}}, {"type": "Feature", "geometry": {"type": "Point", "coordinates": [-105.98958419604494, 49.62969548316199]}, "properties": {"nm": "Assiniboia", "ty": "Town", "pop": 1006, "rw": "CPR", "rws": "CPR", "tier": "RSC", "ct": "Regional Service Centre", "fy": 1912, "iy": 1912, "ry": 1912, "ev": [[1912, "Founded"], [1912, "Incorporated"], [1912, "Railway Arrives"], [1912, "First Post Office"], [1912, "First Newspaper"], [1913, "First School"], [1914, "Justice System"], [1919, "First Church"], [1927, "Medical Facility"]], "ind": ["Own Farm (22.2%)", "Railroads and railway express service (7.4%)", "General merchandise stores (7.0%)", "Not specified manufacturing industries (7.0%)", "Banking and credit agencies (6.2%)"]}}, {"type": "Feature", "geometry": {"type": "Point", "coordinates": [-105.22022642104156, 49.513537048141536]}, "properties": {"nm": "Horizon", "ty": "Village", "pop": 42, "rw": "CPR", "rws": "CPR", "tier": "SSC", "ct": "Small Service Centre", "fy": 1911, "iy": 1917, "ry": 1911, "ev": [[1911, "Railway Arrives"], [1912, "Founded"], [1912, "First Post Office"], [1912, "First School"], [1913, "First Cemetery"], [1917, "Incorporated"], [1927, "First Church"]], "ind": ["Own Farm (25.0%)", "Coal mining (8.3%)", "Eating and drinking places (8.3%)", "Educational services (8.3%)", "Food stores, except dairy products (8.3%)"]}}, {"type": "Feature", "geometry": {"type": "Point", "coordinates": [-109.98872394062224, 51.65846351244555]}, "properties": {"nm": "Loverna", "ty": "Village", "pop": 202, "rw": "GTP", "rws": "GTP", "tier": "SSC", "ct": "Small Service Centre", "fy": 1910, "ry": 1913, "ev": [[1910, "First Cemetery"], [1912, "Founded"], [1912, "First Post Office"], [1912, "First Church"], [1913, "Railway Arrives"], [1915, "Justice System"], [1922, "First School"]], "ind": ["Own Farm (20.6%)", "Banking and credit agencies (17.6%)", "Eating and drinking places (17.6%)", "General merchandise stores (8.8%)", "Food stores, except dairy products (5.9%)"]}}, {"type": "Feature", "geometry": {"type": "Point", "coordinates": [-108.41069989458092, 49.64669652731422]}, "properties": {"nm": "Shaunavon", "ty": "Town", "pop": 1146, "rw": "CPR", "rws": "CPR", "tier": "RSC", "ct": "Regional Service Centre", "fy": 1912, "iy": 1913, "ry": 1914, "ev": [[1912, "Founded"], [1913, "Incorporated"], [1913, "First Post Office"], [1913, "First Newspaper"], [1914, "Railway Arrives"], [1914, "First Church"], [1914, "First Cemetery"], [1925, "Justice System"]], "ind": ["Own Farm (12.9%)", "Railroads and railway express service (8.8%)", "Eating and drinking places (7.5%)", "Construction (6.9%)", "Banking and credit agencies (6.0%)"]}}, {"type": "Feature", "geometry": {"type": "Point", "coordinates": [-107.00563761382658, 49.67010393780342]}, "properties": {"nm": "Kincaid", "ty": "Village", "pop": 226, "rw": "CPR", "rws": "CPR", "tier": "SSC", "ct": "Small Service Centre", "fy": 1912, "iy": 1913, "ry": 1913, "ev": [[1912, "Founded"], [1913, "Incorporated"], [1913, "First Post Office"], [1913, "Railway Arrives"], [1914, "Railway Arrives"], [1914, "First Cemetery"], [1925, "First Church"], [1925, "First School"], [1932, "Medical Facility"]], "ind": ["Not specified retail trade (18.6%)", "General merchandise stores (15.3%)", "Not specified manufacturing industries (15.3%)", "Banking and credit agencies (6.8%)", "Eating and drinking places (6.8%)"]}}, {"type": "Feature", "geometry": {"type": "Point", "coordinates": [-109.01617771552937, 50.82447160804836]}, "properties": {"nm": "Portreeve", "ty": "Village", "pop": 71, "rw": "CPR", "rws": "CPR", "tier": "SSC", "ct": "Small Service Centre", "fy": 1912, "iy": 1913, "ry": 1913, "ev": [[1912, "Founded"], [1913, "Incorporated"], [1913, "Railway Arrives"], [1913, "First Post Office"], [1913, "First School"], [1916, "First Cemetery"], [1926, "First Church"]], "ind": ["Own Farm (56.2%)", "Not specified retail trade (18.8%)", "Banking and credit agencies (12.5%)", "Agriculture (6.2%)", "Food stores, except dairy products (6.2%)"]}}, {"type": "Feature", "geometry": {"type": "Point", "coordinates": [-108.69386090850384, 52.064226548029914]}, "properties": {"nm": "Handel", "ty": "Village", "pop": 53, "rw": "CPR", "rws": "CPR", "tier": "SSC", "ct": "Small Service Centre", "fy": 1891, "iy": 1919, "ry": 1912, "ev": [[1891, "Justice System"], [1912, "Founded"], [1912, "Railway Arrives"], [1913, "First Post Office"], [1913, "First Church"], [1913, "First Cemetery"], [1915, "First School"], [1919, "Incorporated"]], "ind": ["Electrical goods, hardware, and plumbing equipment (18.2%)", "General merchandise stores (18.2%)"]}}, {"type": "Feature", "geometry": {"type": "Point", "coordinates": [-105.61555878510336, 49.50947396061145]}, "properties": {"nm": "Verwood", "ty": "Village", "pop": 242, "rw": "CPR", "rws": "CPR", "tier": "SSC", "ct": "Small Service Centre", "fy": 1912, "ry": 1912, "ev": [[1912, "Founded"], [1912, "Railway Arrives"], [1913, "First Post Office"], [1913, "First School"], [1915, "First Cemetery"], [1916, "First Church"], [1916, "Medical Facility"]], "ind": ["Not specified retail trade (20.8%)", "Own Farm (18.9%)", "Railroads and railway express service (15.1%)", "General merchandise stores (7.5%)", "Hospitals (5.7%)"]}}, {"type": "Feature", "geometry": {"type": "Point", "coordinates": [-108.94787923015096, 52.133701109030824]}, "properties": {"nm": "Tramping Lake", "ty": "Village", "pop": 100, "rw": "CPR", "rws": "CPR", "tier": "SSC", "ct": "Small Service Centre", "fy": 1906, "iy": 1917, "ry": 1913, "ev": [[1906, "First Cemetery"], [1912, "Founded"], [1913, "Railway Arrives"], [1914, "First Post Office"], [1917, "Incorporated"], [1920, "First School"], [1922, "First Church"]], "ind": ["Not specified retail trade (23.1%)", "Own Farm (23.1%)", "Auto repair services and garages (15.4%)", "Dairy products (7.7%)", "Educational services (7.7%)"]}}, {"type": "Feature", "geometry": {"type": "Point", "coordinates": [-105.73600742205709, 52.78730803136134]}, "properties": {"nm": "Domremy", "ty": "Village", "pop": 77, "rw": "GTP", "rws": "GTP", "tier": "SSC", "ct": "Small Service Centre", "fy": 1887, "iy": 1921, "ry": 1913, "ev": [[1887, "Colonization Company"], [1896, "First Post Office"], [1896, "First Cemetery"], [1904, "First Church"], [1913, "Founded"], [1913, "Railway Arrives"], [1914, "Railway Arrives"], [1915, "First School"], [1921, "Incorporated"]], "ind": ["Own Farm (46.2%)", "Telephone (15.4%)", "Educational services (7.7%)", "Electric light and power (7.7%)", "Lumber and building material retailing (7.7%)"]}}, {"type": "Feature", "geometry": {"type": "Point", "coordinates": [-104.9020305949231, 52.63431027264026]}, "properties": {"nm": "St. Brieux", "ty": "Village", "pop": 144, "rw": "CNR", "rws": "CNR", "tier": "SSC", "ct": "Small Service Centre", "fy": 1904, "iy": 1913, "ry": 1913, "ev": [[1904, "First Church"], [1905, "First Post Office"], [1905, "First Cemetery"], [1907, "First School"], [1913, "Founded"], [1913, "Incorporated"], [1913, "Medical Facility"], [1913, "Railway Arrives"], [1915, "Railway Arrives"]], "ind": ["Own Farm (31.0%)", "Banking and credit agencies (20.7%)", "Educational services (6.9%)", "Electrical goods, hardware, and plumbing equipment (6.9%)", "Not specified retail trade (6.9%)"]}}, {"type": "Feature", "geometry": {"type": "Point", "coordinates": [-107.55927320658718, 52.70874447548873]}, "properties": {"nm": "Speers", "ty": "Village", "pop": 105, "rw": "CNR", "rws": "CNR", "tier": "SSC", "ct": "Small Service Centre", "fy": 1905, "iy": 1915, "ry": 1913, "ev": [[1905, "First Post Office"], [1905, "First Cemetery"], [1913, "Founded"], [1913, "Railway Arrives"], [1915, "Incorporated"], [1916, "First School"], [1918, "First Church"]], "ind": ["Own Farm (34.8%)", "Banking and credit agencies (17.4%)", "Auto repair services and garages (13.0%)", "Food stores, except dairy products (8.7%)", "Electrical goods, hardware, and plumbing equipment (4.3%)"]}}, {"type": "Feature", "geometry": {"type": "Point", "coordinates": [-107.73821926435086, 49.726072028573576]}, "properties": {"nm": "Cadillac", "ty": "Village", "pop": 197, "rw": "CPR", "rws": "CPR", "tier": "SSC", "ct": "Small Service Centre", "fy": 1911, "iy": 1914, "ry": 1913, "ev": [[1911, "First Post Office"], [1912, "First School"], [1913, "Founded"], [1913, "Railway Arrives"], [1914, "Incorporated"], [1914, "Railway Arrives"], [1914, "Medical Facility"], [1914, "Justice System"], [1915, "First Church"], [1915, "First Newspaper"], [1917, "First Cemetery"]], "ind": ["Banking and credit agencies (14.0%)", "Eating and drinking places (10.0%)", "Lumber and building material retailing (8.0%)", "Misc. personal services (8.0%)", "General merchandise stores (6.0%)"]}}, {"type": "Feature", "geometry": {"type": "Point", "coordinates": [-108.0037669230056, 49.713924656618666]}, "properties": {"nm": "Admiral", "ty": "Village", "pop": 172, "rw": "CPR", "rws": "CPR", "tier": "SSC", "ct": "Small Service Centre", "fy": 1911, "iy": 1914, "ry": 1914, "ev": [[1911, "First Post Office"], [1911, "First Cemetery"], [1913, "Founded"], [1914, "Incorporated"], [1914, "Railway Arrives"], [1914, "Justice System"], [1915, "First School"], [1915, "Medical Facility"], [1916, "First Newspaper"], [1922, "First Church"]], "ind": ["Banking and credit agencies (9.5%)", "Own Farm (9.5%)", "Hotels and lodging places (7.9%)", "Motor vehicles and equipment (6.3%)", "Railroads and railway express service (6.3%)"]}}, {"type": "Feature", "geometry": {"type": "Point", "coordinates": [-108.607688764419, 50.68511973507515]}, "properties": {"nm": "Shackleton", "ty": "Village", "pop": 99, "rw": "CPR", "rws": "CPR", "tier": "SSC", "ct": "Small Service Centre", "fy": 1911, "iy": 1919, "ry": 1913, "ev": [[1911, "First Post Office"], [1913, "Founded"], [1913, "Railway Arrives"], [1916, "First Church"], [1916, "First School"], [1919, "Incorporated"], [1922, "First Cemetery"]], "ind": ["Own Farm (36.8%)", "Educational services (21.1%)", "Not specified retail trade (15.8%)", "Misc. business services (5.3%)", "Misc. personal services (5.3%)"]}}, {"type": "Feature", "geometry": {"type": "Point", "coordinates": [-103.8262033746043, 49.24864243747408]}, "properties": {"nm": "Tribune", "ty": "Village", "pop": 166, "rw": "CPR", "rws": "CPR", "tier": "SSC", "ct": "Small Service Centre", "fy": 1912, "iy": 1914, "ry": 1913, "ev": [[1912, "First Post Office"], [1913, "Founded"], [1913, "Railway Arrives"], [1913, "First School"], [1914, "Incorporated"], [1915, "Justice System"], [1925, "First Church"], [1935, "First Cemetery"]], "ind": ["Own Farm (32.1%)", "Local public administration (14.3%)", "Banking and credit agencies (10.7%)", "Educational services (7.1%)", "Not specified manufacturing industries (7.1%)"]}}, {"type": "Feature", "geometry": {"type": "Point", "coordinates": [-109.6159132489626, 51.871978467226015]}, "properties": {"nm": "Major", "ty": "Village", "pop": 64, "rw": "CPR", "rws": "CPR", "tier": "SSC", "ct": "Small Service Centre", "fy": 1913, "iy": 1914, "ry": 1914, "ev": [[1913, "Founded"], [1913, "First Post Office"], [1914, "Incorporated"], [1914, "Railway Arrives"], [1914, "First Cemetery"], [1916, "First School"], [1918, "First Church"], [1921, "Medical Facility"]], "ind": ["Own Farm (50.0%)", "Educational services (12.5%)", "General merchandise stores (12.5%)", "Not specified retail trade (12.5%)", "Electrical goods, hardware, and plumbing equipment (6.2%)"]}}, {"type": "Feature", "geometry": {"type": "Point", "coordinates": [-108.88049342970616, 50.80110382050984]}, "properties": {"nm": "Lancer", "ty": "Village", "pop": 131, "rw": "CPR", "rws": "CPR", "tier": "SSC", "ct": "Small Service Centre", "fy": 1913, "iy": 1913, "ry": 1913, "ev": [[1913, "Founded"], [1913, "Incorporated"], [1913, "Railway Arrives"], [1913, "First School"], [1914, "First Post Office"], [1914, "Medical Facility"], [1915, "First Church"], [1916, "First Cemetery"], [1923, "Justice System"]], "ind": ["Own Farm (42.9%)", "Legal services (14.3%)", "Banking and credit agencies (10.7%)", "Construction (7.1%)", "Bridge and Road Construction/Work (3.6%)"]}}, {"type": "Feature", "geometry": {"type": "Point", "coordinates": [-106.50094273732068, 50.7978503242927]}, "properties": {"nm": "Central Butte", "ty": "Village", "pop": 221, "rw": "GTP", "rws": "GTP", "tier": "SSC", "ct": "Small Service Centre", "fy": 1907, "iy": 1915, "ry": 1913, "ev": [[1907, "First Post Office"], [1908, "First School"], [1909, "First Newspaper"], [1913, "Railway Arrives"], [1914, "Founded"], [1914, "Railway Arrives"], [1915, "Incorporated"], [1915, "First Church"], [1917, "Medical Facility"], [1918, "First Cemetery"]], "ind": ["Own Farm (61.5%)", "Water transportation (15.4%)", "Auto repair services and garages (7.7%)", "Not specified retail trade (7.7%)", "Welfare and religious services (7.7%)"]}}, {"type": "Feature", "geometry": {"type": "Point", "coordinates": [-106.35850097468916, 49.86221512768952]}, "properties": {"nm": "Palmer", "ty": "Village", "pop": 58, "rw": "CNR", "rws": "CNR", "tier": "SSC", "ct": "Small Service Centre", "fy": 1910, "iy": 1920, "ry": 1913, "ev": [[1910, "First Post Office"], [1913, "Railway Arrives"], [1913, "First Cemetery"], [1914, "Founded"], [1920, "Incorporated"], [1921, "First School"]], "ind": ["Banking and credit agencies (19.0%)", "Grain-mill products (14.3%)", "Telephone (14.3%)", "Electrical goods, hardware, and plumbing equipment (9.5%)", "Food stores, except dairy products (9.5%)"]}}, {"type": "Feature", "geometry": {"type": "Point", "coordinates": [-108.59948100221315, 51.192719325467515]}, "properties": {"nm": "Richlea", "ty": "Village", "pop": 83, "rw": "CNR", "rws": "CNR", "tier": "SSC", "ct": "Small Service Centre", "fy": 1910, "ry": 1915, "ev": [[1910, "First Post Office"], [1911, "First Cemetery"], [1914, "Founded"], [1914, "First School"], [1915, "Railway Arrives"]], "ind": ["Own Farm (24.1%)", "Not specified retail trade (17.2%)", "Railroads and railway express service (13.8%)", "Electrical goods, hardware, and plumbing equipment (10.3%)", "Banking and credit agencies (6.9%)"]}}, {"type": "Feature", "geometry": {"type": "Point", "coordinates": [-109.42864640433768, 49.32623221104747]}, "properties": {"nm": "Vidora", "ty": "Village", "pop": 58, "rw": "CPR", "rws": "CPR", "tier": "SSC", "ct": "Small Service Centre", "fy": 1910, "ry": 1914, "ev": [[1910, "First Post Office"], [1914, "Founded"], [1914, "Railway Arrives"], [1914, "First Church"], [1915, "First School"]], "ind": ["Eating and drinking places (18.2%)", "Food stores, except dairy products (18.2%)", "Accounting, auditing, & bookkeeping service (9.1%)", "Educational services (9.1%)", "Electrical goods, hardware, and plumbing equipment (9.1%)"]}}, {"type": "Feature", "geometry": {"type": "Point", "coordinates": [-109.82440559989443, 50.93134256662417]}, "properties": {"nm": "Estuary", "ty": "Village", "pop": 216, "rw": "CPR", "rws": "CPR", "tier": "SSC", "ct": "Small Service Centre", "fy": 1912, "iy": 1917, "ry": 1914, "ev": [[1912, "First Post Office"], [1914, "Founded"], [1914, "Railway Arrives"], [1914, "First School"], [1916, "First Church"], [1916, "First Cemetery"], [1916, "Medical Facility"], [1916, "Justice System"], [1917, "Incorporated"]], "ind": ["Own Farm (26.5%)", "Banking and credit agencies (14.7%)", "Coal mining (5.9%)", "Eating and drinking places (5.9%)", "General merchandise stores (5.9%)"]}}, {"type": "Feature", "geometry": {"type": "Point", "coordinates": [-106.8696271334893, 50.900508022038984]}, "properties": {"nm": "Riverhurst", "ty": "Village", "pop": 330, "rw": "GTP", "rws": "GTP", "tier": "SSC", "ct": "Small Service Centre", "fy": 1914, "iy": 1916, "ry": 1914, "ev": [[1914, "Founded"], [1914, "Railway Arrives"], [1914, "First Post Office"], [1914, "Medical Facility"], [1915, "First Newspaper"], [1916, "Incorporated"], [1917, "First Church"], [1917, "First School"], [1917, "First Cemetery"], [1917, "Railway Arrives"]], "ind": ["Not specified retail trade (19.0%)", "Own Farm (19.0%)", "Railroads and railway express service (12.7%)", "Banking and credit agencies (9.5%)", "Eating and drinking places (7.9%)"]}}, {"type": "Feature", "geometry": {"type": "Point", "coordinates": [-106.87612145763028, 51.16312724453135]}, "properties": {"nm": "Dunblane", "ty": "Village", "pop": 161, "rw": "CNR", "rws": "CNR", "tier": "SSC", "ct": "Small Service Centre", "fy": 1911, "iy": 1916, "ry": 1914, "ev": [[1911, "First Cemetery"], [1914, "Founded"], [1914, "First Post Office"], [1914, "Railway Arrives"], [1915, "Railway Arrives"], [1916, "Incorporated"], [1922, "First School"]], "ind": ["Own Farm (80.0%)"]}}, {"type": "Feature", "geometry": {"type": "Point", "coordinates": [-108.1388929421143, 49.718657758483296]}, "properties": {"nm": "Scotsguard", "ty": "Village", "pop": 125, "rw": "CPR", "rws": "CPR", "tier": "SSC", "ct": "Small Service Centre", "fy": 1914, "iy": 1916, "ry": 1914, "ev": [[1914, "Founded"], [1914, "Railway Arrives"], [1914, "First Post Office"], [1915, "First School"], [1915, "First Cemetery"], [1916, "Incorporated"], [1917, "First Church"], [1920, "Medical Facility"]], "ind": ["Eating and drinking places (30.0%)", "Own Farm (15.0%)", "Railroads and railway express service (15.0%)", "Lumber and building material retailing (10.0%)", "Not specified retail trade (10.0%)"]}}, {"type": "Feature", "geometry": {"type": "Point", "coordinates": [-109.52091262660474, 49.294878529555874]}, "properties": {"nm": "Consul", "ty": "Village", "pop": 38, "rw": "CPR", "rws": "CPR", "tier": "SSC", "ct": "Small Service Centre", "fy": 1914, "iy": 1917, "ry": 1914, "ev": [[1914, "Founded"], [1914, "Railway Arrives"], [1914, "First Post Office"], [1915, "First Cemetery"], [1917, "Incorporated"], [1924, "First School"]], "ind": ["Own Farm (42.9%)", "Food stores, except dairy products (28.6%)", "Educational services (14.3%)", "Railroads and railway express service (14.3%)"]}}, {"type": "Feature", "geometry": {"type": "Point", "coordinates": [-108.4374715742026, 51.16205734311534]}, "properties": {"nm": "Plato", "ty": "Village", "pop": 125, "rw": "CNR", "rws": "CNR", "tier": "SSC", "ct": "Small Service Centre", "fy": 1908, "iy": 1916, "ry": 1915, "ev": [[1908, "First Cemetery"], [1914, "Founded"], [1915, "Railway Arrives"], [1915, "First Post Office"], [1915, "First School"], [1916, "Incorporated"], [1918, "First Church"], [1921, "Medical Facility"]], "ind": ["Construction (32.0%)", "Own Farm (24.0%)", "Not specified retail trade (12.0%)", "Banking and credit agencies (8.0%)", "Machinery, equipment, and supplies (8.0%)"]}}, {"type": "Feature", "geometry": {"type": "Point", "coordinates": [-109.16044839264312, 51.23782290310072]}, "properties": {"nm": "Glidden", "ty": "Village", "pop": 80, "rw": "CNR", "rws": "CNR", "tier": "SSC", "ct": "Small Service Centre", "fy": 1909, "iy": 1919, "ry": 1917, "ev": [[1909, "First Post Office"], [1917, "Founded"], [1917, "Railway Arrives"], [1919, "Incorporated"], [1919, "First School"], [1919, "First Newspaper"]], "ind": ["Own Farm (44.4%)", "Educational services (16.7%)", "Water transportation (16.7%)", "Not specified retail trade (11.1%)", "Auto repair services and garages (5.6%)"]}}, {"type": "Feature", "geometry": {"type": "Point", "coordinates": [-109.38919902344168, 51.223647775109896]}, "properties": {"nm": "Eatonia", "ty": "Village", "pop": 205, "rw": "CNR", "rws": "CNR", "tier": "SSC", "ct": "Small Service Centre", "fy": 1913, "iy": 1920, "ry": 1918, "ev": [[1913, "First Post Office"], [1918, "Founded"], [1918, "Railway Arrives"], [1918, "First Newspaper"], [1918, "Colonization Company"], [1919, "First Cemetery"], [1920, "Incorporated"], [1920, "First Church"], [1920, "Medical Facility"], [1921, "First School"]], "ind": ["Own Farm (42.2%)", "General merchandise stores (8.9%)", "Educational services (6.7%)", "Hotels and lodging places (6.7%)", "Lumber and building material retailing (6.7%)"]}}, {"type": "Feature", "geometry": {"type": "Point", "coordinates": [-107.13664769153392, 50.98564478246832]}, "properties": {"nm": "Lucky Lake", "ty": "Village", "pop": 112, "rw": "CNR", "rws": "CNR", "tier": "SSC", "ct": "Small Service Centre", "fy": 1907, "iy": 1920, "ry": 1919, "ev": [[1907, "First Cemetery"], [1908, "First Post Office"], [1919, "Founded"], [1919, "Railway Arrives"], [1920, "Incorporated"], [1921, "First School"], [1923, "Medical Facility"], [1925, "First Newspaper"], [1929, "First Church"]], "ind": ["Banking and credit agencies (33.3%)", "Own Farm (25.0%)", "Crude petroleum & natural gas extraction (8.3%)", "Misc. personal services (8.3%)", "Construction (4.2%)"]}}, {"type": "Feature", "geometry": {"type": "Point", "coordinates": [-106.96595349761483, 51.10591318596868]}, "properties": {"nm": "Birsay", "ty": "Village", "pop": 46, "rw": "CNR", "rws": "CNR", "tier": "SSC", "ct": "Small Service Centre", "fy": 1908, "iy": 1921, "ry": 1919, "ev": [[1908, "First Cemetery"], [1911, "First Post Office"], [1919, "Founded"], [1919, "Railway Arrives"], [1921, "Incorporated"], [1922, "First School"], [1928, "First Church"]], "ind": ["Apparel and accessories (50.0%)", "Own Farm (50.0%)"]}}, {"type": "Feature", "geometry": {"type": "Point", "coordinates": [-104.49612565189368, 52.41576936189992]}, "properties": {"nm": "Naicam", "ty": "Village", "pop": 119, "rw": "CPR", "rws": "CPR", "tier": "SSC", "ct": "Small Service Centre", "fy": 1900, "iy": 1921, "ry": 1920, "ev": [[1900, "First Cemetery"], [1919, "Founded"], [1919, "Medical Facility"], [1920, "First Post Office"], [1920, "Railway Arrives"], [1921, "Incorporated"], [1921, "Railway Arrives"], [1921, "First Church"], [1922, "First School"], [1923, "Justice System"]], "ind": ["Own Farm (52.5%)", "Banking and credit agencies (10.0%)", "Coal mining (10.0%)", "Electrical goods, hardware, and plumbing equipment (7.5%)", "Food stores, except dairy products (5.0%)"]}}, {"type": "Feature", "geometry": {"type": "Point", "coordinates": [-102.26296607122131, 49.63161803872269]}, "properties": {"nm": "Carlyle", "ty": "Town", "pop": 394, "rw": "CPR", "rws": "CPR, CNR", "tier": "SSC", "ct": "Small Service Centre", "fy": 1883, "iy": 1902, "ry": 1901, "ev": [[1883, "First Post Office"], [1886, "First Cemetery"], [1901, "Railway Arrives"], [1901, "First Church"], [1901, "First School"], [1901, "Medical Facility"], [1902, "Incorporated"], [1903, "First Newspaper"], [1905, "Justice System"]], "ind": ["Railroads and railway express service (23.6%)", "Own Farm (11.2%)", "Auto repair services and garages (7.9%)", "Not specified retail trade (7.9%)", "Banking and credit agencies (5.6%)"]}}, {"type": "Feature", "geometry": {"type": "Point", "coordinates": [-101.44856035645562, 49.169760405075216]}, "properties": {"nm": "Gainsboro", "ty": "Village", "pop": 229, "rw": "CPR", "rws": "CPR", "tier": "SSC", "ct": "Small Service Centre", "fy": 1884, "iy": 1894, "ry": 1892, "ev": [[1884, "First Post Office"], [1892, "Railway Arrives"], [1892, "First School"], [1892, "First Cemetery"], [1894, "Incorporated"], [1894, "Justice System"], [1897, "First Church"], [1900, "First Newspaper"], [1901, "Medical Facility"]], "ind": ["Not specified retail trade (20.0%)", "Liquor stores (15.6%)", "Own Farm (13.3%)", "Educational services (8.9%)", "Food stores, except dairy products (8.9%)"]}}, {"type": "Feature", "geometry": {"type": "Point", "coordinates": [-104.0680981447625, 50.515692723145314]}, "properties": {"nm": "McLean", "ty": "Village", "pop": 150, "rw": "CPR", "rws": "CPR", "tier": "SSC", "ct": "Small Service Centre", "fy": 1882, "iy": 1913, "ry": 1882, "ev": [[1882, "Railway Arrives"], [1883, "Railway Arrives"], [1884, "First Post Office"], [1898, "First Cemetery"], [1913, "Incorporated"]], "ind": ["Own Farm (59.1%)", "Railroads and railway express service (15.9%)", "Not specified retail trade (6.8%)", "Dairy products (4.5%)", "Educational services (4.5%)"]}}, {"type": "Feature", "geometry": {"type": "Point", "coordinates": [-103.08912626588116, 50.42552759545196]}, "properties": {"nm": "Summerberry", "ty": "Village", "pop": 94, "rw": "CPR", "rws": "CPR", "tier": "SSC", "ct": "Small Service Centre", "fy": 1882, "ry": 1882, "ev": [[1882, "Railway Arrives"], [1884, "First Post Office"], [1886, "First Cemetery"], [1903, "First Church"], [1906, "First School"]], "ind": ["Railroads and railway express service (25.9%)", "Own Farm (18.5%)", "Banking and credit agencies (11.1%)", "Educational services (11.1%)", "Electrical goods, hardware, and plumbing equipment (7.4%)"]}}, {"type": "Feature", "geometry": {"type": "Point", "coordinates": [-102.79704353139265, 49.06618617901767]}, "properties": {"nm": "Roche Percee", "ty": "Village", "pop": 99, "rw": "CPR", "rws": "CPR, CNR", "tier": "SSC", "ct": "Small Service Centre", "fy": 1890, "ry": 1892, "ev": [[1890, "First Post Office"], [1892, "Railway Arrives"]], "ind": ["Coal mining (23.5%)", "Not specified retail trade (23.5%)", "Not specified manufacturing industries (17.6%)", "Own Farm (11.8%)", "Railroads and railway express service (11.8%)"]}}, {"type": "Feature", "geometry": {"type": "Point", "coordinates": [-108.46159219994172, 53.030361633743446]}, "properties": {"nm": "Meota", "ty": "Village", "pop": 236, "rw": "CNR", "rws": "CNR", "tier": "SSC", "ct": "Small Service Centre", "fy": 1894, "iy": 1911, "ry": 1910, "ev": [[1894, "First Post Office"], [1905, "First Cemetery"], [1910, "Justice System"], [1910, "Railway Arrives"], [1911, "Incorporated"], [1911, "Railway Arrives"], [1912, "First Church"], [1912, "Medical Facility"], [1914, "First School"]], "ind": ["Own Farm (53.3%)", "Educational services (11.1%)", "Construction (4.4%)", "Food stores, except dairy products (4.4%)", "Hotels and lodging places (4.4%)"]}}, {"type": "Feature", "geometry": {"type": "Point", "coordinates": [-102.55926701132762, 49.00965402413313]}, "properties": {"nm": "North Portal", "ty": "Village", "pop": 191, "rw": "CPR", "rws": "CPR", "tier": "SSC", "ct": "Small Service Centre", "fy": 1893, "ry": 1893, "ev": [[1893, "Railway Arrives"], [1894, "First Post Office"]], "ind": ["Railroads and railway express service (29.6%)", "Hotels and lodging places (11.1%)", "Not specified manufacturing industries (11.1%)", "Local public administration (7.4%)", "Not specified retail trade (7.4%)"]}}, {"type": "Feature", "geometry": {"type": "Point", "coordinates": [-106.26461388851692, 50.44823669518368]}, "properties": {"nm": "Parkbeg", "ty": "Village", "pop": 54, "rw": "CPR", "rws": "CPR", "tier": "SSC", "ct": "Small Service Centre", "fy": 1882, "iy": 1913, "ry": 1882, "ev": [[1882, "Railway Arrives"], [1896, "First Post Office"], [1896, "First School"], [1908, "First Cemetery"], [1913, "Incorporated"]], "ind": ["Railroads and railway express service (43.8%)", "Not specified retail trade (18.8%)", "Postal service (12.5%)", "Educational services (6.2%)", "General merchandise stores (6.2%)"]}}, {"type": "Feature", "geometry": {"type": "Point", "coordinates": [-102.59540470362543, 51.10054318798783]}, "properties": {"nm": "Otthon", "ty": "Village", "pop": 72, "rw": "GTP", "rws": "GTP", "tier": "SSC", "ct": "Small Service Centre", "fy": 1896, "ry": 1911, "ev": [[1896, "First Post Office"], [1911, "Railway Arrives"]], "ind": ["Dry goods apparel (26.7%)", "Own Farm (20.0%)", "Railroads and railway express service (20.0%)", "Confectionery and related products (6.7%)", "Electric light and power (6.7%)"]}}, {"type": "Feature", "geometry": {"type": "Point", "coordinates": [-106.65671578154584, 52.61944683002229]}, "properties": {"nm": "Waldheim", "ty": "Village", "pop": 273, "rw": "CNR", "rws": "CNR", "tier": "SSC", "ct": "Small Service Centre", "fy": 1897, "iy": 1912, "ry": 1909, "ev": [[1897, "First School"], [1900, "First Post Office"], [1902, "First Church"], [1902, "First Cemetery"], [1909, "Railway Arrives"], [1910, "Railway Arrives"], [1912, "Incorporated"], [1922, "Justice System"]], "ind": ["Bridge and Road Construction/Work (17.9%)", "Own Farm (14.3%)", "Educational services (10.7%)", "General merchandise stores (10.7%)", "Not specified retail trade (10.7%)"]}}, {"type": "Feature", "geometry": {"type": "Point", "coordinates": [-102.79650871692766, 51.20120855907435]}, "properties": {"nm": "Willowbrook", "ty": "Village", "pop": 98, "rw": "CNR", "rws": "CNR", "tier": "SSC", "ct": "Small Service Centre", "fy": 1901, "ry": 1915, "ev": [[1901, "First Post Office"], [1915, "Railway Arrives"]], "ind": ["General merchandise stores (19.0%)", "Not specified retail trade (19.0%)", "Auto repair services and garages (9.5%)", "Food stores, except dairy products (9.5%)"]}}, {"type": "Feature", "geometry": {"type": "Point", "coordinates": [-103.558030206475, 49.48905977707344]}, "properties": {"nm": "Halbrite", "ty": "Village", "pop": 61, "rw": "CPR", "rws": "CPR", "tier": "SSC", "ct": "Small Service Centre", "fy": 1893, "iy": 1904, "ry": 1893, "ev": [[1893, "Railway Arrives"], [1903, "First Post Office"], [1904, "Incorporated"], [1906, "First Cemetery"], [1907, "First Church"], [1907, "First School"]], "ind": ["Own Farm (78.6%)", "Banking and credit agencies (7.1%)", "Paints, varnishes, and related products (7.1%)", "Railroads and railway express service (7.1%)"]}}, {"type": "Feature", "geometry": {"type": "Point", "coordinates": [-104.2113804602568, 50.946471840781456]}, "properties": {"nm": "Cupar", "ty": "Village", "pop": 384, "rw": "CPR", "rws": "CPR", "tier": "SSC", "ct": "Small Service Centre", "fy": 1903, "iy": 1905, "ry": 1905, "ev": [[1903, "First Post Office"], [1905, "Incorporated"], [1905, "Railway Arrives"], [1905, "First Church"], [1906, "First School"], [1906, "First Newspaper"], [1906, "Justice System"], [1910, "First Cemetery"]], "ind": ["Not specified retail trade (17.9%)", "Own Farm (14.3%)", "Educational services (13.1%)", "Banking and credit agencies (7.1%)", "Electrical goods, hardware, and plumbing equipment (6.0%)"]}}, {"type": "Feature", "geometry": {"type": "Point", "coordinates": [-101.84167986218284, 49.58580842076067]}, "properties": {"nm": "Wauchope", "ty": "Village", "pop": 59, "rw": "CPR", "rws": "CPR", "tier": "SSC", "ct": "Small Service Centre", "fy": 1900, "iy": 1906, "ry": 1900, "ev": [[1900, "Railway Arrives"], [1901, "Railway Arrives"], [1903, "First Post Office"], [1904, "First School"], [1904, "First Cemetery"], [1906, "Incorporated"], [1906, "First Church"], [1907, "Medical Facility"], [1914, "Justice System"]], "ind": ["Welfare and religious services (36.4%)", "Own Farm (27.3%)"]}}, {"type": "Feature", "geometry": {"type": "Point", "coordinates": [-105.15293131749712, 50.38799168958433]}, "properties": {"nm": "Belle Plaine", "ty": "Village", "pop": 50, "rw": "CPR", "rws": "CPR, GTP", "tier": "SSC", "ct": "Small Service Centre", "fy": 1882, "iy": 1910, "ry": 1882, "ev": [[1882, "Railway Arrives"], [1902, "First Cemetery"], [1903, "First Post Office"], [1903, "First Church"], [1909, "First School"], [1910, "Incorporated"]], "ind": ["Own Farm (31.8%)", "Not specified retail trade (18.2%)", "Construction (13.6%)", "Railroads and railway express service (13.6%)", "Dry goods apparel (9.1%)"]}}, {"type": "Feature", "geometry": {"type": "Point", "coordinates": [-104.81654301301636, 50.432402693279535]}, "properties": {"nm": "Grand Coulee", "ty": "Village", "pop": 92, "rw": "CPR", "rws": "CPR, GTP", "tier": "SSC", "ct": "Small Service Centre", "fy": 1882, "ry": 1882, "ev": [[1882, "Railway Arrives"], [1903, "First Post Office"]], "ind": ["Railroads and railway express service (36.8%)", "Educational services (15.8%)", "General merchandise stores (15.8%)", "Auto repair services and garages (10.5%)", "Own Farm (10.5%)"]}}, {"type": "Feature", "geometry": {"type": "Point", "coordinates": [-103.86677644854306, 50.10171249814921]}, "properties": {"nm": "Francis", "ty": "Town", "pop": 173, "rw": "CPR", "rws": "CPR", "tier": "SSC", "ct": "Small Service Centre", "fy": 1903, "iy": 1904, "ry": 1904, "ev": [[1903, "First School"], [1904, "Incorporated"], [1904, "Railway Arrives"], [1904, "First Post Office"], [1905, "First Cemetery"], [1905, "Medical Facility"], [1928, "First Church"]], "ind": ["Own Farm (19.1%)", "Railroads and railway express service (12.8%)", "Not specified retail trade (10.6%)", "Banking and credit agencies (6.4%)", "Educational services (6.4%)"]}}, {"type": "Feature", "geometry": {"type": "Point", "coordinates": [-103.14733708953575, 49.73671438676942]}, "properties": {"nm": "Heward", "ty": "Village", "pop": 91, "rw": "CPR", "rws": "CPR", "tier": "SSC", "ct": "Small Service Centre", "fy": 1904, "iy": 1904, "ry": 1904, "ev": [[1904, "Incorporated"], [1904, "Railway Arrives"], [1904, "First Post Office"], [1905, "First Church"], [1905, "First School"], [1906, "First Cemetery"], [1906, "First Newspaper"]], "ind": ["Auto repair services and garages (27.3%)", "Electrical goods, hardware, and plumbing equipment (18.2%)", "Telephone (18.2%)"]}}, {"type": "Feature", "geometry": {"type": "Point", "coordinates": [-102.35013384228732, 50.01151987070553]}, "properties": {"nm": "Kennedy", "ty": "Village", "pop": 247, "rw": "CPR", "rws": "CPR, CNR", "tier": "SSC", "ct": "Small Service Centre", "fy": 1904, "iy": 1907, "ry": 1906, "ev": [[1904, "First Post Office"], [1906, "Railway Arrives"], [1907, "Incorporated"], [1907, "First Church"], [1908, "First Cemetery"], [1909, "First School"], [1910, "First Newspaper"]], "ind": ["Jewelry stores (16.3%)", "Own Farm (14.3%)", "Railroads and railway express service (12.2%)", "Auto repair services and garages (6.1%)", "Banking and credit agencies (6.1%)"]}}, {"type": "Feature", "geometry": {"type": "Point", "coordinates": [-106.3695301541517, 51.99398557852127]}, "properties": {"nm": "Clavet", "ty": "Village", "pop": 24, "rw": "CPR", "rws": "CPR, GTP", "tier": "SSC", "ct": "Small Service Centre", "fy": 1900, "iy": 1908, "ry": 1907, "ev": [[1900, "First Cemetery"], [1904, "First Post Office"], [1907, "Railway Arrives"], [1908, "Incorporated"], [1908, "Railway Arrives"]], "ind": ["Hardware and farm implement stores (33.3%)", "Misc. food preparations and kindred goods (33.3%)", "Not specified retail trade (33.3%)"]}}, {"type": "Feature", "geometry": {"type": "Point", "coordinates": [-108.79193254519116, 50.062339645706935]}, "properties": {"nm": "Tompkins", "ty": "Village", "pop": 254, "rw": "CPR", "rws": "CPR", "tier": "SSC", "ct": "Small Service Centre", "fy": 1882, "iy": 1910, "ry": 1882, "ev": [[1882, "Railway Arrives"], [1883, "Railway Arrives"], [1904, "First Post Office"], [1909, "First School"], [1910, "Incorporated"], [1911, "First Cemetery"], [1912, "First Church"], [1918, "Medical Facility"]], "ind": ["Own Farm (20.0%)", "Food stores, except dairy products (7.7%)", "Misc. food preparations and kindred goods (7.7%)", "Trucking service (7.7%)", "Engineering and architectural services (4.6%)"]}}, {"type": "Feature", "geometry": {"type": "Point", "coordinates": [-105.56887366679234, 50.85156779658125]}, "properties": {"nm": "Chamberlain", "ty": "Village", "pop": 128, "rw": "Other", "rws": "Other", "tier": "SSC", "ct": "Small Service Centre", "fy": 1889, "iy": 1911, "ry": 1889, "ev": [[1889, "Railway Arrives"], [1904, "First Post Office"], [1905, "First Church"], [1908, "First Cemetery"], [1909, "First School"], [1911, "Incorporated"], [1925, "Medical Facility"]], "ind": ["Not specified retail trade (20.0%)", "Auto repair services and garages (15.0%)", "Educational services (10.0%)", "General merchandise stores (10.0%)", "Postal service (10.0%)"]}}, {"type": "Feature", "geometry": {"type": "Point", "coordinates": [-107.70576520887106, 52.692386693208974]}, "properties": {"nm": "Richard", "ty": "Village", "pop": 93, "rw": "CNR", "rws": "CNR", "tier": "SSC", "ct": "Small Service Centre", "fy": 1904, "ry": 1913, "ev": [[1904, "First Post Office"], [1913, "Railway Arrives"], [1915, "First Church"], [1915, "First School"], [1917, "First Cemetery"]], "ind": ["Own Farm (34.6%)", "Banking and credit agencies (11.5%)", "Eating and drinking places (7.7%)", "Educational services (7.7%)", "Postal service (7.7%)"]}}, {"type": "Feature", "geometry": {"type": "Point", "coordinates": [-105.04943423455737, 50.64081167244775]}, "properties": {"nm": "Disley", "ty": "Village", "pop": 89, "rw": "Other", "rws": "Other", "tier": "SSC", "ct": "Small Service Centre", "fy": 1889, "ry": 1889, "ev": [[1889, "Railway Arrives"], [1904, "First Post Office"]], "ind": ["Own Farm (42.9%)", "Not specified retail trade (14.3%)", "Postal service (14.3%)", "Grain-mill products (9.5%)", "Eating and drinking places (4.8%)"]}}, {"type": "Feature", "geometry": {"type": "Point", "coordinates": [-107.70908021306552, 52.56278575599342]}, "properties": {"nm": "Maymont", "ty": "Village", "pop": 151, "rw": "CNR", "rws": "CNR", "tier": "SSC", "ct": "Small Service Centre", "fy": 1903, "iy": 1907, "ry": 1905, "ev": [[1903, "First Cemetery"], [1905, "Railway Arrives"], [1905, "First Post Office"], [1906, "First Church"], [1907, "Incorporated"], [1907, "First School"], [1907, "Medical Facility"]], "ind": ["Own Farm (25.8%)", "Construction (19.4%)", "Misc. nonmetallic mineral & stone (9.7%)", "Auto repair services and garages (6.5%)", "Banking and credit agencies (6.5%)"]}}, {"type": "Feature", "geometry": {"type": "Point", "coordinates": [-105.69412765563315, 50.939932007476536]}, "properties": {"nm": "Aylesbury", "ty": "Village", "pop": 115, "rw": "Other", "rws": "Other", "tier": "SSC", "ct": "Small Service Centre", "fy": 1889, "iy": 1910, "ry": 1889, "ev": [[1889, "Railway Arrives"], [1905, "First Post Office"], [1905, "Colonization Company"], [1906, "First School"], [1910, "Incorporated"], [1910, "First Cemetery"], [1914, "First Church"]], "ind": ["Grain-mill products (20.0%)", "General merchandise stores (16.7%)", "Own Farm (13.3%)", "Misc. personal services (10.0%)", "Banking and credit agencies (6.7%)"]}}, {"type": "Feature", "geometry": {"type": "Point", "coordinates": [-105.30079527736572, 51.60962522515867]}, "properties": {"nm": "Venn", "ty": "Village", "pop": 67, "rw": "GTP", "rws": "GTP", "tier": "SSC", "ct": "Small Service Centre", "fy": 1903, "iy": 1910, "ry": 1908, "ev": [[1903, "First Cemetery"], [1905, "First Post Office"], [1908, "Railway Arrives"], [1909, "First School"], [1910, "Incorporated"], [1912, "Medical Facility"]], "ind": ["Railroads and railway express service (30.8%)", "Other primary iron/steel industry (15.4%)", "Own Farm (15.4%)", "Banking and credit agencies (7.7%)", "Eating and drinking places (7.7%)"]}}, {"type": "Feature", "geometry": {"type": "Point", "coordinates": [-109.01443435945852, 52.74564997460281]}, "properties": {"nm": "Cut Knife", "ty": "Village", "pop": 158, "rw": "CPR", "rws": "CPR, GTP", "tier": "SSC", "ct": "Small Service Centre", "fy": 1904, "iy": 1912, "ry": 1911, "ev": [[1904, "First Cemetery"], [1904, "Justice System"], [1905, "First Post Office"], [1907, "First Church"], [1908, "First School"], [1911, "Railway Arrives"], [1912, "Incorporated"], [1912, "Medical Facility"], [1913, "First Newspaper"]], "ind": ["Own Farm (14.3%)", "General merchandise stores (12.2%)", "Auto repair services and garages (6.1%)", "Banking and credit agencies (6.1%)", "Drug stores (6.1%)"]}}, {"type": "Feature", "geometry": {"type": "Point", "coordinates": [-103.48905560490104, 51.87097424485682]}, "properties": {"nm": "Kuroki", "ty": "Village", "pop": 84, "rw": "CNR", "rws": "CNR", "tier": "SSC", "ct": "Small Service Centre", "fy": 1905, "iy": 1919, "ry": 1905, "ev": [[1905, "Railway Arrives"], [1905, "First Post Office"], [1908, "First Church"], [1910, "First Cemetery"], [1919, "Incorporated"]], "ind": ["Own Farm (58.3%)", "Hotels and lodging places (16.7%)", "General merchandise stores (8.3%)", "Not specified retail trade (8.3%)", "Railroads and railway express service (8.3%)"]}}, {"type": "Feature", "geometry": {"type": "Point", "coordinates": [-109.84347181424344, 50.03883035426179]}, "properties": {"nm": "Hatton", "ty": "Village", "pop": 210, "rw": "CPR", "rws": "CPR", "tier": "SSC", "ct": "Small Service Centre", "fy": 1883, "ry": 1883, "ev": [[1883, "Railway Arrives"], [1905, "First Post Office"], [1912, "First Church"], [1914, "First School"], [1915, "First Cemetery"], [1918, "Medical Facility"], [1920, "Justice System"]], "ind": ["Own Farm (12.5%)", "Electrical goods, hardware, and plumbing equipment (9.4%)", "Misc. personal services (9.4%)", "Agriculture (6.2%)", "Food stores, except dairy products (6.2%)"]}}, {"type": "Feature", "geometry": {"type": "Point", "coordinates": [-108.0029887953658, 52.657314826356654]}, "properties": {"nm": "Denholm", "ty": "Village", "pop": 90, "rw": "CNR", "rws": "CNR", "tier": "SSC", "ct": "Small Service Centre", "fy": 1906, "iy": 1912, "ry": 1913, "ev": [[1906, "First Post Office"], [1908, "First Cemetery"], [1912, "Incorporated"], [1913, "Railway Arrives"]], "ind": ["Railroads and railway express service (33.3%)", "Own Farm (26.7%)", "Hotels and lodging places (13.3%)", "Misc. personal services (13.3%)", "Banking and credit agencies (3.3%)"]}}, {"type": "Feature", "geometry": {"type": "Point", "coordinates": [-107.35338338796343, 52.726580848502664]}, "properties": {"nm": "Hafford", "ty": "Village", "pop": 183, "rw": "CNR", "rws": "CNR", "tier": "SSC", "ct": "Small Service Centre", "fy": 1906, "iy": 1913, "ry": 1912, "ev": [[1906, "First Post Office"], [1912, "Railway Arrives"], [1913, "Incorporated"], [1913, "Railway Arrives"], [1913, "First Church"], [1913, "First Cemetery"], [1913, "Medical Facility"], [1914, "Justice System"], [1915, "First School"]], "ind": ["Own Farm (28.9%)", "Not specified retail trade (17.8%)", "Eating and drinking places (15.6%)", "Banking and credit agencies (13.3%)", "Misc. repair services (6.7%)"]}}, {"type": "Feature", "geometry": {"type": "Point", "coordinates": [-106.77322600097465, 52.34090922208426]}, "properties": {"nm": "Dalmeny", "ty": "Village", "pop": 172, "rw": "CNR", "rws": "CNR", "tier": "SSC", "ct": "Small Service Centre", "fy": 1905, "ry": 1905, "ev": [[1905, "Railway Arrives"], [1906, "First Post Office"]], "ind": ["Own Farm (67.7%)", "Railroads and railway express service (12.9%)", "Educational services (6.5%)", "Telegraph (6.5%)", "Not specified retail trade (3.2%)"]}}, {"type": "Feature", "geometry": {"type": "Point", "coordinates": [-102.38937474469556, 52.85501017150169]}, "properties": {"nm": "Hudson Bay Jct", "ty": "Village", "pop": 160, "rw": "CNR", "rws": "CNR", "tier": "SSC", "ct": "Small Service Centre", "fy": 1906, "iy": 1907, "ry": 1910, "ev": [[1906, "First Church"], [1907, "Incorporated"], [1907, "First Post Office"], [1910, "Railway Arrives"], [1910, "Justice System"], [1913, "First School"], [1921, "Medical Facility"]], "ind": ["Railroads and railway express service (57.8%)", "Own Farm (14.1%)", "Hotels and lodging places (6.2%)", "Lumber and building material retailing (4.7%)", "Sawmills, planing mills, & mill work (4.7%)"]}}, {"type": "Feature", "geometry": {"type": "Point", "coordinates": [-105.4205835683928, 50.957635507962046]}, "properties": {"nm": "Holdfast", "ty": "Village", "pop": 217, "rw": "CPR", "rws": "CPR", "tier": "SSC", "ct": "Small Service Centre", "fy": 1907, "iy": 1911, "ry": 1911, "ev": [[1907, "First Post Office"], [1911, "Incorporated"], [1911, "Railway Arrives"], [1912, "First School"], [1913, "First Church"], [1913, "First Cemetery"], [1913, "Justice System"], [1914, "Medical Facility"]], "ind": ["Own Farm (51.6%)", "Not specified retail trade (22.6%)", "Motor vehicles and equipment (9.7%)", "Railroads and railway express service (6.5%)", "Electrical goods, hardware, and plumbing equipment (3.2%)"]}}, {"type": "Feature", "geometry": {"type": "Point", "coordinates": [-102.0906555842853, 51.890712099109074]}, "properties": {"nm": "Norquay", "ty": "Village", "pop": 198, "rw": "CNR", "rws": "CNR", "tier": "SSC", "ct": "Small Service Centre", "fy": 1906, "iy": 1913, "ry": 1910, "ev": [[1906, "Colonization Company"], [1907, "First Post Office"], [1907, "First Church"], [1907, "First Cemetery"], [1910, "Railway Arrives"], [1911, "Railway Arrives"], [1913, "Incorporated"], [1918, "First School"], [1921, "Medical Facility"], [1921, "Justice System"]], "ind": ["Own Farm (17.8%)", "Banking and credit agencies (13.3%)", "Railroads and railway express service (13.3%)", "Not specified manufacturing industries (11.1%)", "Not specified retail trade (8.9%)"]}}, {"type": "Feature", "geometry": {"type": "Point", "coordinates": [-107.446137526082, 51.33173914153393]}, "properties": {"nm": "Dinsmore", "ty": "Village", "pop": 171, "rw": "CNR", "rws": "CNR", "tier": "SSC", "ct": "Small Service Centre", "fy": 1907, "iy": 1913, "ry": 1913, "ev": [[1907, "First Post Office"], [1913, "Incorporated"], [1913, "Railway Arrives"], [1918, "First Church"], [1920, "First School"], [1921, "First Cemetery"], [1921, "Justice System"], [1928, "Medical Facility"]], "ind": ["Own Farm (40.9%)", "Misc. personal services (13.6%)", "Sawmills, planing mills, & mill work (9.1%)"]}}, {"type": "Feature", "geometry": {"type": "Point", "coordinates": [-102.94101914925288, 50.97273907675319]}, "properties": {"nm": "Birmingham", "ty": "Village", "pop": 36, "rw": "GTP", "rws": "GTP", "tier": "SSC", "ct": "Small Service Centre", "fy": 1907, "iy": 1908, "ry": 1907, "ev": [[1907, "Railway Arrives"], [1908, "Incorporated"], [1908, "First Post Office"], [1908, "Railway Arrives"], [1910, "First Church"], [1912, "First Cemetery"]], "ind": ["Railroads and railway express service (80.0%)", "Educational services (20.0%)"]}}, {"type": "Feature", "geometry": {"type": "Point", "coordinates": [-106.28797554116514, 50.8740471321393]}, "properties": {"nm": "Tugaske", "ty": "Village", "pop": 230, "rw": "CPR", "rws": "CPR", "tier": "SSC", "ct": "Small Service Centre", "fy": 1902, "iy": 1909, "ry": 1908, "ev": [[1902, "First Cemetery"], [1908, "Railway Arrives"], [1908, "First Post Office"], [1909, "Incorporated"], [1909, "First Church"], [1909, "First Newspaper"], [1909, "Medical Facility"], [1909, "Railway Arrives"], [1910, "First School"], [1910, "Justice System"]], "ind": ["Own Farm (24.0%)", "Banking and credit agencies (10.0%)", "Educational services (10.0%)", "General merchandise stores (10.0%)", "Electrical goods, hardware, and plumbing equipment (6.0%)"]}}, {"type": "Feature", "geometry": {"type": "Point", "coordinates": [-106.59466110722845, 51.23078840753123]}, "properties": {"nm": "Loreburn", "ty": "Village", "pop": 180, "rw": "CPR", "rws": "CPR", "tier": "SSC", "ct": "Small Service Centre", "fy": 1907, "iy": 1909, "ry": 1908, "ev": [[1907, "First Cemetery"], [1908, "First Post Office"], [1908, "First School"], [1908, "Railway Arrives"], [1909, "Incorporated"], [1909, "Railway Arrives"], [1915, "First Church"]], "ind": ["Food stores, except dairy products (10.7%)", "General merchandise stores (10.7%)", "Not specified retail trade (10.7%)", "Own Farm (10.7%)", "Educational services (7.1%)"]}}, {"type": "Feature", "geometry": {"type": "Point", "coordinates": [-102.538339497062, 51.940803187967845]}, "properties": {"nm": "Sturgis", "ty": "Village", "pop": 179, "rw": "CNR", "rws": "CNR", "tier": "SSC", "ct": "Small Service Centre", "fy": 1908, "iy": 1912, "ry": 1910, "ev": [[1908, "First Post Office"], [1910, "Railway Arrives"], [1910, "First Cemetery"], [1911, "Railway Arrives"], [1912, "Incorporated"], [1912, "Justice System"], [1913, "First Church"], [1913, "First School"], [1922, "Medical Facility"]], "ind": ["Own Farm (55.3%)", "Not specified retail trade (13.2%)", "Banking and credit agencies (5.3%)", "Eating and drinking places (5.3%)", "Railroads and railway express service (5.3%)"]}}, {"type": "Feature", "geometry": {"type": "Point", "coordinates": [-108.65023029988694, 50.03861285627584]}, "properties": {"nm": "Carmichael", "ty": "Village", "pop": 60, "rw": "CPR", "rws": "CPR", "tier": "SSC", "ct": "Small Service Centre", "fy": 1882, "iy": 1917, "ry": 1882, "ev": [[1882, "Railway Arrives"], [1908, "First Post Office"], [1917, "Incorporated"], [1919, "First School"], [1923, "First Church"]], "ind": ["Own Farm (42.9%)", "General merchandise stores (28.6%)", "Railroads and railway express service (28.6%)"]}}, {"type": "Feature", "geometry": {"type": "Point", "coordinates": [-102.99866321193642, 51.75759475963535]}, "properties": {"nm": "Rama", "ty": "Village", "pop": 127, "rw": "CNR", "rws": "CNR", "tier": "SSC", "ct": "Small Service Centre", "fy": 1901, "iy": 1919, "ry": 1905, "ev": [[1901, "First Cemetery"], [1905, "Railway Arrives"], [1906, "Railway Arrives"], [1908, "First Post Office"], [1910, "First School"], [1919, "Incorporated"], [1919, "First Church"], [1920, "Medical Facility"], [1921, "Justice System"]], "ind": ["Own Farm (39.1%)", "General merchandise stores (8.7%)", "Not specified retail trade (8.7%)", "Public administration, level not specified (8.7%)", "Railroads and railway express service (8.7%)"]}}, {"type": "Feature", "geometry": {"type": "Point", "coordinates": [-108.87444963357594, 53.33476167992833]}, "properties": {"nm": "Mervin", "ty": "Village", "pop": 126, "rw": "CNR", "rws": "CNR", "tier": "SSC", "ct": "Small Service Centre", "fy": 1908, "iy": 1920, "ry": 1912, "ev": [[1908, "First Post Office"], [1908, "First Cemetery"], [1912, "First Church"], [1912, "Railway Arrives"], [1914, "Railway Arrives"], [1914, "First School"], [1920, "Incorporated"]], "ind": ["Own Farm (66.7%)", "Railroads and railway express service (9.5%)", "Dairy products (4.8%)", "Educational services (4.8%)", "Electric light and power (4.8%)"]}}, {"type": "Feature", "geometry": {"type": "Point", "coordinates": [-106.975186686431, 50.113396756948745]}, "properties": {"nm": "Hodgeville", "ty": "Village", "pop": 88, "rw": "Other", "rws": "Other", "tier": "SSC", "ct": "Small Service Centre", "fy": 1908, "iy": 1921, "ry": 1920, "ev": [[1908, "First Post Office"], [1912, "First Cemetery"], [1917, "First School"], [1920, "Railway Arrives"], [1921, "Incorporated"], [1921, "Justice System"], [1923, "Medical Facility"], [1924, "First Church"]], "ind": ["Own Farm (62.5%)", "General merchandise stores (12.5%)", "Local public administration (8.3%)", "Educational services (4.2%)", "Electrical goods, hardware, and plumbing equipment (4.2%)"]}}, {"type": "Feature", "geometry": {"type": "Point", "coordinates": [-105.01136314950892, 51.64512754352436]}, "properties": {"nm": "Lockwood", "ty": "Village", "pop": 117, "rw": "Other", "tier": "SSC", "ct": "Small Service Centre", "fy": 1908, "ev": [[1908, "First Post Office"]], "ind": ["Not specified retail trade (29.2%)", "Own Farm (29.2%)", "Banking and credit agencies (8.3%)", "Misc. personal services (8.3%)", "Auto repair services and garages (4.2%)"]}}, {"type": "Feature", "geometry": {"type": "Point", "coordinates": [-102.51436678441992, 50.84875957759195]}, "properties": {"nm": "Waldron", "ty": "Village", "pop": 114, "rw": "GTP", "rws": "GTP", "tier": "SSC", "ct": "Small Service Centre", "fy": 1907, "ry": 1907, "ev": [[1907, "Railway Arrives"], [1908, "First Post Office"]], "ind": ["Own Farm (36.4%)", "Banking and credit agencies (22.7%)", "Food stores, except dairy products (9.1%)", "Construction (4.5%)", "Educational services (4.5%)"]}}, {"type": "Feature", "geometry": {"type": "Point", "coordinates": [-109.06108291840133, 52.45294542692114]}, "properties": {"nm": "Adanac", "ty": "Village", "pop": 85, "rw": "CPR", "rws": "CPR, GTP", "tier": "SSC", "ct": "Small Service Centre", "fy": 1908, "ry": 1908, "ev": [[1908, "Railway Arrives"], [1908, "First Post Office"], [1908, "First Church"], [1909, "Railway Arrives"], [1910, "First School"], [1910, "First Cemetery"], [1910, "Medical Facility"]], "ind": ["Own Farm (28.6%)", "Not specified retail trade (19.0%)", "Railroads and railway express service (14.3%)", "Educational services (9.5%)", "Banking and credit agencies (4.8%)"]}}, {"type": "Feature", "geometry": {"type": "Point", "coordinates": [-107.29727804044822, 51.8477034878645]}, "properties": {"nm": "Laura", "ty": "Village", "pop": 195, "rw": "CNR", "rws": "CNR", "tier": "SSC", "ct": "Small Service Centre", "fy": 1906, "iy": 1908, "ry": 1908, "ev": [[1906, "First School"], [1908, "Incorporated"], [1908, "Railway Arrives"], [1908, "First Cemetery"], [1909, "First Post Office"], [1909, "Railway Arrives"], [1911, "First Church"]], "ind": ["Own Farm (61.1%)", "Food stores, except dairy products (8.3%)", "General merchandise stores (5.6%)", "Postal service (5.6%)", "Educational services (2.8%)"]}}, {"type": "Feature", "geometry": {"type": "Point", "coordinates": [-103.64561683764003, 51.22817890136329]}, "properties": {"nm": "Jasmin", "ty": "Village", "pop": 83, "rw": "GTP", "rws": "GTP", "tier": "SSC", "ct": "Small Service Centre", "fy": 1906, "iy": 1908, "ry": 1908, "ev": [[1906, "First School"], [1908, "Incorporated"], [1908, "Railway Arrives"], [1909, "First Post Office"], [1910, "First Newspaper"], [1919, "First Church"], [1920, "First Cemetery"]], "ind": ["General merchandise stores (40.0%)", "Construction (20.0%)", "Misc. retail stores (20.0%)", "Not specified retail trade (20.0%)"]}}, {"type": "Feature", "geometry": {"type": "Point", "coordinates": [-102.6318059593648, 50.09955443319065]}, "properties": {"nm": "Kipling", "ty": "Village", "pop": 367, "rw": "CPR", "rws": "CPR, CNR", "tier": "SSC", "ct": "Small Service Centre", "fy": 1906, "iy": 1909, "ry": 1906, "ev": [[1906, "Railway Arrives"], [1907, "First Church"], [1908, "Medical Facility"], [1908, "Railway Arrives"], [1909, "Incorporated"], [1909, "First Post Office"], [1910, "First School"], [1912, "First Cemetery"], [1915, "Justice System"]], "ind": ["Not specified retail trade (24.2%)", "Own Farm (14.3%)", "Banking and credit agencies (7.7%)", "Hotels and lodging places (7.7%)", "Railroads and railway express service (6.6%)"]}}, {"type": "Feature", "geometry": {"type": "Point", "coordinates": [-106.60094851638432, 51.41372690025219]}, "properties": {"nm": "Hawarden", "ty": "Village", "pop": 237, "rw": "CPR", "rws": "CPR", "tier": "SSC", "ct": "Small Service Centre", "fy": 1908, "iy": 1909, "ry": 1908, "ev": [[1908, "Medical Facility"], [1908, "Railway Arrives"], [1909, "Incorporated"], [1909, "Railway Arrives"], [1909, "First Post Office"], [1910, "First School"], [1910, "First Cemetery"], [1912, "First Church"], [1943, "First Newspaper"]], "ind": ["Own Farm (32.2%)", "Banking and credit agencies (10.2%)", "Food stores, except dairy products (8.5%)", "Educational services (6.8%)", "Not specified retail trade (6.8%)"]}}, {"type": "Feature", "geometry": {"type": "Point", "coordinates": [-108.59310144109024, 52.25553379648992]}, "properties": {"nm": "Cavell", "ty": "Village", "pop": 33, "rw": "CPR", "rws": "CPR, GTP", "tier": "SSC", "ct": "Small Service Centre", "fy": 1908, "iy": 1909, "ry": 1908, "ev": [[1908, "Railway Arrives"], [1909, "Incorporated"], [1909, "First Post Office"], [1909, "First Church"], [1909, "Railway Arrives"], [1911, "First School"]], "ind": ["Own Farm (80.0%)", "Postal service (20.0%)"]}}, {"type": "Feature", "geometry": {"type": "Point", "coordinates": [-107.55567951868088, 52.03777556569886]}, "properties": {"nm": "Leney", "ty": "Village", "pop": 83, "rw": "CPR", "rws": "CPR, GTP", "tier": "SSC", "ct": "Small Service Centre", "fy": 1905, "iy": 1910, "ry": 1908, "ev": [[1905, "First Cemetery"], [1908, "Railway Arrives"], [1909, "First Post Office"], [1910, "Incorporated"]], "ind": ["Railroads and railway express service (17.6%)", "Educational services (11.8%)", "Lumber and building material retailing (11.8%)", "Not specified retail trade (11.8%)"]}}, {"type": "Feature", "geometry": {"type": "Point", "coordinates": [-103.372305554943, 51.13041784300343]}, "properties": {"nm": "Hubbard", "ty": "Village", "pop": 79, "rw": "GTP", "rws": "GTP", "tier": "SSC", "ct": "Small Service Centre", "fy": 1907, "iy": 1910, "ry": 1907, "ev": [[1907, "Railway Arrives"], [1908, "First School"], [1908, "Railway Arrives"], [1909, "First Post Office"], [1910, "Incorporated"], [1910, "First Church"], [1913, "First Cemetery"]], "ind": ["Construction (12.5%)", "Dry goods apparel (12.5%)", "Electrical goods, hardware, and plumbing equipment (12.5%)", "Printing, publishing, & allied industries (12.5%)", "Welfare and religious services (12.5%)"]}}, {"type": "Feature", "geometry": {"type": "Point", "coordinates": [-105.90813595852448, 51.843239878319984]}, "properties": {"nm": "Zelma", "ty": "Village", "pop": 66, "rw": "CPR", "rws": "CPR, GTP", "tier": "SSC", "ct": "Small Service Centre", "fy": 1907, "iy": 1910, "ry": 1907, "ev": [[1907, "Railway Arrives"], [1908, "Railway Arrives"], [1909, "First Post Office"], [1909, "First Church"], [1910, "Incorporated"], [1910, "First Cemetery"], [1912, "First School"]], "ind": ["Own Farm (53.3%)", "General merchandise stores (13.3%)", "Railroads and railway express service (13.3%)", "Accounting, auditing, & bookkeeping service (6.7%)", "Auto repair services and garages (6.7%)"]}}, {"type": "Feature", "geometry": {"type": "Point", "coordinates": [-106.72175594672248, 49.68930682693242]}, "properties": {"nm": "Woodrow", "ty": "Village", "pop": 193, "rw": "CPR", "rws": "CPR", "tier": "SSC", "ct": "Small Service Centre", "fy": 1909, "iy": 1913, "ry": 1913, "ev": [[1909, "First Post Office"], [1909, "First Church"], [1911, "First Cemetery"], [1913, "Incorporated"], [1913, "Railway Arrives"], [1915, "First School"]], "ind": ["Own Farm (16.1%)", "Banking and credit agencies (12.9%)", "Agriculture (9.7%)", "Eating and drinking places (9.7%)", "Not specified retail trade (9.7%)"]}}, {"type": "Feature", "geometry": {"type": "Point", "coordinates": [-108.59506253169384, 49.61962741498952]}, "properties": {"nm": "Dollard", "ty": "Village", "pop": 118, "rw": "CPR", "rws": "CPR", "tier": "SSC", "ct": "Small Service Centre", "fy": 1909, "iy": 1914, "ry": 1914, "ev": [[1909, "First Post Office"], [1910, "First Cemetery"], [1914, "Incorporated"], [1914, "Railway Arrives"], [1916, "Medical Facility"], [1917, "First School"], [1921, "First Church"]], "ind": ["Banking and credit agencies (18.8%)", "Lumber and building material retailing (18.8%)", "Auto repair services and garages (12.5%)"]}}, {"type": "Feature", "geometry": {"type": "Point", "coordinates": [-106.96769533632929, 52.00575006598925]}, "properties": {"nm": "Vanscoy", "ty": "Village", "pop": 89, "rw": "CNR", "rws": "CNR", "tier": "SSC", "ct": "Small Service Centre", "fy": 1903, "iy": 1918, "ry": 1908, "ev": [[1903, "First Cemetery"], [1908, "Railway Arrives"], [1909, "First Post Office"], [1914, "First Church"], [1916, "First School"], [1918, "Incorporated"], [1919, "Justice System"]], "ind": ["Electrical goods, hardware, and plumbing equipment (20.0%)", "Not specified retail trade (20.0%)"]}}, {"type": "Feature", "geometry": {"type": "Point", "coordinates": [-103.71216660859946, 51.695868125804]}, "properties": {"nm": "Leslie", "ty": "Village", "pop": 162, "rw": "CNR", "rws": "CNR", "tier": "SSC", "ct": "Small Service Centre", "fy": 1907, "ry": 1909, "ev": [[1907, "First Cemetery"], [1909, "Railway Arrives"], [1909, "First Post Office"], [1909, "First Church"], [1916, "First School"]], "ind": ["Own Farm (29.4%)", "Banking and credit agencies (11.8%)", "Railroads and railway express service (11.8%)", "Not specified retail trade (8.8%)", "Educational services (5.9%)"]}}, {"type": "Feature", "geometry": {"type": "Point", "coordinates": [-104.74297109502044, 49.62324380454023]}, "properties": {"nm": "Amulet", "ty": "Village", "pop": 37, "rw": "CPR", "rws": "CPR, CNR", "tier": "SSC", "ct": "Small Service Centre", "fy": 1909, "ry": 1911, "ev": [[1909, "First Post Office"], [1910, "First School"], [1910, "First Cemetery"], [1911, "Railway Arrives"], [1916, "First Church"]], "ind": ["Own Farm (81.8%)", "Educational services (9.1%)", "Postal service (9.1%)"]}}, {"type": "Feature", "geometry": {"type": "Point", "coordinates": [-103.89522977836488, 49.395546410110384]}, "properties": {"nm": "Colgate", "ty": "Village", "pop": 88, "rw": "CNR", "rws": "CNR", "tier": "SSC", "ct": "Small Service Centre", "fy": 1908, "iy": 1911, "ry": 1911, "ev": [[1908, "First School"], [1910, "First Post Office"], [1911, "Incorporated"], [1911, "Railway Arrives"], [1911, "First Church"], [1920, "First Cemetery"]], "ind": ["Own Farm (22.2%)", "Banking and credit agencies (11.1%)", "Educational services (11.1%)", "Electrical goods, hardware, and plumbing equipment (11.1%)", "Accounting, auditing, & bookkeeping service (5.6%)"]}}, {"type": "Feature", "geometry": {"type": "Point", "coordinates": [-104.35843100953728, 51.75559733523557]}, "properties": {"nm": "Kandahar", "ty": "Village", "pop": 114, "rw": "CPR", "rws": "CPR", "tier": "SSC", "ct": "Small Service Centre", "fy": 1909, "iy": 1912, "ry": 1909, "ev": [[1909, "Railway Arrives"], [1910, "First Post Office"], [1911, "First Cemetery"], [1912, "Incorporated"], [1913, "First Church"], [1914, "Justice System"], [1916, "First School"]], "ind": ["Own Farm (27.3%)", "Laundering, cleaning, and dyeing services (9.1%)", "Other primary iron/steel industry (9.1%)", "Banking and credit agencies (4.5%)", "Electrical goods, hardware, and plumbing equipment (4.5%)"]}}, {"type": "Feature", "geometry": {"type": "Point", "coordinates": [-109.7057897298736, 52.48324689359606]}, "properties": {"nm": "Senlac", "ty": "Village", "pop": 88, "rw": "CPR", "rws": "CPR", "tier": "SSC", "ct": "Small Service Centre", "fy": 1909, "iy": 1916, "ry": 1909, "ev": [[1909, "Railway Arrives"], [1910, "Railway Arrives"], [1910, "First Post Office"], [1910, "First Cemetery"], [1911, "First School"], [1916, "Incorporated"], [1916, "Medical Facility"], [1925, "First Church"]], "ind": ["Railroads and railway express service (19.0%)", "Banking and credit agencies (14.3%)", "Food stores, except dairy products (14.3%)", "Educational services (9.5%)", "Hotels and lodging places (9.5%)"]}}, {"type": "Feature", "geometry": {"type": "Point", "coordinates": [-109.84579200282656, 52.3910855438114]}, "properties": {"nm": "Evesham", "ty": "Village", "pop": 73, "rw": "CPR", "rws": "CPR", "tier": "SSC", "ct": "Small Service Centre", "fy": 1909, "iy": 1919, "ry": 1909, "ev": [[1909, "Railway Arrives"], [1910, "Railway Arrives"], [1910, "First Post Office"], [1911, "First School"], [1919, "Incorporated"], [1921, "First Cemetery"], [1921, "Medical Facility"], [1928, "First Church"]], "ind": ["Railroads and railway express service (35.7%)", "Own Farm (21.4%)", "Educational services (14.3%)"]}}, {"type": "Feature", "geometry": {"type": "Point", "coordinates": [-107.2317598759294, 51.611312730286286]}, "properties": {"nm": "Ardath", "ty": "Village", "pop": 58, "rw": "CPR", "rws": "CPR, CNR", "tier": "SSC", "ct": "Small Service Centre", "fy": 1910, "ry": 1911, "ev": [[1910, "First Post Office"], [1911, "Railway Arrives"]], "ind": ["Not specified retail trade (30.8%)", "Educational services (23.1%)", "Grain-mill products (23.1%)"]}}, {"type": "Feature", "geometry": {"type": "Point", "coordinates": [-109.78390194388976, 51.481369323750414]}, "properties": {"nm": "Marengo", "ty": "Village", "pop": 88, "rw": "CNR", "rws": "CNR", "tier": "SSC", "ct": "Small Service Centre", "fy": 1906, "iy": 1910, "ry": 1911, "ev": [[1906, "First Cemetery"], [1910, "Incorporated"], [1911, "Railway Arrives"], [1911, "First Post Office"], [1911, "First Church"], [1912, "First School"]], "ind": ["Not specified retail trade (17.9%)", "Auto repair services and garages (14.3%)", "Educational services (7.1%)", "Hotels and lodging places (7.1%)", "Legal services (7.1%)"]}}, {"type": "Feature", "geometry": {"type": "Point", "coordinates": [-107.24375347257966, 51.5250792009916]}, "properties": {"nm": "Conquest", "ty": "Village", "pop": 286, "rw": "CPR", "rws": "CPR, CNR", "tier": "SSC", "ct": "Small Service Centre", "fy": 1911, "iy": 1911, "ry": 1911, "ev": [[1911, "Incorporated"], [1911, "Railway Arrives"], [1911, "First Post Office"], [1911, "First Church"], [1911, "First Cemetery"], [1913, "Medical Facility"], [1916, "First School"], [1916, "Justice System"]], "ind": ["Railroads and railway express service (12.7%)", "Own Farm (11.3%)", "Educational services (9.9%)", "Banking and credit agencies (7.0%)", "Hospitals (7.0%)"]}}, {"type": "Feature", "geometry": {"type": "Point", "coordinates": [-104.60184033501052, 49.4595664430355]}, "properties": {"nm": "Ceylon", "ty": "Village", "pop": 141, "rw": "CNR", "rws": "CNR", "tier": "SSC", "ct": "Small Service Centre", "fy": 1909, "iy": 1911, "ry": 1910, "ev": [[1909, "First Cemetery"], [1910, "Railway Arrives"], [1911, "Incorporated"], [1911, "Railway Arrives"], [1911, "First Post Office"], [1911, "Medical Facility"], [1912, "First School"], [1912, "Justice System"], [1917, "First Church"]], "ind": ["Own Farm (31.6%)", "Not specified retail trade (21.1%)", "Auto repair services and garages (10.5%)"]}}, {"type": "Feature", "geometry": {"type": "Point", "coordinates": [-103.70313936167229, 49.39553987325862]}, "properties": {"nm": "Goodwater", "ty": "Village", "pop": 123, "rw": "CNR", "rws": "CNR", "tier": "SSC", "ct": "Small Service Centre", "fy": 1903, "iy": 1911, "ry": 1911, "ev": [[1903, "First Cemetery"], [1911, "Incorporated"], [1911, "Railway Arrives"], [1911, "First Post Office"], [1913, "First School"], [1927, "Medical Facility"]], "ind": ["Own Farm (42.1%)", "Not specified retail trade (31.6%)"]}}, {"type": "Feature", "geometry": {"type": "Point", "coordinates": [-103.97367016888305, 51.31319574494674]}, "properties": {"nm": "Lestock", "ty": "Village", "pop": 280, "rw": "GTP", "rws": "GTP", "tier": "SSC", "ct": "Small Service Centre", "fy": 1908, "iy": 1912, "ry": 1908, "ev": [[1908, "Railway Arrives"], [1909, "First Cemetery"], [1911, "First Post Office"], [1912, "Incorporated"], [1924, "First Church"], [1937, "Medical Facility"]], "ind": ["Railroads and railway express service (28.2%)", "Own Farm (17.9%)", "Auto repair services and garages (10.3%)", "Banking and credit agencies (7.7%)", "General merchandise stores (7.7%)"]}}, {"type": "Feature", "geometry": {"type": "Point", "coordinates": [-106.53388359684838, 53.16788727617632]}, "properties": {"nm": "Parkside", "ty": "Village", "pop": 99, "rw": "CNR", "rws": "CNR", "tier": "SSC", "ct": "Small Service Centre", "fy": 1906, "iy": 1913, "ry": 1910, "ev": [[1906, "First School"], [1910, "Railway Arrives"], [1911, "First Post Office"], [1911, "Railway Arrives"], [1913, "Incorporated"], [1914, "First Church"], [1918, "Medical Facility"], [1919, "First Cemetery"]], "ind": ["Not specified retail trade (31.6%)", "Own Farm (31.6%)", "Dry goods apparel (10.5%)", "Educational services (10.5%)", "Banking and credit agencies (5.3%)"]}}, {"type": "Feature", "geometry": {"type": "Point", "coordinates": [-106.08589677940428, 49.86371654714179]}, "properties": {"nm": "Ettington", "ty": "Village", "pop": 37, "rw": "CPR", "rws": "CPR, CNR", "tier": "SSC", "ct": "Small Service Centre", "fy": 1911, "iy": 1914, "ry": 1911, "ev": [[1911, "First Post Office"], [1911, "First Cemetery"], [1911, "Railway Arrives"], [1913, "Railway Arrives"], [1914, "Incorporated"], [1915, "First School"], [1916, "First Church"]], "ind": ["Own Farm (33.3%)", "Theaters and motion pictures (22.2%)", "Construction (11.1%)", "Food stores, except dairy products (11.1%)", "Grain-mill products (11.1%)"]}}, {"type": "Feature", "geometry": {"type": "Point", "coordinates": [-104.52759335024466, 51.75421032383005]}, "properties": {"nm": "Dafoe", "ty": "Village", "pop": 102, "rw": "CPR", "rws": "CPR", "tier": "SSC", "ct": "Small Service Centre", "fy": 1909, "iy": 1920, "ry": 1909, "ev": [[1909, "Railway Arrives"], [1911, "First Post Office"], [1912, "First Cemetery"], [1918, "First School"], [1920, "Incorporated"]], "ind": ["Railroads and railway express service (31.8%)", "Own Farm (13.6%)", "Banking and credit agencies (9.1%)", "Construction (9.1%)", "General merchandise stores (9.1%)"]}}, {"type": "Feature", "geometry": {"type": "Point", "coordinates": [-101.8836462233144, 51.22123207015426]}, "properties": {"nm": "Wroxton", "ty": "Village", "pop": 140, "rw": "CNR", "rws": "CNR", "tier": "SSC", "ct": "Small Service Centre", "fy": 1911, "ry": 1911, "ev": [[1911, "Railway Arrives"], [1911, "First Post Office"]], "ind": ["Educational services (21.9%)", "Own Farm (18.8%)", "Postal service (15.6%)", "Banking and credit agencies (9.4%)", "Hotels and lodging places (9.4%)"]}}, {"type": "Feature", "geometry": {"type": "Point", "coordinates": [-102.0360091688359, 51.28955289769666]}, "properties": {"nm": "Stornoway", "ty": "Village", "pop": 88, "rw": "CNR", "rws": "CNR", "tier": "SSC", "ct": "Small Service Centre", "fy": 1911, "ry": 1912, "ev": [[1911, "First Post Office"], [1912, "Railway Arrives"]], "ind": ["Own Farm (25.0%)", "Banking and credit agencies (20.0%)", "Auto repair services and garages (5.0%)", "Bowling alleys, and billiard and pool parlors (5.0%)", "Confectionery and related products (5.0%)"]}}, {"type": "Feature", "geometry": {"type": "Point", "coordinates": [-109.10620883051966, 50.85219236810291]}, "properties": {"nm": "Lemsford", "ty": "Village", "pop": 37, "rw": "CPR", "rws": "CPR", "tier": "SSC", "ct": "Small Service Centre", "fy": 1911, "ry": 1913, "ev": [[1911, "First Post Office"], [1912, "First School"], [1913, "Railway Arrives"], [1915, "First Cemetery"]], "ind": ["Own Farm (30.0%)", "Not specified retail trade (20.0%)", "Educational services (10.0%)", "General merchandise stores (10.0%)", "Lumber and building material retailing (10.0%)"]}}, {"type": "Feature", "geometry": {"type": "Point", "coordinates": [-106.75160682097555, 53.02699173387178]}, "properties": {"nm": "Leask", "ty": "Village", "pop": 176, "rw": "CNR", "rws": "CNR", "tier": "SSC", "ct": "Small Service Centre", "fy": 1911, "iy": 1912, "ry": 1911, "ev": [[1911, "Railway Arrives"], [1912, "Incorporated"], [1912, "First Post Office"], [1912, "Justice System"], [1913, "Medical Facility"], [1916, "First Cemetery"], [1924, "First Church"]], "ind": ["Own Farm (42.2%)", "Auto repair services and garages (22.2%)", "Hotels and lodging places (8.9%)", "Telephone (4.4%)", "Crude petroleum & natural gas extraction (2.2%)"]}}, {"type": "Feature", "geometry": {"type": "Point", "coordinates": [-105.12811784219969, 49.39728807539507]}, "properties": {"nm": "Bengough", "ty": "Village", "pop": 157, "rw": "CNR", "rws": "CNR", "tier": "SSC", "ct": "Small Service Centre", "fy": 1900, "iy": 1912, "ry": 1911, "ev": [[1900, "First Cemetery"], [1911, "Railway Arrives"], [1911, "Medical Facility"], [1912, "Incorporated"], [1912, "First Post Office"], [1912, "First School"], [1912, "Railway Arrives"], [1913, "First Church"], [1913, "First Newspaper"], [1913, "Justice System"]], "ind": ["Own Farm (25.8%)", "Other primary iron/steel industry (12.9%)", "Dry goods apparel (9.7%)", "Misc. personal services (9.7%)", "Educational services (6.5%)"]}}, {"type": "Feature", "geometry": {"type": "Point", "coordinates": [-105.35382802214475, 49.46034952055566]}, "properties": {"nm": "Viceroy", "ty": "Village", "pop": 156, "rw": "CPR", "rws": "CPR", "tier": "SSC", "ct": "Small Service Centre", "fy": 1902, "iy": 1912, "ry": 1911, "ev": [[1902, "First Cemetery"], [1911, "Railway Arrives"], [1912, "Incorporated"], [1912, "First Post Office"], [1912, "Medical Facility"], [1912, "Justice System"], [1913, "First School"], [1915, "First Church"]], "ind": ["General merchandise stores (17.2%)", "Banking and credit agencies (10.3%)", "Local public administration (10.3%)", "Own Farm (10.3%)", "Railroads and railway express service (10.3%)"]}}, {"type": "Feature", "geometry": {"type": "Point", "coordinates": [-107.0890959473806, 51.3262520903448]}, "properties": {"nm": "Macrorie", "ty": "Village", "pop": 154, "rw": "CNR", "rws": "CNR", "tier": "SSC", "ct": "Small Service Centre", "fy": 1911, "iy": 1912, "ry": 1911, "ev": [[1911, "Railway Arrives"], [1912, "Incorporated"], [1912, "First Post Office"], [1912, "Railway Arrives"], [1913, "Medical Facility"], [1915, "Justice System"], [1917, "First School"], [1917, "First Cemetery"], [1929, "First Church"]], "ind": ["Own Farm (27.3%)", "Food stores, except dairy products (15.2%)", "Banking and credit agencies (9.1%)", "Railroads and railway express service (9.1%)", "Hospitals (6.1%)"]}}, {"type": "Feature", "geometry": {"type": "Point", "coordinates": [-108.23259237260044, 50.53261329780497]}, "properties": {"nm": "Pennant", "ty": "Village", "pop": 125, "rw": "CPR", "rws": "CPR", "tier": "SSC", "ct": "Small Service Centre", "fy": 1911, "iy": 1912, "ry": 1911, "ev": [[1911, "Railway Arrives"], [1912, "Incorporated"], [1912, "First Post Office"], [1912, "First Church"], [1912, "First Cemetery"], [1912, "Justice System"], [1913, "First School"], [1918, "First Newspaper"]], "ind": ["Banking and credit agencies (20.0%)", "Hotels and lodging places (20.0%)"]}}, {"type": "Feature", "geometry": {"type": "Point", "coordinates": [-108.66923838332649, 53.11341798514438]}, "properties": {"nm": "Vawn", "ty": "Village", "pop": 78, "rw": "CNR", "rws": "CNR", "tier": "SSC", "ct": "Small Service Centre", "fy": 1911, "iy": 1913, "ry": 1911, "ev": [[1911, "Railway Arrives"], [1912, "First Post Office"], [1913, "Incorporated"], [1913, "First School"], [1914, "Medical Facility"]], "ind": ["Own Farm (33.3%)", "Educational services (20.0%)", "Banking and credit agencies (13.3%)"]}}, {"type": "Feature", "geometry": {"type": "Point", "coordinates": [-106.38554876495478, 50.75560605730828]}, "properties": {"nm": "Mawer", "ty": "Village", "pop": 125, "rw": "GTP", "rws": "GTP", "tier": "SSC", "ct": "Small Service Centre", "fy": 1912, "ry": 1913, "ev": [[1912, "First Post Office"], [1913, "Railway Arrives"], [1913, "First Church"], [1919, "First School"]], "ind": ["Banking and credit agencies (27.3%)", "Own Farm (27.3%)", "Dry goods apparel (9.1%)", "Educational services (9.1%)", "Food stores, except dairy products (9.1%)"]}}, {"type": "Feature", "geometry": {"type": "Point", "coordinates": [-108.08178518696472, 50.46163883044847]}, "properties": {"nm": "Success", "ty": "Village", "pop": 93, "rw": "CPR", "rws": "CPR", "tier": "SSC", "ct": "Small Service Centre", "fy": 1911, "ry": 1911, "ev": [[1911, "Railway Arrives"], [1912, "First Post Office"]], "ind": ["Own Farm (26.1%)", "Educational services (17.4%)", "Banking and credit agencies (8.7%)", "Eating and drinking places (8.7%)", "Electrical goods, hardware, and plumbing equipment (8.7%)"]}}, {"type": "Feature", "geometry": {"type": "Point", "coordinates": [-108.75998487623056, 50.737244696966386]}, "properties": {"nm": "Abbey", "ty": "Village", "pop": 180, "rw": "CPR", "rws": "CPR", "tier": "SSC", "ct": "Small Service Centre", "fy": 1911, "iy": 1913, "ry": 1913, "ev": [[1911, "First Cemetery"], [1913, "Incorporated"], [1913, "Railway Arrives"], [1913, "First Post Office"], [1914, "Medical Facility"], [1915, "First School"], [1918, "First Church"]], "ind": ["Own Farm (45.7%)", "Eating and drinking places (8.7%)", "Trucking service (6.5%)", "Educational services (4.3%)", "Misc. retail stores (4.3%)"]}}, {"type": "Feature", "geometry": {"type": "Point", "coordinates": [-108.68108004107906, 52.18227256090778]}, "properties": {"nm": "Leipzig", "ty": "Village", "pop": 83, "rw": "CPR", "rws": "CPR", "tier": "SSC", "ct": "Small Service Centre", "fy": 1906, "iy": 1913, "ry": 1912, "ev": [[1906, "First Church"], [1908, "First Cemetery"], [1912, "Railway Arrives"], [1913, "Incorporated"], [1913, "First Post Office"], [1915, "First School"]], "ind": ["Own Farm (35.7%)", "Lumber and building material retailing (14.3%)", "Auto repair services and garages (7.1%)", "Eating and drinking places (7.1%)", "Educational services (7.1%)"]}}, {"type": "Feature", "geometry": {"type": "Point", "coordinates": [-107.65601225553408, 51.309077753199205]}, "properties": {"nm": "Wiseton", "ty": "Village", "pop": 75, "rw": "CNR", "rws": "CNR", "tier": "SSC", "ct": "Small Service Centre", "fy": 1908, "iy": 1913, "ry": 1913, "ev": [[1908, "First Cemetery"], [1913, "Incorporated"], [1913, "Railway Arrives"], [1913, "First Post Office"], [1916, "First School"]], "ind": ["Educational services (22.2%)", "Not specified retail trade (22.2%)", "Banking and credit agencies (16.7%)", "Misc. personal services (11.1%)", "Own Farm (11.1%)"]}}, {"type": "Feature", "geometry": {"type": "Point", "coordinates": [-105.40313207331378, 49.942274630681545]}, "properties": {"nm": "Spring Valley", "ty": "Village", "pop": 97, "rw": "CNR", "rws": "CNR", "tier": "SSC", "ct": "Small Service Centre", "fy": 1913, "ry": 1913, "ev": [[1913, "Railway Arrives"], [1913, "First Post Office"]], "ind": ["Own Farm (33.3%)", "Banking and credit agencies (13.3%)", "Not specified manufacturing industries (13.3%)", "Not specified retail trade (13.3%)", "Educational services (6.7%)"]}}, {"type": "Feature", "geometry": {"type": "Point", "coordinates": [-108.8238606434778, 51.80311193083137]}, "properties": {"nm": "Dodsland", "ty": "Village", "pop": 185, "rw": "CPR", "rws": "CPR, GTP", "tier": "SSC", "ct": "Small Service Centre", "fy": 1905, "iy": 1913, "ry": 1911, "ev": [[1905, "First Cemetery"], [1911, "Railway Arrives"], [1913, "Incorporated"], [1914, "First Post Office"], [1915, "Medical Facility"], [1918, "First Newspaper"], [1919, "First School"], [1925, "First Church"]], "ind": ["Own Farm (61.5%)", "Misc. food preparations and kindred goods (15.4%)", "Banking and credit agencies (11.5%)", "Engineering and architectural services (7.7%)", "Dry goods apparel (3.8%)"]}}, {"type": "Feature", "geometry": {"type": "Point", "coordinates": [-109.470719612912, 51.63140977833466]}, "properties": {"nm": "Smiley", "ty": "Village", "pop": 90, "rw": "GTP", "rws": "GTP", "tier": "SSC", "ct": "Small Service Centre", "fy": 1906, "iy": 1913, "ry": 1913, "ev": [[1906, "First Cemetery"], [1913, "Incorporated"], [1913, "Railway Arrives"], [1914, "First Post Office"], [1914, "First School"]], "ind": ["Own Farm (76.5%)", "Motor vehicles and equipment (11.8%)", "Hotels and lodging places (5.9%)", "Logging (5.9%)"]}}, {"type": "Feature", "geometry": {"type": "Point", "coordinates": [-103.85393218610378, 50.78971637190769]}, "properties": {"nm": "B\u2014 Say\u2014 Tah", "ty": "Village", "pop": 22, "rw": "GTP", "rws": "GTP", "tier": "SSC", "ct": "Small Service Centre", "fy": 1911, "iy": 1915, "ry": 1911, "ev": [[1911, "Railway Arrives"], [1914, "First Post Office"], [1915, "Incorporated"]], "ind": ["Misc. machinery (50.0%)", "Educational services (16.7%)", "Fisheries (16.7%)", "Own Farm (16.7%)"]}}, {"type": "Feature", "geometry": {"type": "Point", "coordinates": [-104.63732290141807, 50.47865716852032]}, "properties": {"nm": "North Regina", "ty": "Village", "pop": 586, "rw": "CPR", "rws": "CPR, CNR, GTP, Other", "tier": "SSC", "ct": "Small Service Centre", "fy": 1882, "iy": 1914, "ry": 1882, "ev": [[1882, "Railway Arrives"], [1914, "Incorporated"], [1914, "First Church"], [1915, "First Post Office"], [1915, "First School"]], "ind": ["Railroads and railway express service (24.5%)", "Food stores, except dairy products (12.2%)", "Educational services (8.2%)", "Construction (6.1%)", "Trucking service (6.1%)"]}}, {"type": "Feature", "geometry": {"type": "Point", "coordinates": [-106.02921798171582, 49.84332522997441]}, "properties": {"nm": "Vantage", "ty": "Village", "pop": 162, "rw": "CPR", "rws": "CPR, CNR", "tier": "SSC", "ct": "Small Service Centre", "fy": 1913, "iy": 1917, "ry": 1913, "ev": [[1913, "Railway Arrives"], [1914, "Railway Arrives"], [1915, "First Post Office"], [1917, "Incorporated"], [1917, "First Church"], [1917, "First School"]], "ind": ["Own Farm (73.8%)", "General merchandise stores (4.8%)", "Not specified manufacturing industries (4.8%)", "Not specified wholesale trade (4.8%)", "Educational services (2.4%)"]}}, {"type": "Feature", "geometry": {"type": "Point", "coordinates": [-105.84667330446656, 49.94018739217681]}, "properties": {"nm": "Ardill", "ty": "Village", "pop": 26, "rw": "CPR", "rws": "CPR, CNR", "tier": "SSC", "ct": "Small Service Centre", "fy": 1912, "iy": 1920, "ry": 1912, "ev": [[1912, "Railway Arrives"], [1913, "Railway Arrives"], [1915, "First Post Office"], [1920, "Incorporated"], [1922, "First School"]]}}, {"type": "Feature", "geometry": {"type": "Point", "coordinates": [-106.02090951745714, 49.75486132235359]}, "properties": {"nm": "Congress", "ty": "Village", "pop": 39, "rw": "CPR", "rws": "CPR", "tier": "SSC", "ct": "Small Service Centre", "fy": 1914, "iy": 1917, "ry": 1914, "ev": [[1914, "Railway Arrives"], [1914, "First Cemetery"], [1917, "Incorporated"], [1917, "Railway Arrives"], [1918, "First Post Office"], [1919, "First Church"]]}}, {"type": "Feature", "geometry": {"type": "Point", "coordinates": [-109.90839856429848, 50.65009736224708]}, "properties": {"nm": "Burstall", "ty": "Village", "pop": 179, "rw": "CPR", "rws": "CPR", "tier": "SSC", "ct": "Small Service Centre", "fy": 1910, "iy": 1921, "ry": 1923, "ev": [[1910, "First Cemetery"], [1921, "Incorporated"], [1921, "First Post Office"], [1922, "First Church"], [1922, "First School"], [1923, "Railway Arrives"], [1926, "Justice System"]], "ind": ["Own Farm (36.4%)", "Eating and drinking places (18.2%)", "Construction (14.5%)", "Not specified retail trade (12.7%)", "General merchandise stores (3.6%)"]}}, {"type": "Feature", "geometry": {"type": "Point", "coordinates": [-102.19128358874087, 51.35149142997878]}, "properties": {"nm": "Rhein", "ty": "Village", "pop": 428, "rw": "CNR", "rws": "CNR", "tier": "LSC", "ct": "Local Service Centre", "fy": 1904, "ry": 1912, "ev": [[1904, "First Post Office"], [1905, "First Post Office"], [1912, "Railway Arrives"]], "ind": ["Own Farm (40.7%)", "Electrical goods, hardware, and plumbing equipment (9.3%)", "Not specified retail trade (9.3%)", "Railroads and railway express service (9.3%)", "Banking and credit agencies (5.6%)"]}}, {"type": "Feature", "geometry": {"type": "Point", "coordinates": [-104.26262367448604, 50.491431537728744]}, "properties": {"nm": "Balgonie", "ty": "Town", "pop": 204, "rw": "CPR", "rws": "CPR", "tier": "SSC", "ct": "Small Service Centre", "fy": 1882, "ry": 1882, "ev": [[1882, "Railway Arrives"], [1883, "First Post Office"]], "ind": ["Own Farm (16.1%)", "Not specified retail trade (12.9%)", "Auto repair services and garages (9.7%)", "Food stores, except dairy products (9.7%)", "Banking and credit agencies (6.5%)"]}}, {"type": "Feature", "geometry": {"type": "Point", "coordinates": [-104.01426065902378, 50.17177269828069]}, "properties": {"nm": "Sedley", "ty": "Village", "pop": 198, "rw": "CPR", "rws": "CPR", "tier": "SSC", "ct": "Small Service Centre", "fy": 1904, "ry": 1904, "ev": [[1904, "Railway Arrives"], [1904, "First Post Office"]], "ind": ["Not specified retail trade (20.5%)", "Own Farm (17.9%)", "Banking and credit agencies (10.3%)", "Hotels and lodging places (5.1%)", "Not specified manufacturing industries (5.1%)"]}}, {"type": "Feature", "geometry": {"type": "Point", "coordinates": [-104.36304270327396, 50.94043693970663]}, "properties": {"nm": "Markinch", "ty": "Village", "pop": 172, "rw": "CPR", "rws": "CPR", "tier": "SSC", "ct": "Small Service Centre", "fy": 1905, "ry": 1905, "ev": [[1905, "Railway Arrives"], [1906, "First Post Office"]], "ind": ["Own Farm (41.2%)", "Banking and credit agencies (11.8%)", "Laundering, cleaning, and dyeing services (8.8%)", "Not specified manufacturing industries (8.8%)", "Misc. nonmetallic mineral & stone (5.9%)"]}}, {"type": "Feature", "geometry": {"type": "Point", "coordinates": [-103.13851407113113, 50.19294447915422]}, "properties": {"nm": "Glenavon", "ty": "Village", "pop": 171, "rw": "CPR", "rws": "CPR, CNR", "tier": "SSC", "ct": "Small Service Centre", "fy": 1907, "ry": 1907, "ev": [[1907, "Railway Arrives"], [1908, "First Post Office"]], "ind": ["Banking and credit agencies (21.1%)", "Railroads and railway express service (21.1%)", "Hardware and farm implement stores (15.8%)", "Own Farm (15.8%)", "Educational services (10.5%)"]}}]}